embedding,sample_index,song_id,genre,label,tsne_x,tsne_y
full_clean_z,0,blues__blues.00000,blues,0,0.19326438009738922,52.5195198059082
full_clean_z,1,blues__blues.00000,blues,0,-4.009735584259033,51.47141647338867
full_clean_z,2,blues__blues.00000,blues,0,-4.095363140106201,51.43309020996094
full_clean_z,3,blues__blues.00000,blues,0,-1.6408885717391968,32.65007400512695
full_clean_z,4,blues__blues.00000,blues,0,-0.9328323006629944,32.45702362060547
full_clean_z,5,blues__blues.00000,blues,0,-4.121987342834473,51.48760986328125
full_clean_z,6,blues__blues.00000,blues,0,-4.020869255065918,51.47484588623047
full_clean_z,7,blues__blues.00001,blues,0,4.797722339630127,44.50855255126953
full_clean_z,8,blues__blues.00001,blues,0,4.6988372802734375,44.09794235229492
full_clean_z,9,blues__blues.00001,blues,0,3.544565439224243,41.29605484008789
full_clean_z,10,blues__blues.00001,blues,0,-0.57834792137146,35.720821380615234
full_clean_z,11,blues__blues.00001,blues,0,-0.3140701651573181,35.20016098022461
full_clean_z,12,blues__blues.00001,blues,0,-0.8837710022926331,36.13693618774414
full_clean_z,13,blues__blues.00001,blues,0,-2.7796671390533447,51.83563232421875
full_clean_z,14,blues__blues.00009,blues,0,-1.4975861310958862,53.61204528808594
full_clean_z,15,blues__blues.00009,blues,0,-0.47139203548431396,53.50569534301758
full_clean_z,16,blues__blues.00009,blues,0,1.2052825689315796,51.52522277832031
full_clean_z,17,blues__blues.00009,blues,0,-1.3691518306732178,55.175724029541016
full_clean_z,18,blues__blues.00009,blues,0,-0.8131358027458191,54.711910247802734
full_clean_z,19,blues__blues.00009,blues,0,2.5369746685028076,49.472679138183594
full_clean_z,20,blues__blues.00009,blues,0,-1.1044074296951294,44.299835205078125
full_clean_z,21,blues__blues.00009,blues,0,49.64192199707031,-7.725486755371094
full_clean_z,22,blues__blues.00009,blues,0,-0.9211053848266602,54.66939926147461
full_clean_z,23,blues__blues.00011,blues,0,3.248640537261963,30.063682556152344
full_clean_z,24,blues__blues.00011,blues,0,3.5457608699798584,53.480384826660156
full_clean_z,25,blues__blues.00011,blues,0,-0.3476121425628662,31.76298713684082
full_clean_z,26,blues__blues.00011,blues,0,9.765691757202148,21.371028900146484
full_clean_z,27,blues__blues.00011,blues,0,-0.33399519324302673,31.91231346130371
full_clean_z,28,blues__blues.00011,blues,0,4.851105690002441,44.59229278564453
full_clean_z,29,blues__blues.00011,blues,0,-0.3302290737628937,31.921009063720703
full_clean_z,30,blues__blues.00031,blues,0,4.578834533691406,47.53322982788086
full_clean_z,31,blues__blues.00031,blues,0,4.992732048034668,47.63488006591797
full_clean_z,32,blues__blues.00031,blues,0,4.492570400238037,47.1644287109375
full_clean_z,33,blues__blues.00031,blues,0,4.829137802124023,47.59637451171875
full_clean_z,34,blues__blues.00034,blues,0,2.396249771118164,49.213138580322266
full_clean_z,35,blues__blues.00034,blues,0,5.056857109069824,51.23945999145508
full_clean_z,36,blues__blues.00034,blues,0,5.024450778961182,44.7250862121582
full_clean_z,37,blues__blues.00034,blues,0,0.09544656425714493,30.065752029418945
full_clean_z,38,blues__blues.00034,blues,0,4.509303092956543,45.97846603393555
full_clean_z,39,blues__blues.00034,blues,0,2.5617120265960693,49.312217712402344
full_clean_z,40,blues__blues.00039,blues,0,2.829362154006958,48.29108428955078
full_clean_z,41,blues__blues.00039,blues,0,4.367066860198975,47.29061508178711
full_clean_z,42,blues__blues.00039,blues,0,5.688287734985352,49.194332122802734
full_clean_z,43,blues__blues.00039,blues,0,4.227016448974609,47.50995635986328
full_clean_z,44,blues__blues.00039,blues,0,4.234597682952881,47.67848587036133
full_clean_z,45,blues__blues.00052,blues,0,-1.131624460220337,36.239017486572266
full_clean_z,46,blues__blues.00052,blues,0,3.4900150299072266,27.3032169342041
full_clean_z,47,blues__blues.00052,blues,0,5.142117500305176,44.989437103271484
full_clean_z,48,blues__blues.00052,blues,0,1.301893949508667,35.56093978881836
full_clean_z,49,blues__blues.00052,blues,0,-1.1769264936447144,52.24663543701172
full_clean_z,50,blues__blues.00052,blues,0,-2.8377909660339355,28.754819869995117
full_clean_z,51,blues__blues.00054,blues,0,-8.71110725402832,49.54862976074219
full_clean_z,52,blues__blues.00054,blues,0,-8.099669456481934,49.261653900146484
full_clean_z,53,blues__blues.00054,blues,0,-7.910677433013916,49.30473709106445
full_clean_z,54,blues__blues.00054,blues,0,-8.536436080932617,49.63477325439453
full_clean_z,55,blues__blues.00054,blues,0,2.64167857170105,51.33763122558594
full_clean_z,56,blues__blues.00054,blues,0,-4.418455600738525,49.617183685302734
full_clean_z,57,blues__blues.00057,blues,0,-0.6237635016441345,34.95081329345703
full_clean_z,58,blues__blues.00057,blues,0,-7.954390525817871,49.17593765258789
full_clean_z,59,blues__blues.00057,blues,0,-8.640531539916992,49.61282730102539
full_clean_z,60,blues__blues.00057,blues,0,-8.248919486999512,49.67017364501953
full_clean_z,61,blues__blues.00060,blues,0,-0.7930614352226257,52.738128662109375
full_clean_z,62,blues__blues.00060,blues,0,-0.827075183391571,53.689754486083984
full_clean_z,63,blues__blues.00060,blues,0,-1.0867232084274292,53.01703643798828
full_clean_z,64,blues__blues.00060,blues,0,-1.0033406019210815,52.81139373779297
full_clean_z,65,blues__blues.00060,blues,0,-8.327884674072266,50.03281784057617
full_clean_z,66,blues__blues.00060,blues,0,-1.7966407537460327,53.99191665649414
full_clean_z,67,blues__blues.00060,blues,0,-1.7961766719818115,53.7756233215332
full_clean_z,68,blues__blues.00066,blues,0,-3.8556888103485107,54.986366271972656
full_clean_z,69,blues__blues.00066,blues,0,-3.819866180419922,54.98243713378906
full_clean_z,70,blues__blues.00066,blues,0,-4.090453147888184,54.99565505981445
full_clean_z,71,blues__blues.00066,blues,0,5.571897506713867,32.73286819458008
full_clean_z,72,blues__blues.00066,blues,0,5.445197105407715,32.578956604003906
full_clean_z,73,blues__blues.00066,blues,0,5.44437313079834,42.696109771728516
full_clean_z,74,blues__blues.00066,blues,0,3.3824191093444824,51.485069274902344
full_clean_z,75,blues__blues.00066,blues,0,1.0235004425048828,53.107505798339844
full_clean_z,76,blues__blues.00066,blues,0,1.3835610151290894,53.335445404052734
full_clean_z,77,blues__blues.00068,blues,0,3.75726056098938,51.35933303833008
full_clean_z,78,blues__blues.00068,blues,0,1.251551866531372,53.95476531982422
full_clean_z,79,blues__blues.00068,blues,0,4.28818416595459,50.80870819091797
full_clean_z,80,blues__blues.00068,blues,0,1.2030210494995117,53.61931610107422
full_clean_z,81,blues__blues.00068,blues,0,2.4647464752197266,53.21017074584961
full_clean_z,82,blues__blues.00068,blues,0,4.037525653839111,52.26316452026367
full_clean_z,83,blues__blues.00068,blues,0,1.378627061843872,53.42841720581055
full_clean_z,84,blues__blues.00070,blues,0,21.445392608642578,22.815465927124023
full_clean_z,85,blues__blues.00070,blues,0,6.328976154327393,33.901119232177734
full_clean_z,86,blues__blues.00070,blues,0,6.152576923370361,33.696136474609375
full_clean_z,87,blues__blues.00070,blues,0,4.56298828125,42.6159553527832
full_clean_z,88,blues__blues.00070,blues,0,0.5072845220565796,53.59941101074219
full_clean_z,89,blues__blues.00070,blues,0,17.603599548339844,19.73577308654785
full_clean_z,90,blues__blues.00070,blues,0,6.163593769073486,33.671531677246094
full_clean_z,91,blues__blues.00071,blues,0,4.450653553009033,50.250343322753906
full_clean_z,92,blues__blues.00071,blues,0,2.467257022857666,39.37102127075195
full_clean_z,93,blues__blues.00071,blues,0,-0.04454398155212402,52.21408462524414
full_clean_z,94,blues__blues.00071,blues,0,3.756387948989868,50.2204704284668
full_clean_z,95,blues__blues.00071,blues,0,3.7712066173553467,50.228092193603516
full_clean_z,96,blues__blues.00071,blues,0,4.226598262786865,49.02552032470703
full_clean_z,97,blues__blues.00071,blues,0,3.3303773403167725,50.55939865112305
full_clean_z,98,blues__blues.00071,blues,0,5.517609596252441,49.68988800048828
full_clean_z,99,blues__blues.00071,blues,0,5.289599418640137,49.78937911987305
full_clean_z,100,classical__classical.00000,classical,1,31.017061233520508,-41.972415924072266
full_clean_z,101,classical__classical.00000,classical,1,30.015422821044922,-43.432979583740234
full_clean_z,102,classical__classical.00000,classical,1,30.271434783935547,-43.96099090576172
full_clean_z,103,classical__classical.00000,classical,1,29.247844696044922,-44.51974105834961
full_clean_z,104,classical__classical.00000,classical,1,30.036069869995117,-43.21415710449219
full_clean_z,105,classical__classical.00000,classical,1,32.26127243041992,-41.9266471862793
full_clean_z,106,classical__classical.00002,classical,1,27.79425048828125,-45.33707809448242
full_clean_z,107,classical__classical.00002,classical,1,28.480228424072266,-44.99401092529297
full_clean_z,108,classical__classical.00002,classical,1,28.191408157348633,-45.074615478515625
full_clean_z,109,classical__classical.00006,classical,1,32.2985954284668,-42.10205841064453
full_clean_z,110,classical__classical.00006,classical,1,30.477270126342773,-44.80015182495117
full_clean_z,111,classical__classical.00006,classical,1,32.938079833984375,-42.0848388671875
full_clean_z,112,classical__classical.00006,classical,1,28.200429916381836,-45.61304473876953
full_clean_z,113,classical__classical.00006,classical,1,31.24369239807129,-43.79777908325195
full_clean_z,114,classical__classical.00006,classical,1,31.005611419677734,-43.547882080078125
full_clean_z,115,classical__classical.00006,classical,1,30.99007225036621,-43.582496643066406
full_clean_z,116,classical__classical.00009,classical,1,31.682870864868164,-44.79096221923828
full_clean_z,117,classical__classical.00009,classical,1,32.31303405761719,-45.0346794128418
full_clean_z,118,classical__classical.00009,classical,1,31.488513946533203,-44.23903274536133
full_clean_z,119,classical__classical.00009,classical,1,32.97107696533203,-40.64899444580078
full_clean_z,120,classical__classical.00009,classical,1,32.877471923828125,-40.55345153808594
full_clean_z,121,classical__classical.00009,classical,1,33.46501541137695,-44.01466369628906
full_clean_z,122,classical__classical.00009,classical,1,32.19504165649414,-44.55810546875
full_clean_z,123,classical__classical.00022,classical,1,28.562450408935547,-44.5667724609375
full_clean_z,124,classical__classical.00022,classical,1,28.548229217529297,-44.727874755859375
full_clean_z,125,classical__classical.00022,classical,1,27.57866096496582,-44.63234329223633
full_clean_z,126,classical__classical.00022,classical,1,32.924034118652344,-44.180816650390625
full_clean_z,127,classical__classical.00022,classical,1,32.315521240234375,-44.966331481933594
full_clean_z,128,classical__classical.00022,classical,1,32.72507858276367,-42.47726821899414
full_clean_z,129,classical__classical.00022,classical,1,32.72080993652344,-42.50495529174805
full_clean_z,130,classical__classical.00034,classical,1,32.051368713378906,-35.29552459716797
full_clean_z,131,classical__classical.00034,classical,1,31.493261337280273,-37.87150573730469
full_clean_z,132,classical__classical.00034,classical,1,34.126190185546875,-39.4792594909668
full_clean_z,133,classical__classical.00034,classical,1,32.774658203125,-36.7368049621582
full_clean_z,134,classical__classical.00034,classical,1,32.779720306396484,-36.71952819824219
full_clean_z,135,classical__classical.00034,classical,1,31.272865295410156,-45.42863464355469
full_clean_z,136,classical__classical.00034,classical,1,32.47916793823242,-44.41117477416992
full_clean_z,137,classical__classical.00037,classical,1,27.986711502075195,-45.055931091308594
full_clean_z,138,classical__classical.00037,classical,1,32.05973434448242,-43.458194732666016
full_clean_z,139,classical__classical.00037,classical,1,32.826759338378906,-42.6878662109375
full_clean_z,140,classical__classical.00037,classical,1,31.832611083984375,-42.38272476196289
full_clean_z,141,classical__classical.00037,classical,1,27.56980323791504,-43.169010162353516
full_clean_z,142,classical__classical.00037,classical,1,34.199153900146484,-39.64000701904297
full_clean_z,143,classical__classical.00037,classical,1,27.565906524658203,-44.5530891418457
full_clean_z,144,classical__classical.00037,classical,1,32.33047103881836,-44.955345153808594
full_clean_z,145,classical__classical.00039,classical,1,32.6092414855957,-46.034393310546875
full_clean_z,146,classical__classical.00039,classical,1,34.74715805053711,-43.53003692626953
full_clean_z,147,classical__classical.00039,classical,1,33.44150924682617,-42.08430099487305
full_clean_z,148,classical__classical.00039,classical,1,33.54319763183594,-43.55308151245117
full_clean_z,149,classical__classical.00039,classical,1,32.80866241455078,-46.3464241027832
full_clean_z,150,classical__classical.00039,classical,1,32.46578598022461,-46.08037185668945
full_clean_z,151,classical__classical.00047,classical,1,32.23447036743164,-45.54263687133789
full_clean_z,152,classical__classical.00047,classical,1,32.263301849365234,-45.78605651855469
full_clean_z,153,classical__classical.00047,classical,1,31.610227584838867,-44.606014251708984
full_clean_z,154,classical__classical.00047,classical,1,32.12833023071289,-45.45686721801758
full_clean_z,155,classical__classical.00047,classical,1,33.22286605834961,-44.51628112792969
full_clean_z,156,classical__classical.00047,classical,1,33.05937576293945,-44.54283142089844
full_clean_z,157,classical__classical.00053,classical,1,25.784814834594727,-46.471763610839844
full_clean_z,158,classical__classical.00053,classical,1,25.805015563964844,-46.487403869628906
full_clean_z,159,classical__classical.00053,classical,1,25.80173683166504,-46.52506637573242
full_clean_z,160,classical__classical.00053,classical,1,25.703901290893555,-46.59893035888672
full_clean_z,161,classical__classical.00053,classical,1,25.727815628051758,-46.598854064941406
full_clean_z,162,classical__classical.00056,classical,1,25.29714584350586,-43.90267562866211
full_clean_z,163,classical__classical.00056,classical,1,25.558807373046875,-43.778228759765625
full_clean_z,164,classical__classical.00056,classical,1,25.488636016845703,-43.69161605834961
full_clean_z,165,classical__classical.00056,classical,1,24.639665603637695,-44.0396728515625
full_clean_z,166,classical__classical.00056,classical,1,24.641389846801758,-44.07661437988281
full_clean_z,167,classical__classical.00056,classical,1,17.97742462158203,-26.119033813476562
full_clean_z,168,classical__classical.00056,classical,1,17.990415573120117,-25.92812728881836
full_clean_z,169,classical__classical.00056,classical,1,17.982826232910156,-26.105085372924805
full_clean_z,170,classical__classical.00056,classical,1,29.891813278198242,-38.53276443481445
full_clean_z,171,classical__classical.00056,classical,1,30.3848819732666,-38.68489456176758
full_clean_z,172,classical__classical.00057,classical,1,35.95630645751953,-10.2860107421875
full_clean_z,173,classical__classical.00057,classical,1,38.13450241088867,-9.742420196533203
full_clean_z,174,classical__classical.00057,classical,1,35.588069915771484,-42.59850311279297
full_clean_z,175,classical__classical.00057,classical,1,35.5573616027832,-42.5764045715332
full_clean_z,176,classical__classical.00057,classical,1,37.24382400512695,-9.379555702209473
full_clean_z,177,classical__classical.00057,classical,1,38.1220817565918,-9.604927062988281
full_clean_z,178,classical__classical.00057,classical,1,33.69425582885742,-41.02479934692383
full_clean_z,179,classical__classical.00057,classical,1,37.109432220458984,-9.698713302612305
full_clean_z,180,classical__classical.00057,classical,1,36.163780212402344,-10.294851303100586
full_clean_z,181,classical__classical.00057,classical,1,32.66465759277344,-36.779327392578125
full_clean_z,182,classical__classical.00065,classical,1,33.84868621826172,-42.43462371826172
full_clean_z,183,classical__classical.00065,classical,1,34.413143157958984,-43.89596939086914
full_clean_z,184,classical__classical.00065,classical,1,29.466358184814453,-42.18299102783203
full_clean_z,185,classical__classical.00065,classical,1,29.797611236572266,-42.50619888305664
full_clean_z,186,classical__classical.00082,classical,1,30.656482696533203,-38.62161636352539
full_clean_z,187,classical__classical.00082,classical,1,31.132726669311523,-38.07352828979492
full_clean_z,188,classical__classical.00082,classical,1,30.62740707397461,-38.690914154052734
full_clean_z,189,classical__classical.00082,classical,1,32.988948822021484,-41.43062210083008
full_clean_z,190,classical__classical.00082,classical,1,31.75931739807129,-32.20530319213867
full_clean_z,191,classical__classical.00082,classical,1,31.688703536987305,-32.83552169799805
full_clean_z,192,classical__classical.00091,classical,1,29.924083709716797,-45.283023834228516
full_clean_z,193,classical__classical.00091,classical,1,29.51938247680664,-44.49833297729492
full_clean_z,194,classical__classical.00091,classical,1,31.382844924926758,-45.36848068237305
full_clean_z,195,classical__classical.00091,classical,1,33.08059310913086,-43.81596755981445
full_clean_z,196,classical__classical.00091,classical,1,28.09928321838379,-44.551055908203125
full_clean_z,197,classical__classical.00091,classical,1,27.7794189453125,-44.43875503540039
full_clean_z,198,classical__classical.00091,classical,1,27.362768173217773,-44.61518096923828
full_clean_z,199,classical__classical.00091,classical,1,27.590059280395508,-45.188785552978516
full_clean_z,200,country__country.00001,country,2,40.960533142089844,28.64832878112793
full_clean_z,201,country__country.00001,country,2,41.06524658203125,28.826801300048828
full_clean_z,202,country__country.00001,country,2,41.27436065673828,29.30825424194336
full_clean_z,203,country__country.00001,country,2,31.67424774169922,26.77760887145996
full_clean_z,204,country__country.00001,country,2,41.035221099853516,28.69558334350586
full_clean_z,205,country__country.00011,country,2,17.577594757080078,12.62965202331543
full_clean_z,206,country__country.00011,country,2,33.294830322265625,24.798105239868164
full_clean_z,207,country__country.00011,country,2,27.2827091217041,23.55101776123047
full_clean_z,208,country__country.00011,country,2,32.941104888916016,25.92992401123047
full_clean_z,209,country__country.00011,country,2,0.12513601779937744,-39.12394332885742
full_clean_z,210,country__country.00011,country,2,21.34352684020996,11.543603897094727
full_clean_z,211,country__country.00011,country,2,-25.38921356201172,30.96619415283203
full_clean_z,212,country__country.00011,country,2,19.336261749267578,26.416858673095703
full_clean_z,213,country__country.00013,country,2,33.5069580078125,24.604463577270508
full_clean_z,214,country__country.00013,country,2,34.36031723022461,25.150285720825195
full_clean_z,215,country__country.00013,country,2,33.713539123535156,24.652870178222656
full_clean_z,216,country__country.00013,country,2,-48.300880432128906,4.74228572845459
full_clean_z,217,country__country.00013,country,2,-48.343589782714844,4.792191505432129
full_clean_z,218,country__country.00013,country,2,40.79363250732422,33.085750579833984
full_clean_z,219,country__country.00013,country,2,31.508052825927734,24.888418197631836
full_clean_z,220,country__country.00013,country,2,19.776275634765625,19.03431510925293
full_clean_z,221,country__country.00013,country,2,-30.63568115234375,3.857806921005249
full_clean_z,222,country__country.00013,country,2,34.33906173706055,25.12444496154785
full_clean_z,223,country__country.00029,country,2,37.991302490234375,33.3140754699707
full_clean_z,224,country__country.00029,country,2,37.802242279052734,32.645965576171875
full_clean_z,225,country__country.00029,country,2,37.9011116027832,33.34737777709961
full_clean_z,226,country__country.00029,country,2,39.24539566040039,33.581050872802734
full_clean_z,227,country__country.00029,country,2,39.41366195678711,33.62452697753906
full_clean_z,228,country__country.00029,country,2,37.877906799316406,32.26473617553711
full_clean_z,229,country__country.00047,country,2,35.33165740966797,36.496036529541016
full_clean_z,230,country__country.00057,country,2,39.877845764160156,31.93381118774414
full_clean_z,231,country__country.00057,country,2,36.836334228515625,28.97764778137207
full_clean_z,232,country__country.00057,country,2,40.37393569946289,27.106922149658203
full_clean_z,233,country__country.00057,country,2,40.36161804199219,26.06537628173828
full_clean_z,234,country__country.00057,country,2,39.95610427856445,26.247251510620117
full_clean_z,235,country__country.00057,country,2,40.10164260864258,27.580158233642578
full_clean_z,236,country__country.00057,country,2,40.22589874267578,27.497594833374023
full_clean_z,237,country__country.00057,country,2,7.477903366088867,10.651039123535156
full_clean_z,238,country__country.00057,country,2,7.002946376800537,9.729870796203613
full_clean_z,239,country__country.00057,country,2,40.46751022338867,27.074493408203125
full_clean_z,240,country__country.00059,country,2,20.078256607055664,35.25981140136719
full_clean_z,241,country__country.00059,country,2,20.295289993286133,34.96963882446289
full_clean_z,242,country__country.00059,country,2,20.42714500427246,34.92300796508789
full_clean_z,243,country__country.00059,country,2,38.98820114135742,25.047571182250977
full_clean_z,244,country__country.00059,country,2,20.13456916809082,35.21550369262695
full_clean_z,245,country__country.00059,country,2,39.62358474731445,28.529155731201172
full_clean_z,246,country__country.00067,country,2,37.84168243408203,35.45486831665039
full_clean_z,247,country__country.00067,country,2,37.256736755371094,34.343753814697266
full_clean_z,248,country__country.00067,country,2,36.93608093261719,35.765201568603516
full_clean_z,249,country__country.00067,country,2,37.74894714355469,33.74095916748047
full_clean_z,250,country__country.00067,country,2,27.994844436645508,39.95840835571289
full_clean_z,251,country__country.00067,country,2,37.12285232543945,30.8206787109375
full_clean_z,252,country__country.00067,country,2,37.567222595214844,35.534610748291016
full_clean_z,253,country__country.00067,country,2,37.3486442565918,34.0916748046875
full_clean_z,254,country__country.00068,country,2,35.837745666503906,26.422924041748047
full_clean_z,255,country__country.00068,country,2,21.337665557861328,23.039409637451172
full_clean_z,256,country__country.00068,country,2,20.837303161621094,23.210073471069336
full_clean_z,257,country__country.00068,country,2,35.74148941040039,26.413522720336914
full_clean_z,258,country__country.00068,country,2,27.96430778503418,39.9604377746582
full_clean_z,259,country__country.00068,country,2,20.035079956054688,34.02451705932617
full_clean_z,260,country__country.00068,country,2,36.21884536743164,28.474018096923828
full_clean_z,261,country__country.00068,country,2,8.586533546447754,19.19280433654785
full_clean_z,262,country__country.00069,country,2,33.66636657714844,23.427186965942383
full_clean_z,263,country__country.00069,country,2,37.20243453979492,28.65203285217285
full_clean_z,264,country__country.00069,country,2,37.25505828857422,28.891895294189453
full_clean_z,265,country__country.00069,country,2,36.13497543334961,27.92215919494629
full_clean_z,266,country__country.00069,country,2,33.6912841796875,23.74093246459961
full_clean_z,267,country__country.00069,country,2,37.670379638671875,28.8507080078125
full_clean_z,268,country__country.00069,country,2,37.935997009277344,29.337114334106445
full_clean_z,269,country__country.00075,country,2,5.678277969360352,21.706464767456055
full_clean_z,270,country__country.00075,country,2,18.183551788330078,34.09890365600586
full_clean_z,271,country__country.00075,country,2,5.3210272789001465,50.89957046508789
full_clean_z,272,country__country.00075,country,2,3.3516743183135986,35.97909927368164
full_clean_z,273,country__country.00075,country,2,18.59661102294922,34.014984130859375
full_clean_z,274,country__country.00075,country,2,18.56635093688965,33.956417083740234
full_clean_z,275,country__country.00076,country,2,29.79742431640625,23.000226974487305
full_clean_z,276,country__country.00076,country,2,29.761808395385742,23.012195587158203
full_clean_z,277,country__country.00076,country,2,17.743040084838867,19.55252456665039
full_clean_z,278,country__country.00076,country,2,37.28690719604492,27.353853225708008
full_clean_z,279,country__country.00076,country,2,18.399572372436523,18.965288162231445
full_clean_z,280,country__country.00076,country,2,5.780328273773193,44.80521011352539
full_clean_z,281,country__country.00076,country,2,-0.10520362108945847,30.482681274414062
full_clean_z,282,country__country.00077,country,2,37.8525276184082,26.85505485534668
full_clean_z,283,country__country.00077,country,2,37.15101623535156,24.93855094909668
full_clean_z,284,country__country.00077,country,2,37.5832633972168,25.097341537475586
full_clean_z,285,country__country.00077,country,2,38.00860595703125,25.297670364379883
full_clean_z,286,country__country.00077,country,2,38.78743362426758,26.35642433166504
full_clean_z,287,country__country.00077,country,2,40.20747756958008,27.469898223876953
full_clean_z,288,country__country.00097,country,2,38.21805953979492,27.649965286254883
full_clean_z,289,country__country.00097,country,2,38.89772033691406,25.140703201293945
full_clean_z,290,country__country.00097,country,2,39.36733627319336,27.925743103027344
full_clean_z,291,country__country.00097,country,2,38.782203674316406,25.28179359436035
full_clean_z,292,country__country.00097,country,2,39.281890869140625,27.579631805419922
full_clean_z,293,country__country.00099,country,2,-2.1267197132110596,52.01844787597656
full_clean_z,294,country__country.00099,country,2,-3.3137524127960205,51.43260955810547
full_clean_z,295,country__country.00099,country,2,8.259431838989258,46.757354736328125
full_clean_z,296,country__country.00099,country,2,8.300529479980469,46.71464538574219
full_clean_z,297,country__country.00099,country,2,-3.02197527885437,49.94113540649414
full_clean_z,298,country__country.00099,country,2,-0.8474065661430359,54.03889465332031
full_clean_z,299,country__country.00099,country,2,2.5307188034057617,51.38960647583008
full_clean_z,300,disco__disco.00000,disco,3,-39.70879364013672,-3.8458852767944336
full_clean_z,301,disco__disco.00000,disco,3,-44.613162994384766,-0.03533940389752388
full_clean_z,302,disco__disco.00000,disco,3,-39.55101013183594,-3.8115909099578857
full_clean_z,303,disco__disco.00000,disco,3,-34.74286651611328,-4.657873630523682
full_clean_z,304,disco__disco.00000,disco,3,-31.452241897583008,-5.009241580963135
full_clean_z,305,disco__disco.00000,disco,3,-30.83186149597168,-4.485126495361328
full_clean_z,306,disco__disco.00000,disco,3,-35.350467681884766,-4.494170188903809
full_clean_z,307,disco__disco.00000,disco,3,-35.554466247558594,-4.426941871643066
full_clean_z,308,disco__disco.00000,disco,3,-35.30869674682617,-4.4219136238098145
full_clean_z,309,disco__disco.00003,disco,3,29.01552391052246,23.498647689819336
full_clean_z,310,disco__disco.00003,disco,3,-35.24483108520508,3.3257343769073486
full_clean_z,311,disco__disco.00003,disco,3,-48.27394485473633,3.4435975551605225
full_clean_z,312,disco__disco.00003,disco,3,-47.41022491455078,3.291865587234497
full_clean_z,313,disco__disco.00003,disco,3,-48.71500778198242,3.1910641193389893
full_clean_z,314,disco__disco.00003,disco,3,-48.21759796142578,3.1321794986724854
full_clean_z,315,disco__disco.00010,disco,3,-1.8096799850463867,-53.065834045410156
full_clean_z,316,disco__disco.00010,disco,3,-38.029502868652344,-8.462249755859375
full_clean_z,317,disco__disco.00010,disco,3,-38.357913970947266,-7.712953567504883
full_clean_z,318,disco__disco.00010,disco,3,-20.221824645996094,-31.379541397094727
full_clean_z,319,disco__disco.00010,disco,3,-36.45759201049805,-12.450079917907715
full_clean_z,320,disco__disco.00010,disco,3,-38.044010162353516,-8.277902603149414
full_clean_z,321,disco__disco.00020,disco,3,18.608118057250977,25.378530502319336
full_clean_z,322,disco__disco.00020,disco,3,12.118727684020996,20.851499557495117
full_clean_z,323,disco__disco.00020,disco,3,-30.982019424438477,-2.8416807651519775
full_clean_z,324,disco__disco.00021,disco,3,-31.2542781829834,7.343850612640381
full_clean_z,325,disco__disco.00021,disco,3,-30.817813873291016,7.193322658538818
full_clean_z,326,disco__disco.00021,disco,3,-30.899181365966797,7.216938018798828
full_clean_z,327,disco__disco.00021,disco,3,-31.05051040649414,7.257419109344482
full_clean_z,328,disco__disco.00021,disco,3,-30.784299850463867,7.209806442260742
full_clean_z,329,disco__disco.00021,disco,3,-0.860819399356842,-51.32709884643555
full_clean_z,330,disco__disco.00021,disco,3,-1.0718693733215332,-52.631771087646484
full_clean_z,331,disco__disco.00021,disco,3,-3.8073678016662598,-58.90757369995117
full_clean_z,332,disco__disco.00030,disco,3,-38.81382369995117,-3.329874277114868
full_clean_z,333,disco__disco.00030,disco,3,-37.13283920288086,-3.6126675605773926
full_clean_z,334,disco__disco.00030,disco,3,-37.70914840698242,-3.4851832389831543
full_clean_z,335,disco__disco.00030,disco,3,-38.582645416259766,-3.3405961990356445
full_clean_z,336,disco__disco.00030,disco,3,-46.102317810058594,8.010095596313477
full_clean_z,337,disco__disco.00030,disco,3,-37.995243072509766,-2.7261240482330322
full_clean_z,338,disco__disco.00030,disco,3,-37.307533264160156,-3.2771763801574707
full_clean_z,339,disco__disco.00030,disco,3,-46.28934097290039,8.015890121459961
full_clean_z,340,disco__disco.00030,disco,3,-43.06874465942383,-0.07940105348825455
full_clean_z,341,disco__disco.00030,disco,3,-35.911041259765625,-4.107659816741943
full_clean_z,342,disco__disco.00040,disco,3,-40.14796447753906,15.084956169128418
full_clean_z,343,disco__disco.00040,disco,3,-40.376163482666016,14.746973991394043
full_clean_z,344,disco__disco.00040,disco,3,-45.18135452270508,5.809899806976318
full_clean_z,345,disco__disco.00040,disco,3,-39.165374755859375,15.84110164642334
full_clean_z,346,disco__disco.00040,disco,3,-40.24116134643555,14.911490440368652
full_clean_z,347,disco__disco.00040,disco,3,-40.253150939941406,14.92822551727295
full_clean_z,348,disco__disco.00044,disco,3,-49.184776306152344,2.3700058460235596
full_clean_z,349,disco__disco.00044,disco,3,-49.66030502319336,2.355111598968506
full_clean_z,350,disco__disco.00044,disco,3,-32.10149002075195,7.256647109985352
full_clean_z,351,disco__disco.00044,disco,3,-48.027767181396484,1.2417432069778442
full_clean_z,352,disco__disco.00044,disco,3,-48.34688949584961,2.2869794368743896
full_clean_z,353,disco__disco.00044,disco,3,-48.04282760620117,1.6251239776611328
full_clean_z,354,disco__disco.00044,disco,3,-47.92463302612305,1.851089358329773
full_clean_z,355,disco__disco.00044,disco,3,-49.17082977294922,2.265087127685547
full_clean_z,356,disco__disco.00044,disco,3,-47.89550018310547,1.550055742263794
full_clean_z,357,disco__disco.00044,disco,3,-47.974552154541016,2.165623664855957
full_clean_z,358,disco__disco.00044,disco,3,-47.71810531616211,2.1351025104522705
full_clean_z,359,disco__disco.00055,disco,3,-45.74481201171875,5.153345584869385
full_clean_z,360,disco__disco.00055,disco,3,-45.757659912109375,5.252864360809326
full_clean_z,361,disco__disco.00055,disco,3,-43.388431549072266,-0.6313920617103577
full_clean_z,362,disco__disco.00055,disco,3,-45.701515197753906,5.1737871170043945
full_clean_z,363,disco__disco.00055,disco,3,-45.739925384521484,5.168866157531738
full_clean_z,364,disco__disco.00055,disco,3,-45.829185485839844,5.2423505783081055
full_clean_z,365,disco__disco.00055,disco,3,-45.92021179199219,5.243727684020996
full_clean_z,366,disco__disco.00064,disco,3,-45.345375061035156,2.65047550201416
full_clean_z,367,disco__disco.00064,disco,3,-45.7369384765625,2.5682125091552734
full_clean_z,368,disco__disco.00064,disco,3,-45.617984771728516,2.8786659240722656
full_clean_z,369,disco__disco.00064,disco,3,-45.81989669799805,3.292158842086792
full_clean_z,370,disco__disco.00075,disco,3,-47.277870178222656,7.1511383056640625
full_clean_z,371,disco__disco.00075,disco,3,-47.342063903808594,6.933727741241455
full_clean_z,372,disco__disco.00075,disco,3,-47.24853515625,7.739534854888916
full_clean_z,373,disco__disco.00075,disco,3,-6.680418491363525,-12.03099250793457
full_clean_z,374,disco__disco.00075,disco,3,-46.95027160644531,6.661633491516113
full_clean_z,375,disco__disco.00075,disco,3,-47.29472351074219,7.442468643188477
full_clean_z,376,disco__disco.00075,disco,3,-47.33878707885742,7.655903339385986
full_clean_z,377,disco__disco.00075,disco,3,-46.89164733886719,7.916689395904541
full_clean_z,378,disco__disco.00084,disco,3,-44.155887603759766,9.971173286437988
full_clean_z,379,disco__disco.00084,disco,3,-46.36915588378906,1.0404189825057983
full_clean_z,380,disco__disco.00084,disco,3,-46.692440032958984,0.7368466258049011
full_clean_z,381,disco__disco.00084,disco,3,-47.007118225097656,0.3641716539859772
full_clean_z,382,disco__disco.00084,disco,3,-46.39759826660156,1.1537421941757202
full_clean_z,383,disco__disco.00084,disco,3,-43.936859130859375,10.3988618850708
full_clean_z,384,disco__disco.00084,disco,3,-43.93727111816406,10.398597717285156
full_clean_z,385,disco__disco.00093,disco,3,-46.005733489990234,1.0787643194198608
full_clean_z,386,disco__disco.00093,disco,3,-44.229095458984375,0.5852598547935486
full_clean_z,387,disco__disco.00093,disco,3,-44.09794235229492,0.7070913314819336
full_clean_z,388,disco__disco.00093,disco,3,-43.65229797363281,0.10078730434179306
full_clean_z,389,disco__disco.00093,disco,3,-43.59641647338867,0.48298510909080505
full_clean_z,390,disco__disco.00093,disco,3,-43.79569625854492,0.37810593843460083
full_clean_z,391,disco__disco.00094,disco,3,-27.647554397583008,21.71812629699707
full_clean_z,392,disco__disco.00094,disco,3,-34.85908889770508,14.75864028930664
full_clean_z,393,disco__disco.00094,disco,3,-34.81237030029297,14.838998794555664
full_clean_z,394,disco__disco.00094,disco,3,-34.73795700073242,14.679113388061523
full_clean_z,395,disco__disco.00094,disco,3,-34.06361770629883,12.87945556640625
full_clean_z,396,disco__disco.00095,disco,3,-44.89455032348633,2.6533398628234863
full_clean_z,397,disco__disco.00095,disco,3,-44.798282623291016,2.5310397148132324
full_clean_z,398,disco__disco.00095,disco,3,-44.65619659423828,2.254181146621704
full_clean_z,399,disco__disco.00095,disco,3,-43.747032165527344,10.550549507141113
full_clean_z,400,hiphop__hiphop.00002,hiphop,4,-36.24047088623047,-21.540769577026367
full_clean_z,401,hiphop__hiphop.00002,hiphop,4,-36.14091491699219,-21.220401763916016
full_clean_z,402,hiphop__hiphop.00002,hiphop,4,-36.17698287963867,-21.21788787841797
full_clean_z,403,hiphop__hiphop.00002,hiphop,4,-36.16259002685547,-22.37799072265625
full_clean_z,404,hiphop__hiphop.00002,hiphop,4,-36.22099304199219,-21.162086486816406
full_clean_z,405,hiphop__hiphop.00034,hiphop,4,-35.26106262207031,-26.861236572265625
full_clean_z,406,hiphop__hiphop.00034,hiphop,4,-36.2099723815918,-28.90068817138672
full_clean_z,407,hiphop__hiphop.00034,hiphop,4,-36.25251007080078,-28.787248611450195
full_clean_z,408,hiphop__hiphop.00034,hiphop,4,-36.86952590942383,-27.92582893371582
full_clean_z,409,hiphop__hiphop.00034,hiphop,4,-35.84288787841797,-26.9422607421875
full_clean_z,410,hiphop__hiphop.00034,hiphop,4,-35.78215026855469,-26.925464630126953
full_clean_z,411,hiphop__hiphop.00038,hiphop,4,-36.76724624633789,-24.87396812438965
full_clean_z,412,hiphop__hiphop.00038,hiphop,4,-36.56972122192383,-24.869611740112305
full_clean_z,413,hiphop__hiphop.00038,hiphop,4,-37.00751495361328,-24.703569412231445
full_clean_z,414,hiphop__hiphop.00038,hiphop,4,-37.01422882080078,-24.780508041381836
full_clean_z,415,hiphop__hiphop.00040,hiphop,4,0.9752329587936401,-47.60708999633789
full_clean_z,416,hiphop__hiphop.00040,hiphop,4,0.9854159951210022,-47.61459732055664
full_clean_z,417,hiphop__hiphop.00040,hiphop,4,-6.95457124710083,-54.57038497924805
full_clean_z,418,hiphop__hiphop.00040,hiphop,4,-0.490820974111557,-55.04747009277344
full_clean_z,419,hiphop__hiphop.00040,hiphop,4,-6.6888041496276855,-56.40011978149414
full_clean_z,420,hiphop__hiphop.00040,hiphop,4,-5.666611194610596,-54.7304573059082
full_clean_z,421,hiphop__hiphop.00040,hiphop,4,-5.928746700286865,-55.13218307495117
full_clean_z,422,hiphop__hiphop.00042,hiphop,4,-9.64601993560791,-56.610931396484375
full_clean_z,423,hiphop__hiphop.00042,hiphop,4,-23.844642639160156,-32.84568405151367
full_clean_z,424,hiphop__hiphop.00042,hiphop,4,-23.921207427978516,-33.00592041015625
full_clean_z,425,hiphop__hiphop.00042,hiphop,4,-23.467304229736328,-32.904815673828125
full_clean_z,426,hiphop__hiphop.00042,hiphop,4,-30.91246223449707,-29.44446563720703
full_clean_z,427,hiphop__hiphop.00042,hiphop,4,-23.81515121459961,-33.633277893066406
full_clean_z,428,hiphop__hiphop.00042,hiphop,4,-24.247020721435547,-32.76315689086914
full_clean_z,429,hiphop__hiphop.00042,hiphop,4,-39.37310791015625,23.485591888427734
full_clean_z,430,hiphop__hiphop.00044,hiphop,4,-32.20552444458008,-30.173545837402344
full_clean_z,431,hiphop__hiphop.00044,hiphop,4,-14.627248764038086,-46.8842658996582
full_clean_z,432,hiphop__hiphop.00044,hiphop,4,18.876558303833008,12.054962158203125
full_clean_z,433,hiphop__hiphop.00044,hiphop,4,32.69222640991211,27.104103088378906
full_clean_z,434,hiphop__hiphop.00044,hiphop,4,22.618738174438477,15.327600479125977
full_clean_z,435,hiphop__hiphop.00044,hiphop,4,20.981082916259766,34.48129653930664
full_clean_z,436,hiphop__hiphop.00044,hiphop,4,-23.821304321289062,-21.551422119140625
full_clean_z,437,hiphop__hiphop.00053,hiphop,4,-31.544527053833008,7.284470081329346
full_clean_z,438,hiphop__hiphop.00053,hiphop,4,-15.651602745056152,-50.301170349121094
full_clean_z,439,hiphop__hiphop.00053,hiphop,4,-1.5203639268875122,-51.772178649902344
full_clean_z,440,hiphop__hiphop.00053,hiphop,4,-15.785225868225098,-50.09278106689453
full_clean_z,441,hiphop__hiphop.00053,hiphop,4,-15.733638763427734,-50.10396957397461
full_clean_z,442,hiphop__hiphop.00053,hiphop,4,-34.026180267333984,-27.798803329467773
full_clean_z,443,hiphop__hiphop.00053,hiphop,4,-25.083620071411133,-31.192420959472656
full_clean_z,444,hiphop__hiphop.00053,hiphop,4,-30.18593978881836,-29.453798294067383
full_clean_z,445,hiphop__hiphop.00053,hiphop,4,-7.927731037139893,-56.7714729309082
full_clean_z,446,hiphop__hiphop.00076,hiphop,4,-31.817235946655273,-29.622371673583984
full_clean_z,447,hiphop__hiphop.00076,hiphop,4,-31.52265739440918,-29.15875244140625
full_clean_z,448,hiphop__hiphop.00076,hiphop,4,-32.13750457763672,-28.37297248840332
full_clean_z,449,hiphop__hiphop.00076,hiphop,4,-32.17875289916992,-28.365135192871094
full_clean_z,450,hiphop__hiphop.00076,hiphop,4,-31.216848373413086,-29.127662658691406
full_clean_z,451,hiphop__hiphop.00076,hiphop,4,-32.46518325805664,-28.139291763305664
full_clean_z,452,hiphop__hiphop.00079,hiphop,4,-14.06308650970459,-53.155826568603516
full_clean_z,453,hiphop__hiphop.00079,hiphop,4,-8.184134483337402,-54.425655364990234
full_clean_z,454,hiphop__hiphop.00079,hiphop,4,-7.501523017883301,-56.62098693847656
full_clean_z,455,hiphop__hiphop.00079,hiphop,4,-8.265954971313477,-54.204429626464844
full_clean_z,456,hiphop__hiphop.00079,hiphop,4,-6.954500675201416,-56.8109245300293
full_clean_z,457,hiphop__hiphop.00079,hiphop,4,-14.085838317871094,-53.15591049194336
full_clean_z,458,hiphop__hiphop.00079,hiphop,4,-6.8936662673950195,-56.88442611694336
full_clean_z,459,hiphop__hiphop.00079,hiphop,4,-7.253148555755615,-56.670345306396484
full_clean_z,460,hiphop__hiphop.00082,hiphop,4,-32.71254348754883,-29.60382080078125
full_clean_z,461,hiphop__hiphop.00082,hiphop,4,-32.488800048828125,-29.696029663085938
full_clean_z,462,hiphop__hiphop.00082,hiphop,4,-35.65745162963867,-30.19123077392578
full_clean_z,463,hiphop__hiphop.00082,hiphop,4,-35.51176071166992,-29.406822204589844
full_clean_z,464,hiphop__hiphop.00082,hiphop,4,-35.653926849365234,-29.99871826171875
full_clean_z,465,hiphop__hiphop.00082,hiphop,4,-35.54106521606445,-29.63584327697754
full_clean_z,466,hiphop__hiphop.00087,hiphop,4,-38.0166130065918,-20.460235595703125
full_clean_z,467,hiphop__hiphop.00087,hiphop,4,-37.6046257019043,-20.043418884277344
full_clean_z,468,hiphop__hiphop.00087,hiphop,4,-37.01255416870117,-19.795228958129883
full_clean_z,469,hiphop__hiphop.00087,hiphop,4,-35.53567886352539,-9.422801971435547
full_clean_z,470,hiphop__hiphop.00087,hiphop,4,-37.419837951660156,-19.932973861694336
full_clean_z,471,hiphop__hiphop.00087,hiphop,4,-37.66879653930664,-20.144926071166992
full_clean_z,472,hiphop__hiphop.00087,hiphop,4,-37.86220169067383,-20.285640716552734
full_clean_z,473,hiphop__hiphop.00089,hiphop,4,-36.39685821533203,-12.609785079956055
full_clean_z,474,hiphop__hiphop.00089,hiphop,4,-36.412391662597656,-12.889585494995117
full_clean_z,475,hiphop__hiphop.00089,hiphop,4,-36.45696258544922,-12.810636520385742
full_clean_z,476,hiphop__hiphop.00089,hiphop,4,-36.35700225830078,-12.789226531982422
full_clean_z,477,hiphop__hiphop.00089,hiphop,4,-35.24821853637695,-24.70829963684082
full_clean_z,478,hiphop__hiphop.00093,hiphop,4,-35.61666488647461,-18.27004051208496
full_clean_z,479,hiphop__hiphop.00093,hiphop,4,-7.719738006591797,-14.182928085327148
full_clean_z,480,hiphop__hiphop.00093,hiphop,4,-36.68504333496094,-13.460258483886719
full_clean_z,481,hiphop__hiphop.00093,hiphop,4,-39.75046920776367,22.064985275268555
full_clean_z,482,hiphop__hiphop.00093,hiphop,4,-39.722660064697266,24.166696548461914
full_clean_z,483,hiphop__hiphop.00093,hiphop,4,-36.31982421875,-18.06743812561035
full_clean_z,484,hiphop__hiphop.00093,hiphop,4,-36.2572021484375,-18.54224967956543
full_clean_z,485,hiphop__hiphop.00093,hiphop,4,-34.66209030151367,-23.606395721435547
full_clean_z,486,hiphop__hiphop.00093,hiphop,4,-34.69469451904297,1.0823181867599487
full_clean_z,487,hiphop__hiphop.00094,hiphop,4,-35.2411003112793,-28.250125885009766
full_clean_z,488,hiphop__hiphop.00094,hiphop,4,-34.40956115722656,-26.93132781982422
full_clean_z,489,hiphop__hiphop.00094,hiphop,4,-34.483360290527344,-26.920963287353516
full_clean_z,490,hiphop__hiphop.00094,hiphop,4,-34.6689453125,-27.031885147094727
full_clean_z,491,hiphop__hiphop.00094,hiphop,4,-34.27531814575195,-26.924575805664062
full_clean_z,492,hiphop__hiphop.00098,hiphop,4,-35.36341094970703,-25.67273712158203
full_clean_z,493,hiphop__hiphop.00098,hiphop,4,-36.64704513549805,-19.829463958740234
full_clean_z,494,hiphop__hiphop.00098,hiphop,4,-36.62336349487305,-19.680126190185547
full_clean_z,495,hiphop__hiphop.00098,hiphop,4,-33.83692169189453,-26.80146026611328
full_clean_z,496,hiphop__hiphop.00098,hiphop,4,-34.281715393066406,-26.78888511657715
full_clean_z,497,hiphop__hiphop.00098,hiphop,4,-34.25132751464844,-26.88037872314453
full_clean_z,498,hiphop__hiphop.00098,hiphop,4,-34.90655517578125,-26.30295181274414
full_clean_z,499,hiphop__hiphop.00098,hiphop,4,-34.85316467285156,-26.41092300415039
full_clean_z,500,jazz__jazz.00033,jazz,5,49.29559326171875,-5.847343444824219
full_clean_z,501,jazz__jazz.00033,jazz,5,49.89545440673828,-8.082651138305664
full_clean_z,502,jazz__jazz.00033,jazz,5,48.769630432128906,-5.696493625640869
full_clean_z,503,jazz__jazz.00033,jazz,5,49.9560661315918,-5.232978820800781
full_clean_z,504,jazz__jazz.00033,jazz,5,49.575138092041016,-5.851716041564941
full_clean_z,505,jazz__jazz.00033,jazz,5,49.54716491699219,-6.111070156097412
full_clean_z,506,jazz__jazz.00041,jazz,5,50.59931945800781,-3.95988392829895
full_clean_z,507,jazz__jazz.00041,jazz,5,50.33362579345703,-3.8102588653564453
full_clean_z,508,jazz__jazz.00041,jazz,5,50.47267532348633,-3.772423267364502
full_clean_z,509,jazz__jazz.00041,jazz,5,50.43224334716797,-4.00269889831543
full_clean_z,510,jazz__jazz.00041,jazz,5,50.31074905395508,-4.233514785766602
full_clean_z,511,jazz__jazz.00041,jazz,5,49.84825134277344,-4.805870056152344
full_clean_z,512,jazz__jazz.00041,jazz,5,48.542884826660156,-9.544922828674316
full_clean_z,513,jazz__jazz.00041,jazz,5,49.04020690917969,-9.135823249816895
full_clean_z,514,jazz__jazz.00041,jazz,5,48.75431442260742,-9.251696586608887
full_clean_z,515,jazz__jazz.00041,jazz,5,48.660648345947266,-9.547093391418457
full_clean_z,516,jazz__jazz.00046,jazz,5,49.7193717956543,-4.866479396820068
full_clean_z,517,jazz__jazz.00046,jazz,5,48.74617385864258,-5.130434989929199
full_clean_z,518,jazz__jazz.00046,jazz,5,48.02323532104492,-5.07057523727417
full_clean_z,519,jazz__jazz.00046,jazz,5,48.36011505126953,-5.142416000366211
full_clean_z,520,jazz__jazz.00046,jazz,5,49.6726188659668,-3.001814842224121
full_clean_z,521,jazz__jazz.00046,jazz,5,50.7218017578125,-3.6930673122406006
full_clean_z,522,jazz__jazz.00046,jazz,5,50.48488235473633,-4.8265533447265625
full_clean_z,523,jazz__jazz.00046,jazz,5,49.944374084472656,-5.539400100708008
full_clean_z,524,jazz__jazz.00048,jazz,5,43.749549865722656,-10.586725234985352
full_clean_z,525,jazz__jazz.00048,jazz,5,44.453765869140625,-10.32004451751709
full_clean_z,526,jazz__jazz.00048,jazz,5,21.663537979125977,5.988667011260986
full_clean_z,527,jazz__jazz.00048,jazz,5,47.42615509033203,-8.562283515930176
full_clean_z,528,jazz__jazz.00048,jazz,5,47.2819709777832,-8.53957748413086
full_clean_z,529,jazz__jazz.00048,jazz,5,48.66849899291992,-10.75057601928711
full_clean_z,530,jazz__jazz.00048,jazz,5,43.536930084228516,-10.660167694091797
full_clean_z,531,jazz__jazz.00048,jazz,5,22.230430603027344,4.808485984802246
full_clean_z,532,jazz__jazz.00050,jazz,5,5.191133499145508,19.418445587158203
full_clean_z,533,jazz__jazz.00050,jazz,5,3.616654396057129,17.46463966369629
full_clean_z,534,jazz__jazz.00050,jazz,5,29.118730545043945,-0.409712553024292
full_clean_z,535,jazz__jazz.00050,jazz,5,29.244243621826172,-0.4856191873550415
full_clean_z,536,jazz__jazz.00050,jazz,5,38.9493408203125,-5.913257598876953
full_clean_z,537,jazz__jazz.00050,jazz,5,22.79317283630371,3.5589287281036377
full_clean_z,538,jazz__jazz.00050,jazz,5,28.83510971069336,0.45470133423805237
full_clean_z,539,jazz__jazz.00050,jazz,5,26.270761489868164,4.618072032928467
full_clean_z,540,jazz__jazz.00050,jazz,5,-1.4118494987487793,-38.26012420654297
full_clean_z,541,jazz__jazz.00059,jazz,5,50.6828727722168,-9.119132995605469
full_clean_z,542,jazz__jazz.00059,jazz,5,-35.42965316772461,-8.926627159118652
full_clean_z,543,jazz__jazz.00060,jazz,5,51.01456069946289,-11.293346405029297
full_clean_z,544,jazz__jazz.00060,jazz,5,50.98163604736328,-11.385473251342773
full_clean_z,545,jazz__jazz.00060,jazz,5,50.45736312866211,-11.664637565612793
full_clean_z,546,jazz__jazz.00060,jazz,5,49.904541015625,-10.690938949584961
full_clean_z,547,jazz__jazz.00060,jazz,5,50.333412170410156,-9.925383567810059
full_clean_z,548,jazz__jazz.00060,jazz,5,50.3458137512207,-9.927165985107422
full_clean_z,549,jazz__jazz.00071,jazz,5,46.423561096191406,-9.75988483428955
full_clean_z,550,jazz__jazz.00071,jazz,5,46.48798751831055,-7.252249240875244
full_clean_z,551,jazz__jazz.00071,jazz,5,47.349998474121094,-6.84079122543335
full_clean_z,552,jazz__jazz.00071,jazz,5,51.50078582763672,-4.2617268562316895
full_clean_z,553,jazz__jazz.00071,jazz,5,49.15883255004883,-8.00789737701416
full_clean_z,554,jazz__jazz.00071,jazz,5,47.32508087158203,-10.470287322998047
full_clean_z,555,jazz__jazz.00071,jazz,5,47.11174392700195,-10.188461303710938
full_clean_z,556,jazz__jazz.00081,jazz,5,25.798715591430664,1.4583640098571777
full_clean_z,557,jazz__jazz.00081,jazz,5,25.56645393371582,1.9369350671768188
full_clean_z,558,jazz__jazz.00081,jazz,5,25.49062728881836,1.9779164791107178
full_clean_z,559,jazz__jazz.00081,jazz,5,25.369415283203125,2.3847174644470215
full_clean_z,560,jazz__jazz.00081,jazz,5,23.936796188354492,4.981977939605713
full_clean_z,561,jazz__jazz.00081,jazz,5,26.453317642211914,0.2925892174243927
full_clean_z,562,jazz__jazz.00081,jazz,5,26.78952980041504,-0.04895729199051857
full_clean_z,563,jazz__jazz.00081,jazz,5,26.3243465423584,0.5392074584960938
full_clean_z,564,jazz__jazz.00081,jazz,5,26.325151443481445,0.537985622882843
full_clean_z,565,jazz__jazz.00084,jazz,5,52.976383209228516,-8.73327350616455
full_clean_z,566,jazz__jazz.00084,jazz,5,51.670654296875,-8.833630561828613
full_clean_z,567,jazz__jazz.00084,jazz,5,52.83172607421875,-8.887791633605957
full_clean_z,568,jazz__jazz.00084,jazz,5,52.99134063720703,-10.134374618530273
full_clean_z,569,jazz__jazz.00084,jazz,5,53.01663589477539,-10.17883586883545
full_clean_z,570,jazz__jazz.00084,jazz,5,50.32572555541992,-7.78477144241333
full_clean_z,571,jazz__jazz.00084,jazz,5,50.193904876708984,-7.660110950469971
full_clean_z,572,jazz__jazz.00084,jazz,5,49.5755500793457,-10.423398971557617
full_clean_z,573,jazz__jazz.00086,jazz,5,50.47089385986328,-7.448116302490234
full_clean_z,574,jazz__jazz.00086,jazz,5,50.77635955810547,-7.189451217651367
full_clean_z,575,jazz__jazz.00086,jazz,5,50.26022720336914,-7.3779168128967285
full_clean_z,576,jazz__jazz.00086,jazz,5,52.01915740966797,-9.201865196228027
full_clean_z,577,jazz__jazz.00086,jazz,5,51.54450607299805,-8.517733573913574
full_clean_z,578,jazz__jazz.00091,jazz,5,47.75602340698242,-6.641852855682373
full_clean_z,579,jazz__jazz.00091,jazz,5,43.56776428222656,-1.905397891998291
full_clean_z,580,jazz__jazz.00092,jazz,5,52.5090217590332,-6.878675937652588
full_clean_z,581,jazz__jazz.00092,jazz,5,48.34374237060547,-6.943881988525391
full_clean_z,582,jazz__jazz.00092,jazz,5,48.76192092895508,-7.196195602416992
full_clean_z,583,jazz__jazz.00092,jazz,5,53.05638122558594,-7.1321001052856445
full_clean_z,584,jazz__jazz.00092,jazz,5,47.94938278198242,-6.84230375289917
full_clean_z,585,jazz__jazz.00092,jazz,5,52.67250061035156,-6.844481945037842
full_clean_z,586,jazz__jazz.00092,jazz,5,53.127262115478516,-7.074525356292725
full_clean_z,587,jazz__jazz.00096,jazz,5,46.89638900756836,-8.707271575927734
full_clean_z,588,jazz__jazz.00096,jazz,5,46.689064025878906,-8.853226661682129
full_clean_z,589,jazz__jazz.00096,jazz,5,47.398216247558594,-9.602166175842285
full_clean_z,590,jazz__jazz.00096,jazz,5,47.70823669433594,-9.82746410369873
full_clean_z,591,jazz__jazz.00096,jazz,5,48.83806610107422,-11.018041610717773
full_clean_z,592,jazz__jazz.00096,jazz,5,47.576805114746094,-8.601067543029785
full_clean_z,593,jazz__jazz.00096,jazz,5,44.784454345703125,-10.214133262634277
full_clean_z,594,jazz__jazz.00096,jazz,5,48.01566696166992,-8.912339210510254
full_clean_z,595,jazz__jazz.00096,jazz,5,47.53773498535156,-9.482361793518066
full_clean_z,596,jazz__jazz.00096,jazz,5,47.38373947143555,-9.554737091064453
full_clean_z,597,jazz__jazz.00099,jazz,5,47.699161529541016,-9.988824844360352
full_clean_z,598,jazz__jazz.00099,jazz,5,51.92743682861328,-4.363216400146484
full_clean_z,599,jazz__jazz.00099,jazz,5,49.17860794067383,-7.375414848327637
full_clean_z,600,metal__metal.00002,metal,6,-1.2986605167388916,-0.8199188113212585
full_clean_z,601,metal__metal.00002,metal,6,0.2403181791305542,-6.593616485595703
full_clean_z,602,metal__metal.00002,metal,6,0.32639017701148987,-6.545283317565918
full_clean_z,603,metal__metal.00002,metal,6,-0.05132370442152023,-1.3168847560882568
full_clean_z,604,metal__metal.00002,metal,6,-0.11709459871053696,-1.4725892543792725
full_clean_z,605,metal__metal.00002,metal,6,0.18140141665935516,-6.222510814666748
full_clean_z,606,metal__metal.00002,metal,6,0.006191998720169067,-1.2555609941482544
full_clean_z,607,metal__metal.00002,metal,6,-0.5997727513313293,-1.3356859683990479
full_clean_z,608,metal__metal.00002,metal,6,-2.0076370239257812,-1.593649983406067
full_clean_z,609,metal__metal.00004,metal,6,-2.1385645866394043,-15.328557014465332
full_clean_z,610,metal__metal.00004,metal,6,-2.0583856105804443,-15.3689603805542
full_clean_z,611,metal__metal.00004,metal,6,-1.2913296222686768,-15.686630249023438
full_clean_z,612,metal__metal.00004,metal,6,-1.1158212423324585,-15.745434761047363
full_clean_z,613,metal__metal.00004,metal,6,-1.0273199081420898,-15.756072044372559
full_clean_z,614,metal__metal.00004,metal,6,-1.7941768169403076,-15.481644630432129
full_clean_z,615,metal__metal.00004,metal,6,-1.2686675786972046,-15.680246353149414
full_clean_z,616,metal__metal.00012,metal,6,-3.6700398921966553,-15.473040580749512
full_clean_z,617,metal__metal.00012,metal,6,-3.6665661334991455,-15.432835578918457
full_clean_z,618,metal__metal.00012,metal,6,-3.6444997787475586,-15.369584083557129
full_clean_z,619,metal__metal.00012,metal,6,0.2905105650424957,-8.875362396240234
full_clean_z,620,metal__metal.00012,metal,6,0.36594024300575256,-9.641246795654297
full_clean_z,621,metal__metal.00012,metal,6,0.5044954419136047,-9.7529935836792
full_clean_z,622,metal__metal.00012,metal,6,0.4848434627056122,-8.698471069335938
full_clean_z,623,metal__metal.00012,metal,6,0.4502688944339752,-7.626744270324707
full_clean_z,624,metal__metal.00022,metal,6,-1.7879356145858765,-0.5338592529296875
full_clean_z,625,metal__metal.00022,metal,6,-1.4411827325820923,2.562100648880005
full_clean_z,626,metal__metal.00022,metal,6,-2.1446094512939453,1.411525845527649
full_clean_z,627,metal__metal.00022,metal,6,-2.1110341548919678,1.9953473806381226
full_clean_z,628,metal__metal.00022,metal,6,-5.282902240753174,4.286367893218994
full_clean_z,629,metal__metal.00022,metal,6,-5.168851852416992,4.152676105499268
full_clean_z,630,metal__metal.00022,metal,6,-1.570955753326416,2.165426731109619
full_clean_z,631,metal__metal.00022,metal,6,-1.5709095001220703,2.1646127700805664
full_clean_z,632,metal__metal.00024,metal,6,0.25474005937576294,-2.821486711502075
full_clean_z,633,metal__metal.00024,metal,6,0.09596534818410873,-2.5444600582122803
full_clean_z,634,metal__metal.00024,metal,6,-0.9990625381469727,-2.7065439224243164
full_clean_z,635,metal__metal.00024,metal,6,-0.2028970718383789,-2.5890398025512695
full_clean_z,636,metal__metal.00024,metal,6,0.5317594408988953,-3.4070632457733154
full_clean_z,637,metal__metal.00024,metal,6,1.41361665725708,-3.6787383556365967
full_clean_z,638,metal__metal.00024,metal,6,1.4054585695266724,-3.624298334121704
full_clean_z,639,metal__metal.00024,metal,6,2.218348741531372,-6.615579605102539
full_clean_z,640,metal__metal.00030,metal,6,2.9227375984191895,11.075883865356445
full_clean_z,641,metal__metal.00030,metal,6,2.9333460330963135,10.44642448425293
full_clean_z,642,metal__metal.00030,metal,6,2.8834385871887207,10.271023750305176
full_clean_z,643,metal__metal.00030,metal,6,-14.452214241027832,-5.870794296264648
full_clean_z,644,metal__metal.00030,metal,6,-14.381452560424805,-6.045042514801025
full_clean_z,645,metal__metal.00049,metal,6,1.867828369140625,-7.696178436279297
full_clean_z,646,metal__metal.00049,metal,6,1.5976649522781372,-6.413637161254883
full_clean_z,647,metal__metal.00049,metal,6,1.5569632053375244,-8.648945808410645
full_clean_z,648,metal__metal.00049,metal,6,1.6744886636734009,-8.686762809753418
full_clean_z,649,metal__metal.00049,metal,6,2.117030143737793,-7.165109157562256
full_clean_z,650,metal__metal.00049,metal,6,2.9784975051879883,-7.640548229217529
full_clean_z,651,metal__metal.00049,metal,6,1.6203010082244873,-8.938405990600586
full_clean_z,652,metal__metal.00049,metal,6,2.12471342086792,-9.19655704498291
full_clean_z,653,metal__metal.00049,metal,6,1.1596603393554688,-5.709933280944824
full_clean_z,654,metal__metal.00051,metal,6,0.19847668707370758,-4.614071369171143
full_clean_z,655,metal__metal.00051,metal,6,1.1348932981491089,-5.192935466766357
full_clean_z,656,metal__metal.00051,metal,6,1.9017245769500732,-8.179938316345215
full_clean_z,657,metal__metal.00051,metal,6,2.085592746734619,-8.113871574401855
full_clean_z,658,metal__metal.00051,metal,6,1.928199291229248,-7.785315036773682
full_clean_z,659,metal__metal.00051,metal,6,2.368837594985962,-8.516626358032227
full_clean_z,660,metal__metal.00051,metal,6,2.0283474922180176,-8.49813461303711
full_clean_z,661,metal__metal.00051,metal,6,2.097637414932251,-8.801502227783203
full_clean_z,662,metal__metal.00052,metal,6,2.5733864307403564,-7.849748134613037
full_clean_z,663,metal__metal.00052,metal,6,2.2375197410583496,-7.526328086853027
full_clean_z,664,metal__metal.00052,metal,6,0.05905997380614281,-12.63257122039795
full_clean_z,665,metal__metal.00052,metal,6,-7.860995292663574,-14.821025848388672
full_clean_z,666,metal__metal.00052,metal,6,-7.872222423553467,-14.8185396194458
full_clean_z,667,metal__metal.00056,metal,6,1.5282196998596191,-5.931267261505127
full_clean_z,668,metal__metal.00056,metal,6,1.9671250581741333,-10.267587661743164
full_clean_z,669,metal__metal.00056,metal,6,1.6300199031829834,-9.064183235168457
full_clean_z,670,metal__metal.00056,metal,6,3.1340742111206055,-8.513188362121582
full_clean_z,671,metal__metal.00056,metal,6,2.4003124237060547,-9.445807456970215
full_clean_z,672,metal__metal.00056,metal,6,2.0256125926971436,-9.028385162353516
full_clean_z,673,metal__metal.00069,metal,6,-1.3962234258651733,-4.742934226989746
full_clean_z,674,metal__metal.00069,metal,6,-1.4573614597320557,-4.656346797943115
full_clean_z,675,metal__metal.00069,metal,6,-4.717927932739258,34.86805725097656
full_clean_z,676,metal__metal.00069,metal,6,-4.774300575256348,35.01053237915039
full_clean_z,677,metal__metal.00069,metal,6,-3.718122959136963,-15.626502990722656
full_clean_z,678,metal__metal.00069,metal,6,-1.4724944829940796,-10.130967140197754
full_clean_z,679,metal__metal.00069,metal,6,-2.6690640449523926,2.310839891433716
full_clean_z,680,metal__metal.00091,metal,6,9.027664184570312,12.774565696716309
full_clean_z,681,metal__metal.00091,metal,6,11.48205852508545,12.816275596618652
full_clean_z,682,metal__metal.00091,metal,6,11.041119575500488,16.022674560546875
full_clean_z,683,metal__metal.00091,metal,6,12.597126960754395,15.992652893066406
full_clean_z,684,metal__metal.00091,metal,6,11.117497444152832,12.207148551940918
full_clean_z,685,metal__metal.00091,metal,6,13.793962478637695,15.79876708984375
full_clean_z,686,metal__metal.00092,metal,6,-0.37465861439704895,-0.7404018640518188
full_clean_z,687,metal__metal.00092,metal,6,-3.8158934116363525,3.0532352924346924
full_clean_z,688,metal__metal.00092,metal,6,5.264437675476074,8.597938537597656
full_clean_z,689,metal__metal.00092,metal,6,-2.3754310607910156,0.07122720777988434
full_clean_z,690,metal__metal.00092,metal,6,4.850353717803955,17.982276916503906
full_clean_z,691,metal__metal.00092,metal,6,-3.2347254753112793,2.7992167472839355
full_clean_z,692,metal__metal.00096,metal,6,-5.807290077209473,-14.199806213378906
full_clean_z,693,metal__metal.00096,metal,6,-6.716475009918213,-14.670844078063965
full_clean_z,694,metal__metal.00097,metal,6,-8.4882173538208,3.532327651977539
full_clean_z,695,metal__metal.00097,metal,6,-8.449309349060059,3.5418362617492676
full_clean_z,696,metal__metal.00097,metal,6,-0.5569291114807129,-12.59436321258545
full_clean_z,697,metal__metal.00097,metal,6,-0.7896385788917542,-12.042335510253906
full_clean_z,698,metal__metal.00097,metal,6,-0.5759236216545105,-12.583532333374023
full_clean_z,699,metal__metal.00097,metal,6,-0.46195662021636963,-11.293183326721191
full_clean_z,700,pop__pop.00003,pop,7,-6.554798603057861,-54.93804168701172
full_clean_z,701,pop__pop.00003,pop,7,-11.959687232971191,-56.5068244934082
full_clean_z,702,pop__pop.00003,pop,7,-39.87060546875,24.314165115356445
full_clean_z,703,pop__pop.00003,pop,7,-20.960033416748047,-35.07884979248047
full_clean_z,704,pop__pop.00003,pop,7,-10.058877944946289,-57.03038024902344
full_clean_z,705,pop__pop.00003,pop,7,-10.04438304901123,-57.07173156738281
full_clean_z,706,pop__pop.00003,pop,7,-21.1685848236084,-34.71709060668945
full_clean_z,707,pop__pop.00007,pop,7,-11.534339904785156,-50.43048858642578
full_clean_z,708,pop__pop.00007,pop,7,-11.458527565002441,-50.58430099487305
full_clean_z,709,pop__pop.00007,pop,7,-1.0108221769332886,-55.140960693359375
full_clean_z,710,pop__pop.00007,pop,7,0.38396885991096497,-49.99340057373047
full_clean_z,711,pop__pop.00007,pop,7,-0.9352163076400757,-38.92521667480469
full_clean_z,712,pop__pop.00007,pop,7,39.29609298706055,31.25395965576172
full_clean_z,713,pop__pop.00007,pop,7,38.93771743774414,30.170825958251953
full_clean_z,714,pop__pop.00007,pop,7,38.60514831542969,30.090925216674805
full_clean_z,715,pop__pop.00015,pop,7,-4.478717803955078,-58.4797248840332
full_clean_z,716,pop__pop.00015,pop,7,-4.414524078369141,-59.25175094604492
full_clean_z,717,pop__pop.00015,pop,7,-4.411789894104004,-59.21683120727539
full_clean_z,718,pop__pop.00015,pop,7,-3.782648801803589,-57.24904251098633
full_clean_z,719,pop__pop.00015,pop,7,-4.560351371765137,-59.07902526855469
full_clean_z,720,pop__pop.00015,pop,7,-3.9042325019836426,-57.54966354370117
full_clean_z,721,pop__pop.00021,pop,7,-4.524390697479248,-59.33176803588867
full_clean_z,722,pop__pop.00021,pop,7,-5.379785060882568,-58.83540725708008
full_clean_z,723,pop__pop.00021,pop,7,-5.762617111206055,-59.2430305480957
full_clean_z,724,pop__pop.00021,pop,7,-6.4168267250061035,-59.607967376708984
full_clean_z,725,pop__pop.00021,pop,7,-5.863704204559326,-59.314727783203125
full_clean_z,726,pop__pop.00021,pop,7,-6.080447673797607,-57.17146682739258
full_clean_z,727,pop__pop.00021,pop,7,-5.761209964752197,-58.42539596557617
full_clean_z,728,pop__pop.00021,pop,7,-5.562992095947266,-59.0599365234375
full_clean_z,729,pop__pop.00028,pop,7,-1.6765986680984497,-51.911922454833984
full_clean_z,730,pop__pop.00028,pop,7,-3.4630863666534424,-57.051883697509766
full_clean_z,731,pop__pop.00028,pop,7,-2.358529567718506,-57.49604034423828
full_clean_z,732,pop__pop.00028,pop,7,-14.52454662322998,-52.12273025512695
full_clean_z,733,pop__pop.00028,pop,7,-14.626679420471191,-51.88151550292969
full_clean_z,734,pop__pop.00028,pop,7,-3.836667537689209,-58.91993713378906
full_clean_z,735,pop__pop.00029,pop,7,-12.314188957214355,-54.69406509399414
full_clean_z,736,pop__pop.00029,pop,7,-9.881081581115723,-55.17288589477539
full_clean_z,737,pop__pop.00029,pop,7,-36.11626434326172,29.448617935180664
full_clean_z,738,pop__pop.00029,pop,7,-13.390303611755371,-53.95841979980469
full_clean_z,739,pop__pop.00029,pop,7,-13.832837104797363,-53.55731201171875
full_clean_z,740,pop__pop.00029,pop,7,-3.9953978061676025,-53.16127014160156
full_clean_z,741,pop__pop.00029,pop,7,-4.151650905609131,-53.311214447021484
full_clean_z,742,pop__pop.00029,pop,7,-9.488698959350586,-55.19862747192383
full_clean_z,743,pop__pop.00033,pop,7,-21.24207305908203,-29.812908172607422
full_clean_z,744,pop__pop.00033,pop,7,-21.294458389282227,-34.42182159423828
full_clean_z,745,pop__pop.00033,pop,7,-23.024532318115234,-29.341854095458984
full_clean_z,746,pop__pop.00033,pop,7,-27.59784698486328,-19.884456634521484
full_clean_z,747,pop__pop.00033,pop,7,-10.55763053894043,-9.83515739440918
full_clean_z,748,pop__pop.00033,pop,7,-27.50019073486328,-29.301746368408203
full_clean_z,749,pop__pop.00033,pop,7,-21.888935089111328,-33.8714485168457
full_clean_z,750,pop__pop.00033,pop,7,-21.89608383178711,-33.86711883544922
full_clean_z,751,pop__pop.00034,pop,7,-13.88076114654541,-53.40837860107422
full_clean_z,752,pop__pop.00034,pop,7,-14.03476619720459,-53.221214294433594
full_clean_z,753,pop__pop.00034,pop,7,-13.997615814208984,-53.27007293701172
full_clean_z,754,pop__pop.00034,pop,7,-12.410955429077148,-54.69753646850586
full_clean_z,755,pop__pop.00034,pop,7,-5.201529502868652,-54.53016662597656
full_clean_z,756,pop__pop.00034,pop,7,-4.693287372589111,-54.97285842895508
full_clean_z,757,pop__pop.00034,pop,7,-3.489272117614746,-53.54124450683594
full_clean_z,758,pop__pop.00035,pop,7,-4.95512580871582,-57.138580322265625
full_clean_z,759,pop__pop.00035,pop,7,-4.119816303253174,-57.2081413269043
full_clean_z,760,pop__pop.00035,pop,7,-2.3928041458129883,-57.386165618896484
full_clean_z,761,pop__pop.00035,pop,7,-4.719150066375732,-57.74989318847656
full_clean_z,762,pop__pop.00035,pop,7,-4.719801902770996,-57.74614715576172
full_clean_z,763,pop__pop.00038,pop,7,-8.956998825073242,-54.73395538330078
full_clean_z,764,pop__pop.00038,pop,7,-8.32220458984375,-55.13740539550781
full_clean_z,765,pop__pop.00038,pop,7,-8.534280776977539,-55.19877243041992
full_clean_z,766,pop__pop.00038,pop,7,-5.873997211456299,-55.57170867919922
full_clean_z,767,pop__pop.00039,pop,7,-9.305094718933105,-56.5156364440918
full_clean_z,768,pop__pop.00039,pop,7,-5.238752841949463,-55.48920822143555
full_clean_z,769,pop__pop.00039,pop,7,-3.030200958251953,-52.863624572753906
full_clean_z,770,pop__pop.00039,pop,7,-5.327108383178711,-55.39181137084961
full_clean_z,771,pop__pop.00039,pop,7,-2.037163257598877,-52.108978271484375
full_clean_z,772,pop__pop.00039,pop,7,-3.797056198120117,-54.483436584472656
full_clean_z,773,pop__pop.00039,pop,7,-2.1526594161987305,-52.23151397705078
full_clean_z,774,pop__pop.00039,pop,7,-3.923853635787964,-55.13934326171875
full_clean_z,775,pop__pop.00045,pop,7,-39.56596755981445,25.861326217651367
full_clean_z,776,pop__pop.00045,pop,7,-36.14103317260742,33.81483459472656
full_clean_z,777,pop__pop.00045,pop,7,-36.18800735473633,33.71116638183594
full_clean_z,778,pop__pop.00045,pop,7,-36.119956970214844,33.870948791503906
full_clean_z,779,pop__pop.00045,pop,7,-11.385778427124023,-50.99702072143555
full_clean_z,780,pop__pop.00049,pop,7,-5.175018787384033,-56.91013717651367
full_clean_z,781,pop__pop.00049,pop,7,-5.768072605133057,-58.66120147705078
full_clean_z,782,pop__pop.00049,pop,7,-1.4250319004058838,-54.118438720703125
full_clean_z,783,pop__pop.00049,pop,7,-1.6324317455291748,-53.89399719238281
full_clean_z,784,pop__pop.00049,pop,7,-4.050420761108398,-54.74694061279297
full_clean_z,785,pop__pop.00049,pop,7,-3.501386880874634,-54.786556243896484
full_clean_z,786,pop__pop.00049,pop,7,-3.4978384971618652,-54.787803649902344
full_clean_z,787,pop__pop.00079,pop,7,26.90703582763672,-0.43599948287010193
full_clean_z,788,pop__pop.00079,pop,7,36.117820739746094,-10.344707489013672
full_clean_z,789,pop__pop.00079,pop,7,23.758901596069336,2.01485013961792
full_clean_z,790,pop__pop.00079,pop,7,23.916778564453125,1.9422738552093506
full_clean_z,791,pop__pop.00081,pop,7,35.41154479980469,28.07676887512207
full_clean_z,792,pop__pop.00081,pop,7,34.532188415527344,26.751384735107422
full_clean_z,793,pop__pop.00081,pop,7,29.45203399658203,39.07771301269531
full_clean_z,794,pop__pop.00081,pop,7,29.507343292236328,39.07047653198242
full_clean_z,795,pop__pop.00081,pop,7,19.512649536132812,20.030776977539062
full_clean_z,796,pop__pop.00081,pop,7,39.90977478027344,34.35289001464844
full_clean_z,797,pop__pop.00081,pop,7,33.6422119140625,26.08298683166504
full_clean_z,798,pop__pop.00081,pop,7,29.561019897460938,39.06427764892578
full_clean_z,799,pop__pop.00081,pop,7,35.32670211791992,27.519886016845703
full_clean_z,800,reggae__reggae.00029,reggae,8,-34.294246673583984,39.076866149902344
full_clean_z,801,reggae__reggae.00029,reggae,8,-33.80231475830078,39.30770492553711
full_clean_z,802,reggae__reggae.00029,reggae,8,-34.20980453491211,39.209800720214844
full_clean_z,803,reggae__reggae.00029,reggae,8,-34.2385368347168,39.11827087402344
full_clean_z,804,reggae__reggae.00029,reggae,8,-34.35245132446289,38.55402374267578
full_clean_z,805,reggae__reggae.00029,reggae,8,-34.478580474853516,38.36896896362305
full_clean_z,806,reggae__reggae.00029,reggae,8,-33.74033737182617,37.534847259521484
full_clean_z,807,reggae__reggae.00029,reggae,8,-32.72587585449219,36.8129768371582
full_clean_z,808,reggae__reggae.00029,reggae,8,-33.76561737060547,35.9626350402832
full_clean_z,809,reggae__reggae.00029,reggae,8,-33.66603469848633,36.58396911621094
full_clean_z,810,reggae__reggae.00034,reggae,8,-31.104251861572266,37.21337127685547
full_clean_z,811,reggae__reggae.00034,reggae,8,-31.387958526611328,36.81161117553711
full_clean_z,812,reggae__reggae.00034,reggae,8,-32.11593246459961,37.75356674194336
full_clean_z,813,reggae__reggae.00034,reggae,8,-32.47761917114258,36.78683090209961
full_clean_z,814,reggae__reggae.00034,reggae,8,-32.2847785949707,37.09324645996094
full_clean_z,815,reggae__reggae.00034,reggae,8,-30.222768783569336,37.54078674316406
full_clean_z,816,reggae__reggae.00034,reggae,8,-31.651748657226562,36.4593391418457
full_clean_z,817,reggae__reggae.00034,reggae,8,-31.559179306030273,36.45072937011719
full_clean_z,818,reggae__reggae.00035,reggae,8,-33.57168960571289,38.40573501586914
full_clean_z,819,reggae__reggae.00035,reggae,8,-34.2840576171875,39.04944610595703
full_clean_z,820,reggae__reggae.00035,reggae,8,-33.31825637817383,38.644874572753906
full_clean_z,821,reggae__reggae.00035,reggae,8,-33.80229568481445,38.475982666015625
full_clean_z,822,reggae__reggae.00035,reggae,8,-33.273189544677734,38.6264762878418
full_clean_z,823,reggae__reggae.00035,reggae,8,-33.83242416381836,38.31019592285156
full_clean_z,824,reggae__reggae.00035,reggae,8,-33.13201141357422,38.347171783447266
full_clean_z,825,reggae__reggae.00040,reggae,8,10.627761840820312,18.6119327545166
full_clean_z,826,reggae__reggae.00040,reggae,8,10.836954116821289,15.264307975769043
full_clean_z,827,reggae__reggae.00040,reggae,8,28.281448364257812,37.767417907714844
full_clean_z,828,reggae__reggae.00040,reggae,8,16.665637969970703,25.28361701965332
full_clean_z,829,reggae__reggae.00040,reggae,8,16.71819305419922,25.33751678466797
full_clean_z,830,reggae__reggae.00040,reggae,8,16.50763511657715,26.862592697143555
full_clean_z,831,reggae__reggae.00040,reggae,8,-28.009794235229492,32.36250686645508
full_clean_z,832,reggae__reggae.00040,reggae,8,7.261045932769775,19.332332611083984
full_clean_z,833,reggae__reggae.00047,reggae,8,-36.246524810791016,38.90216827392578
full_clean_z,834,reggae__reggae.00047,reggae,8,-36.912147521972656,37.00898742675781
full_clean_z,835,reggae__reggae.00047,reggae,8,-37.17521667480469,36.81682205200195
full_clean_z,836,reggae__reggae.00047,reggae,8,-36.4144287109375,37.37088394165039
full_clean_z,837,reggae__reggae.00047,reggae,8,-31.741697311401367,39.711822509765625
full_clean_z,838,reggae__reggae.00049,reggae,8,0.6398835778236389,22.424898147583008
full_clean_z,839,reggae__reggae.00049,reggae,8,-33.85036849975586,35.169986724853516
full_clean_z,840,reggae__reggae.00049,reggae,8,-33.823028564453125,35.11479949951172
full_clean_z,841,reggae__reggae.00049,reggae,8,2.826859951019287,17.208587646484375
full_clean_z,842,reggae__reggae.00049,reggae,8,0.6084775924682617,22.46586036682129
full_clean_z,843,reggae__reggae.00049,reggae,8,3.1910250186920166,17.268003463745117
full_clean_z,844,reggae__reggae.00049,reggae,8,3.19439435005188,17.267526626586914
full_clean_z,845,reggae__reggae.00062,reggae,8,-31.09993553161621,40.04180145263672
full_clean_z,846,reggae__reggae.00062,reggae,8,-31.19405174255371,40.072078704833984
full_clean_z,847,reggae__reggae.00062,reggae,8,-31.52486228942871,40.595558166503906
full_clean_z,848,reggae__reggae.00062,reggae,8,-29.50355339050293,39.79633712768555
full_clean_z,849,reggae__reggae.00062,reggae,8,-31.045690536499023,39.77448272705078
full_clean_z,850,reggae__reggae.00062,reggae,8,-31.228469848632812,37.221622467041016
full_clean_z,851,reggae__reggae.00062,reggae,8,-31.18768310546875,39.050071716308594
full_clean_z,852,reggae__reggae.00062,reggae,8,-30.721351623535156,37.68077850341797
full_clean_z,853,reggae__reggae.00062,reggae,8,-30.99188995361328,39.488983154296875
full_clean_z,854,reggae__reggae.00064,reggae,8,-37.01629638671875,39.6928825378418
full_clean_z,855,reggae__reggae.00064,reggae,8,-38.756446838378906,27.752994537353516
full_clean_z,856,reggae__reggae.00064,reggae,8,-37.178062438964844,39.4755859375
full_clean_z,857,reggae__reggae.00064,reggae,8,-37.104530334472656,39.34781265258789
full_clean_z,858,reggae__reggae.00064,reggae,8,-12.137232780456543,-55.69586944580078
full_clean_z,859,reggae__reggae.00064,reggae,8,-12.137398719787598,-55.69602966308594
full_clean_z,860,reggae__reggae.00065,reggae,8,-40.22188186645508,20.88592529296875
full_clean_z,861,reggae__reggae.00065,reggae,8,-39.69672775268555,18.60873794555664
full_clean_z,862,reggae__reggae.00065,reggae,8,-39.699241638183594,18.513086318969727
full_clean_z,863,reggae__reggae.00065,reggae,8,-39.77810287475586,18.93727684020996
full_clean_z,864,reggae__reggae.00065,reggae,8,-40.039329528808594,20.161855697631836
full_clean_z,865,reggae__reggae.00065,reggae,8,-32.54555892944336,-14.901304244995117
full_clean_z,866,reggae__reggae.00065,reggae,8,-40.1501579284668,20.971681594848633
full_clean_z,867,reggae__reggae.00065,reggae,8,-40.15091323852539,20.97043800354004
full_clean_z,868,reggae__reggae.00071,reggae,8,-40.06515121459961,20.46413803100586
full_clean_z,869,reggae__reggae.00071,reggae,8,-2.7579126358032227,-52.886165618896484
full_clean_z,870,reggae__reggae.00071,reggae,8,-39.8720817565918,26.824438095092773
full_clean_z,871,reggae__reggae.00071,reggae,8,-39.86978530883789,26.822416305541992
full_clean_z,872,reggae__reggae.00076,reggae,8,-37.15436935424805,-24.824472427368164
full_clean_z,873,reggae__reggae.00076,reggae,8,-29.740530014038086,-29.413616180419922
full_clean_z,874,reggae__reggae.00076,reggae,8,-31.484939575195312,-28.611230850219727
full_clean_z,875,reggae__reggae.00076,reggae,8,-25.274545669555664,-32.24652862548828
full_clean_z,876,reggae__reggae.00076,reggae,8,-25.33308982849121,-32.14560317993164
full_clean_z,877,reggae__reggae.00090,reggae,8,-35.25041198730469,39.45928955078125
full_clean_z,878,reggae__reggae.00090,reggae,8,-36.47198486328125,38.97513198852539
full_clean_z,879,reggae__reggae.00090,reggae,8,-36.637943267822266,39.67531204223633
full_clean_z,880,reggae__reggae.00090,reggae,8,-36.226375579833984,39.693748474121094
full_clean_z,881,reggae__reggae.00090,reggae,8,-35.29945373535156,39.61368942260742
full_clean_z,882,reggae__reggae.00090,reggae,8,-35.11525344848633,39.56389617919922
full_clean_z,883,reggae__reggae.00090,reggae,8,-35.194374084472656,39.80824661254883
full_clean_z,884,reggae__reggae.00091,reggae,8,-32.63868713378906,41.36069107055664
full_clean_z,885,reggae__reggae.00091,reggae,8,-32.52485656738281,41.35609817504883
full_clean_z,886,reggae__reggae.00091,reggae,8,-29.01418113708496,39.7215576171875
full_clean_z,887,reggae__reggae.00091,reggae,8,-29.219383239746094,39.766151428222656
full_clean_z,888,reggae__reggae.00091,reggae,8,-25.489158630371094,30.780330657958984
full_clean_z,889,reggae__reggae.00092,reggae,8,-33.70893096923828,41.062904357910156
full_clean_z,890,reggae__reggae.00092,reggae,8,-32.62070846557617,39.01364517211914
full_clean_z,891,reggae__reggae.00092,reggae,8,-32.902809143066406,39.24079132080078
full_clean_z,892,reggae__reggae.00092,reggae,8,-33.17637634277344,40.2801513671875
full_clean_z,893,reggae__reggae.00092,reggae,8,-33.0662956237793,40.043731689453125
full_clean_z,894,reggae__reggae.00092,reggae,8,-32.336063385009766,40.248409271240234
full_clean_z,895,reggae__reggae.00092,reggae,8,-32.65713882446289,39.45473098754883
full_clean_z,896,reggae__reggae.00092,reggae,8,-33.770503997802734,40.15953063964844
full_clean_z,897,reggae__reggae.00092,reggae,8,-34.32372283935547,40.05031967163086
full_clean_z,898,reggae__reggae.00092,reggae,8,-34.30971145629883,41.18488693237305
full_clean_z,899,reggae__reggae.00092,reggae,8,-32.94697952270508,41.33888626098633
full_clean_z,900,rock__rock.00000,rock,9,3.9820446968078613,10.015108108520508
full_clean_z,901,rock__rock.00000,rock,9,5.670842170715332,10.551146507263184
full_clean_z,902,rock__rock.00000,rock,9,5.789029121398926,11.294330596923828
full_clean_z,903,rock__rock.00000,rock,9,10.52195930480957,20.03131103515625
full_clean_z,904,rock__rock.00000,rock,9,17.892343521118164,15.480938911437988
full_clean_z,905,rock__rock.00000,rock,9,16.965869903564453,14.327509880065918
full_clean_z,906,rock__rock.00000,rock,9,18.048843383789062,15.45827579498291
full_clean_z,907,rock__rock.00000,rock,9,19.25786781311035,16.112760543823242
full_clean_z,908,rock__rock.00000,rock,9,19.275421142578125,16.117759704589844
full_clean_z,909,rock__rock.00003,rock,9,0.4570242762565613,34.61134719848633
full_clean_z,910,rock__rock.00003,rock,9,34.23031997680664,9.262845039367676
full_clean_z,911,rock__rock.00003,rock,9,34.03580093383789,9.770974159240723
full_clean_z,912,rock__rock.00003,rock,9,50.02224349975586,-12.107827186584473
full_clean_z,913,rock__rock.00003,rock,9,6.313094615936279,23.71430206298828
full_clean_z,914,rock__rock.00003,rock,9,0.22284531593322754,34.639644622802734
full_clean_z,915,rock__rock.00008,rock,9,3.7322535514831543,-12.102322578430176
full_clean_z,916,rock__rock.00008,rock,9,3.7167327404022217,-12.189193725585938
full_clean_z,917,rock__rock.00008,rock,9,3.719233512878418,-12.163908958435059
full_clean_z,918,rock__rock.00008,rock,9,3.729740619659424,-12.14333438873291
full_clean_z,919,rock__rock.00008,rock,9,3.5185279846191406,-12.508036613464355
full_clean_z,920,rock__rock.00008,rock,9,-14.013313293457031,-7.351295471191406
full_clean_z,921,rock__rock.00008,rock,9,4.137430191040039,-10.244426727294922
full_clean_z,922,rock__rock.00032,rock,9,-11.580930709838867,-1.9154670238494873
full_clean_z,923,rock__rock.00032,rock,9,3.67134428024292,9.931486129760742
full_clean_z,924,rock__rock.00034,rock,9,21.78788185119629,28.835752487182617
full_clean_z,925,rock__rock.00034,rock,9,21.96067237854004,28.65553092956543
full_clean_z,926,rock__rock.00034,rock,9,20.833702087402344,26.87847137451172
full_clean_z,927,rock__rock.00034,rock,9,-9.069000244140625,-53.05171203613281
full_clean_z,928,rock__rock.00034,rock,9,35.17680358886719,22.98248291015625
full_clean_z,929,rock__rock.00034,rock,9,28.36881446838379,24.22783660888672
full_clean_z,930,rock__rock.00039,rock,9,14.985553741455078,11.86076831817627
full_clean_z,931,rock__rock.00039,rock,9,26.261411666870117,4.566606521606445
full_clean_z,932,rock__rock.00039,rock,9,-2.96319580078125,-54.937843322753906
full_clean_z,933,rock__rock.00039,rock,9,-0.2011309713125229,-43.73407745361328
full_clean_z,934,rock__rock.00044,rock,9,32.66255569458008,24.09025001525879
full_clean_z,935,rock__rock.00044,rock,9,-31.272703170776367,2.2736637592315674
full_clean_z,936,rock__rock.00044,rock,9,0.5401871204376221,-39.026824951171875
full_clean_z,937,rock__rock.00044,rock,9,-30.065656661987305,-4.527462005615234
full_clean_z,938,rock__rock.00044,rock,9,-30.291950225830078,6.82146692276001
full_clean_z,939,rock__rock.00044,rock,9,-1.5948982238769531,-34.936885833740234
full_clean_z,940,rock__rock.00044,rock,9,-1.6009663343429565,-34.92753982543945
full_clean_z,941,rock__rock.00048,rock,9,26.006980895996094,-23.957509994506836
full_clean_z,942,rock__rock.00048,rock,9,25.99314308166504,-23.8419132232666
full_clean_z,943,rock__rock.00048,rock,9,26.071613311767578,-24.195858001708984
full_clean_z,944,rock__rock.00048,rock,9,6.860784530639648,38.76803207397461
full_clean_z,945,rock__rock.00048,rock,9,12.493444442749023,11.39936637878418
full_clean_z,946,rock__rock.00048,rock,9,23.27692413330078,-25.219463348388672
full_clean_z,947,rock__rock.00048,rock,9,6.823625087738037,38.68589782714844
full_clean_z,948,rock__rock.00049,rock,9,36.369667053222656,35.085323333740234
full_clean_z,949,rock__rock.00049,rock,9,38.39937210083008,31.090253829956055
full_clean_z,950,rock__rock.00049,rock,9,38.551002502441406,30.7459716796875
full_clean_z,951,rock__rock.00049,rock,9,38.62421417236328,30.442245483398438
full_clean_z,952,rock__rock.00049,rock,9,38.5684928894043,30.511566162109375
full_clean_z,953,rock__rock.00049,rock,9,39.848106384277344,34.57049560546875
full_clean_z,954,rock__rock.00049,rock,9,39.84916687011719,34.534568786621094
full_clean_z,955,rock__rock.00049,rock,9,22.50968360900879,29.860584259033203
full_clean_z,956,rock__rock.00049,rock,9,-2.179572105407715,-47.396427154541016
full_clean_z,957,rock__rock.00049,rock,9,1.275560975074768,-54.77449417114258
full_clean_z,958,rock__rock.00050,rock,9,-1.2922407388687134,-35.820533752441406
full_clean_z,959,rock__rock.00050,rock,9,1.545042634010315,-54.45376205444336
full_clean_z,960,rock__rock.00050,rock,9,1.5821709632873535,-54.311946868896484
full_clean_z,961,rock__rock.00050,rock,9,2.032883644104004,-52.98016357421875
full_clean_z,962,rock__rock.00050,rock,9,2.0429251194000244,-52.85951614379883
full_clean_z,963,rock__rock.00050,rock,9,1.9476051330566406,-53.257225036621094
full_clean_z,964,rock__rock.00050,rock,9,1.9371987581253052,-53.339149475097656
full_clean_z,965,rock__rock.00050,rock,9,1.8731447458267212,-53.51190185546875
full_clean_z,966,rock__rock.00054,rock,9,20.440000534057617,10.97148609161377
full_clean_z,967,rock__rock.00054,rock,9,18.346057891845703,10.661457061767578
full_clean_z,968,rock__rock.00054,rock,9,20.651887893676758,10.116829872131348
full_clean_z,969,rock__rock.00054,rock,9,17.14256477355957,11.467714309692383
full_clean_z,970,rock__rock.00054,rock,9,31.40801429748535,25.05678939819336
full_clean_z,971,rock__rock.00054,rock,9,31.26152229309082,24.7623233795166
full_clean_z,972,rock__rock.00054,rock,9,16.9955997467041,10.998120307922363
full_clean_z,973,rock__rock.00054,rock,9,17.046045303344727,10.92165470123291
full_clean_z,974,rock__rock.00054,rock,9,17.792142868041992,10.587213516235352
full_clean_z,975,rock__rock.00054,rock,9,19.662738800048828,17.888389587402344
full_clean_z,976,rock__rock.00080,rock,9,13.832267761230469,15.78087043762207
full_clean_z,977,rock__rock.00080,rock,9,9.43735122680664,14.138763427734375
full_clean_z,978,rock__rock.00080,rock,9,9.650778770446777,15.184935569763184
full_clean_z,979,rock__rock.00080,rock,9,8.491336822509766,13.919511795043945
full_clean_z,980,rock__rock.00080,rock,9,8.10250186920166,12.156519889831543
full_clean_z,981,rock__rock.00085,rock,9,-34.522850036621094,-0.4541783034801483
full_clean_z,982,rock__rock.00085,rock,9,10.594022750854492,11.440953254699707
full_clean_z,983,rock__rock.00085,rock,9,15.683110237121582,12.135482788085938
full_clean_z,984,rock__rock.00085,rock,9,20.24288558959961,18.653501510620117
full_clean_z,985,rock__rock.00085,rock,9,10.665862083435059,13.435060501098633
full_clean_z,986,rock__rock.00085,rock,9,22.843242645263672,20.495656967163086
full_clean_z,987,rock__rock.00086,rock,9,-37.47941970825195,-3.0918376445770264
full_clean_z,988,rock__rock.00086,rock,9,8.828006744384766,14.649163246154785
full_clean_z,989,rock__rock.00086,rock,9,8.263928413391113,19.812541961669922
full_clean_z,990,rock__rock.00086,rock,9,-38.68781280517578,16.958742141723633
full_clean_z,991,rock__rock.00092,rock,9,7.666732311248779,12.551761627197266
full_clean_z,992,rock__rock.00092,rock,9,6.94199800491333,11.821660041809082
full_clean_z,993,rock__rock.00092,rock,9,8.270401954650879,13.622992515563965
full_clean_z,994,rock__rock.00092,rock,9,8.653118133544922,14.07005500793457
full_clean_z,995,rock__rock.00092,rock,9,8.163881301879883,13.22529125213623
full_clean_z,996,rock__rock.00092,rock,9,8.427571296691895,13.383855819702148
full_clean_z,997,rock__rock.00092,rock,9,7.98914909362793,12.921083450317383
full_clean_z,998,rock__rock.00092,rock,9,8.065437316894531,13.39175033569336
full_clean_z,999,rock__rock.00092,rock,9,7.895223617553711,13.011021614074707
full_noisy_z_t,0,blues__blues.00000,blues,0,-3.7210397720336914,44.2212028503418
full_noisy_z_t,1,blues__blues.00000,blues,0,-1.991929054260254,40.58217239379883
full_noisy_z_t,2,blues__blues.00000,blues,0,-2.271848440170288,39.46116256713867
full_noisy_z_t,3,blues__blues.00000,blues,0,-2.080204725265503,33.60564422607422
full_noisy_z_t,4,blues__blues.00000,blues,0,1.337659239768982,32.09893798828125
full_noisy_z_t,5,blues__blues.00000,blues,0,-3.9386367797851562,41.75960922241211
full_noisy_z_t,6,blues__blues.00000,blues,0,-5.824039459228516,39.2222900390625
full_noisy_z_t,7,blues__blues.00001,blues,0,0.6152262091636658,38.86988830566406
full_noisy_z_t,8,blues__blues.00001,blues,0,2.4748024940490723,40.161373138427734
full_noisy_z_t,9,blues__blues.00001,blues,0,4.903985500335693,37.30388259887695
full_noisy_z_t,10,blues__blues.00001,blues,0,-2.5485951900482178,38.08702850341797
full_noisy_z_t,11,blues__blues.00001,blues,0,1.6166647672653198,34.576866149902344
full_noisy_z_t,12,blues__blues.00001,blues,0,-3.015047788619995,36.21684646606445
full_noisy_z_t,13,blues__blues.00001,blues,0,-3.8431663513183594,37.537261962890625
full_noisy_z_t,14,blues__blues.00009,blues,0,-3.86519193649292,43.52621841430664
full_noisy_z_t,15,blues__blues.00009,blues,0,-3.2790277004241943,46.600425720214844
full_noisy_z_t,16,blues__blues.00009,blues,0,-0.8401286005973816,43.35953140258789
full_noisy_z_t,17,blues__blues.00009,blues,0,-5.252849102020264,45.80298614501953
full_noisy_z_t,18,blues__blues.00009,blues,0,-4.905209541320801,44.038551330566406
full_noisy_z_t,19,blues__blues.00009,blues,0,-4.168243885040283,40.42470169067383
full_noisy_z_t,20,blues__blues.00009,blues,0,-1.3222277164459229,43.940528869628906
full_noisy_z_t,21,blues__blues.00009,blues,0,38.519081115722656,-0.5833259224891663
full_noisy_z_t,22,blues__blues.00009,blues,0,-6.078142166137695,41.30020523071289
full_noisy_z_t,23,blues__blues.00011,blues,0,3.132246971130371,30.20525360107422
full_noisy_z_t,24,blues__blues.00011,blues,0,-2.0488336086273193,43.43125534057617
full_noisy_z_t,25,blues__blues.00011,blues,0,1.1041150093078613,30.981773376464844
full_noisy_z_t,26,blues__blues.00011,blues,0,10.161426544189453,21.913537979125977
full_noisy_z_t,27,blues__blues.00011,blues,0,2.2165162563323975,31.78111457824707
full_noisy_z_t,28,blues__blues.00011,blues,0,2.233139753341675,41.68220138549805
full_noisy_z_t,29,blues__blues.00011,blues,0,0.6494883298873901,32.08106231689453
full_noisy_z_t,30,blues__blues.00031,blues,0,-0.5484684705734253,41.10363006591797
full_noisy_z_t,31,blues__blues.00031,blues,0,-5.150964736938477,47.80015563964844
full_noisy_z_t,32,blues__blues.00031,blues,0,0.6516997218132019,40.90038299560547
full_noisy_z_t,33,blues__blues.00031,blues,0,-0.12515659630298615,40.492496490478516
full_noisy_z_t,34,blues__blues.00034,blues,0,-0.886560320854187,41.65764236450195
full_noisy_z_t,35,blues__blues.00034,blues,0,-1.1881202459335327,38.86656951904297
full_noisy_z_t,36,blues__blues.00034,blues,0,0.8601499795913696,36.913238525390625
full_noisy_z_t,37,blues__blues.00034,blues,0,0.8476035594940186,29.557344436645508
full_noisy_z_t,38,blues__blues.00034,blues,0,1.9603233337402344,37.91288375854492
full_noisy_z_t,39,blues__blues.00034,blues,0,-3.1504383087158203,40.134220123291016
full_noisy_z_t,40,blues__blues.00039,blues,0,-3.346322536468506,41.01496505737305
full_noisy_z_t,41,blues__blues.00039,blues,0,-1.245689034461975,42.416316986083984
full_noisy_z_t,42,blues__blues.00039,blues,0,2.1695377826690674,42.535648345947266
full_noisy_z_t,43,blues__blues.00039,blues,0,-0.15644070506095886,42.57499694824219
full_noisy_z_t,44,blues__blues.00039,blues,0,0.4442669451236725,41.35897445678711
full_noisy_z_t,45,blues__blues.00052,blues,0,-2.4562716484069824,35.963558197021484
full_noisy_z_t,46,blues__blues.00052,blues,0,3.47145938873291,27.251794815063477
full_noisy_z_t,47,blues__blues.00052,blues,0,-4.533376216888428,40.95201873779297
full_noisy_z_t,48,blues__blues.00052,blues,0,1.9450278282165527,35.95668029785156
full_noisy_z_t,49,blues__blues.00052,blues,0,-5.261980056762695,44.07682800292969
full_noisy_z_t,50,blues__blues.00052,blues,0,-2.81614089012146,28.748750686645508
full_noisy_z_t,51,blues__blues.00054,blues,0,-8.871247291564941,46.84663391113281
full_noisy_z_t,52,blues__blues.00054,blues,0,-7.3900227546691895,45.71281051635742
full_noisy_z_t,53,blues__blues.00054,blues,0,-8.648782730102539,45.02069854736328
full_noisy_z_t,54,blues__blues.00054,blues,0,-8.177105903625488,46.188148498535156
full_noisy_z_t,55,blues__blues.00054,blues,0,-2.1046624183654785,41.53231430053711
full_noisy_z_t,56,blues__blues.00054,blues,0,-1.0645387172698975,38.1088981628418
full_noisy_z_t,57,blues__blues.00057,blues,0,2.0604748725891113,33.16642379760742
full_noisy_z_t,58,blues__blues.00057,blues,0,-7.839786529541016,46.207881927490234
full_noisy_z_t,59,blues__blues.00057,blues,0,-8.072285652160645,47.414268493652344
full_noisy_z_t,60,blues__blues.00057,blues,0,-8.639625549316406,46.88703155517578
full_noisy_z_t,61,blues__blues.00060,blues,0,-4.067975997924805,43.40340805053711
full_noisy_z_t,62,blues__blues.00060,blues,0,-5.471008777618408,42.2777099609375
full_noisy_z_t,63,blues__blues.00060,blues,0,-6.083658695220947,43.3104133605957
full_noisy_z_t,64,blues__blues.00060,blues,0,-4.046318531036377,46.656063079833984
full_noisy_z_t,65,blues__blues.00060,blues,0,-7.149325370788574,47.70064163208008
full_noisy_z_t,66,blues__blues.00060,blues,0,-7.038095474243164,43.648258209228516
full_noisy_z_t,67,blues__blues.00060,blues,0,-6.49391508102417,41.3897590637207
full_noisy_z_t,68,blues__blues.00066,blues,0,-5.392963409423828,40.30842971801758
full_noisy_z_t,69,blues__blues.00066,blues,0,-4.9081196784973145,41.68368911743164
full_noisy_z_t,70,blues__blues.00066,blues,0,-4.3467254638671875,37.27298355102539
full_noisy_z_t,71,blues__blues.00066,blues,0,3.3329458236694336,33.793880462646484
full_noisy_z_t,72,blues__blues.00066,blues,0,3.5644147396087646,32.05402755737305
full_noisy_z_t,73,blues__blues.00066,blues,0,4.847403526306152,36.069854736328125
full_noisy_z_t,74,blues__blues.00066,blues,0,-4.5688557624816895,45.42167663574219
full_noisy_z_t,75,blues__blues.00066,blues,0,-4.572203636169434,44.614105224609375
full_noisy_z_t,76,blues__blues.00066,blues,0,-4.934590816497803,42.932987213134766
full_noisy_z_t,77,blues__blues.00068,blues,0,-1.024437427520752,40.64884567260742
full_noisy_z_t,78,blues__blues.00068,blues,0,-1.7022404670715332,45.13289260864258
full_noisy_z_t,79,blues__blues.00068,blues,0,1.1837557554244995,41.72914123535156
full_noisy_z_t,80,blues__blues.00068,blues,0,-3.4615392684936523,42.84003448486328
full_noisy_z_t,81,blues__blues.00068,blues,0,-2.04502534866333,44.45048141479492
full_noisy_z_t,82,blues__blues.00068,blues,0,4.583785533905029,38.2717399597168
full_noisy_z_t,83,blues__blues.00068,blues,0,-2.534301519393921,43.38041687011719
full_noisy_z_t,84,blues__blues.00070,blues,0,21.95407485961914,21.726581573486328
full_noisy_z_t,85,blues__blues.00070,blues,0,4.28934383392334,34.193031311035156
full_noisy_z_t,86,blues__blues.00070,blues,0,4.8108015060424805,34.205570220947266
full_noisy_z_t,87,blues__blues.00070,blues,0,3.5887808799743652,37.16636276245117
full_noisy_z_t,88,blues__blues.00070,blues,0,-3.1541671752929688,43.70467758178711
full_noisy_z_t,89,blues__blues.00070,blues,0,16.484012603759766,20.808258056640625
full_noisy_z_t,90,blues__blues.00070,blues,0,3.943655252456665,32.92667770385742
full_noisy_z_t,91,blues__blues.00071,blues,0,-0.009521614760160446,43.3533821105957
full_noisy_z_t,92,blues__blues.00071,blues,0,2.31366229057312,36.77994155883789
full_noisy_z_t,93,blues__blues.00071,blues,0,-3.4273087978363037,45.170448303222656
full_noisy_z_t,94,blues__blues.00071,blues,0,-3.160919427871704,44.5427360534668
full_noisy_z_t,95,blues__blues.00071,blues,0,-3.0988926887512207,41.7433967590332
full_noisy_z_t,96,blues__blues.00071,blues,0,3.751389741897583,39.84743881225586
full_noisy_z_t,97,blues__blues.00071,blues,0,-2.284754514694214,42.400081634521484
full_noisy_z_t,98,blues__blues.00071,blues,0,0.5984871983528137,42.37373733520508
full_noisy_z_t,99,blues__blues.00071,blues,0,-2.376568078994751,45.53862762451172
full_noisy_z_t,100,classical__classical.00000,classical,1,26.061283111572266,-30.645225524902344
full_noisy_z_t,101,classical__classical.00000,classical,1,23.631317138671875,-29.070802688598633
full_noisy_z_t,102,classical__classical.00000,classical,1,19.97985076904297,-29.898372650146484
full_noisy_z_t,103,classical__classical.00000,classical,1,22.21446418762207,-30.49986457824707
full_noisy_z_t,104,classical__classical.00000,classical,1,25.814537048339844,-31.606225967407227
full_noisy_z_t,105,classical__classical.00000,classical,1,29.28727912902832,-30.153430938720703
full_noisy_z_t,106,classical__classical.00002,classical,1,21.4952335357666,-32.704097747802734
full_noisy_z_t,107,classical__classical.00002,classical,1,23.968708038330078,-30.524730682373047
full_noisy_z_t,108,classical__classical.00002,classical,1,21.931745529174805,-32.04656219482422
full_noisy_z_t,109,classical__classical.00006,classical,1,27.903831481933594,-28.253719329833984
full_noisy_z_t,110,classical__classical.00006,classical,1,25.293296813964844,-31.1320743560791
full_noisy_z_t,111,classical__classical.00006,classical,1,27.383014678955078,-27.571155548095703
full_noisy_z_t,112,classical__classical.00006,classical,1,24.329256057739258,-29.477869033813477
full_noisy_z_t,113,classical__classical.00006,classical,1,21.97904396057129,-26.78697967529297
full_noisy_z_t,114,classical__classical.00006,classical,1,24.222530364990234,-28.256322860717773
full_noisy_z_t,115,classical__classical.00006,classical,1,24.974807739257812,-32.0391960144043
full_noisy_z_t,116,classical__classical.00009,classical,1,23.74812126159668,-27.794769287109375
full_noisy_z_t,117,classical__classical.00009,classical,1,23.434364318847656,-32.19899368286133
full_noisy_z_t,118,classical__classical.00009,classical,1,22.520801544189453,-30.0856990814209
full_noisy_z_t,119,classical__classical.00009,classical,1,29.40349006652832,-31.087167739868164
full_noisy_z_t,120,classical__classical.00009,classical,1,28.66481590270996,-29.680164337158203
full_noisy_z_t,121,classical__classical.00009,classical,1,24.181970596313477,-31.587553024291992
full_noisy_z_t,122,classical__classical.00009,classical,1,21.681304931640625,-27.837858200073242
full_noisy_z_t,123,classical__classical.00022,classical,1,26.905607223510742,-29.614273071289062
full_noisy_z_t,124,classical__classical.00022,classical,1,20.84844398498535,-31.987289428710938
full_noisy_z_t,125,classical__classical.00022,classical,1,21.35185432434082,-34.15771484375
full_noisy_z_t,126,classical__classical.00022,classical,1,25.95663833618164,-27.35356330871582
full_noisy_z_t,127,classical__classical.00022,classical,1,20.804433822631836,-27.754627227783203
full_noisy_z_t,128,classical__classical.00022,classical,1,26.631383895874023,-30.633991241455078
full_noisy_z_t,129,classical__classical.00022,classical,1,27.10679054260254,-29.10914421081543
full_noisy_z_t,130,classical__classical.00034,classical,1,26.513586044311523,-26.3179931640625
full_noisy_z_t,131,classical__classical.00034,classical,1,28.982765197753906,-27.41472053527832
full_noisy_z_t,132,classical__classical.00034,classical,1,28.54440689086914,-26.92333221435547
full_noisy_z_t,133,classical__classical.00034,classical,1,29.89901351928711,-27.65943145751953
full_noisy_z_t,134,classical__classical.00034,classical,1,29.939537048339844,-27.685998916625977
full_noisy_z_t,135,classical__classical.00034,classical,1,21.89565658569336,-28.849428176879883
full_noisy_z_t,136,classical__classical.00034,classical,1,27.709562301635742,-26.361230850219727
full_noisy_z_t,137,classical__classical.00037,classical,1,21.49585723876953,-29.989181518554688
full_noisy_z_t,138,classical__classical.00037,classical,1,26.890514373779297,-28.1197509765625
full_noisy_z_t,139,classical__classical.00037,classical,1,25.610902786254883,-26.61644172668457
full_noisy_z_t,140,classical__classical.00037,classical,1,24.651630401611328,-31.335731506347656
full_noisy_z_t,141,classical__classical.00037,classical,1,20.310619354248047,-35.2167854309082
full_noisy_z_t,142,classical__classical.00037,classical,1,29.724557876586914,-29.060827255249023
full_noisy_z_t,143,classical__classical.00037,classical,1,20.686376571655273,-30.405860900878906
full_noisy_z_t,144,classical__classical.00037,classical,1,23.1114559173584,-29.951648712158203
full_noisy_z_t,145,classical__classical.00039,classical,1,20.260557174682617,-31.279712677001953
full_noisy_z_t,146,classical__classical.00039,classical,1,29.73155403137207,-32.26982498168945
full_noisy_z_t,147,classical__classical.00039,classical,1,28.03577995300293,-30.214082717895508
full_noisy_z_t,148,classical__classical.00039,classical,1,27.1798152923584,-31.235424041748047
full_noisy_z_t,149,classical__classical.00039,classical,1,25.30112075805664,-27.769962310791016
full_noisy_z_t,150,classical__classical.00039,classical,1,23.6396427154541,-30.875411987304688
full_noisy_z_t,151,classical__classical.00047,classical,1,20.726621627807617,-29.21880340576172
full_noisy_z_t,152,classical__classical.00047,classical,1,21.69607162475586,-30.889461517333984
full_noisy_z_t,153,classical__classical.00047,classical,1,22.947229385375977,-28.296489715576172
full_noisy_z_t,154,classical__classical.00047,classical,1,21.822111129760742,-29.419076919555664
full_noisy_z_t,155,classical__classical.00047,classical,1,26.330734252929688,-28.999217987060547
full_noisy_z_t,156,classical__classical.00047,classical,1,22.77381134033203,-29.309907913208008
full_noisy_z_t,157,classical__classical.00053,classical,1,20.830957412719727,-32.95053482055664
full_noisy_z_t,158,classical__classical.00053,classical,1,21.31082534790039,-28.930583953857422
full_noisy_z_t,159,classical__classical.00053,classical,1,20.088544845581055,-33.725677490234375
full_noisy_z_t,160,classical__classical.00053,classical,1,19.535459518432617,-34.39632797241211
full_noisy_z_t,161,classical__classical.00053,classical,1,23.824987411499023,-26.740543365478516
full_noisy_z_t,162,classical__classical.00056,classical,1,23.74464225769043,-29.8941650390625
full_noisy_z_t,163,classical__classical.00056,classical,1,18.6677303314209,-29.762474060058594
full_noisy_z_t,164,classical__classical.00056,classical,1,19.276216506958008,-30.96756935119629
full_noisy_z_t,165,classical__classical.00056,classical,1,19.738784790039062,-29.313915252685547
full_noisy_z_t,166,classical__classical.00056,classical,1,19.744720458984375,-28.123619079589844
full_noisy_z_t,167,classical__classical.00056,classical,1,19.45451545715332,-27.622955322265625
full_noisy_z_t,168,classical__classical.00056,classical,1,18.051342010498047,-25.540454864501953
full_noisy_z_t,169,classical__classical.00056,classical,1,19.532026290893555,-26.231176376342773
full_noisy_z_t,170,classical__classical.00056,classical,1,17.9484920501709,-31.5823917388916
full_noisy_z_t,171,classical__classical.00056,classical,1,26.104217529296875,-29.733182907104492
full_noisy_z_t,172,classical__classical.00057,classical,1,34.873695373535156,-9.621099472045898
full_noisy_z_t,173,classical__classical.00057,classical,1,34.90506362915039,-5.601824760437012
full_noisy_z_t,174,classical__classical.00057,classical,1,23.009231567382812,-26.527517318725586
full_noisy_z_t,175,classical__classical.00057,classical,1,21.129871368408203,-26.027536392211914
full_noisy_z_t,176,classical__classical.00057,classical,1,35.92675018310547,-8.019783973693848
full_noisy_z_t,177,classical__classical.00057,classical,1,36.217044830322266,-6.98484468460083
full_noisy_z_t,178,classical__classical.00057,classical,1,27.092395782470703,-30.22876739501953
full_noisy_z_t,179,classical__classical.00057,classical,1,35.826019287109375,-8.590502738952637
full_noisy_z_t,180,classical__classical.00057,classical,1,35.154205322265625,-8.846235275268555
full_noisy_z_t,181,classical__classical.00057,classical,1,29.213491439819336,-28.350051879882812
full_noisy_z_t,182,classical__classical.00065,classical,1,26.61970329284668,-31.81700897216797
full_noisy_z_t,183,classical__classical.00065,classical,1,24.872852325439453,-28.99150848388672
full_noisy_z_t,184,classical__classical.00065,classical,1,22.79128074645996,-27.422929763793945
full_noisy_z_t,185,classical__classical.00065,classical,1,25.419902801513672,-29.59811782836914
full_noisy_z_t,186,classical__classical.00082,classical,1,28.132455825805664,-29.09159278869629
full_noisy_z_t,187,classical__classical.00082,classical,1,28.784929275512695,-28.08176040649414
full_noisy_z_t,188,classical__classical.00082,classical,1,25.30487823486328,-30.332469940185547
full_noisy_z_t,189,classical__classical.00082,classical,1,25.583824157714844,-28.604782104492188
full_noisy_z_t,190,classical__classical.00082,classical,1,31.605253219604492,-31.643754959106445
full_noisy_z_t,191,classical__classical.00082,classical,1,30.550851821899414,-30.300771713256836
full_noisy_z_t,192,classical__classical.00091,classical,1,22.516216278076172,-32.631282806396484
full_noisy_z_t,193,classical__classical.00091,classical,1,22.9473934173584,-31.383817672729492
full_noisy_z_t,194,classical__classical.00091,classical,1,24.04973793029785,-33.0457649230957
full_noisy_z_t,195,classical__classical.00091,classical,1,21.18834686279297,-31.103700637817383
full_noisy_z_t,196,classical__classical.00091,classical,1,19.809986114501953,-32.24934005737305
full_noisy_z_t,197,classical__classical.00091,classical,1,22.551666259765625,-31.494131088256836
full_noisy_z_t,198,classical__classical.00091,classical,1,18.917943954467773,-32.94166946411133
full_noisy_z_t,199,classical__classical.00091,classical,1,21.243846893310547,-29.951833724975586
full_noisy_z_t,200,country__country.00001,country,2,29.588727951049805,28.781097412109375
full_noisy_z_t,201,country__country.00001,country,2,29.330087661743164,30.588258743286133
full_noisy_z_t,202,country__country.00001,country,2,31.402053833007812,33.97760009765625
full_noisy_z_t,203,country__country.00001,country,2,28.21493911743164,27.15681266784668
full_noisy_z_t,204,country__country.00001,country,2,28.83493995666504,28.39720344543457
full_noisy_z_t,205,country__country.00011,country,2,18.204648971557617,13.38570785522461
full_noisy_z_t,206,country__country.00011,country,2,26.279613494873047,27.13750457763672
full_noisy_z_t,207,country__country.00011,country,2,24.147663116455078,25.864837646484375
full_noisy_z_t,208,country__country.00011,country,2,25.463388442993164,32.600032806396484
full_noisy_z_t,209,country__country.00011,country,2,-0.5275283455848694,-39.61050796508789
full_noisy_z_t,210,country__country.00011,country,2,21.25705337524414,11.798603057861328
full_noisy_z_t,211,country__country.00011,country,2,-24.754941940307617,29.83820915222168
full_noisy_z_t,212,country__country.00011,country,2,19.686708450317383,25.636396408081055
full_noisy_z_t,213,country__country.00013,country,2,27.169307708740234,26.857452392578125
full_noisy_z_t,214,country__country.00013,country,2,29.604589462280273,29.682052612304688
full_noisy_z_t,215,country__country.00013,country,2,24.207693099975586,29.061845779418945
full_noisy_z_t,216,country__country.00013,country,2,-39.243324279785156,8.653678894042969
full_noisy_z_t,217,country__country.00013,country,2,-40.6063117980957,7.5235137939453125
full_noisy_z_t,218,country__country.00013,country,2,25.752445220947266,35.10713195800781
full_noisy_z_t,219,country__country.00013,country,2,27.134445190429688,24.634601593017578
full_noisy_z_t,220,country__country.00013,country,2,20.18868064880371,20.053693771362305
full_noisy_z_t,221,country__country.00013,country,2,-30.789758682250977,3.9460675716400146
full_noisy_z_t,222,country__country.00013,country,2,28.70917320251465,30.916263580322266
full_noisy_z_t,223,country__country.00029,country,2,30.67977523803711,32.78089904785156
full_noisy_z_t,224,country__country.00029,country,2,30.75174331665039,34.909847259521484
full_noisy_z_t,225,country__country.00029,country,2,29.542163848876953,35.61376190185547
full_noisy_z_t,226,country__country.00029,country,2,32.068275451660156,32.555641174316406
full_noisy_z_t,227,country__country.00029,country,2,29.83565902709961,34.29689025878906
full_noisy_z_t,228,country__country.00029,country,2,32.66279220581055,33.58400344848633
full_noisy_z_t,229,country__country.00047,country,2,24.91703224182129,33.6986083984375
full_noisy_z_t,230,country__country.00057,country,2,26.232545852661133,29.105566024780273
full_noisy_z_t,231,country__country.00057,country,2,30.345443725585938,29.32604217529297
full_noisy_z_t,232,country__country.00057,country,2,30.881643295288086,33.513702392578125
full_noisy_z_t,233,country__country.00057,country,2,26.703411102294922,29.766813278198242
full_noisy_z_t,234,country__country.00057,country,2,27.781818389892578,28.15781021118164
full_noisy_z_t,235,country__country.00057,country,2,28.476451873779297,29.661304473876953
full_noisy_z_t,236,country__country.00057,country,2,28.9918155670166,29.021160125732422
full_noisy_z_t,237,country__country.00057,country,2,8.938262939453125,9.951095581054688
full_noisy_z_t,238,country__country.00057,country,2,6.400808811187744,9.102741241455078
full_noisy_z_t,239,country__country.00057,country,2,27.2535343170166,31.464401245117188
full_noisy_z_t,240,country__country.00059,country,2,21.713685989379883,31.54555320739746
full_noisy_z_t,241,country__country.00059,country,2,20.90076446533203,32.716548919677734
full_noisy_z_t,242,country__country.00059,country,2,21.477659225463867,32.91405487060547
full_noisy_z_t,243,country__country.00059,country,2,28.91634750366211,27.49586296081543
full_noisy_z_t,244,country__country.00059,country,2,20.846830368041992,31.88447380065918
full_noisy_z_t,245,country__country.00059,country,2,30.257787704467773,33.992000579833984
full_noisy_z_t,246,country__country.00067,country,2,33.437408447265625,35.65827178955078
full_noisy_z_t,247,country__country.00067,country,2,31.945858001708984,35.391990661621094
full_noisy_z_t,248,country__country.00067,country,2,30.95216178894043,37.05097961425781
full_noisy_z_t,249,country__country.00067,country,2,28.851642608642578,34.20712661743164
full_noisy_z_t,250,country__country.00067,country,2,26.398900985717773,36.898738861083984
full_noisy_z_t,251,country__country.00067,country,2,24.29757308959961,31.634674072265625
full_noisy_z_t,252,country__country.00067,country,2,22.95418930053711,33.20425796508789
full_noisy_z_t,253,country__country.00067,country,2,30.466062545776367,35.888023376464844
full_noisy_z_t,254,country__country.00068,country,2,25.451000213623047,26.950756072998047
full_noisy_z_t,255,country__country.00068,country,2,21.160659790039062,24.404590606689453
full_noisy_z_t,256,country__country.00068,country,2,20.096036911010742,24.376676559448242
full_noisy_z_t,257,country__country.00068,country,2,26.208297729492188,34.276954650878906
full_noisy_z_t,258,country__country.00068,country,2,24.993337631225586,36.04524612426758
full_noisy_z_t,259,country__country.00068,country,2,20.108592987060547,32.775733947753906
full_noisy_z_t,260,country__country.00068,country,2,26.274099349975586,31.602354049682617
full_noisy_z_t,261,country__country.00068,country,2,9.048798561096191,18.957090377807617
full_noisy_z_t,262,country__country.00069,country,2,25.258159637451172,26.079944610595703
full_noisy_z_t,263,country__country.00069,country,2,31.23172950744629,30.25730323791504
full_noisy_z_t,264,country__country.00069,country,2,28.46460723876953,31.62396812438965
full_noisy_z_t,265,country__country.00069,country,2,24.774320602416992,30.796483993530273
full_noisy_z_t,266,country__country.00069,country,2,26.818782806396484,27.768293380737305
full_noisy_z_t,267,country__country.00069,country,2,30.13927459716797,30.30034828186035
full_noisy_z_t,268,country__country.00069,country,2,29.2866268157959,33.08382034301758
full_noisy_z_t,269,country__country.00075,country,2,5.729070663452148,21.458934783935547
full_noisy_z_t,270,country__country.00075,country,2,5.336700439453125,35.31893539428711
full_noisy_z_t,271,country__country.00075,country,2,-0.9860882759094238,39.6517333984375
full_noisy_z_t,272,country__country.00075,country,2,3.3322222232818604,35.774620056152344
full_noisy_z_t,273,country__country.00075,country,2,19.071744918823242,33.345069885253906
full_noisy_z_t,274,country__country.00075,country,2,19.54939842224121,32.37201690673828
full_noisy_z_t,275,country__country.00076,country,2,23.448719024658203,24.642648696899414
full_noisy_z_t,276,country__country.00076,country,2,25.915903091430664,24.345584869384766
full_noisy_z_t,277,country__country.00076,country,2,17.059404373168945,19.11948013305664
full_noisy_z_t,278,country__country.00076,country,2,28.357131958007812,33.33537673950195
full_noisy_z_t,279,country__country.00076,country,2,21.352590560913086,20.025684356689453
full_noisy_z_t,280,country__country.00076,country,2,0.14798909425735474,38.10083770751953
full_noisy_z_t,281,country__country.00076,country,2,1.6431580781936646,30.979673385620117
full_noisy_z_t,282,country__country.00077,country,2,27.16538429260254,34.36545181274414
full_noisy_z_t,283,country__country.00077,country,2,24.325496673583984,24.04252052307129
full_noisy_z_t,284,country__country.00077,country,2,26.795452117919922,32.614078521728516
full_noisy_z_t,285,country__country.00077,country,2,27.86910057067871,30.89235496520996
full_noisy_z_t,286,country__country.00077,country,2,26.8092098236084,28.675870895385742
full_noisy_z_t,287,country__country.00077,country,2,31.3337459564209,31.491689682006836
full_noisy_z_t,288,country__country.00097,country,2,27.97875213623047,32.2935905456543
full_noisy_z_t,289,country__country.00097,country,2,26.845108032226562,25.390016555786133
full_noisy_z_t,290,country__country.00097,country,2,27.976816177368164,29.955188751220703
full_noisy_z_t,291,country__country.00097,country,2,29.989906311035156,27.863508224487305
full_noisy_z_t,292,country__country.00097,country,2,27.87308120727539,29.17681312561035
full_noisy_z_t,293,country__country.00099,country,2,-4.316533088684082,39.074249267578125
full_noisy_z_t,294,country__country.00099,country,2,-4.0055670738220215,42.546688079833984
full_noisy_z_t,295,country__country.00099,country,2,1.2350071668624878,43.260528564453125
full_noisy_z_t,296,country__country.00099,country,2,8.39368724822998,46.5974006652832
full_noisy_z_t,297,country__country.00099,country,2,-3.3139514923095703,38.79374694824219
full_noisy_z_t,298,country__country.00099,country,2,-5.5816731452941895,44.692100524902344
full_noisy_z_t,299,country__country.00099,country,2,-6.869496822357178,45.010738372802734
full_noisy_z_t,300,disco__disco.00000,disco,3,-34.729957580566406,2.5726325511932373
full_noisy_z_t,301,disco__disco.00000,disco,3,-36.87834548950195,3.8138184547424316
full_noisy_z_t,302,disco__disco.00000,disco,3,-37.175472259521484,-0.6760148406028748
full_noisy_z_t,303,disco__disco.00000,disco,3,-32.791053771972656,-4.249448299407959
full_noisy_z_t,304,disco__disco.00000,disco,3,-32.0648193359375,-4.730294704437256
full_noisy_z_t,305,disco__disco.00000,disco,3,-31.850893020629883,-4.123932838439941
full_noisy_z_t,306,disco__disco.00000,disco,3,-33.16414260864258,-2.0633442401885986
full_noisy_z_t,307,disco__disco.00000,disco,3,-34.8552131652832,-2.9352521896362305
full_noisy_z_t,308,disco__disco.00000,disco,3,-34.388065338134766,-1.9186149835586548
full_noisy_z_t,309,disco__disco.00003,disco,3,24.91573143005371,24.93396759033203
full_noisy_z_t,310,disco__disco.00003,disco,3,-32.080509185791016,2.865375518798828
full_noisy_z_t,311,disco__disco.00003,disco,3,-37.15790939331055,6.975680351257324
full_noisy_z_t,312,disco__disco.00003,disco,3,-39.18874740600586,6.727689266204834
full_noisy_z_t,313,disco__disco.00003,disco,3,-34.9173583984375,5.506768226623535
full_noisy_z_t,314,disco__disco.00003,disco,3,-37.88397216796875,6.1302490234375
full_noisy_z_t,315,disco__disco.00010,disco,3,-7.671754360198975,-41.22374725341797
full_noisy_z_t,316,disco__disco.00010,disco,3,-34.115848541259766,-13.763229370117188
full_noisy_z_t,317,disco__disco.00010,disco,3,-37.31024932861328,-5.693902969360352
full_noisy_z_t,318,disco__disco.00010,disco,3,-20.443998336791992,-30.90630531311035
full_noisy_z_t,319,disco__disco.00010,disco,3,-34.37486267089844,-12.666451454162598
full_noisy_z_t,320,disco__disco.00010,disco,3,-33.12381362915039,-4.96242094039917
full_noisy_z_t,321,disco__disco.00020,disco,3,18.769046783447266,25.0782527923584
full_noisy_z_t,322,disco__disco.00020,disco,3,12.132977485656738,20.93323516845703
full_noisy_z_t,323,disco__disco.00020,disco,3,-30.892934799194336,-2.692821502685547
full_noisy_z_t,324,disco__disco.00021,disco,3,-33.194671630859375,5.303399085998535
full_noisy_z_t,325,disco__disco.00021,disco,3,-33.231014251708984,3.8589131832122803
full_noisy_z_t,326,disco__disco.00021,disco,3,-33.71888732910156,5.411970138549805
full_noisy_z_t,327,disco__disco.00021,disco,3,-32.787113189697266,5.4518303871154785
full_noisy_z_t,328,disco__disco.00021,disco,3,-33.56810760498047,2.9612443447113037
full_noisy_z_t,329,disco__disco.00021,disco,3,-1.4087430238723755,-42.11784744262695
full_noisy_z_t,330,disco__disco.00021,disco,3,-3.6291394233703613,-43.22200393676758
full_noisy_z_t,331,disco__disco.00021,disco,3,-6.843848705291748,-40.773677825927734
full_noisy_z_t,332,disco__disco.00030,disco,3,-37.72901153564453,-0.34547528624534607
full_noisy_z_t,333,disco__disco.00030,disco,3,-34.948299407958984,-1.2018648386001587
full_noisy_z_t,334,disco__disco.00030,disco,3,-36.076377868652344,-0.9902008771896362
full_noisy_z_t,335,disco__disco.00030,disco,3,-36.588958740234375,-0.003731341566890478
full_noisy_z_t,336,disco__disco.00030,disco,3,-38.590675354003906,1.761614441871643
full_noisy_z_t,337,disco__disco.00030,disco,3,-38.60934066772461,0.00812531542032957
full_noisy_z_t,338,disco__disco.00030,disco,3,-35.569435119628906,-0.8533439636230469
full_noisy_z_t,339,disco__disco.00030,disco,3,-36.40519714355469,0.8334832191467285
full_noisy_z_t,340,disco__disco.00030,disco,3,-37.521751403808594,1.2645870447158813
full_noisy_z_t,341,disco__disco.00030,disco,3,-33.187530517578125,-3.170520305633545
full_noisy_z_t,342,disco__disco.00040,disco,3,-38.216922760009766,14.869394302368164
full_noisy_z_t,343,disco__disco.00040,disco,3,-38.469749450683594,13.601515769958496
full_noisy_z_t,344,disco__disco.00040,disco,3,-40.84113693237305,9.67172622680664
full_noisy_z_t,345,disco__disco.00040,disco,3,-37.07604217529297,14.899298667907715
full_noisy_z_t,346,disco__disco.00040,disco,3,-38.71218490600586,14.162252426147461
full_noisy_z_t,347,disco__disco.00040,disco,3,-37.77044677734375,14.171927452087402
full_noisy_z_t,348,disco__disco.00044,disco,3,-35.09080505371094,7.447328567504883
full_noisy_z_t,349,disco__disco.00044,disco,3,-34.71044158935547,6.721772193908691
full_noisy_z_t,350,disco__disco.00044,disco,3,-33.749794006347656,6.888145446777344
full_noisy_z_t,351,disco__disco.00044,disco,3,-36.79947280883789,5.872622013092041
full_noisy_z_t,352,disco__disco.00044,disco,3,-36.339874267578125,7.787935733795166
full_noisy_z_t,353,disco__disco.00044,disco,3,-41.10601806640625,8.646843910217285
full_noisy_z_t,354,disco__disco.00044,disco,3,-39.73737716674805,5.923593997955322
full_noisy_z_t,355,disco__disco.00044,disco,3,-35.66770935058594,6.339643955230713
full_noisy_z_t,356,disco__disco.00044,disco,3,-37.899932861328125,6.8773956298828125
full_noisy_z_t,357,disco__disco.00044,disco,3,-38.67594909667969,7.827310562133789
full_noisy_z_t,358,disco__disco.00044,disco,3,-39.657447814941406,7.449423789978027
full_noisy_z_t,359,disco__disco.00055,disco,3,-40.3331184387207,11.079696655273438
full_noisy_z_t,360,disco__disco.00055,disco,3,-40.20002365112305,9.68713092803955
full_noisy_z_t,361,disco__disco.00055,disco,3,-35.51601028442383,2.4482784271240234
full_noisy_z_t,362,disco__disco.00055,disco,3,-37.128719329833984,4.9010233879089355
full_noisy_z_t,363,disco__disco.00055,disco,3,-37.838966369628906,3.5007076263427734
full_noisy_z_t,364,disco__disco.00055,disco,3,-39.440582275390625,9.897181510925293
full_noisy_z_t,365,disco__disco.00055,disco,3,-40.1146125793457,4.266170501708984
full_noisy_z_t,366,disco__disco.00064,disco,3,-40.13569641113281,-1.1150078773498535
full_noisy_z_t,367,disco__disco.00064,disco,3,-37.737510681152344,7.667203426361084
full_noisy_z_t,368,disco__disco.00064,disco,3,-41.87413787841797,7.972629070281982
full_noisy_z_t,369,disco__disco.00064,disco,3,-38.608978271484375,7.141476154327393
full_noisy_z_t,370,disco__disco.00075,disco,3,-39.66448211669922,3.4670722484588623
full_noisy_z_t,371,disco__disco.00075,disco,3,-39.19490051269531,3.5932958126068115
full_noisy_z_t,372,disco__disco.00075,disco,3,-39.337398529052734,2.0819098949432373
full_noisy_z_t,373,disco__disco.00075,disco,3,-10.208706855773926,-11.212465286254883
full_noisy_z_t,374,disco__disco.00075,disco,3,-41.0196418762207,6.667452335357666
full_noisy_z_t,375,disco__disco.00075,disco,3,-39.17417526245117,2.7098209857940674
full_noisy_z_t,376,disco__disco.00075,disco,3,-38.498756408691406,2.8610739707946777
full_noisy_z_t,377,disco__disco.00075,disco,3,-38.623207092285156,2.6164779663085938
full_noisy_z_t,378,disco__disco.00084,disco,3,-37.77660369873047,8.56139087677002
full_noisy_z_t,379,disco__disco.00084,disco,3,-40.91577911376953,-1.77852463722229
full_noisy_z_t,380,disco__disco.00084,disco,3,-36.86753463745117,2.379981517791748
full_noisy_z_t,381,disco__disco.00084,disco,3,-41.86698532104492,-2.936615467071533
full_noisy_z_t,382,disco__disco.00084,disco,3,-38.1706657409668,5.694722652435303
full_noisy_z_t,383,disco__disco.00084,disco,3,-38.12870788574219,10.822032928466797
full_noisy_z_t,384,disco__disco.00084,disco,3,-39.04960632324219,11.347933769226074
full_noisy_z_t,385,disco__disco.00093,disco,3,-38.7791748046875,5.320544719696045
full_noisy_z_t,386,disco__disco.00093,disco,3,-36.23194122314453,3.2558958530426025
full_noisy_z_t,387,disco__disco.00093,disco,3,-38.99799728393555,0.5117177367210388
full_noisy_z_t,388,disco__disco.00093,disco,3,-37.663997650146484,0.6829590797424316
full_noisy_z_t,389,disco__disco.00093,disco,3,-38.364723205566406,0.9205385446548462
full_noisy_z_t,390,disco__disco.00093,disco,3,-38.828487396240234,-1.0265036821365356
full_noisy_z_t,391,disco__disco.00094,disco,3,-27.759674072265625,21.625513076782227
full_noisy_z_t,392,disco__disco.00094,disco,3,-36.00801086425781,15.11882495880127
full_noisy_z_t,393,disco__disco.00094,disco,3,-35.132137298583984,16.356046676635742
full_noisy_z_t,394,disco__disco.00094,disco,3,-35.80982971191406,15.825014114379883
full_noisy_z_t,395,disco__disco.00094,disco,3,-34.03976821899414,12.308089256286621
full_noisy_z_t,396,disco__disco.00095,disco,3,-39.395652770996094,4.650496482849121
full_noisy_z_t,397,disco__disco.00095,disco,3,-38.0921516418457,4.4886579513549805
full_noisy_z_t,398,disco__disco.00095,disco,3,-36.1591682434082,4.405396461486816
full_noisy_z_t,399,disco__disco.00095,disco,3,-38.92647171020508,12.463479042053223
full_noisy_z_t,400,hiphop__hiphop.00002,hiphop,4,-32.560916900634766,-19.04524040222168
full_noisy_z_t,401,hiphop__hiphop.00002,hiphop,4,-32.158023834228516,-19.84934425354004
full_noisy_z_t,402,hiphop__hiphop.00002,hiphop,4,-32.179161071777344,-17.7633056640625
full_noisy_z_t,403,hiphop__hiphop.00002,hiphop,4,-31.53512954711914,-20.448076248168945
full_noisy_z_t,404,hiphop__hiphop.00002,hiphop,4,-31.339542388916016,-18.863901138305664
full_noisy_z_t,405,hiphop__hiphop.00034,hiphop,4,-30.558422088623047,-23.773927688598633
full_noisy_z_t,406,hiphop__hiphop.00034,hiphop,4,-29.68531036376953,-19.844913482666016
full_noisy_z_t,407,hiphop__hiphop.00034,hiphop,4,-28.589954376220703,-24.649198532104492
full_noisy_z_t,408,hiphop__hiphop.00034,hiphop,4,-23.507726669311523,-26.846712112426758
full_noisy_z_t,409,hiphop__hiphop.00034,hiphop,4,-29.207216262817383,-23.226778030395508
full_noisy_z_t,410,hiphop__hiphop.00034,hiphop,4,-30.93461799621582,-21.479225158691406
full_noisy_z_t,411,hiphop__hiphop.00038,hiphop,4,-27.43657112121582,-24.611074447631836
full_noisy_z_t,412,hiphop__hiphop.00038,hiphop,4,-31.01179313659668,-22.341947555541992
full_noisy_z_t,413,hiphop__hiphop.00038,hiphop,4,-31.536794662475586,-22.138309478759766
full_noisy_z_t,414,hiphop__hiphop.00038,hiphop,4,-30.858190536499023,-23.405128479003906
full_noisy_z_t,415,hiphop__hiphop.00040,hiphop,4,-5.805034637451172,-42.6456184387207
full_noisy_z_t,416,hiphop__hiphop.00040,hiphop,4,-12.332589149475098,-38.07576370239258
full_noisy_z_t,417,hiphop__hiphop.00040,hiphop,4,-8.147228240966797,-42.54872512817383
full_noisy_z_t,418,hiphop__hiphop.00040,hiphop,4,-4.325664043426514,-37.83842849731445
full_noisy_z_t,419,hiphop__hiphop.00040,hiphop,4,-8.545841217041016,-42.009037017822266
full_noisy_z_t,420,hiphop__hiphop.00040,hiphop,4,-8.528149604797363,-43.698219299316406
full_noisy_z_t,421,hiphop__hiphop.00040,hiphop,4,-6.55467414855957,-44.313961029052734
full_noisy_z_t,422,hiphop__hiphop.00042,hiphop,4,-7.893423080444336,-45.12430191040039
full_noisy_z_t,423,hiphop__hiphop.00042,hiphop,4,-22.889402389526367,-31.504575729370117
full_noisy_z_t,424,hiphop__hiphop.00042,hiphop,4,-22.655216217041016,-32.304927825927734
full_noisy_z_t,425,hiphop__hiphop.00042,hiphop,4,-22.129470825195312,-30.562782287597656
full_noisy_z_t,426,hiphop__hiphop.00042,hiphop,4,-28.24721908569336,-27.972166061401367
full_noisy_z_t,427,hiphop__hiphop.00042,hiphop,4,-22.15662384033203,-32.56496810913086
full_noisy_z_t,428,hiphop__hiphop.00042,hiphop,4,-23.567258834838867,-31.46050262451172
full_noisy_z_t,429,hiphop__hiphop.00042,hiphop,4,-38.082515716552734,23.10216522216797
full_noisy_z_t,430,hiphop__hiphop.00044,hiphop,4,-24.77631950378418,-24.323476791381836
full_noisy_z_t,431,hiphop__hiphop.00044,hiphop,4,-14.136823654174805,-45.97113037109375
full_noisy_z_t,432,hiphop__hiphop.00044,hiphop,4,19.791147232055664,11.996249198913574
full_noisy_z_t,433,hiphop__hiphop.00044,hiphop,4,27.2445068359375,33.32463836669922
full_noisy_z_t,434,hiphop__hiphop.00044,hiphop,4,22.63035774230957,15.35032844543457
full_noisy_z_t,435,hiphop__hiphop.00044,hiphop,4,22.732271194458008,31.796018600463867
full_noisy_z_t,436,hiphop__hiphop.00044,hiphop,4,-23.921789169311523,-21.617923736572266
full_noisy_z_t,437,hiphop__hiphop.00053,hiphop,4,-32.85165023803711,6.346179962158203
full_noisy_z_t,438,hiphop__hiphop.00053,hiphop,4,-15.25657844543457,-48.66488265991211
full_noisy_z_t,439,hiphop__hiphop.00053,hiphop,4,-9.660115242004395,-46.20450973510742
full_noisy_z_t,440,hiphop__hiphop.00053,hiphop,4,-15.98351001739502,-49.318660736083984
full_noisy_z_t,441,hiphop__hiphop.00053,hiphop,4,-15.809432029724121,-49.019325256347656
full_noisy_z_t,442,hiphop__hiphop.00053,hiphop,4,-29.967195510864258,-21.766948699951172
full_noisy_z_t,443,hiphop__hiphop.00053,hiphop,4,-23.477222442626953,-30.156831741333008
full_noisy_z_t,444,hiphop__hiphop.00053,hiphop,4,-26.038070678710938,-27.638540267944336
full_noisy_z_t,445,hiphop__hiphop.00053,hiphop,4,-12.99719524383545,-45.929168701171875
full_noisy_z_t,446,hiphop__hiphop.00076,hiphop,4,-25.05803871154785,-27.576526641845703
full_noisy_z_t,447,hiphop__hiphop.00076,hiphop,4,-27.99846649169922,-25.9029483795166
full_noisy_z_t,448,hiphop__hiphop.00076,hiphop,4,-29.33780288696289,-25.75774574279785
full_noisy_z_t,449,hiphop__hiphop.00076,hiphop,4,-26.44880485534668,-23.906352996826172
full_noisy_z_t,450,hiphop__hiphop.00076,hiphop,4,-26.83250617980957,-26.467891693115234
full_noisy_z_t,451,hiphop__hiphop.00076,hiphop,4,-27.298728942871094,-26.144786834716797
full_noisy_z_t,452,hiphop__hiphop.00079,hiphop,4,-11.472689628601074,-43.708438873291016
full_noisy_z_t,453,hiphop__hiphop.00079,hiphop,4,-9.462759017944336,-38.858612060546875
full_noisy_z_t,454,hiphop__hiphop.00079,hiphop,4,-10.232175827026367,-43.55984115600586
full_noisy_z_t,455,hiphop__hiphop.00079,hiphop,4,-9.346149444580078,-42.344600677490234
full_noisy_z_t,456,hiphop__hiphop.00079,hiphop,4,-10.134468078613281,-44.6192741394043
full_noisy_z_t,457,hiphop__hiphop.00079,hiphop,4,-12.50839900970459,-44.99595642089844
full_noisy_z_t,458,hiphop__hiphop.00079,hiphop,4,-1.9985390901565552,-43.991214752197266
full_noisy_z_t,459,hiphop__hiphop.00079,hiphop,4,-7.855920314788818,-41.90074157714844
full_noisy_z_t,460,hiphop__hiphop.00082,hiphop,4,-28.1494140625,-26.839618682861328
full_noisy_z_t,461,hiphop__hiphop.00082,hiphop,4,-25.504863739013672,-26.451581954956055
full_noisy_z_t,462,hiphop__hiphop.00082,hiphop,4,-26.58420181274414,-20.622920989990234
full_noisy_z_t,463,hiphop__hiphop.00082,hiphop,4,-28.571582794189453,-21.28076934814453
full_noisy_z_t,464,hiphop__hiphop.00082,hiphop,4,-27.749584197998047,-21.074487686157227
full_noisy_z_t,465,hiphop__hiphop.00082,hiphop,4,-27.57322120666504,-21.515243530273438
full_noisy_z_t,466,hiphop__hiphop.00087,hiphop,4,-31.65876007080078,-19.411235809326172
full_noisy_z_t,467,hiphop__hiphop.00087,hiphop,4,-34.48775100708008,-20.022951126098633
full_noisy_z_t,468,hiphop__hiphop.00087,hiphop,4,-32.16069412231445,-18.502511978149414
full_noisy_z_t,469,hiphop__hiphop.00087,hiphop,4,-35.09811782836914,-10.008001327514648
full_noisy_z_t,470,hiphop__hiphop.00087,hiphop,4,-33.6495361328125,-15.875443458557129
full_noisy_z_t,471,hiphop__hiphop.00087,hiphop,4,-33.43385696411133,-19.658803939819336
full_noisy_z_t,472,hiphop__hiphop.00087,hiphop,4,-30.317413330078125,-17.695005416870117
full_noisy_z_t,473,hiphop__hiphop.00089,hiphop,4,-34.69230651855469,-11.455928802490234
full_noisy_z_t,474,hiphop__hiphop.00089,hiphop,4,-34.59210968017578,-13.1442232131958
full_noisy_z_t,475,hiphop__hiphop.00089,hiphop,4,-34.842525482177734,-12.742411613464355
full_noisy_z_t,476,hiphop__hiphop.00089,hiphop,4,-35.2835693359375,-13.884539604187012
full_noisy_z_t,477,hiphop__hiphop.00089,hiphop,4,-29.282636642456055,-20.8773250579834
full_noisy_z_t,478,hiphop__hiphop.00093,hiphop,4,-34.12260818481445,-17.68842887878418
full_noisy_z_t,479,hiphop__hiphop.00093,hiphop,4,-9.098637580871582,-13.286399841308594
full_noisy_z_t,480,hiphop__hiphop.00093,hiphop,4,-36.25585174560547,-14.1639986038208
full_noisy_z_t,481,hiphop__hiphop.00093,hiphop,4,-38.72669219970703,22.589563369750977
full_noisy_z_t,482,hiphop__hiphop.00093,hiphop,4,-37.58360290527344,23.7648983001709
full_noisy_z_t,483,hiphop__hiphop.00093,hiphop,4,-32.63679885864258,-5.895909309387207
full_noisy_z_t,484,hiphop__hiphop.00093,hiphop,4,-33.031131744384766,-17.664823532104492
full_noisy_z_t,485,hiphop__hiphop.00093,hiphop,4,-25.401708602905273,-22.084339141845703
full_noisy_z_t,486,hiphop__hiphop.00093,hiphop,4,-36.510108947753906,12.678006172180176
full_noisy_z_t,487,hiphop__hiphop.00094,hiphop,4,-29.066608428955078,-27.11826515197754
full_noisy_z_t,488,hiphop__hiphop.00094,hiphop,4,-30.700973510742188,-20.15455436706543
full_noisy_z_t,489,hiphop__hiphop.00094,hiphop,4,-29.385984420776367,-23.865352630615234
full_noisy_z_t,490,hiphop__hiphop.00094,hiphop,4,-28.279600143432617,-22.114734649658203
full_noisy_z_t,491,hiphop__hiphop.00094,hiphop,4,-29.683374404907227,-24.6769962310791
full_noisy_z_t,492,hiphop__hiphop.00098,hiphop,4,-32.99354553222656,-20.59295082092285
full_noisy_z_t,493,hiphop__hiphop.00098,hiphop,4,-33.82582092285156,-19.201068878173828
full_noisy_z_t,494,hiphop__hiphop.00098,hiphop,4,-33.35560607910156,-18.279706954956055
full_noisy_z_t,495,hiphop__hiphop.00098,hiphop,4,-28.304229736328125,-23.54018783569336
full_noisy_z_t,496,hiphop__hiphop.00098,hiphop,4,-31.407686233520508,-21.096275329589844
full_noisy_z_t,497,hiphop__hiphop.00098,hiphop,4,-29.591934204101562,-25.351245880126953
full_noisy_z_t,498,hiphop__hiphop.00098,hiphop,4,-29.880718231201172,-22.638574600219727
full_noisy_z_t,499,hiphop__hiphop.00098,hiphop,4,-32.37122344970703,-21.927181243896484
full_noisy_z_t,500,jazz__jazz.00033,jazz,5,34.634666442871094,-2.69087290763855
full_noisy_z_t,501,jazz__jazz.00033,jazz,5,36.74553680419922,0.03584783524274826
full_noisy_z_t,502,jazz__jazz.00033,jazz,5,35.9981575012207,-0.8504460453987122
full_noisy_z_t,503,jazz__jazz.00033,jazz,5,37.824398040771484,-0.8251955509185791
full_noisy_z_t,504,jazz__jazz.00033,jazz,5,37.8642578125,1.647121787071228
full_noisy_z_t,505,jazz__jazz.00033,jazz,5,39.79656982421875,0.4837622046470642
full_noisy_z_t,506,jazz__jazz.00041,jazz,5,37.704612731933594,-0.07030777633190155
full_noisy_z_t,507,jazz__jazz.00041,jazz,5,36.279598236083984,3.766289234161377
full_noisy_z_t,508,jazz__jazz.00041,jazz,5,37.6831169128418,2.4045944213867188
full_noisy_z_t,509,jazz__jazz.00041,jazz,5,36.75824737548828,1.7737692594528198
full_noisy_z_t,510,jazz__jazz.00041,jazz,5,34.87370300292969,1.7730226516723633
full_noisy_z_t,511,jazz__jazz.00041,jazz,5,35.80877685546875,1.2528796195983887
full_noisy_z_t,512,jazz__jazz.00041,jazz,5,38.110103607177734,-3.972834825515747
full_noisy_z_t,513,jazz__jazz.00041,jazz,5,38.83363342285156,-2.402796745300293
full_noisy_z_t,514,jazz__jazz.00041,jazz,5,33.969635009765625,3.1075055599212646
full_noisy_z_t,515,jazz__jazz.00041,jazz,5,36.02603530883789,-4.524983882904053
full_noisy_z_t,516,jazz__jazz.00046,jazz,5,33.12211608886719,0.3348403573036194
full_noisy_z_t,517,jazz__jazz.00046,jazz,5,36.2849006652832,-2.446598529815674
full_noisy_z_t,518,jazz__jazz.00046,jazz,5,37.45684814453125,-1.0671101808547974
full_noisy_z_t,519,jazz__jazz.00046,jazz,5,33.57169723510742,-4.813297271728516
full_noisy_z_t,520,jazz__jazz.00046,jazz,5,33.62166976928711,1.2925529479980469
full_noisy_z_t,521,jazz__jazz.00046,jazz,5,37.32156753540039,2.6129798889160156
full_noisy_z_t,522,jazz__jazz.00046,jazz,5,36.04201126098633,2.1734459400177
full_noisy_z_t,523,jazz__jazz.00046,jazz,5,39.24909591674805,-0.02276880107820034
full_noisy_z_t,524,jazz__jazz.00048,jazz,5,32.35009002685547,-5.949733734130859
full_noisy_z_t,525,jazz__jazz.00048,jazz,5,32.29793167114258,-5.424419403076172
full_noisy_z_t,526,jazz__jazz.00048,jazz,5,21.419363021850586,5.373875141143799
full_noisy_z_t,527,jazz__jazz.00048,jazz,5,32.691402435302734,-3.7508270740509033
full_noisy_z_t,528,jazz__jazz.00048,jazz,5,34.01543045043945,3.019836902618408
full_noisy_z_t,529,jazz__jazz.00048,jazz,5,33.789546966552734,3.358508586883545
full_noisy_z_t,530,jazz__jazz.00048,jazz,5,31.642597198486328,-6.343751430511475
full_noisy_z_t,531,jazz__jazz.00048,jazz,5,22.35640525817871,4.7168288230896
full_noisy_z_t,532,jazz__jazz.00050,jazz,5,5.0522613525390625,19.983823776245117
full_noisy_z_t,533,jazz__jazz.00050,jazz,5,5.619077682495117,18.209768295288086
full_noisy_z_t,534,jazz__jazz.00050,jazz,5,30.56249237060547,1.0421457290649414
full_noisy_z_t,535,jazz__jazz.00050,jazz,5,29.5972900390625,-2.6519832611083984
full_noisy_z_t,536,jazz__jazz.00050,jazz,5,38.3333625793457,-6.013275623321533
full_noisy_z_t,537,jazz__jazz.00050,jazz,5,22.516551971435547,3.5732645988464355
full_noisy_z_t,538,jazz__jazz.00050,jazz,5,28.73956871032715,1.2781040668487549
full_noisy_z_t,539,jazz__jazz.00050,jazz,5,25.53520393371582,4.835514545440674
full_noisy_z_t,540,jazz__jazz.00050,jazz,5,-1.7141664028167725,-38.15511703491211
full_noisy_z_t,541,jazz__jazz.00059,jazz,5,36.897674560546875,-0.6096040606498718
full_noisy_z_t,542,jazz__jazz.00059,jazz,5,-34.78718948364258,-7.598499774932861
full_noisy_z_t,543,jazz__jazz.00060,jazz,5,35.51432418823242,-1.9923509359359741
full_noisy_z_t,544,jazz__jazz.00060,jazz,5,34.77663803100586,0.23760923743247986
full_noisy_z_t,545,jazz__jazz.00060,jazz,5,39.73468017578125,2.0740647315979004
full_noisy_z_t,546,jazz__jazz.00060,jazz,5,40.83152389526367,3.407353639602661
full_noisy_z_t,547,jazz__jazz.00060,jazz,5,38.20267105102539,-1.715420126914978
full_noisy_z_t,548,jazz__jazz.00060,jazz,5,34.71143341064453,-1.7206779718399048
full_noisy_z_t,549,jazz__jazz.00071,jazz,5,40.58482360839844,0.7810105681419373
full_noisy_z_t,550,jazz__jazz.00071,jazz,5,40.92937469482422,-0.30470559000968933
full_noisy_z_t,551,jazz__jazz.00071,jazz,5,36.00163650512695,-3.0236339569091797
full_noisy_z_t,552,jazz__jazz.00071,jazz,5,38.730228424072266,1.8558681011199951
full_noisy_z_t,553,jazz__jazz.00071,jazz,5,38.86811065673828,0.39580896496772766
full_noisy_z_t,554,jazz__jazz.00071,jazz,5,40.2547721862793,-0.8391911387443542
full_noisy_z_t,555,jazz__jazz.00071,jazz,5,33.42782974243164,-2.554184675216675
full_noisy_z_t,556,jazz__jazz.00081,jazz,5,27.68410873413086,2.5254311561584473
full_noisy_z_t,557,jazz__jazz.00081,jazz,5,26.635860443115234,3.136854648590088
full_noisy_z_t,558,jazz__jazz.00081,jazz,5,25.47856903076172,3.229154109954834
full_noisy_z_t,559,jazz__jazz.00081,jazz,5,24.960472106933594,3.879568338394165
full_noisy_z_t,560,jazz__jazz.00081,jazz,5,23.946943283081055,5.76884126663208
full_noisy_z_t,561,jazz__jazz.00081,jazz,5,33.1171989440918,-0.8441571593284607
full_noisy_z_t,562,jazz__jazz.00081,jazz,5,30.191621780395508,2.172013759613037
full_noisy_z_t,563,jazz__jazz.00081,jazz,5,32.64543914794922,-0.6700960397720337
full_noisy_z_t,564,jazz__jazz.00081,jazz,5,28.90036392211914,2.2652323246002197
full_noisy_z_t,565,jazz__jazz.00084,jazz,5,36.00811767578125,-0.10110127180814743
full_noisy_z_t,566,jazz__jazz.00084,jazz,5,36.80440139770508,0.8537220358848572
full_noisy_z_t,567,jazz__jazz.00084,jazz,5,38.0942497253418,4.3032684326171875
full_noisy_z_t,568,jazz__jazz.00084,jazz,5,38.982704162597656,3.887265682220459
full_noisy_z_t,569,jazz__jazz.00084,jazz,5,39.04558181762695,3.6884639263153076
full_noisy_z_t,570,jazz__jazz.00084,jazz,5,39.45423889160156,1.235898494720459
full_noisy_z_t,571,jazz__jazz.00084,jazz,5,35.3044319152832,-0.6663140058517456
full_noisy_z_t,572,jazz__jazz.00084,jazz,5,38.9127197265625,-1.1072125434875488
full_noisy_z_t,573,jazz__jazz.00086,jazz,5,36.17240905761719,3.063312292098999
full_noisy_z_t,574,jazz__jazz.00086,jazz,5,38.4666633605957,2.5440597534179688
full_noisy_z_t,575,jazz__jazz.00086,jazz,5,41.961299896240234,0.1204555481672287
full_noisy_z_t,576,jazz__jazz.00086,jazz,5,40.69375228881836,1.7177770137786865
full_noisy_z_t,577,jazz__jazz.00086,jazz,5,36.92653274536133,-4.08071231842041
full_noisy_z_t,578,jazz__jazz.00091,jazz,5,34.231266021728516,-3.4765615463256836
full_noisy_z_t,579,jazz__jazz.00091,jazz,5,31.505022048950195,-4.386452674865723
full_noisy_z_t,580,jazz__jazz.00092,jazz,5,35.20231246948242,-4.626313209533691
full_noisy_z_t,581,jazz__jazz.00092,jazz,5,39.7216796875,-0.8963155150413513
full_noisy_z_t,582,jazz__jazz.00092,jazz,5,37.23323440551758,1.0515309572219849
full_noisy_z_t,583,jazz__jazz.00092,jazz,5,35.32571029663086,-2.633192539215088
full_noisy_z_t,584,jazz__jazz.00092,jazz,5,36.51198196411133,-1.3838787078857422
full_noisy_z_t,585,jazz__jazz.00092,jazz,5,34.73801803588867,-0.9476329684257507
full_noisy_z_t,586,jazz__jazz.00092,jazz,5,34.80166244506836,-3.8715388774871826
full_noisy_z_t,587,jazz__jazz.00096,jazz,5,42.266151428222656,1.5255506038665771
full_noisy_z_t,588,jazz__jazz.00096,jazz,5,40.92045593261719,-1.3606327772140503
full_noisy_z_t,589,jazz__jazz.00096,jazz,5,42.108882904052734,1.3457536697387695
full_noisy_z_t,590,jazz__jazz.00096,jazz,5,37.60198974609375,-3.318209171295166
full_noisy_z_t,591,jazz__jazz.00096,jazz,5,37.93074035644531,-4.8669610023498535
full_noisy_z_t,592,jazz__jazz.00096,jazz,5,36.47313690185547,-3.1117289066314697
full_noisy_z_t,593,jazz__jazz.00096,jazz,5,30.827978134155273,-2.4672257900238037
full_noisy_z_t,594,jazz__jazz.00096,jazz,5,36.393959045410156,-3.8349802494049072
full_noisy_z_t,595,jazz__jazz.00096,jazz,5,40.606327056884766,3.2542519569396973
full_noisy_z_t,596,jazz__jazz.00096,jazz,5,36.718231201171875,-5.162173748016357
full_noisy_z_t,597,jazz__jazz.00099,jazz,5,38.87289047241211,4.1544389724731445
full_noisy_z_t,598,jazz__jazz.00099,jazz,5,38.97137451171875,1.262563705444336
full_noisy_z_t,599,jazz__jazz.00099,jazz,5,35.701171875,0.6074119210243225
full_noisy_z_t,600,metal__metal.00002,metal,6,-3.846116065979004,0.17894317209720612
full_noisy_z_t,601,metal__metal.00002,metal,6,-9.435577392578125,-2.0896852016448975
full_noisy_z_t,602,metal__metal.00002,metal,6,-4.896002769470215,-7.273004531860352
full_noisy_z_t,603,metal__metal.00002,metal,6,-4.453241348266602,-2.8353302478790283
full_noisy_z_t,604,metal__metal.00002,metal,6,-5.563957214355469,-0.8761842846870422
full_noisy_z_t,605,metal__metal.00002,metal,6,-8.572981834411621,-1.9239225387573242
full_noisy_z_t,606,metal__metal.00002,metal,6,-8.177727699279785,-0.7244982123374939
full_noisy_z_t,607,metal__metal.00002,metal,6,-5.7941975593566895,-0.6328089237213135
full_noisy_z_t,608,metal__metal.00002,metal,6,-5.477656364440918,-1.7810933589935303
full_noisy_z_t,609,metal__metal.00004,metal,6,-9.390975952148438,-9.374412536621094
full_noisy_z_t,610,metal__metal.00004,metal,6,-9.247023582458496,-9.650078773498535
full_noisy_z_t,611,metal__metal.00004,metal,6,-8.754650115966797,-8.845076560974121
full_noisy_z_t,612,metal__metal.00004,metal,6,-9.614744186401367,-8.635634422302246
full_noisy_z_t,613,metal__metal.00004,metal,6,-10.234994888305664,-7.1601643562316895
full_noisy_z_t,614,metal__metal.00004,metal,6,-8.954400062561035,-10.439932823181152
full_noisy_z_t,615,metal__metal.00004,metal,6,-7.770927429199219,-9.621796607971191
full_noisy_z_t,616,metal__metal.00012,metal,6,-10.984513282775879,-4.540104866027832
full_noisy_z_t,617,metal__metal.00012,metal,6,-8.281673431396484,-9.053566932678223
full_noisy_z_t,618,metal__metal.00012,metal,6,-9.078587532043457,-7.916691780090332
full_noisy_z_t,619,metal__metal.00012,metal,6,-9.013895988464355,-3.870631217956543
full_noisy_z_t,620,metal__metal.00012,metal,6,-7.909633159637451,-7.806799411773682
full_noisy_z_t,621,metal__metal.00012,metal,6,-7.9538493156433105,-10.64362621307373
full_noisy_z_t,622,metal__metal.00012,metal,6,-8.478292465209961,-6.507262229919434
full_noisy_z_t,623,metal__metal.00012,metal,6,-8.84427261352539,-3.3936073780059814
full_noisy_z_t,624,metal__metal.00022,metal,6,-4.298282623291016,0.26351138949394226
full_noisy_z_t,625,metal__metal.00022,metal,6,-12.319366455078125,-6.729792594909668
full_noisy_z_t,626,metal__metal.00022,metal,6,-6.305475234985352,1.2449288368225098
full_noisy_z_t,627,metal__metal.00022,metal,6,-5.430153846740723,1.7720139026641846
full_noisy_z_t,628,metal__metal.00022,metal,6,-6.553024768829346,3.7528069019317627
full_noisy_z_t,629,metal__metal.00022,metal,6,-5.807836055755615,3.337195634841919
full_noisy_z_t,630,metal__metal.00022,metal,6,-4.9438910484313965,0.1490100473165512
full_noisy_z_t,631,metal__metal.00022,metal,6,-5.223453998565674,1.0561332702636719
full_noisy_z_t,632,metal__metal.00024,metal,6,-7.1748480796813965,-0.5554315447807312
full_noisy_z_t,633,metal__metal.00024,metal,6,-6.153723239898682,-1.565933108329773
full_noisy_z_t,634,metal__metal.00024,metal,6,-4.692666053771973,-1.658704161643982
full_noisy_z_t,635,metal__metal.00024,metal,6,-6.824352741241455,-1.8143895864486694
full_noisy_z_t,636,metal__metal.00024,metal,6,-5.3031206130981445,-2.9346461296081543
full_noisy_z_t,637,metal__metal.00024,metal,6,-5.062199115753174,-6.0194993019104
full_noisy_z_t,638,metal__metal.00024,metal,6,-7.639380931854248,-2.681119680404663
full_noisy_z_t,639,metal__metal.00024,metal,6,-5.523777961730957,-5.277691841125488
full_noisy_z_t,640,metal__metal.00030,metal,6,4.4246087074279785,12.075045585632324
full_noisy_z_t,641,metal__metal.00030,metal,6,3.437342643737793,8.77431869506836
full_noisy_z_t,642,metal__metal.00030,metal,6,3.207000732421875,8.663806915283203
full_noisy_z_t,643,metal__metal.00030,metal,6,-12.898961067199707,-5.158571243286133
full_noisy_z_t,644,metal__metal.00030,metal,6,-13.485550880432129,-6.567255020141602
full_noisy_z_t,645,metal__metal.00049,metal,6,-5.744375228881836,-5.750956058502197
full_noisy_z_t,646,metal__metal.00049,metal,6,-7.668637752532959,-1.750753402709961
full_noisy_z_t,647,metal__metal.00049,metal,6,-9.770086288452148,-4.648961544036865
full_noisy_z_t,648,metal__metal.00049,metal,6,-7.090900421142578,-5.989953994750977
full_noisy_z_t,649,metal__metal.00049,metal,6,-8.08682632446289,-3.7355077266693115
full_noisy_z_t,650,metal__metal.00049,metal,6,-8.119950294494629,-5.675561428070068
full_noisy_z_t,651,metal__metal.00049,metal,6,-6.560062885284424,-10.512901306152344
full_noisy_z_t,652,metal__metal.00049,metal,6,-10.104655265808105,-5.5154852867126465
full_noisy_z_t,653,metal__metal.00049,metal,6,-5.537665843963623,-4.24118185043335
full_noisy_z_t,654,metal__metal.00051,metal,6,-6.258189678192139,-0.10121132433414459
full_noisy_z_t,655,metal__metal.00051,metal,6,-6.024810314178467,-2.6950860023498535
full_noisy_z_t,656,metal__metal.00051,metal,6,-4.4442925453186035,-4.416813850402832
full_noisy_z_t,657,metal__metal.00051,metal,6,-6.502168655395508,-3.1306862831115723
full_noisy_z_t,658,metal__metal.00051,metal,6,-7.804220676422119,-4.819088459014893
full_noisy_z_t,659,metal__metal.00051,metal,6,-6.915578842163086,-4.37960147857666
full_noisy_z_t,660,metal__metal.00051,metal,6,-7.086211681365967,-4.91470193862915
full_noisy_z_t,661,metal__metal.00051,metal,6,-7.539585590362549,-6.548376083374023
full_noisy_z_t,662,metal__metal.00052,metal,6,-6.152477741241455,-9.203760147094727
full_noisy_z_t,663,metal__metal.00052,metal,6,-6.860050678253174,-7.180616855621338
full_noisy_z_t,664,metal__metal.00052,metal,6,-7.082819938659668,-11.082475662231445
full_noisy_z_t,665,metal__metal.00052,metal,6,-12.355925559997559,-9.150175094604492
full_noisy_z_t,666,metal__metal.00052,metal,6,-12.849405288696289,-8.482648849487305
full_noisy_z_t,667,metal__metal.00056,metal,6,-5.2194695472717285,-3.760817289352417
full_noisy_z_t,668,metal__metal.00056,metal,6,-10.593241691589355,-8.023369789123535
full_noisy_z_t,669,metal__metal.00056,metal,6,-6.087100982666016,-4.446252346038818
full_noisy_z_t,670,metal__metal.00056,metal,6,-5.935575485229492,-7.857524394989014
full_noisy_z_t,671,metal__metal.00056,metal,6,-10.38994312286377,-5.573157787322998
full_noisy_z_t,672,metal__metal.00056,metal,6,-6.666271686553955,-5.702882289886475
full_noisy_z_t,673,metal__metal.00069,metal,6,-7.885595798492432,0.5663450360298157
full_noisy_z_t,674,metal__metal.00069,metal,6,-1.9397655725479126,-4.1455183029174805
full_noisy_z_t,675,metal__metal.00069,metal,6,-3.600801467895508,34.698974609375
full_noisy_z_t,676,metal__metal.00069,metal,6,-4.6214094161987305,35.725257873535156
full_noisy_z_t,677,metal__metal.00069,metal,6,-8.90911865234375,-11.370633125305176
full_noisy_z_t,678,metal__metal.00069,metal,6,-5.522002696990967,-6.62962532043457
full_noisy_z_t,679,metal__metal.00069,metal,6,-7.018398761749268,0.8878210783004761
full_noisy_z_t,680,metal__metal.00091,metal,6,9.348916053771973,11.232816696166992
full_noisy_z_t,681,metal__metal.00091,metal,6,14.788267135620117,13.99985408782959
full_noisy_z_t,682,metal__metal.00091,metal,6,11.098432540893555,16.322607040405273
full_noisy_z_t,683,metal__metal.00091,metal,6,9.607648849487305,17.931394577026367
full_noisy_z_t,684,metal__metal.00091,metal,6,10.73781967163086,10.740511894226074
full_noisy_z_t,685,metal__metal.00091,metal,6,16.079736709594727,15.596394538879395
full_noisy_z_t,686,metal__metal.00092,metal,6,-9.46834945678711,-0.8528118133544922
full_noisy_z_t,687,metal__metal.00092,metal,6,-4.6193461418151855,3.054462432861328
full_noisy_z_t,688,metal__metal.00092,metal,6,5.941225528717041,8.01567554473877
full_noisy_z_t,689,metal__metal.00092,metal,6,-4.411470890045166,1.4512265920639038
full_noisy_z_t,690,metal__metal.00092,metal,6,4.564599514007568,19.0439510345459
full_noisy_z_t,691,metal__metal.00092,metal,6,-6.780770301818848,1.542495608329773
full_noisy_z_t,692,metal__metal.00096,metal,6,-8.207704544067383,-12.429754257202148
full_noisy_z_t,693,metal__metal.00096,metal,6,-12.177997589111328,-7.726568698883057
full_noisy_z_t,694,metal__metal.00097,metal,6,-7.898475646972656,2.942612648010254
full_noisy_z_t,695,metal__metal.00097,metal,6,-7.39190673828125,2.9665768146514893
full_noisy_z_t,696,metal__metal.00097,metal,6,-9.048420906066895,-4.321182727813721
full_noisy_z_t,697,metal__metal.00097,metal,6,-9.39061164855957,-6.618072509765625
full_noisy_z_t,698,metal__metal.00097,metal,6,-6.17894983291626,-7.203061580657959
full_noisy_z_t,699,metal__metal.00097,metal,6,-6.964755058288574,-7.966899394989014
full_noisy_z_t,700,pop__pop.00003,pop,7,-10.911060333251953,-44.16596603393555
full_noisy_z_t,701,pop__pop.00003,pop,7,-19.66501235961914,-33.44593048095703
full_noisy_z_t,702,pop__pop.00003,pop,7,-37.99216079711914,24.415691375732422
full_noisy_z_t,703,pop__pop.00003,pop,7,-3.4796831607818604,-36.02708435058594
full_noisy_z_t,704,pop__pop.00003,pop,7,-18.712848663330078,-34.38909912109375
full_noisy_z_t,705,pop__pop.00003,pop,7,-8.421679496765137,-37.294960021972656
full_noisy_z_t,706,pop__pop.00003,pop,7,-20.985706329345703,-31.815135955810547
full_noisy_z_t,707,pop__pop.00007,pop,7,-12.257403373718262,-46.85783004760742
full_noisy_z_t,708,pop__pop.00007,pop,7,-10.530375480651855,-46.610687255859375
full_noisy_z_t,709,pop__pop.00007,pop,7,-3.0844831466674805,-38.97050094604492
full_noisy_z_t,710,pop__pop.00007,pop,7,-6.552090167999268,-37.18071365356445
full_noisy_z_t,711,pop__pop.00007,pop,7,-1.8841007947921753,-39.04874038696289
full_noisy_z_t,712,pop__pop.00007,pop,7,28.244884490966797,35.970542907714844
full_noisy_z_t,713,pop__pop.00007,pop,7,30.712881088256836,31.885046005249023
full_noisy_z_t,714,pop__pop.00007,pop,7,29.47522735595703,31.347606658935547
full_noisy_z_t,715,pop__pop.00015,pop,7,-7.545434951782227,-44.1475830078125
full_noisy_z_t,716,pop__pop.00015,pop,7,-10.011935234069824,-42.74222946166992
full_noisy_z_t,717,pop__pop.00015,pop,7,-8.787687301635742,-40.6375846862793
full_noisy_z_t,718,pop__pop.00015,pop,7,-8.483414649963379,-39.7785758972168
full_noisy_z_t,719,pop__pop.00015,pop,7,-6.880412578582764,-42.74055862426758
full_noisy_z_t,720,pop__pop.00015,pop,7,-7.850775718688965,-40.545654296875
full_noisy_z_t,721,pop__pop.00021,pop,7,-9.386643409729004,-44.414817810058594
full_noisy_z_t,722,pop__pop.00021,pop,7,-9.766880989074707,-40.30632781982422
full_noisy_z_t,723,pop__pop.00021,pop,7,-8.838873863220215,-42.78547286987305
full_noisy_z_t,724,pop__pop.00021,pop,7,-9.269769668579102,-41.49567413330078
full_noisy_z_t,725,pop__pop.00021,pop,7,-7.518739700317383,-42.947208404541016
full_noisy_z_t,726,pop__pop.00021,pop,7,-10.75266170501709,-42.175567626953125
full_noisy_z_t,727,pop__pop.00021,pop,7,-7.341788291931152,-42.22617721557617
full_noisy_z_t,728,pop__pop.00021,pop,7,-3.4556009769439697,-40.86668395996094
full_noisy_z_t,729,pop__pop.00028,pop,7,-2.8037209510803223,-42.160118103027344
full_noisy_z_t,730,pop__pop.00028,pop,7,-4.840564727783203,-41.58059310913086
full_noisy_z_t,731,pop__pop.00028,pop,7,-4.417472839355469,-43.505611419677734
full_noisy_z_t,732,pop__pop.00028,pop,7,-13.286336898803711,-47.42121124267578
full_noisy_z_t,733,pop__pop.00028,pop,7,-13.732391357421875,-48.47850799560547
full_noisy_z_t,734,pop__pop.00028,pop,7,-12.010419845581055,-40.24057388305664
full_noisy_z_t,735,pop__pop.00029,pop,7,-14.133039474487305,-43.44977569580078
full_noisy_z_t,736,pop__pop.00029,pop,7,-12.826141357421875,-42.390682220458984
full_noisy_z_t,737,pop__pop.00029,pop,7,-36.5396842956543,27.329029083251953
full_noisy_z_t,738,pop__pop.00029,pop,7,-14.286392211914062,-45.273311614990234
full_noisy_z_t,739,pop__pop.00029,pop,7,-11.23318099975586,-45.880035400390625
full_noisy_z_t,740,pop__pop.00029,pop,7,-11.972966194152832,-41.88307189941406
full_noisy_z_t,741,pop__pop.00029,pop,7,-9.488804817199707,-45.47309875488281
full_noisy_z_t,742,pop__pop.00029,pop,7,-10.038727760314941,-41.296016693115234
full_noisy_z_t,743,pop__pop.00033,pop,7,-21.18646812438965,-29.855710983276367
full_noisy_z_t,744,pop__pop.00033,pop,7,-20.454933166503906,-32.6525764465332
full_noisy_z_t,745,pop__pop.00033,pop,7,-22.607885360717773,-29.510398864746094
full_noisy_z_t,746,pop__pop.00033,pop,7,-27.115276336669922,-19.21857452392578
full_noisy_z_t,747,pop__pop.00033,pop,7,-10.649205207824707,-9.572033882141113
full_noisy_z_t,748,pop__pop.00033,pop,7,-24.511701583862305,-29.1026611328125
full_noisy_z_t,749,pop__pop.00033,pop,7,-21.429975509643555,-30.659360885620117
full_noisy_z_t,750,pop__pop.00033,pop,7,-21.329910278320312,-31.345916748046875
full_noisy_z_t,751,pop__pop.00034,pop,7,-13.577332496643066,-44.52565002441406
full_noisy_z_t,752,pop__pop.00034,pop,7,-11.585415840148926,-45.01902389526367
full_noisy_z_t,753,pop__pop.00034,pop,7,-11.933733940124512,-40.426971435546875
full_noisy_z_t,754,pop__pop.00034,pop,7,-14.44021987915039,-44.575439453125
full_noisy_z_t,755,pop__pop.00034,pop,7,-8.225000381469727,-43.24224090576172
full_noisy_z_t,756,pop__pop.00034,pop,7,-6.580904960632324,-42.0805549621582
full_noisy_z_t,757,pop__pop.00034,pop,7,-5.296487331390381,-43.98994064331055
full_noisy_z_t,758,pop__pop.00035,pop,7,-6.705862998962402,-41.58669662475586
full_noisy_z_t,759,pop__pop.00035,pop,7,-4.961792469024658,-42.9902229309082
full_noisy_z_t,760,pop__pop.00035,pop,7,-1.3841290473937988,-45.120513916015625
full_noisy_z_t,761,pop__pop.00035,pop,7,-8.526537895202637,-39.94230651855469
full_noisy_z_t,762,pop__pop.00035,pop,7,-8.258556365966797,-44.27894592285156
full_noisy_z_t,763,pop__pop.00038,pop,7,-14.066633224487305,-40.81602096557617
full_noisy_z_t,764,pop__pop.00038,pop,7,-8.593713760375977,-45.07563018798828
full_noisy_z_t,765,pop__pop.00038,pop,7,-6.499650955200195,-44.92877197265625
full_noisy_z_t,766,pop__pop.00038,pop,7,-10.877728462219238,-39.82102584838867
full_noisy_z_t,767,pop__pop.00039,pop,7,-11.337831497192383,-43.01984786987305
full_noisy_z_t,768,pop__pop.00039,pop,7,-9.567547798156738,-43.60932159423828
full_noisy_z_t,769,pop__pop.00039,pop,7,-13.177011489868164,-43.22551345825195
full_noisy_z_t,770,pop__pop.00039,pop,7,-6.49591588973999,-43.36848449707031
full_noisy_z_t,771,pop__pop.00039,pop,7,-10.868247985839844,-41.13078308105469
full_noisy_z_t,772,pop__pop.00039,pop,7,-6.003498554229736,-39.80925750732422
full_noisy_z_t,773,pop__pop.00039,pop,7,-5.437949180603027,-43.523197174072266
full_noisy_z_t,774,pop__pop.00039,pop,7,-4.8949198722839355,-39.56962203979492
full_noisy_z_t,775,pop__pop.00045,pop,7,-38.61745071411133,24.79320526123047
full_noisy_z_t,776,pop__pop.00045,pop,7,-32.13045120239258,23.3068790435791
full_noisy_z_t,777,pop__pop.00045,pop,7,-32.52906799316406,22.601285934448242
full_noisy_z_t,778,pop__pop.00045,pop,7,-26.44192886352539,29.056171417236328
full_noisy_z_t,779,pop__pop.00045,pop,7,-12.714361190795898,-43.781883239746094
full_noisy_z_t,780,pop__pop.00049,pop,7,-4.389726161956787,-40.48615646362305
full_noisy_z_t,781,pop__pop.00049,pop,7,-5.517075538635254,-42.152015686035156
full_noisy_z_t,782,pop__pop.00049,pop,7,-5.983532428741455,-38.86433029174805
full_noisy_z_t,783,pop__pop.00049,pop,7,-3.8120267391204834,-44.46698760986328
full_noisy_z_t,784,pop__pop.00049,pop,7,-3.1969308853149414,-45.08576965332031
full_noisy_z_t,785,pop__pop.00049,pop,7,-5.384981155395508,-40.73942565917969
full_noisy_z_t,786,pop__pop.00049,pop,7,-8.314024925231934,-41.43796920776367
full_noisy_z_t,787,pop__pop.00079,pop,7,34.055877685546875,-0.2434808313846588
full_noisy_z_t,788,pop__pop.00079,pop,7,34.86054992675781,-9.057951927185059
full_noisy_z_t,789,pop__pop.00079,pop,7,23.643672943115234,2.5376343727111816
full_noisy_z_t,790,pop__pop.00079,pop,7,24.10115623474121,2.502586603164673
full_noisy_z_t,791,pop__pop.00081,pop,7,26.938756942749023,30.5421085357666
full_noisy_z_t,792,pop__pop.00081,pop,7,25.653202056884766,30.621854782104492
full_noisy_z_t,793,pop__pop.00081,pop,7,27.176408767700195,37.50203323364258
full_noisy_z_t,794,pop__pop.00081,pop,7,27.414880752563477,36.05609130859375
full_noisy_z_t,795,pop__pop.00081,pop,7,19.793275833129883,20.983686447143555
full_noisy_z_t,796,pop__pop.00081,pop,7,31.79911231994629,32.9669075012207
full_noisy_z_t,797,pop__pop.00081,pop,7,25.349123001098633,29.39035415649414
full_noisy_z_t,798,pop__pop.00081,pop,7,26.69892120361328,35.66510772705078
full_noisy_z_t,799,pop__pop.00081,pop,7,24.810237884521484,27.72637176513672
full_noisy_z_t,800,reggae__reggae.00029,reggae,8,-33.764671325683594,26.124958038330078
full_noisy_z_t,801,reggae__reggae.00029,reggae,8,-35.29904556274414,25.159231185913086
full_noisy_z_t,802,reggae__reggae.00029,reggae,8,-27.787363052368164,24.121713638305664
full_noisy_z_t,803,reggae__reggae.00029,reggae,8,-32.05143737792969,27.371389389038086
full_noisy_z_t,804,reggae__reggae.00029,reggae,8,-33.69464874267578,24.959075927734375
full_noisy_z_t,805,reggae__reggae.00029,reggae,8,-31.539794921875,25.66546058654785
full_noisy_z_t,806,reggae__reggae.00029,reggae,8,-30.833114624023438,22.25157928466797
full_noisy_z_t,807,reggae__reggae.00029,reggae,8,-28.549503326416016,25.80930519104004
full_noisy_z_t,808,reggae__reggae.00029,reggae,8,-33.21688461303711,23.14550018310547
full_noisy_z_t,809,reggae__reggae.00029,reggae,8,-31.836320877075195,23.94921112060547
full_noisy_z_t,810,reggae__reggae.00034,reggae,8,-35.2697868347168,24.32421112060547
full_noisy_z_t,811,reggae__reggae.00034,reggae,8,-30.855117797851562,25.326053619384766
full_noisy_z_t,812,reggae__reggae.00034,reggae,8,-35.25265884399414,26.886642456054688
full_noisy_z_t,813,reggae__reggae.00034,reggae,8,-28.118650436401367,26.539846420288086
full_noisy_z_t,814,reggae__reggae.00034,reggae,8,-29.65561294555664,22.701129913330078
full_noisy_z_t,815,reggae__reggae.00034,reggae,8,-37.242862701416016,25.43349266052246
full_noisy_z_t,816,reggae__reggae.00034,reggae,8,-30.377098083496094,21.04851531982422
full_noisy_z_t,817,reggae__reggae.00034,reggae,8,-28.445966720581055,24.680068969726562
full_noisy_z_t,818,reggae__reggae.00035,reggae,8,-28.458799362182617,28.672433853149414
full_noisy_z_t,819,reggae__reggae.00035,reggae,8,-33.874027252197266,22.391834259033203
full_noisy_z_t,820,reggae__reggae.00035,reggae,8,-28.29053497314453,27.464414596557617
full_noisy_z_t,821,reggae__reggae.00035,reggae,8,-32.576751708984375,26.11144256591797
full_noisy_z_t,822,reggae__reggae.00035,reggae,8,-28.94298553466797,26.631088256835938
full_noisy_z_t,823,reggae__reggae.00035,reggae,8,-33.188419342041016,25.752643585205078
full_noisy_z_t,824,reggae__reggae.00035,reggae,8,-27.213157653808594,25.92588996887207
full_noisy_z_t,825,reggae__reggae.00040,reggae,8,10.578581809997559,18.45827865600586
full_noisy_z_t,826,reggae__reggae.00040,reggae,8,10.183954238891602,16.751562118530273
full_noisy_z_t,827,reggae__reggae.00040,reggae,8,26.94671058654785,36.57778549194336
full_noisy_z_t,828,reggae__reggae.00040,reggae,8,18.527950286865234,24.301177978515625
full_noisy_z_t,829,reggae__reggae.00040,reggae,8,16.965173721313477,25.40935707092285
full_noisy_z_t,830,reggae__reggae.00040,reggae,8,16.516202926635742,26.96856689453125
full_noisy_z_t,831,reggae__reggae.00040,reggae,8,-27.553966522216797,24.773868560791016
full_noisy_z_t,832,reggae__reggae.00040,reggae,8,6.903981685638428,20.477603912353516
full_noisy_z_t,833,reggae__reggae.00047,reggae,8,-34.08407974243164,27.051538467407227
full_noisy_z_t,834,reggae__reggae.00047,reggae,8,-35.34528350830078,23.409433364868164
full_noisy_z_t,835,reggae__reggae.00047,reggae,8,-36.50269317626953,24.899904251098633
full_noisy_z_t,836,reggae__reggae.00047,reggae,8,-28.80901336669922,28.349756240844727
full_noisy_z_t,837,reggae__reggae.00047,reggae,8,-29.680545806884766,27.977807998657227
full_noisy_z_t,838,reggae__reggae.00049,reggae,8,1.7538241147994995,22.731081008911133
full_noisy_z_t,839,reggae__reggae.00049,reggae,8,-35.6504020690918,22.26641273498535
full_noisy_z_t,840,reggae__reggae.00049,reggae,8,-34.551395416259766,22.731306076049805
full_noisy_z_t,841,reggae__reggae.00049,reggae,8,-29.31564712524414,-3.1293816566467285
full_noisy_z_t,842,reggae__reggae.00049,reggae,8,1.4352481365203857,22.759817123413086
full_noisy_z_t,843,reggae__reggae.00049,reggae,8,6.089208602905273,17.21807098388672
full_noisy_z_t,844,reggae__reggae.00049,reggae,8,2.887744426727295,20.804325103759766
full_noisy_z_t,845,reggae__reggae.00062,reggae,8,-29.666667938232422,25.868783950805664
full_noisy_z_t,846,reggae__reggae.00062,reggae,8,-29.062013626098633,23.539220809936523
full_noisy_z_t,847,reggae__reggae.00062,reggae,8,-29.853836059570312,27.336912155151367
full_noisy_z_t,848,reggae__reggae.00062,reggae,8,-27.313276290893555,26.831573486328125
full_noisy_z_t,849,reggae__reggae.00062,reggae,8,-29.251218795776367,25.057802200317383
full_noisy_z_t,850,reggae__reggae.00062,reggae,8,-26.290626525878906,24.421634674072266
full_noisy_z_t,851,reggae__reggae.00062,reggae,8,-34.57377624511719,24.0076961517334
full_noisy_z_t,852,reggae__reggae.00062,reggae,8,-31.58321762084961,26.245906829833984
full_noisy_z_t,853,reggae__reggae.00062,reggae,8,-29.234533309936523,25.854228973388672
full_noisy_z_t,854,reggae__reggae.00064,reggae,8,-31.402061462402344,24.848628997802734
full_noisy_z_t,855,reggae__reggae.00064,reggae,8,-35.62576675415039,25.771793365478516
full_noisy_z_t,856,reggae__reggae.00064,reggae,8,-34.70353698730469,25.775009155273438
full_noisy_z_t,857,reggae__reggae.00064,reggae,8,-34.2774543762207,25.365339279174805
full_noisy_z_t,858,reggae__reggae.00064,reggae,8,-12.183252334594727,-44.17558670043945
full_noisy_z_t,859,reggae__reggae.00064,reggae,8,-14.062468528747559,-42.46989440917969
full_noisy_z_t,860,reggae__reggae.00065,reggae,8,-36.36196517944336,23.842912673950195
full_noisy_z_t,861,reggae__reggae.00065,reggae,8,-33.383731842041016,20.29677963256836
full_noisy_z_t,862,reggae__reggae.00065,reggae,8,-38.10757064819336,15.88297176361084
full_noisy_z_t,863,reggae__reggae.00065,reggae,8,-35.93772506713867,19.08427619934082
full_noisy_z_t,864,reggae__reggae.00065,reggae,8,-34.74139404296875,21.358522415161133
full_noisy_z_t,865,reggae__reggae.00065,reggae,8,-33.30950927734375,-14.76940631866455
full_noisy_z_t,866,reggae__reggae.00065,reggae,8,-37.20028305053711,22.47187042236328
full_noisy_z_t,867,reggae__reggae.00065,reggae,8,-37.18882369995117,21.854633331298828
full_noisy_z_t,868,reggae__reggae.00071,reggae,8,-36.502628326416016,22.588729858398438
full_noisy_z_t,869,reggae__reggae.00071,reggae,8,-2.862337827682495,-45.78244400024414
full_noisy_z_t,870,reggae__reggae.00071,reggae,8,-38.699363708496094,26.141925811767578
full_noisy_z_t,871,reggae__reggae.00071,reggae,8,-37.853004455566406,26.71566390991211
full_noisy_z_t,872,reggae__reggae.00076,reggae,8,-26.153162002563477,-25.546146392822266
full_noisy_z_t,873,reggae__reggae.00076,reggae,8,-26.43193244934082,-28.49765396118164
full_noisy_z_t,874,reggae__reggae.00076,reggae,8,-27.59386444091797,-27.462451934814453
full_noisy_z_t,875,reggae__reggae.00076,reggae,8,-24.090940475463867,-30.959144592285156
full_noisy_z_t,876,reggae__reggae.00076,reggae,8,-25.19869613647461,-29.480920791625977
full_noisy_z_t,877,reggae__reggae.00090,reggae,8,-31.7119140625,22.212753295898438
full_noisy_z_t,878,reggae__reggae.00090,reggae,8,-30.9168758392334,23.47028350830078
full_noisy_z_t,879,reggae__reggae.00090,reggae,8,-34.874759674072266,27.741945266723633
full_noisy_z_t,880,reggae__reggae.00090,reggae,8,-34.49491500854492,26.49004554748535
full_noisy_z_t,881,reggae__reggae.00090,reggae,8,-28.08075523376465,23.407899856567383
full_noisy_z_t,882,reggae__reggae.00090,reggae,8,-28.883298873901367,24.442079544067383
full_noisy_z_t,883,reggae__reggae.00090,reggae,8,-31.772497177124023,20.782054901123047
full_noisy_z_t,884,reggae__reggae.00091,reggae,8,-26.076383590698242,24.441856384277344
full_noisy_z_t,885,reggae__reggae.00091,reggae,8,-29.07880973815918,27.29969024658203
full_noisy_z_t,886,reggae__reggae.00091,reggae,8,-24.834596633911133,27.436368942260742
full_noisy_z_t,887,reggae__reggae.00091,reggae,8,-26.34665870666504,27.41222381591797
full_noisy_z_t,888,reggae__reggae.00091,reggae,8,18.251562118530273,26.950658798217773
full_noisy_z_t,889,reggae__reggae.00092,reggae,8,-31.337488174438477,26.99181365966797
full_noisy_z_t,890,reggae__reggae.00092,reggae,8,-30.479320526123047,25.934370040893555
full_noisy_z_t,891,reggae__reggae.00092,reggae,8,-29.75450325012207,24.141870498657227
full_noisy_z_t,892,reggae__reggae.00092,reggae,8,-33.4534797668457,26.990144729614258
full_noisy_z_t,893,reggae__reggae.00092,reggae,8,-27.965526580810547,25.377464294433594
full_noisy_z_t,894,reggae__reggae.00092,reggae,8,-26.24135971069336,26.12033462524414
full_noisy_z_t,895,reggae__reggae.00092,reggae,8,-30.627525329589844,24.38151741027832
full_noisy_z_t,896,reggae__reggae.00092,reggae,8,-29.97818374633789,25.128477096557617
full_noisy_z_t,897,reggae__reggae.00092,reggae,8,-33.18425369262695,21.66624641418457
full_noisy_z_t,898,reggae__reggae.00092,reggae,8,-32.50386047363281,20.976388931274414
full_noisy_z_t,899,reggae__reggae.00092,reggae,8,-27.570146560668945,27.991294860839844
full_noisy_z_t,900,rock__rock.00000,rock,9,3.787489652633667,9.260011672973633
full_noisy_z_t,901,rock__rock.00000,rock,9,5.56714391708374,9.22705078125
full_noisy_z_t,902,rock__rock.00000,rock,9,4.970548152923584,10.996426582336426
full_noisy_z_t,903,rock__rock.00000,rock,9,10.5222806930542,20.736133575439453
full_noisy_z_t,904,rock__rock.00000,rock,9,15.652545928955078,14.667741775512695
full_noisy_z_t,905,rock__rock.00000,rock,9,16.591028213500977,14.801112174987793
full_noisy_z_t,906,rock__rock.00000,rock,9,18.867891311645508,14.862689971923828
full_noisy_z_t,907,rock__rock.00000,rock,9,20.25674819946289,15.622504234313965
full_noisy_z_t,908,rock__rock.00000,rock,9,20.36343765258789,16.326963424682617
full_noisy_z_t,909,rock__rock.00003,rock,9,2.14733624458313,34.78831481933594
full_noisy_z_t,910,rock__rock.00003,rock,9,34.33235549926758,8.830709457397461
full_noisy_z_t,911,rock__rock.00003,rock,9,33.831180572509766,10.12280559539795
full_noisy_z_t,912,rock__rock.00003,rock,9,39.343292236328125,4.826560974121094
full_noisy_z_t,913,rock__rock.00003,rock,9,6.312201023101807,23.689584732055664
full_noisy_z_t,914,rock__rock.00003,rock,9,1.0008465051651,33.0183219909668
full_noisy_z_t,915,rock__rock.00008,rock,9,-9.034409523010254,-5.404393672943115
full_noisy_z_t,916,rock__rock.00008,rock,9,-8.543316841125488,-4.668331623077393
full_noisy_z_t,917,rock__rock.00008,rock,9,-9.540884017944336,-3.1942851543426514
full_noisy_z_t,918,rock__rock.00008,rock,9,-10.206276893615723,-3.627448797225952
full_noisy_z_t,919,rock__rock.00008,rock,9,-7.012649059295654,-8.640711784362793
full_noisy_z_t,920,rock__rock.00008,rock,9,-13.70338249206543,-7.380801677703857
full_noisy_z_t,921,rock__rock.00008,rock,9,-6.864795684814453,-3.678056001663208
full_noisy_z_t,922,rock__rock.00032,rock,9,-11.519425392150879,-1.9413048028945923
full_noisy_z_t,923,rock__rock.00032,rock,9,3.700705051422119,8.18013858795166
full_noisy_z_t,924,rock__rock.00034,rock,9,1.358048439025879,-42.95609664916992
full_noisy_z_t,925,rock__rock.00034,rock,9,22.339340209960938,28.52220916748047
full_noisy_z_t,926,rock__rock.00034,rock,9,20.796993255615234,26.850488662719727
full_noisy_z_t,927,rock__rock.00034,rock,9,-10.298149108886719,-38.38142776489258
full_noisy_z_t,928,rock__rock.00034,rock,9,26.07334327697754,28.16334342956543
full_noisy_z_t,929,rock__rock.00034,rock,9,25.502796173095703,28.128934860229492
full_noisy_z_t,930,rock__rock.00039,rock,9,15.107341766357422,13.267439842224121
full_noisy_z_t,931,rock__rock.00039,rock,9,25.786109924316406,4.451621055603027
full_noisy_z_t,932,rock__rock.00039,rock,9,-4.036671161651611,-45.5178337097168
full_noisy_z_t,933,rock__rock.00039,rock,9,-0.2136046439409256,-43.59898376464844
full_noisy_z_t,934,rock__rock.00044,rock,9,25.914104461669922,25.303268432617188
full_noisy_z_t,935,rock__rock.00044,rock,9,-31.460527420043945,2.1830737590789795
full_noisy_z_t,936,rock__rock.00044,rock,9,29.254060745239258,-3.1318039894104004
full_noisy_z_t,937,rock__rock.00044,rock,9,-29.287166595458984,-4.362694263458252
full_noisy_z_t,938,rock__rock.00044,rock,9,-33.22537612915039,3.720399856567383
full_noisy_z_t,939,rock__rock.00044,rock,9,-2.206545829772949,-35.0592155456543
full_noisy_z_t,940,rock__rock.00044,rock,9,-2.056534767150879,-35.212425231933594
full_noisy_z_t,941,rock__rock.00048,rock,9,24.803056716918945,-26.15488052368164
full_noisy_z_t,942,rock__rock.00048,rock,9,24.636871337890625,-25.45354652404785
full_noisy_z_t,943,rock__rock.00048,rock,9,26.109617233276367,-25.06848907470703
full_noisy_z_t,944,rock__rock.00048,rock,9,5.992118835449219,38.80796432495117
full_noisy_z_t,945,rock__rock.00048,rock,9,12.744651794433594,11.470778465270996
full_noisy_z_t,946,rock__rock.00048,rock,9,23.308700561523438,-25.253887176513672
full_noisy_z_t,947,rock__rock.00048,rock,9,6.018922328948975,38.16816329956055
full_noisy_z_t,948,rock__rock.00049,rock,9,32.595787048339844,36.75901412963867
full_noisy_z_t,949,rock__rock.00049,rock,9,33.004371643066406,34.9131965637207
full_noisy_z_t,950,rock__rock.00049,rock,9,30.74309539794922,30.978517532348633
full_noisy_z_t,951,rock__rock.00049,rock,9,29.051578521728516,32.471397399902344
full_noisy_z_t,952,rock__rock.00049,rock,9,29.82525634765625,32.092071533203125
full_noisy_z_t,953,rock__rock.00049,rock,9,31.390066146850586,34.588680267333984
full_noisy_z_t,954,rock__rock.00049,rock,9,32.279579162597656,34.052093505859375
full_noisy_z_t,955,rock__rock.00049,rock,9,23.06122589111328,29.742639541625977
full_noisy_z_t,956,rock__rock.00049,rock,9,-6.002416133880615,-41.567142486572266
full_noisy_z_t,957,rock__rock.00049,rock,9,-7.263169288635254,-41.569313049316406
full_noisy_z_t,958,rock__rock.00050,rock,9,-2.223860502243042,-36.323299407958984
full_noisy_z_t,959,rock__rock.00050,rock,9,-1.978345274925232,-40.3000373840332
full_noisy_z_t,960,rock__rock.00050,rock,9,-7.3227434158325195,-39.95840835571289
full_noisy_z_t,961,rock__rock.00050,rock,9,-7.500300407409668,-38.490135192871094
full_noisy_z_t,962,rock__rock.00050,rock,9,-2.227149486541748,-42.45188903808594
full_noisy_z_t,963,rock__rock.00050,rock,9,-2.875096321105957,-43.50117492675781
full_noisy_z_t,964,rock__rock.00050,rock,9,-7.201934337615967,-38.97113800048828
full_noisy_z_t,965,rock__rock.00050,rock,9,-6.221999168395996,-40.61652755737305
full_noisy_z_t,966,rock__rock.00054,rock,9,20.41984748840332,11.198786735534668
full_noisy_z_t,967,rock__rock.00054,rock,9,19.42094612121582,10.377385139465332
full_noisy_z_t,968,rock__rock.00054,rock,9,20.71695899963379,10.040135383605957
full_noisy_z_t,969,rock__rock.00054,rock,9,18.892005920410156,13.79240608215332
full_noisy_z_t,970,rock__rock.00054,rock,9,29.386810302734375,25.547903060913086
full_noisy_z_t,971,rock__rock.00054,rock,9,24.021087646484375,27.18463897705078
full_noisy_z_t,972,rock__rock.00054,rock,9,19.83674430847168,13.10926342010498
full_noisy_z_t,973,rock__rock.00054,rock,9,19.457468032836914,12.383856773376465
full_noisy_z_t,974,rock__rock.00054,rock,9,19.25254249572754,9.625246047973633
full_noisy_z_t,975,rock__rock.00054,rock,9,20.678442001342773,17.487680435180664
full_noisy_z_t,976,rock__rock.00080,rock,9,14.657021522521973,16.808673858642578
full_noisy_z_t,977,rock__rock.00080,rock,9,8.475214958190918,17.060426712036133
full_noisy_z_t,978,rock__rock.00080,rock,9,9.635711669921875,16.88849639892578
full_noisy_z_t,979,rock__rock.00080,rock,9,8.889872550964355,16.527572631835938
full_noisy_z_t,980,rock__rock.00080,rock,9,5.424185752868652,16.17340660095215
full_noisy_z_t,981,rock__rock.00085,rock,9,-33.96198272705078,0.05953935533761978
full_noisy_z_t,982,rock__rock.00085,rock,9,11.462844848632812,10.227670669555664
full_noisy_z_t,983,rock__rock.00085,rock,9,15.86828899383545,13.224847793579102
full_noisy_z_t,984,rock__rock.00085,rock,9,21.53209686279297,18.784120559692383
full_noisy_z_t,985,rock__rock.00085,rock,9,13.618887901306152,13.35288143157959
full_noisy_z_t,986,rock__rock.00085,rock,9,22.86882781982422,20.589946746826172
full_noisy_z_t,987,rock__rock.00086,rock,9,-35.5902214050293,-1.816742181777954
full_noisy_z_t,988,rock__rock.00086,rock,9,7.321474552154541,17.9437255859375
full_noisy_z_t,989,rock__rock.00086,rock,9,3.1632332801818848,22.10018539428711
full_noisy_z_t,990,rock__rock.00086,rock,9,-37.33180236816406,16.25705337524414
full_noisy_z_t,991,rock__rock.00092,rock,9,5.436264991760254,12.634231567382812
full_noisy_z_t,992,rock__rock.00092,rock,9,4.227596759796143,15.307037353515625
full_noisy_z_t,993,rock__rock.00092,rock,9,6.507068157196045,15.49405574798584
full_noisy_z_t,994,rock__rock.00092,rock,9,12.051339149475098,14.065110206604004
full_noisy_z_t,995,rock__rock.00092,rock,9,4.663172721862793,14.144277572631836
full_noisy_z_t,996,rock__rock.00092,rock,9,5.902228832244873,15.066104888916016
full_noisy_z_t,997,rock__rock.00092,rock,9,5.464683532714844,14.831005096435547
full_noisy_z_t,998,rock__rock.00092,rock,9,7.196580410003662,16.393295288085938
full_noisy_z_t,999,rock__rock.00092,rock,9,6.212632656097412,14.36246395111084
full_denoised_z_hat,0,blues__blues.00000,blues,0,0.09332144260406494,50.49299240112305
full_denoised_z_hat,1,blues__blues.00000,blues,0,0.14061732590198517,46.65453338623047
full_denoised_z_hat,2,blues__blues.00000,blues,0,-2.6348321437835693,48.02592849731445
full_denoised_z_hat,3,blues__blues.00000,blues,0,-3.0436201095581055,37.120750427246094
full_denoised_z_hat,4,blues__blues.00000,blues,0,1.7002990245819092,32.38853073120117
full_denoised_z_hat,5,blues__blues.00000,blues,0,0.9466254115104675,48.691219329833984
full_denoised_z_hat,6,blues__blues.00000,blues,0,-2.7009079456329346,47.91926574707031
full_denoised_z_hat,7,blues__blues.00001,blues,0,3.391418695449829,45.57560729980469
full_denoised_z_hat,8,blues__blues.00001,blues,0,2.5710625648498535,46.16593933105469
full_denoised_z_hat,9,blues__blues.00001,blues,0,1.6790205240249634,41.07634735107422
full_denoised_z_hat,10,blues__blues.00001,blues,0,-0.2047852724790573,41.4040641784668
full_denoised_z_hat,11,blues__blues.00001,blues,0,1.3382247686386108,39.06855010986328
full_denoised_z_hat,12,blues__blues.00001,blues,0,0.5574994683265686,39.39628982543945
full_denoised_z_hat,13,blues__blues.00001,blues,0,-4.082920551300049,41.62470626831055
full_denoised_z_hat,14,blues__blues.00009,blues,0,-0.7492734789848328,50.88264083862305
full_denoised_z_hat,15,blues__blues.00009,blues,0,-0.11870388686656952,49.66991424560547
full_denoised_z_hat,16,blues__blues.00009,blues,0,-0.2922433912754059,45.89754867553711
full_denoised_z_hat,17,blues__blues.00009,blues,0,-1.0630662441253662,48.831729888916016
full_denoised_z_hat,18,blues__blues.00009,blues,0,-0.9471135139465332,48.21456527709961
full_denoised_z_hat,19,blues__blues.00009,blues,0,1.0386500358581543,48.86732864379883
full_denoised_z_hat,20,blues__blues.00009,blues,0,-1.4455013275146484,44.11782455444336
full_denoised_z_hat,21,blues__blues.00009,blues,0,43.73631286621094,-5.080342769622803
full_denoised_z_hat,22,blues__blues.00009,blues,0,-0.33086684346199036,48.51500701904297
full_denoised_z_hat,23,blues__blues.00011,blues,0,2.883019208908081,30.549367904663086
full_denoised_z_hat,24,blues__blues.00011,blues,0,-1.7650266885757446,46.15272521972656
full_denoised_z_hat,25,blues__blues.00011,blues,0,1.0835180282592773,31.457218170166016
full_denoised_z_hat,26,blues__blues.00011,blues,0,10.51427936553955,21.065906524658203
full_denoised_z_hat,27,blues__blues.00011,blues,0,2.183969020843506,32.50383377075195
full_denoised_z_hat,28,blues__blues.00011,blues,0,2.399615526199341,46.99934768676758
full_denoised_z_hat,29,blues__blues.00011,blues,0,1.7895089387893677,32.4836311340332
full_denoised_z_hat,30,blues__blues.00031,blues,0,0.3046858608722687,46.6875
full_denoised_z_hat,31,blues__blues.00031,blues,0,1.4834576845169067,47.65916442871094
full_denoised_z_hat,32,blues__blues.00031,blues,0,2.2282209396362305,46.133827209472656
full_denoised_z_hat,33,blues__blues.00031,blues,0,1.3380626440048218,46.65195846557617
full_denoised_z_hat,34,blues__blues.00034,blues,0,-0.5663144588470459,45.672611236572266
full_denoised_z_hat,35,blues__blues.00034,blues,0,0.9342260956764221,45.35503005981445
full_denoised_z_hat,36,blues__blues.00034,blues,0,1.1234302520751953,39.85307693481445
full_denoised_z_hat,37,blues__blues.00034,blues,0,0.9516183137893677,30.14490509033203
full_denoised_z_hat,38,blues__blues.00034,blues,0,1.0682358741760254,39.270538330078125
full_denoised_z_hat,39,blues__blues.00034,blues,0,0.1663995385169983,47.35196304321289
full_denoised_z_hat,40,blues__blues.00039,blues,0,-0.6905597448348999,46.51073455810547
full_denoised_z_hat,41,blues__blues.00039,blues,0,1.1100150346755981,47.2718505859375
full_denoised_z_hat,42,blues__blues.00039,blues,0,1.5358176231384277,44.09294128417969
full_denoised_z_hat,43,blues__blues.00039,blues,0,0.865821361541748,47.85211181640625
full_denoised_z_hat,44,blues__blues.00039,blues,0,1.7300920486450195,47.003746032714844
full_denoised_z_hat,45,blues__blues.00052,blues,0,-0.3756738603115082,38.9132080078125
full_denoised_z_hat,46,blues__blues.00052,blues,0,7.4435930252075195,18.967161178588867
full_denoised_z_hat,47,blues__blues.00052,blues,0,-0.2756558656692505,46.88086700439453
full_denoised_z_hat,48,blues__blues.00052,blues,0,1.5970102548599243,37.578346252441406
full_denoised_z_hat,49,blues__blues.00052,blues,0,-3.5828497409820557,43.80989456176758
full_denoised_z_hat,50,blues__blues.00052,blues,0,-24.492448806762695,-21.97901725769043
full_denoised_z_hat,51,blues__blues.00054,blues,0,-7.594297885894775,46.5875129699707
full_denoised_z_hat,52,blues__blues.00054,blues,0,-7.166250705718994,46.72591018676758
full_denoised_z_hat,53,blues__blues.00054,blues,0,-5.77968692779541,47.054866790771484
full_denoised_z_hat,54,blues__blues.00054,blues,0,-7.402178764343262,46.93669128417969
full_denoised_z_hat,55,blues__blues.00054,blues,0,1.1803780794143677,46.529396057128906
full_denoised_z_hat,56,blues__blues.00054,blues,0,0.09553477168083191,44.958797454833984
full_denoised_z_hat,57,blues__blues.00057,blues,0,2.321077823638916,33.9080696105957
full_denoised_z_hat,58,blues__blues.00057,blues,0,-6.241268157958984,46.90426254272461
full_denoised_z_hat,59,blues__blues.00057,blues,0,-7.580963611602783,46.86668395996094
full_denoised_z_hat,60,blues__blues.00057,blues,0,-7.401355266571045,46.99109649658203
full_denoised_z_hat,61,blues__blues.00060,blues,0,-0.641629695892334,47.2346305847168
full_denoised_z_hat,62,blues__blues.00060,blues,0,0.3467016816139221,48.49871826171875
full_denoised_z_hat,63,blues__blues.00060,blues,0,-3.2637243270874023,45.76212692260742
full_denoised_z_hat,64,blues__blues.00060,blues,0,-1.0016200542449951,49.170711517333984
full_denoised_z_hat,65,blues__blues.00060,blues,0,-7.100292205810547,47.05949401855469
full_denoised_z_hat,66,blues__blues.00060,blues,0,-1.489068865776062,48.60346984863281
full_denoised_z_hat,67,blues__blues.00060,blues,0,-0.6721471548080444,47.397064208984375
full_denoised_z_hat,68,blues__blues.00066,blues,0,-2.2135093212127686,46.18110656738281
full_denoised_z_hat,69,blues__blues.00066,blues,0,-0.31481462717056274,48.99060821533203
full_denoised_z_hat,70,blues__blues.00066,blues,0,-4.226052284240723,41.63392639160156
full_denoised_z_hat,71,blues__blues.00066,blues,0,3.266822099685669,34.1817512512207
full_denoised_z_hat,72,blues__blues.00066,blues,0,3.118607759475708,32.94948959350586
full_denoised_z_hat,73,blues__blues.00066,blues,0,1.7584422826766968,40.713504791259766
full_denoised_z_hat,74,blues__blues.00066,blues,0,-1.1752798557281494,47.45795440673828
full_denoised_z_hat,75,blues__blues.00066,blues,0,0.3508303165435791,50.815853118896484
full_denoised_z_hat,76,blues__blues.00066,blues,0,-2.2259411811828613,46.90506362915039
full_denoised_z_hat,77,blues__blues.00068,blues,0,1.2352348566055298,47.27045440673828
full_denoised_z_hat,78,blues__blues.00068,blues,0,0.8896190524101257,50.445987701416016
full_denoised_z_hat,79,blues__blues.00068,blues,0,2.18471622467041,46.76959228515625
full_denoised_z_hat,80,blues__blues.00068,blues,0,-0.859657347202301,50.07687759399414
full_denoised_z_hat,81,blues__blues.00068,blues,0,0.5239741206169128,50.72782516479492
full_denoised_z_hat,82,blues__blues.00068,blues,0,1.6816526651382446,40.50782775878906
full_denoised_z_hat,83,blues__blues.00068,blues,0,-1.186790943145752,45.923309326171875
full_denoised_z_hat,84,blues__blues.00070,blues,0,21.398006439208984,20.71994400024414
full_denoised_z_hat,85,blues__blues.00070,blues,0,3.447721004486084,34.959938049316406
full_denoised_z_hat,86,blues__blues.00070,blues,0,4.201366901397705,35.22891616821289
full_denoised_z_hat,87,blues__blues.00070,blues,0,2.0318732261657715,40.716190338134766
full_denoised_z_hat,88,blues__blues.00070,blues,0,-1.5283554792404175,46.97056579589844
full_denoised_z_hat,89,blues__blues.00070,blues,0,17.026716232299805,19.199369430541992
full_denoised_z_hat,90,blues__blues.00070,blues,0,3.5235023498535156,33.36619567871094
full_denoised_z_hat,91,blues__blues.00071,blues,0,1.000544786453247,49.274478912353516
full_denoised_z_hat,92,blues__blues.00071,blues,0,1.740618348121643,39.27490234375
full_denoised_z_hat,93,blues__blues.00071,blues,0,-0.03838159516453743,49.02906036376953
full_denoised_z_hat,94,blues__blues.00071,blues,0,-0.2634391188621521,51.24290084838867
full_denoised_z_hat,95,blues__blues.00071,blues,0,0.28472092747688293,48.05656814575195
full_denoised_z_hat,96,blues__blues.00071,blues,0,1.8183668851852417,46.18617630004883
full_denoised_z_hat,97,blues__blues.00071,blues,0,-0.16962192952632904,48.4996223449707
full_denoised_z_hat,98,blues__blues.00071,blues,0,1.987540364265442,47.47399139404297
full_denoised_z_hat,99,blues__blues.00071,blues,0,0.11981475353240967,49.17526626586914
full_denoised_z_hat,100,classical__classical.00000,classical,1,25.56662368774414,-34.206790924072266
full_denoised_z_hat,101,classical__classical.00000,classical,1,25.184185028076172,-35.0652961730957
full_denoised_z_hat,102,classical__classical.00000,classical,1,24.146947860717773,-37.107147216796875
full_denoised_z_hat,103,classical__classical.00000,classical,1,24.177602767944336,-37.216983795166016
full_denoised_z_hat,104,classical__classical.00000,classical,1,26.30606460571289,-34.673580169677734
full_denoised_z_hat,105,classical__classical.00000,classical,1,28.229177474975586,-32.458717346191406
full_denoised_z_hat,106,classical__classical.00002,classical,1,23.30105972290039,-37.634620666503906
full_denoised_z_hat,107,classical__classical.00002,classical,1,24.351314544677734,-37.48884582519531
full_denoised_z_hat,108,classical__classical.00002,classical,1,23.327495574951172,-35.12752151489258
full_denoised_z_hat,109,classical__classical.00006,classical,1,26.096548080444336,-34.24348068237305
full_denoised_z_hat,110,classical__classical.00006,classical,1,26.430261611938477,-35.22796630859375
full_denoised_z_hat,111,classical__classical.00006,classical,1,26.487701416015625,-33.8129997253418
full_denoised_z_hat,112,classical__classical.00006,classical,1,23.044565200805664,-34.023372650146484
full_denoised_z_hat,113,classical__classical.00006,classical,1,23.95733070373535,-36.37859344482422
full_denoised_z_hat,114,classical__classical.00006,classical,1,26.331472396850586,-39.132320404052734
full_denoised_z_hat,115,classical__classical.00006,classical,1,25.544281005859375,-39.11933517456055
full_denoised_z_hat,116,classical__classical.00009,classical,1,24.440576553344727,-35.36460494995117
full_denoised_z_hat,117,classical__classical.00009,classical,1,22.765121459960938,-36.289764404296875
full_denoised_z_hat,118,classical__classical.00009,classical,1,24.301109313964844,-34.2823486328125
full_denoised_z_hat,119,classical__classical.00009,classical,1,28.39641761779785,-32.95405960083008
full_denoised_z_hat,120,classical__classical.00009,classical,1,28.478137969970703,-31.152362823486328
full_denoised_z_hat,121,classical__classical.00009,classical,1,24.945051193237305,-38.60947799682617
full_denoised_z_hat,122,classical__classical.00009,classical,1,24.110946655273438,-35.65223693847656
full_denoised_z_hat,123,classical__classical.00022,classical,1,27.367355346679688,-33.940670013427734
full_denoised_z_hat,124,classical__classical.00022,classical,1,22.472637176513672,-35.87553787231445
full_denoised_z_hat,125,classical__classical.00022,classical,1,25.903141021728516,-40.549713134765625
full_denoised_z_hat,126,classical__classical.00022,classical,1,26.96576499938965,-37.51405334472656
full_denoised_z_hat,127,classical__classical.00022,classical,1,23.524076461791992,-36.3343391418457
full_denoised_z_hat,128,classical__classical.00022,classical,1,27.282424926757812,-34.96584701538086
full_denoised_z_hat,129,classical__classical.00022,classical,1,27.33797264099121,-33.89529800415039
full_denoised_z_hat,130,classical__classical.00034,classical,1,28.86725425720215,-30.885866165161133
full_denoised_z_hat,131,classical__classical.00034,classical,1,24.5516300201416,-30.47901725769043
full_denoised_z_hat,132,classical__classical.00034,classical,1,24.741992950439453,-30.456422805786133
full_denoised_z_hat,133,classical__classical.00034,classical,1,26.42935562133789,-29.812772750854492
full_denoised_z_hat,134,classical__classical.00034,classical,1,28.74608612060547,-28.245351791381836
full_denoised_z_hat,135,classical__classical.00034,classical,1,22.956785202026367,-31.07521629333496
full_denoised_z_hat,136,classical__classical.00034,classical,1,26.26738929748535,-32.8291130065918
full_denoised_z_hat,137,classical__classical.00037,classical,1,22.6702938079834,-35.656341552734375
full_denoised_z_hat,138,classical__classical.00037,classical,1,26.793537139892578,-32.85917663574219
full_denoised_z_hat,139,classical__classical.00037,classical,1,27.10891342163086,-35.796165466308594
full_denoised_z_hat,140,classical__classical.00037,classical,1,23.94508934020996,-38.579856872558594
full_denoised_z_hat,141,classical__classical.00037,classical,1,21.429489135742188,-36.156028747558594
full_denoised_z_hat,142,classical__classical.00037,classical,1,28.351295471191406,-31.752405166625977
full_denoised_z_hat,143,classical__classical.00037,classical,1,24.90361213684082,-35.2292366027832
full_denoised_z_hat,144,classical__classical.00037,classical,1,24.285499572753906,-36.98722839355469
full_denoised_z_hat,145,classical__classical.00039,classical,1,25.48065757751465,-38.38500213623047
full_denoised_z_hat,146,classical__classical.00039,classical,1,26.477882385253906,-33.47724151611328
full_denoised_z_hat,147,classical__classical.00039,classical,1,26.969850540161133,-33.41592788696289
full_denoised_z_hat,148,classical__classical.00039,classical,1,26.82585334777832,-34.764957427978516
full_denoised_z_hat,149,classical__classical.00039,classical,1,23.185440063476562,-32.27956008911133
full_denoised_z_hat,150,classical__classical.00039,classical,1,24.68719482421875,-34.18843078613281
full_denoised_z_hat,151,classical__classical.00047,classical,1,24.157733917236328,-34.611263275146484
full_denoised_z_hat,152,classical__classical.00047,classical,1,23.232494354248047,-36.04556655883789
full_denoised_z_hat,153,classical__classical.00047,classical,1,26.15985870361328,-37.854496002197266
full_denoised_z_hat,154,classical__classical.00047,classical,1,23.128929138183594,-36.43158721923828
full_denoised_z_hat,155,classical__classical.00047,classical,1,24.813135147094727,-33.35648727416992
full_denoised_z_hat,156,classical__classical.00047,classical,1,22.789888381958008,-34.96946334838867
full_denoised_z_hat,157,classical__classical.00053,classical,1,23.690950393676758,-37.34366226196289
full_denoised_z_hat,158,classical__classical.00053,classical,1,22.220115661621094,-34.54953384399414
full_denoised_z_hat,159,classical__classical.00053,classical,1,24.583778381347656,-38.43768310546875
full_denoised_z_hat,160,classical__classical.00053,classical,1,21.516176223754883,-36.81587600708008
full_denoised_z_hat,161,classical__classical.00053,classical,1,23.99645233154297,-35.310951232910156
full_denoised_z_hat,162,classical__classical.00056,classical,1,22.890888214111328,-37.4693603515625
full_denoised_z_hat,163,classical__classical.00056,classical,1,25.60410499572754,-39.34641647338867
full_denoised_z_hat,164,classical__classical.00056,classical,1,24.08039665222168,-37.48374557495117
full_denoised_z_hat,165,classical__classical.00056,classical,1,22.002391815185547,-33.297523498535156
full_denoised_z_hat,166,classical__classical.00056,classical,1,21.83660125732422,-31.801185607910156
full_denoised_z_hat,167,classical__classical.00056,classical,1,21.73739242553711,-29.883838653564453
full_denoised_z_hat,168,classical__classical.00056,classical,1,28.410629272460938,35.410911560058594
full_denoised_z_hat,169,classical__classical.00056,classical,1,22.523765563964844,-28.60887908935547
full_denoised_z_hat,170,classical__classical.00056,classical,1,22.461273193359375,-33.96672439575195
full_denoised_z_hat,171,classical__classical.00056,classical,1,26.07849884033203,-34.87255859375
full_denoised_z_hat,172,classical__classical.00057,classical,1,35.535186767578125,-8.948103904724121
full_denoised_z_hat,173,classical__classical.00057,classical,1,35.76237487792969,-3.7304084300994873
full_denoised_z_hat,174,classical__classical.00057,classical,1,26.01997947692871,-32.99070358276367
full_denoised_z_hat,175,classical__classical.00057,classical,1,26.19037437438965,-32.546573638916016
full_denoised_z_hat,176,classical__classical.00057,classical,1,36.95841979980469,-8.083273887634277
full_denoised_z_hat,177,classical__classical.00057,classical,1,37.14739227294922,-7.62260627746582
full_denoised_z_hat,178,classical__classical.00057,classical,1,27.129350662231445,-34.64143753051758
full_denoised_z_hat,179,classical__classical.00057,classical,1,36.577232360839844,-8.8944730758667
full_denoised_z_hat,180,classical__classical.00057,classical,1,35.75168991088867,-9.007463455200195
full_denoised_z_hat,181,classical__classical.00057,classical,1,27.466928482055664,-30.0799617767334
full_denoised_z_hat,182,classical__classical.00065,classical,1,26.62166976928711,-38.5031623840332
full_denoised_z_hat,183,classical__classical.00065,classical,1,23.893123626708984,-33.327816009521484
full_denoised_z_hat,184,classical__classical.00065,classical,1,24.49872398376465,-34.57488250732422
full_denoised_z_hat,185,classical__classical.00065,classical,1,25.15673828125,-35.8521728515625
full_denoised_z_hat,186,classical__classical.00082,classical,1,25.791854858398438,-34.38667297363281
full_denoised_z_hat,187,classical__classical.00082,classical,1,24.52117347717285,-30.087627410888672
full_denoised_z_hat,188,classical__classical.00082,classical,1,24.853208541870117,-35.96394729614258
full_denoised_z_hat,189,classical__classical.00082,classical,1,26.544504165649414,-38.47422790527344
full_denoised_z_hat,190,classical__classical.00082,classical,1,28.825132369995117,-30.440204620361328
full_denoised_z_hat,191,classical__classical.00082,classical,1,27.884614944458008,-30.971637725830078
full_denoised_z_hat,192,classical__classical.00091,classical,1,24.649362564086914,-38.311561584472656
full_denoised_z_hat,193,classical__classical.00091,classical,1,24.497817993164062,-36.826900482177734
full_denoised_z_hat,194,classical__classical.00091,classical,1,26.154521942138672,-39.42483901977539
full_denoised_z_hat,195,classical__classical.00091,classical,1,23.0521183013916,-32.651878356933594
full_denoised_z_hat,196,classical__classical.00091,classical,1,22.125682830810547,-36.49991989135742
full_denoised_z_hat,197,classical__classical.00091,classical,1,22.765363693237305,-35.430992126464844
full_denoised_z_hat,198,classical__classical.00091,classical,1,24.301347732543945,-38.43659591674805
full_denoised_z_hat,199,classical__classical.00091,classical,1,22.714508056640625,-34.48276901245117
full_denoised_z_hat,200,country__country.00001,country,2,34.23186492919922,29.86280632019043
full_denoised_z_hat,201,country__country.00001,country,2,34.6599006652832,30.383054733276367
full_denoised_z_hat,202,country__country.00001,country,2,34.930625915527344,33.001766204833984
full_denoised_z_hat,203,country__country.00001,country,2,31.54461669921875,28.054872512817383
full_denoised_z_hat,204,country__country.00001,country,2,33.06972122192383,29.937225341796875
full_denoised_z_hat,205,country__country.00011,country,2,17.31763458251953,12.918251037597656
full_denoised_z_hat,206,country__country.00011,country,2,29.336719512939453,26.695804595947266
full_denoised_z_hat,207,country__country.00011,country,2,26.05339241027832,26.062437057495117
full_denoised_z_hat,208,country__country.00011,country,2,30.51811981201172,30.467098236083984
full_denoised_z_hat,209,country__country.00011,country,2,-1.395216703414917,-39.4611930847168
full_denoised_z_hat,210,country__country.00011,country,2,19.83607292175293,11.500574111938477
full_denoised_z_hat,211,country__country.00011,country,2,-25.68596076965332,29.80168914794922
full_denoised_z_hat,212,country__country.00011,country,2,19.279403686523438,25.987329483032227
full_denoised_z_hat,213,country__country.00013,country,2,29.376663208007812,26.48395538330078
full_denoised_z_hat,214,country__country.00013,country,2,34.63608169555664,29.935110092163086
full_denoised_z_hat,215,country__country.00013,country,2,29.152938842773438,29.742446899414062
full_denoised_z_hat,216,country__country.00013,country,2,-41.127899169921875,5.953851222991943
full_denoised_z_hat,217,country__country.00013,country,2,-40.43620300292969,5.358770370483398
full_denoised_z_hat,218,country__country.00013,country,2,26.914831161499023,35.18040084838867
full_denoised_z_hat,219,country__country.00013,country,2,29.29850959777832,26.190223693847656
full_denoised_z_hat,220,country__country.00013,country,2,19.719196319580078,19.061931610107422
full_denoised_z_hat,221,country__country.00013,country,2,-31.14902687072754,3.905277967453003
full_denoised_z_hat,222,country__country.00013,country,2,29.810598373413086,30.96776580810547
full_denoised_z_hat,223,country__country.00029,country,2,36.016807556152344,32.04176330566406
full_denoised_z_hat,224,country__country.00029,country,2,35.74392318725586,32.556365966796875
full_denoised_z_hat,225,country__country.00029,country,2,35.70323181152344,32.94960403442383
full_denoised_z_hat,226,country__country.00029,country,2,31.995553970336914,31.997665405273438
full_denoised_z_hat,227,country__country.00029,country,2,31.304386138916016,32.46813201904297
full_denoised_z_hat,228,country__country.00029,country,2,35.99186325073242,32.4787712097168
full_denoised_z_hat,229,country__country.00047,country,2,29.970359802246094,33.48280715942383
full_denoised_z_hat,230,country__country.00057,country,2,30.179420471191406,31.717491149902344
full_denoised_z_hat,231,country__country.00057,country,2,35.683815002441406,29.903078079223633
full_denoised_z_hat,232,country__country.00057,country,2,33.0604362487793,32.678497314453125
full_denoised_z_hat,233,country__country.00057,country,2,28.336811065673828,28.38835906982422
full_denoised_z_hat,234,country__country.00057,country,2,33.21469497680664,29.17131996154785
full_denoised_z_hat,235,country__country.00057,country,2,33.37432098388672,30.014522552490234
full_denoised_z_hat,236,country__country.00057,country,2,34.3406982421875,29.570249557495117
full_denoised_z_hat,237,country__country.00057,country,2,7.475429058074951,11.386576652526855
full_denoised_z_hat,238,country__country.00057,country,2,5.489610195159912,9.642857551574707
full_denoised_z_hat,239,country__country.00057,country,2,29.922433853149414,31.313304901123047
full_denoised_z_hat,240,country__country.00059,country,2,25.161373138427734,30.22062873840332
full_denoised_z_hat,241,country__country.00059,country,2,20.440641403198242,33.543575286865234
full_denoised_z_hat,242,country__country.00059,country,2,20.937469482421875,33.44245910644531
full_denoised_z_hat,243,country__country.00059,country,2,32.94530487060547,28.641368865966797
full_denoised_z_hat,244,country__country.00059,country,2,20.89531135559082,32.61048126220703
full_denoised_z_hat,245,country__country.00059,country,2,35.38575744628906,31.615753173828125
full_denoised_z_hat,246,country__country.00067,country,2,33.967247009277344,33.5427360534668
full_denoised_z_hat,247,country__country.00067,country,2,35.794551849365234,32.94279479980469
full_denoised_z_hat,248,country__country.00067,country,2,34.827144622802734,34.36164474487305
full_denoised_z_hat,249,country__country.00067,country,2,30.949935913085938,32.26100540161133
full_denoised_z_hat,250,country__country.00067,country,2,27.76398468017578,36.17274475097656
full_denoised_z_hat,251,country__country.00067,country,2,33.942405700683594,32.37834930419922
full_denoised_z_hat,252,country__country.00067,country,2,33.227420806884766,34.144283294677734
full_denoised_z_hat,253,country__country.00067,country,2,35.80561447143555,33.1313362121582
full_denoised_z_hat,254,country__country.00068,country,2,32.02521514892578,28.622695922851562
full_denoised_z_hat,255,country__country.00068,country,2,21.712902069091797,23.888277053833008
full_denoised_z_hat,256,country__country.00068,country,2,20.284976959228516,24.447153091430664
full_denoised_z_hat,257,country__country.00068,country,2,28.74492073059082,33.64939498901367
full_denoised_z_hat,258,country__country.00068,country,2,27.93866539001465,35.140140533447266
full_denoised_z_hat,259,country__country.00068,country,2,20.43952178955078,33.657737731933594
full_denoised_z_hat,260,country__country.00068,country,2,31.759746551513672,31.143280029296875
full_denoised_z_hat,261,country__country.00068,country,2,8.621720314025879,18.146163940429688
full_denoised_z_hat,262,country__country.00069,country,2,27.803436279296875,25.86484146118164
full_denoised_z_hat,263,country__country.00069,country,2,34.56308364868164,32.3994140625
full_denoised_z_hat,264,country__country.00069,country,2,33.627986907958984,32.10557556152344
full_denoised_z_hat,265,country__country.00069,country,2,33.92901611328125,31.894739151000977
full_denoised_z_hat,266,country__country.00069,country,2,27.667877197265625,27.786176681518555
full_denoised_z_hat,267,country__country.00069,country,2,35.420196533203125,30.310361862182617
full_denoised_z_hat,268,country__country.00069,country,2,35.31255340576172,31.934240341186523
full_denoised_z_hat,269,country__country.00075,country,2,6.09000301361084,20.337360382080078
full_denoised_z_hat,270,country__country.00075,country,2,4.3578691482543945,35.26547622680664
full_denoised_z_hat,271,country__country.00075,country,2,0.07219284772872925,42.0221061706543
full_denoised_z_hat,272,country__country.00075,country,2,2.8977227210998535,35.3974494934082
full_denoised_z_hat,273,country__country.00075,country,2,20.226272583007812,33.51355743408203
full_denoised_z_hat,274,country__country.00075,country,2,20.039329528808594,33.332916259765625
full_denoised_z_hat,275,country__country.00076,country,2,26.56157112121582,25.883220672607422
full_denoised_z_hat,276,country__country.00076,country,2,28.04128646850586,25.55384063720703
full_denoised_z_hat,277,country__country.00076,country,2,18.16299819946289,18.90059471130371
full_denoised_z_hat,278,country__country.00076,country,2,32.0098991394043,31.019119262695312
full_denoised_z_hat,279,country__country.00076,country,2,18.793018341064453,18.910940170288086
full_denoised_z_hat,280,country__country.00076,country,2,0.6465639472007751,39.319305419921875
full_denoised_z_hat,281,country__country.00076,country,2,1.7293105125427246,32.209075927734375
full_denoised_z_hat,282,country__country.00077,country,2,30.076515197753906,32.774898529052734
full_denoised_z_hat,283,country__country.00077,country,2,26.499820709228516,25.988527297973633
full_denoised_z_hat,284,country__country.00077,country,2,32.333438873291016,29.059415817260742
full_denoised_z_hat,285,country__country.00077,country,2,31.23855972290039,29.821046829223633
full_denoised_z_hat,286,country__country.00077,country,2,28.954214096069336,29.617027282714844
full_denoised_z_hat,287,country__country.00077,country,2,34.97715759277344,31.76268196105957
full_denoised_z_hat,288,country__country.00097,country,2,33.81715774536133,31.445146560668945
full_denoised_z_hat,289,country__country.00097,country,2,29.996036529541016,26.644102096557617
full_denoised_z_hat,290,country__country.00097,country,2,33.20506286621094,30.22665023803711
full_denoised_z_hat,291,country__country.00097,country,2,34.036067962646484,29.318801879882812
full_denoised_z_hat,292,country__country.00097,country,2,33.49003601074219,29.578109741210938
full_denoised_z_hat,293,country__country.00099,country,2,-0.5404777526855469,46.8259162902832
full_denoised_z_hat,294,country__country.00099,country,2,-2.3316569328308105,47.11465835571289
full_denoised_z_hat,295,country__country.00099,country,2,1.1867938041687012,43.955963134765625
full_denoised_z_hat,296,country__country.00099,country,2,1.7023252248764038,43.267059326171875
full_denoised_z_hat,297,country__country.00099,country,2,-2.5865345001220703,48.16953659057617
full_denoised_z_hat,298,country__country.00099,country,2,-1.5513415336608887,47.617393493652344
full_denoised_z_hat,299,country__country.00099,country,2,-0.9704889059066772,48.39518737792969
full_denoised_z_hat,300,disco__disco.00000,disco,3,-40.8931999206543,0.7876274585723877
full_denoised_z_hat,301,disco__disco.00000,disco,3,-40.96852111816406,1.3267847299575806
full_denoised_z_hat,302,disco__disco.00000,disco,3,-40.68532943725586,0.1361667811870575
full_denoised_z_hat,303,disco__disco.00000,disco,3,-31.626070022583008,-4.090129375457764
full_denoised_z_hat,304,disco__disco.00000,disco,3,-31.22100257873535,-4.328668594360352
full_denoised_z_hat,305,disco__disco.00000,disco,3,-30.83650016784668,-4.300844669342041
full_denoised_z_hat,306,disco__disco.00000,disco,3,-34.34712600708008,-2.6049394607543945
full_denoised_z_hat,307,disco__disco.00000,disco,3,-36.297855377197266,-1.5869354009628296
full_denoised_z_hat,308,disco__disco.00000,disco,3,-35.079933166503906,-2.0065951347351074
full_denoised_z_hat,309,disco__disco.00003,disco,3,25.532169342041016,25.3395938873291
full_denoised_z_hat,310,disco__disco.00003,disco,3,-35.45187759399414,3.0378127098083496
full_denoised_z_hat,311,disco__disco.00003,disco,3,-39.90321731567383,6.3682684898376465
full_denoised_z_hat,312,disco__disco.00003,disco,3,-42.25297927856445,3.833714485168457
full_denoised_z_hat,313,disco__disco.00003,disco,3,-39.05491638183594,6.20344877243042
full_denoised_z_hat,314,disco__disco.00003,disco,3,-42.767303466796875,3.673384189605713
full_denoised_z_hat,315,disco__disco.00010,disco,3,-3.724860429763794,-47.46919631958008
full_denoised_z_hat,316,disco__disco.00010,disco,3,-34.69999313354492,-13.782181739807129
full_denoised_z_hat,317,disco__disco.00010,disco,3,-38.38284683227539,-1.2651433944702148
full_denoised_z_hat,318,disco__disco.00010,disco,3,-21.20962905883789,-31.373809814453125
full_denoised_z_hat,319,disco__disco.00010,disco,3,-35.00619125366211,-12.983572006225586
full_denoised_z_hat,320,disco__disco.00010,disco,3,-32.73513412475586,-4.521944999694824
full_denoised_z_hat,321,disco__disco.00020,disco,3,19.135007858276367,25.124513626098633
full_denoised_z_hat,322,disco__disco.00020,disco,3,11.833709716796875,20.74618148803711
full_denoised_z_hat,323,disco__disco.00020,disco,3,-31.054269790649414,-3.403184175491333
full_denoised_z_hat,324,disco__disco.00021,disco,3,-33.38447189331055,6.213667392730713
full_denoised_z_hat,325,disco__disco.00021,disco,3,-33.71944046020508,3.354954719543457
full_denoised_z_hat,326,disco__disco.00021,disco,3,-34.14411163330078,6.097932815551758
full_denoised_z_hat,327,disco__disco.00021,disco,3,-33.69514846801758,6.174129962921143
full_denoised_z_hat,328,disco__disco.00021,disco,3,-34.058937072753906,2.9794344902038574
full_denoised_z_hat,329,disco__disco.00021,disco,3,-1.518131971359253,-50.497215270996094
full_denoised_z_hat,330,disco__disco.00021,disco,3,-3.512474536895752,-50.736995697021484
full_denoised_z_hat,331,disco__disco.00021,disco,3,-6.8329997062683105,-49.30759048461914
full_denoised_z_hat,332,disco__disco.00030,disco,3,-41.338836669921875,0.3906950354576111
full_denoised_z_hat,333,disco__disco.00030,disco,3,-36.78468704223633,-1.8897464275360107
full_denoised_z_hat,334,disco__disco.00030,disco,3,-37.303443908691406,-1.7181835174560547
full_denoised_z_hat,335,disco__disco.00030,disco,3,-37.910888671875,0.6387640237808228
full_denoised_z_hat,336,disco__disco.00030,disco,3,-41.35917663574219,1.9237951040267944
full_denoised_z_hat,337,disco__disco.00030,disco,3,-40.73457717895508,0.45139583945274353
full_denoised_z_hat,338,disco__disco.00030,disco,3,-36.565673828125,-1.8281116485595703
full_denoised_z_hat,339,disco__disco.00030,disco,3,-40.78080368041992,1.7372651100158691
full_denoised_z_hat,340,disco__disco.00030,disco,3,-41.66437530517578,1.7147419452667236
full_denoised_z_hat,341,disco__disco.00030,disco,3,-33.73884582519531,-2.9232590198516846
full_denoised_z_hat,342,disco__disco.00040,disco,3,-37.93192672729492,15.11781120300293
full_denoised_z_hat,343,disco__disco.00040,disco,3,-40.03855895996094,9.928349494934082
full_denoised_z_hat,344,disco__disco.00040,disco,3,-42.425418853759766,5.92706298828125
full_denoised_z_hat,345,disco__disco.00040,disco,3,-37.54533386230469,14.871788024902344
full_denoised_z_hat,346,disco__disco.00040,disco,3,-38.50472640991211,13.577220916748047
full_denoised_z_hat,347,disco__disco.00040,disco,3,-38.04460906982422,14.524169921875
full_denoised_z_hat,348,disco__disco.00044,disco,3,-38.74570846557617,6.243127346038818
full_denoised_z_hat,349,disco__disco.00044,disco,3,-38.21320343017578,6.652369976043701
full_denoised_z_hat,350,disco__disco.00044,disco,3,-33.757144927978516,6.299683570861816
full_denoised_z_hat,351,disco__disco.00044,disco,3,-42.08022689819336,4.759716987609863
full_denoised_z_hat,352,disco__disco.00044,disco,3,-39.90610885620117,5.185092449188232
full_denoised_z_hat,353,disco__disco.00044,disco,3,-41.49277877807617,5.269232749938965
full_denoised_z_hat,354,disco__disco.00044,disco,3,-42.917076110839844,4.294536113739014
full_denoised_z_hat,355,disco__disco.00044,disco,3,-38.49585723876953,6.215523719787598
full_denoised_z_hat,356,disco__disco.00044,disco,3,-41.22673797607422,4.215708255767822
full_denoised_z_hat,357,disco__disco.00044,disco,3,-41.83191680908203,5.020963668823242
full_denoised_z_hat,358,disco__disco.00044,disco,3,-41.366363525390625,4.449830532073975
full_denoised_z_hat,359,disco__disco.00055,disco,3,-42.222774505615234,5.888426780700684
full_denoised_z_hat,360,disco__disco.00055,disco,3,-42.983795166015625,5.380003929138184
full_denoised_z_hat,361,disco__disco.00055,disco,3,-40.075721740722656,1.0673069953918457
full_denoised_z_hat,362,disco__disco.00055,disco,3,-42.777366638183594,1.8745228052139282
full_denoised_z_hat,363,disco__disco.00055,disco,3,-42.88077163696289,5.012725830078125
full_denoised_z_hat,364,disco__disco.00055,disco,3,-42.95389938354492,5.722458362579346
full_denoised_z_hat,365,disco__disco.00055,disco,3,-41.85832977294922,2.602177858352661
full_denoised_z_hat,366,disco__disco.00064,disco,3,-42.04378128051758,1.8272749185562134
full_denoised_z_hat,367,disco__disco.00064,disco,3,-41.00904083251953,4.82923698425293
full_denoised_z_hat,368,disco__disco.00064,disco,3,-42.95172119140625,4.996464252471924
full_denoised_z_hat,369,disco__disco.00064,disco,3,-41.221649169921875,5.046115398406982
full_denoised_z_hat,370,disco__disco.00075,disco,3,-41.03221130371094,4.6615095138549805
full_denoised_z_hat,371,disco__disco.00075,disco,3,-41.02839279174805,5.028441905975342
full_denoised_z_hat,372,disco__disco.00075,disco,3,-40.80485153198242,2.7393407821655273
full_denoised_z_hat,373,disco__disco.00075,disco,3,-6.748263359069824,-11.638543128967285
full_denoised_z_hat,374,disco__disco.00075,disco,3,-42.583839416503906,4.768306255340576
full_denoised_z_hat,375,disco__disco.00075,disco,3,-39.32279968261719,2.437525749206543
full_denoised_z_hat,376,disco__disco.00075,disco,3,-39.09217834472656,2.6544790267944336
full_denoised_z_hat,377,disco__disco.00075,disco,3,-39.505897521972656,2.4481310844421387
full_denoised_z_hat,378,disco__disco.00084,disco,3,-40.36581039428711,5.037458896636963
full_denoised_z_hat,379,disco__disco.00084,disco,3,-43.447940826416016,2.058656692504883
full_denoised_z_hat,380,disco__disco.00084,disco,3,-40.911895751953125,1.7766096591949463
full_denoised_z_hat,381,disco__disco.00084,disco,3,-45.965206146240234,0.003416824620217085
full_denoised_z_hat,382,disco__disco.00084,disco,3,-43.15787887573242,2.225271224975586
full_denoised_z_hat,383,disco__disco.00084,disco,3,-40.214595794677734,8.859759330749512
full_denoised_z_hat,384,disco__disco.00084,disco,3,-40.366397857666016,8.231279373168945
full_denoised_z_hat,385,disco__disco.00093,disco,3,-42.25334930419922,3.3696393966674805
full_denoised_z_hat,386,disco__disco.00093,disco,3,-42.08066940307617,2.946260929107666
full_denoised_z_hat,387,disco__disco.00093,disco,3,-42.07558059692383,1.9145796298980713
full_denoised_z_hat,388,disco__disco.00093,disco,3,-41.17451477050781,1.1739732027053833
full_denoised_z_hat,389,disco__disco.00093,disco,3,-42.95065689086914,1.214565396308899
full_denoised_z_hat,390,disco__disco.00093,disco,3,-41.84563064575195,0.6858572959899902
full_denoised_z_hat,391,disco__disco.00094,disco,3,-28.802331924438477,24.83849334716797
full_denoised_z_hat,392,disco__disco.00094,disco,3,-37.18235397338867,14.754474639892578
full_denoised_z_hat,393,disco__disco.00094,disco,3,-32.68024444580078,21.127613067626953
full_denoised_z_hat,394,disco__disco.00094,disco,3,-36.304927825927734,15.83309555053711
full_denoised_z_hat,395,disco__disco.00094,disco,3,-35.90886306762695,-0.17842203378677368
full_denoised_z_hat,396,disco__disco.00095,disco,3,-43.05766296386719,3.486910581588745
full_denoised_z_hat,397,disco__disco.00095,disco,3,-41.94203567504883,3.3911540508270264
full_denoised_z_hat,398,disco__disco.00095,disco,3,-41.62565231323242,1.495449423789978
full_denoised_z_hat,399,disco__disco.00095,disco,3,-40.11568069458008,8.63689136505127
full_denoised_z_hat,400,hiphop__hiphop.00002,hiphop,4,-32.246212005615234,-20.248428344726562
full_denoised_z_hat,401,hiphop__hiphop.00002,hiphop,4,-33.022682189941406,-22.31184196472168
full_denoised_z_hat,402,hiphop__hiphop.00002,hiphop,4,-31.591978073120117,-21.377904891967773
full_denoised_z_hat,403,hiphop__hiphop.00002,hiphop,4,-32.90557861328125,-22.97205352783203
full_denoised_z_hat,404,hiphop__hiphop.00002,hiphop,4,-31.938350677490234,-20.86199378967285
full_denoised_z_hat,405,hiphop__hiphop.00034,hiphop,4,-33.76924133300781,-26.200788497924805
full_denoised_z_hat,406,hiphop__hiphop.00034,hiphop,4,-32.79052734375,-24.61791229248047
full_denoised_z_hat,407,hiphop__hiphop.00034,hiphop,4,-30.962228775024414,-25.473073959350586
full_denoised_z_hat,408,hiphop__hiphop.00034,hiphop,4,-30.770017623901367,-25.34792709350586
full_denoised_z_hat,409,hiphop__hiphop.00034,hiphop,4,-31.60578155517578,-24.098617553710938
full_denoised_z_hat,410,hiphop__hiphop.00034,hiphop,4,-33.90631866455078,-25.37563705444336
full_denoised_z_hat,411,hiphop__hiphop.00038,hiphop,4,-31.16448211669922,-23.876556396484375
full_denoised_z_hat,412,hiphop__hiphop.00038,hiphop,4,-33.94405746459961,-25.964988708496094
full_denoised_z_hat,413,hiphop__hiphop.00038,hiphop,4,-34.05144119262695,-24.72010612487793
full_denoised_z_hat,414,hiphop__hiphop.00038,hiphop,4,-31.239606857299805,-23.78192710876465
full_denoised_z_hat,415,hiphop__hiphop.00040,hiphop,4,-6.08952522277832,-42.75770568847656
full_denoised_z_hat,416,hiphop__hiphop.00040,hiphop,4,-7.40209436416626,-43.41511917114258
full_denoised_z_hat,417,hiphop__hiphop.00040,hiphop,4,-6.593420505523682,-47.951316833496094
full_denoised_z_hat,418,hiphop__hiphop.00040,hiphop,4,-4.07106876373291,-41.66795349121094
full_denoised_z_hat,419,hiphop__hiphop.00040,hiphop,4,-8.226765632629395,-49.70766067504883
full_denoised_z_hat,420,hiphop__hiphop.00040,hiphop,4,-6.163912773132324,-47.9605712890625
full_denoised_z_hat,421,hiphop__hiphop.00040,hiphop,4,-6.188938140869141,-47.87408447265625
full_denoised_z_hat,422,hiphop__hiphop.00042,hiphop,4,-7.127106666564941,-46.97214126586914
full_denoised_z_hat,423,hiphop__hiphop.00042,hiphop,4,-22.679101943969727,-31.377483367919922
full_denoised_z_hat,424,hiphop__hiphop.00042,hiphop,4,-22.384395599365234,-31.958892822265625
full_denoised_z_hat,425,hiphop__hiphop.00042,hiphop,4,-22.197988510131836,-31.34231948852539
full_denoised_z_hat,426,hiphop__hiphop.00042,hiphop,4,-30.870159149169922,-27.355575561523438
full_denoised_z_hat,427,hiphop__hiphop.00042,hiphop,4,-21.613248825073242,-32.73495101928711
full_denoised_z_hat,428,hiphop__hiphop.00042,hiphop,4,-23.384443283081055,-31.356565475463867
full_denoised_z_hat,429,hiphop__hiphop.00042,hiphop,4,-38.655494689941406,23.57205581665039
full_denoised_z_hat,430,hiphop__hiphop.00044,hiphop,4,-30.23488426208496,-26.330467224121094
full_denoised_z_hat,431,hiphop__hiphop.00044,hiphop,4,-13.49422550201416,-45.8040885925293
full_denoised_z_hat,432,hiphop__hiphop.00044,hiphop,4,18.187570571899414,12.148893356323242
full_denoised_z_hat,433,hiphop__hiphop.00044,hiphop,4,27.632583618164062,33.1115837097168
full_denoised_z_hat,434,hiphop__hiphop.00044,hiphop,4,22.508840560913086,15.37277603149414
full_denoised_z_hat,435,hiphop__hiphop.00044,hiphop,4,24.955839157104492,30.505516052246094
full_denoised_z_hat,436,hiphop__hiphop.00044,hiphop,4,-24.20963478088379,-21.77408218383789
full_denoised_z_hat,437,hiphop__hiphop.00053,hiphop,4,-33.241329193115234,6.211062908172607
full_denoised_z_hat,438,hiphop__hiphop.00053,hiphop,4,-14.400263786315918,-48.79905319213867
full_denoised_z_hat,439,hiphop__hiphop.00053,hiphop,4,-4.024975299835205,-50.89802551269531
full_denoised_z_hat,440,hiphop__hiphop.00053,hiphop,4,-15.143786430358887,-49.01459884643555
full_denoised_z_hat,441,hiphop__hiphop.00053,hiphop,4,-15.135004043579102,-48.92195510864258
full_denoised_z_hat,442,hiphop__hiphop.00053,hiphop,4,-31.68056297302246,-25.309795379638672
full_denoised_z_hat,443,hiphop__hiphop.00053,hiphop,4,-22.949838638305664,-30.640657424926758
full_denoised_z_hat,444,hiphop__hiphop.00053,hiphop,4,-28.762977600097656,-26.519561767578125
full_denoised_z_hat,445,hiphop__hiphop.00053,hiphop,4,-11.253520965576172,-48.333248138427734
full_denoised_z_hat,446,hiphop__hiphop.00076,hiphop,4,-30.2200870513916,-25.83138084411621
full_denoised_z_hat,447,hiphop__hiphop.00076,hiphop,4,-31.040563583374023,-26.83591651916504
full_denoised_z_hat,448,hiphop__hiphop.00076,hiphop,4,-33.64238739013672,-26.656057357788086
full_denoised_z_hat,449,hiphop__hiphop.00076,hiphop,4,-29.428552627563477,-25.22138786315918
full_denoised_z_hat,450,hiphop__hiphop.00076,hiphop,4,-30.8554744720459,-27.69683074951172
full_denoised_z_hat,451,hiphop__hiphop.00076,hiphop,4,-31.137739181518555,-26.822641372680664
full_denoised_z_hat,452,hiphop__hiphop.00079,hiphop,4,-5.583009243011475,-49.271392822265625
full_denoised_z_hat,453,hiphop__hiphop.00079,hiphop,4,-5.023669719696045,-47.13749694824219
full_denoised_z_hat,454,hiphop__hiphop.00079,hiphop,4,-6.837192535400391,-47.718074798583984
full_denoised_z_hat,455,hiphop__hiphop.00079,hiphop,4,-7.2016730308532715,-46.643577575683594
full_denoised_z_hat,456,hiphop__hiphop.00079,hiphop,4,-5.472923278808594,-48.93987274169922
full_denoised_z_hat,457,hiphop__hiphop.00079,hiphop,4,-11.065630912780762,-45.50936508178711
full_denoised_z_hat,458,hiphop__hiphop.00079,hiphop,4,-5.646631240844727,-51.159141540527344
full_denoised_z_hat,459,hiphop__hiphop.00079,hiphop,4,-6.900364398956299,-49.44301986694336
full_denoised_z_hat,460,hiphop__hiphop.00082,hiphop,4,-30.972957611083984,-26.4787654876709
full_denoised_z_hat,461,hiphop__hiphop.00082,hiphop,4,-30.650789260864258,-26.001970291137695
full_denoised_z_hat,462,hiphop__hiphop.00082,hiphop,4,-27.98405647277832,-21.161649703979492
full_denoised_z_hat,463,hiphop__hiphop.00082,hiphop,4,-33.21730041503906,-24.7144832611084
full_denoised_z_hat,464,hiphop__hiphop.00082,hiphop,4,-32.31056213378906,-24.295961380004883
full_denoised_z_hat,465,hiphop__hiphop.00082,hiphop,4,-32.455169677734375,-24.25838851928711
full_denoised_z_hat,466,hiphop__hiphop.00087,hiphop,4,-32.8221549987793,-22.943666458129883
full_denoised_z_hat,467,hiphop__hiphop.00087,hiphop,4,-33.712459564208984,-20.381561279296875
full_denoised_z_hat,468,hiphop__hiphop.00087,hiphop,4,-32.71577072143555,-19.92333984375
full_denoised_z_hat,469,hiphop__hiphop.00087,hiphop,4,-35.349666595458984,-9.762523651123047
full_denoised_z_hat,470,hiphop__hiphop.00087,hiphop,4,-33.4775505065918,-20.36666488647461
full_denoised_z_hat,471,hiphop__hiphop.00087,hiphop,4,-33.412330627441406,-20.33568572998047
full_denoised_z_hat,472,hiphop__hiphop.00087,hiphop,4,-32.88893508911133,-20.890966415405273
full_denoised_z_hat,473,hiphop__hiphop.00089,hiphop,4,-40.29597854614258,-1.6112325191497803
full_denoised_z_hat,474,hiphop__hiphop.00089,hiphop,4,-35.579734802246094,-12.971357345581055
full_denoised_z_hat,475,hiphop__hiphop.00089,hiphop,4,-35.74034118652344,-12.78562068939209
full_denoised_z_hat,476,hiphop__hiphop.00089,hiphop,4,-35.73120880126953,-13.122477531433105
full_denoised_z_hat,477,hiphop__hiphop.00089,hiphop,4,-33.63833236694336,-24.59811019897461
full_denoised_z_hat,478,hiphop__hiphop.00093,hiphop,4,-33.13688278198242,-18.410688400268555
full_denoised_z_hat,479,hiphop__hiphop.00093,hiphop,4,-7.203006267547607,-13.632867813110352
full_denoised_z_hat,480,hiphop__hiphop.00093,hiphop,4,-35.43513107299805,-13.266280174255371
full_denoised_z_hat,481,hiphop__hiphop.00093,hiphop,4,-38.30669021606445,23.369693756103516
full_denoised_z_hat,482,hiphop__hiphop.00093,hiphop,4,-38.01589584350586,24.178773880004883
full_denoised_z_hat,483,hiphop__hiphop.00093,hiphop,4,-32.56764221191406,-5.412510395050049
full_denoised_z_hat,484,hiphop__hiphop.00093,hiphop,4,-32.81639099121094,-18.808319091796875
full_denoised_z_hat,485,hiphop__hiphop.00093,hiphop,4,-30.060338973999023,-23.14962387084961
full_denoised_z_hat,486,hiphop__hiphop.00093,hiphop,4,-35.1293830871582,1.520702600479126
full_denoised_z_hat,487,hiphop__hiphop.00094,hiphop,4,-31.783994674682617,-26.112003326416016
full_denoised_z_hat,488,hiphop__hiphop.00094,hiphop,4,-32.784976959228516,-23.23299217224121
full_denoised_z_hat,489,hiphop__hiphop.00094,hiphop,4,-32.58186340332031,-25.7168025970459
full_denoised_z_hat,490,hiphop__hiphop.00094,hiphop,4,-32.80803298950195,-24.405668258666992
full_denoised_z_hat,491,hiphop__hiphop.00094,hiphop,4,-33.13400650024414,-26.08285903930664
full_denoised_z_hat,492,hiphop__hiphop.00098,hiphop,4,-33.656742095947266,-22.791828155517578
full_denoised_z_hat,493,hiphop__hiphop.00098,hiphop,4,-33.53630828857422,-21.51775360107422
full_denoised_z_hat,494,hiphop__hiphop.00098,hiphop,4,-32.017024993896484,-21.092166900634766
full_denoised_z_hat,495,hiphop__hiphop.00098,hiphop,4,-33.113311767578125,-25.506601333618164
full_denoised_z_hat,496,hiphop__hiphop.00098,hiphop,4,-33.82577896118164,-24.921586990356445
full_denoised_z_hat,497,hiphop__hiphop.00098,hiphop,4,-33.3509521484375,-26.839262008666992
full_denoised_z_hat,498,hiphop__hiphop.00098,hiphop,4,-32.56101608276367,-25.827512741088867
full_denoised_z_hat,499,hiphop__hiphop.00098,hiphop,4,-34.44258117675781,-25.90335464477539
full_denoised_z_hat,500,jazz__jazz.00033,jazz,5,41.26811218261719,-7.506824016571045
full_denoised_z_hat,501,jazz__jazz.00033,jazz,5,44.24346160888672,-6.458698749542236
full_denoised_z_hat,502,jazz__jazz.00033,jazz,5,38.22892379760742,-2.618394374847412
full_denoised_z_hat,503,jazz__jazz.00033,jazz,5,42.142333984375,-3.9052412509918213
full_denoised_z_hat,504,jazz__jazz.00033,jazz,5,45.302154541015625,-4.146998882293701
full_denoised_z_hat,505,jazz__jazz.00033,jazz,5,44.05216979980469,-5.731178283691406
full_denoised_z_hat,506,jazz__jazz.00041,jazz,5,42.95260238647461,-4.70520544052124
full_denoised_z_hat,507,jazz__jazz.00041,jazz,5,38.700950622558594,-0.4795481860637665
full_denoised_z_hat,508,jazz__jazz.00041,jazz,5,38.01747512817383,0.6257035732269287
full_denoised_z_hat,509,jazz__jazz.00041,jazz,5,45.2158203125,-4.038418769836426
full_denoised_z_hat,510,jazz__jazz.00041,jazz,5,42.54375457763672,-4.444504737854004
full_denoised_z_hat,511,jazz__jazz.00041,jazz,5,39.62752914428711,-1.9064130783081055
full_denoised_z_hat,512,jazz__jazz.00041,jazz,5,42.575469970703125,-5.845710754394531
full_denoised_z_hat,513,jazz__jazz.00041,jazz,5,42.43378448486328,-5.834788799285889
full_denoised_z_hat,514,jazz__jazz.00041,jazz,5,42.476741790771484,-4.883825778961182
full_denoised_z_hat,515,jazz__jazz.00041,jazz,5,39.13645553588867,-4.023454666137695
full_denoised_z_hat,516,jazz__jazz.00046,jazz,5,37.436100006103516,-2.512394428253174
full_denoised_z_hat,517,jazz__jazz.00046,jazz,5,41.6397705078125,-7.028931617736816
full_denoised_z_hat,518,jazz__jazz.00046,jazz,5,42.20904541015625,-4.828188419342041
full_denoised_z_hat,519,jazz__jazz.00046,jazz,5,39.691253662109375,-2.4665825366973877
full_denoised_z_hat,520,jazz__jazz.00046,jazz,5,34.42406463623047,0.7855529189109802
full_denoised_z_hat,521,jazz__jazz.00046,jazz,5,37.57829284667969,1.3498197793960571
full_denoised_z_hat,522,jazz__jazz.00046,jazz,5,43.14838790893555,-3.1373398303985596
full_denoised_z_hat,523,jazz__jazz.00046,jazz,5,43.47773742675781,-5.143800735473633
full_denoised_z_hat,524,jazz__jazz.00048,jazz,5,32.34156036376953,-5.50961446762085
full_denoised_z_hat,525,jazz__jazz.00048,jazz,5,40.36008071899414,-1.6376652717590332
full_denoised_z_hat,526,jazz__jazz.00048,jazz,5,21.7072811126709,5.991959095001221
full_denoised_z_hat,527,jazz__jazz.00048,jazz,5,39.24435043334961,-2.0094943046569824
full_denoised_z_hat,528,jazz__jazz.00048,jazz,5,42.78556823730469,-3.936616897583008
full_denoised_z_hat,529,jazz__jazz.00048,jazz,5,40.18331527709961,-2.5264804363250732
full_denoised_z_hat,530,jazz__jazz.00048,jazz,5,31.93895149230957,-6.03554630279541
full_denoised_z_hat,531,jazz__jazz.00048,jazz,5,22.600814819335938,4.680220127105713
full_denoised_z_hat,532,jazz__jazz.00050,jazz,5,5.550890922546387,19.433578491210938
full_denoised_z_hat,533,jazz__jazz.00050,jazz,5,6.381494522094727,17.01410675048828
full_denoised_z_hat,534,jazz__jazz.00050,jazz,5,34.04574203491211,-1.4390860795974731
full_denoised_z_hat,535,jazz__jazz.00050,jazz,5,31.207075119018555,-1.9480358362197876
full_denoised_z_hat,536,jazz__jazz.00050,jazz,5,38.85978698730469,-5.384653568267822
full_denoised_z_hat,537,jazz__jazz.00050,jazz,5,23.074560165405273,4.276262283325195
full_denoised_z_hat,538,jazz__jazz.00050,jazz,5,28.62929344177246,1.6373090744018555
full_denoised_z_hat,539,jazz__jazz.00050,jazz,5,24.576330184936523,4.037055492401123
full_denoised_z_hat,540,jazz__jazz.00050,jazz,5,-1.637952208518982,-38.65498733520508
full_denoised_z_hat,541,jazz__jazz.00059,jazz,5,42.18577575683594,-4.538363933563232
full_denoised_z_hat,542,jazz__jazz.00059,jazz,5,-35.304290771484375,-2.815171241760254
full_denoised_z_hat,543,jazz__jazz.00060,jazz,5,39.19827651977539,-3.139756917953491
full_denoised_z_hat,544,jazz__jazz.00060,jazz,5,37.948875427246094,0.1369449347257614
full_denoised_z_hat,545,jazz__jazz.00060,jazz,5,40.0396842956543,-3.9762961864471436
full_denoised_z_hat,546,jazz__jazz.00060,jazz,5,40.05896759033203,-4.57149600982666
full_denoised_z_hat,547,jazz__jazz.00060,jazz,5,41.16331100463867,-4.418995380401611
full_denoised_z_hat,548,jazz__jazz.00060,jazz,5,41.533775329589844,-7.174216270446777
full_denoised_z_hat,549,jazz__jazz.00071,jazz,5,40.46572494506836,-5.362547874450684
full_denoised_z_hat,550,jazz__jazz.00071,jazz,5,41.70632553100586,-3.523656129837036
full_denoised_z_hat,551,jazz__jazz.00071,jazz,5,39.704769134521484,-2.2373464107513428
full_denoised_z_hat,552,jazz__jazz.00071,jazz,5,41.17415237426758,-3.51546573638916
full_denoised_z_hat,553,jazz__jazz.00071,jazz,5,41.963985443115234,-3.5256481170654297
full_denoised_z_hat,554,jazz__jazz.00071,jazz,5,42.923091888427734,-5.9614057540893555
full_denoised_z_hat,555,jazz__jazz.00071,jazz,5,41.167640686035156,-7.500697612762451
full_denoised_z_hat,556,jazz__jazz.00081,jazz,5,27.47101593017578,2.086930274963379
full_denoised_z_hat,557,jazz__jazz.00081,jazz,5,24.766185760498047,3.3994274139404297
full_denoised_z_hat,558,jazz__jazz.00081,jazz,5,24.09261131286621,4.185262203216553
full_denoised_z_hat,559,jazz__jazz.00081,jazz,5,24.026521682739258,4.346259117126465
full_denoised_z_hat,560,jazz__jazz.00081,jazz,5,18.015911102294922,9.976247787475586
full_denoised_z_hat,561,jazz__jazz.00081,jazz,5,41.5012092590332,-6.107680320739746
full_denoised_z_hat,562,jazz__jazz.00081,jazz,5,34.39774703979492,-0.7567195892333984
full_denoised_z_hat,563,jazz__jazz.00081,jazz,5,34.07267379760742,-1.537534236907959
full_denoised_z_hat,564,jazz__jazz.00081,jazz,5,33.54343032836914,-1.7053998708724976
full_denoised_z_hat,565,jazz__jazz.00084,jazz,5,37.17771530151367,-1.8789255619049072
full_denoised_z_hat,566,jazz__jazz.00084,jazz,5,37.67985534667969,0.5868234634399414
full_denoised_z_hat,567,jazz__jazz.00084,jazz,5,37.815494537353516,0.41657334566116333
full_denoised_z_hat,568,jazz__jazz.00084,jazz,5,38.4030647277832,0.8305018544197083
full_denoised_z_hat,569,jazz__jazz.00084,jazz,5,38.42035675048828,1.0468716621398926
full_denoised_z_hat,570,jazz__jazz.00084,jazz,5,44.23081588745117,-4.538605213165283
full_denoised_z_hat,571,jazz__jazz.00084,jazz,5,36.264591217041016,-1.5918560028076172
full_denoised_z_hat,572,jazz__jazz.00084,jazz,5,41.93006896972656,-4.34387731552124
full_denoised_z_hat,573,jazz__jazz.00086,jazz,5,42.47147750854492,-3.8862643241882324
full_denoised_z_hat,574,jazz__jazz.00086,jazz,5,38.051231384277344,1.057582974433899
full_denoised_z_hat,575,jazz__jazz.00086,jazz,5,40.09662628173828,-5.467146873474121
full_denoised_z_hat,576,jazz__jazz.00086,jazz,5,40.64174270629883,-3.7743985652923584
full_denoised_z_hat,577,jazz__jazz.00086,jazz,5,40.82407760620117,-4.756139278411865
full_denoised_z_hat,578,jazz__jazz.00091,jazz,5,36.86356735229492,-2.042987108230591
full_denoised_z_hat,579,jazz__jazz.00091,jazz,5,42.345890045166016,-2.12957763671875
full_denoised_z_hat,580,jazz__jazz.00092,jazz,5,38.481388092041016,-2.9458441734313965
full_denoised_z_hat,581,jazz__jazz.00092,jazz,5,42.54325485229492,-3.9895691871643066
full_denoised_z_hat,582,jazz__jazz.00092,jazz,5,44.62925338745117,-4.76336669921875
full_denoised_z_hat,583,jazz__jazz.00092,jazz,5,37.461578369140625,-2.4957730770111084
full_denoised_z_hat,584,jazz__jazz.00092,jazz,5,42.27425003051758,-4.760962963104248
full_denoised_z_hat,585,jazz__jazz.00092,jazz,5,40.81132507324219,-7.296292304992676
full_denoised_z_hat,586,jazz__jazz.00092,jazz,5,35.246864318847656,-3.533477544784546
full_denoised_z_hat,587,jazz__jazz.00096,jazz,5,38.526187896728516,-3.2111048698425293
full_denoised_z_hat,588,jazz__jazz.00096,jazz,5,42.910362243652344,-5.495596885681152
full_denoised_z_hat,589,jazz__jazz.00096,jazz,5,42.30814743041992,-6.096338272094727
full_denoised_z_hat,590,jazz__jazz.00096,jazz,5,41.629390716552734,-5.585574150085449
full_denoised_z_hat,591,jazz__jazz.00096,jazz,5,43.4547004699707,-7.185938835144043
full_denoised_z_hat,592,jazz__jazz.00096,jazz,5,41.74814224243164,-5.585155010223389
full_denoised_z_hat,593,jazz__jazz.00096,jazz,5,31.499893188476562,-1.905446171760559
full_denoised_z_hat,594,jazz__jazz.00096,jazz,5,43.055030822753906,-7.307403087615967
full_denoised_z_hat,595,jazz__jazz.00096,jazz,5,38.409671783447266,-1.829761028289795
full_denoised_z_hat,596,jazz__jazz.00096,jazz,5,43.01030349731445,-7.38625955581665
full_denoised_z_hat,597,jazz__jazz.00099,jazz,5,39.6917610168457,-3.926917791366577
full_denoised_z_hat,598,jazz__jazz.00099,jazz,5,44.21713638305664,-3.9195139408111572
full_denoised_z_hat,599,jazz__jazz.00099,jazz,5,41.3272705078125,-4.284083843231201
full_denoised_z_hat,600,metal__metal.00002,metal,6,-2.8199000358581543,-0.7127792239189148
full_denoised_z_hat,601,metal__metal.00002,metal,6,-5.2229533195495605,-7.549887657165527
full_denoised_z_hat,602,metal__metal.00002,metal,6,-2.342895984649658,-10.024789810180664
full_denoised_z_hat,603,metal__metal.00002,metal,6,-2.7295336723327637,-5.574233531951904
full_denoised_z_hat,604,metal__metal.00002,metal,6,-3.687197208404541,-2.412479877471924
full_denoised_z_hat,605,metal__metal.00002,metal,6,-6.016232490539551,-6.232698440551758
full_denoised_z_hat,606,metal__metal.00002,metal,6,-6.6629462242126465,-5.304325580596924
full_denoised_z_hat,607,metal__metal.00002,metal,6,-4.041525840759277,-1.2961457967758179
full_denoised_z_hat,608,metal__metal.00002,metal,6,-5.158178806304932,-1.8964054584503174
full_denoised_z_hat,609,metal__metal.00004,metal,6,-5.065601825714111,-13.628701210021973
full_denoised_z_hat,610,metal__metal.00004,metal,6,-4.924551010131836,-13.407143592834473
full_denoised_z_hat,611,metal__metal.00004,metal,6,-3.794501543045044,-12.863382339477539
full_denoised_z_hat,612,metal__metal.00004,metal,6,-5.312611103057861,-12.432103157043457
full_denoised_z_hat,613,metal__metal.00004,metal,6,-5.132303714752197,-8.740817070007324
full_denoised_z_hat,614,metal__metal.00004,metal,6,-4.466375827789307,-13.570354461669922
full_denoised_z_hat,615,metal__metal.00004,metal,6,-3.007014751434326,-12.736945152282715
full_denoised_z_hat,616,metal__metal.00012,metal,6,-5.38064432144165,-11.492144584655762
full_denoised_z_hat,617,metal__metal.00012,metal,6,-3.3776142597198486,-12.12216567993164
full_denoised_z_hat,618,metal__metal.00012,metal,6,-4.903713226318359,-10.297633171081543
full_denoised_z_hat,619,metal__metal.00012,metal,6,-4.751082420349121,-9.67906665802002
full_denoised_z_hat,620,metal__metal.00012,metal,6,-4.221970081329346,-11.27580738067627
full_denoised_z_hat,621,metal__metal.00012,metal,6,-4.281278610229492,-13.351776123046875
full_denoised_z_hat,622,metal__metal.00012,metal,6,-4.807421684265137,-9.86786937713623
full_denoised_z_hat,623,metal__metal.00012,metal,6,-5.116445541381836,-8.147673606872559
full_denoised_z_hat,624,metal__metal.00022,metal,6,-3.0204017162323,-0.529272735118866
full_denoised_z_hat,625,metal__metal.00022,metal,6,-12.491430282592773,-7.279513359069824
full_denoised_z_hat,626,metal__metal.00022,metal,6,-3.759383201599121,-0.6518928408622742
full_denoised_z_hat,627,metal__metal.00022,metal,6,-4.196260929107666,-0.3869137167930603
full_denoised_z_hat,628,metal__metal.00022,metal,6,-6.604015827178955,3.1905553340911865
full_denoised_z_hat,629,metal__metal.00022,metal,6,-6.221595287322998,2.530531883239746
full_denoised_z_hat,630,metal__metal.00022,metal,6,-4.391819953918457,-0.8899205923080444
full_denoised_z_hat,631,metal__metal.00022,metal,6,-4.4254469871521,-0.6092733144760132
full_denoised_z_hat,632,metal__metal.00024,metal,6,-5.556894779205322,-3.318577289581299
full_denoised_z_hat,633,metal__metal.00024,metal,6,-4.370195388793945,-2.461393117904663
full_denoised_z_hat,634,metal__metal.00024,metal,6,-3.3248283863067627,-3.1627516746520996
full_denoised_z_hat,635,metal__metal.00024,metal,6,-2.836785078048706,-6.31250524520874
full_denoised_z_hat,636,metal__metal.00024,metal,6,-2.8809454441070557,-5.683295726776123
full_denoised_z_hat,637,metal__metal.00024,metal,6,-3.118950605392456,-9.822202682495117
full_denoised_z_hat,638,metal__metal.00024,metal,6,-6.263545989990234,-5.044979572296143
full_denoised_z_hat,639,metal__metal.00024,metal,6,-2.214380979537964,-10.436798095703125
full_denoised_z_hat,640,metal__metal.00030,metal,6,6.095399856567383,12.041396141052246
full_denoised_z_hat,641,metal__metal.00030,metal,6,4.785706996917725,9.648990631103516
full_denoised_z_hat,642,metal__metal.00030,metal,6,4.42340087890625,9.087924003601074
full_denoised_z_hat,643,metal__metal.00030,metal,6,-6.428081512451172,-3.7895796298980713
full_denoised_z_hat,644,metal__metal.00030,metal,6,-12.651665687561035,-7.441555500030518
full_denoised_z_hat,645,metal__metal.00049,metal,6,-2.1758804321289062,-10.127805709838867
full_denoised_z_hat,646,metal__metal.00049,metal,6,-3.805833101272583,-6.541522026062012
full_denoised_z_hat,647,metal__metal.00049,metal,6,-4.151861190795898,-10.408047676086426
full_denoised_z_hat,648,metal__metal.00049,metal,6,-3.9777796268463135,-11.690937042236328
full_denoised_z_hat,649,metal__metal.00049,metal,6,-2.7754430770874023,-8.595768928527832
full_denoised_z_hat,650,metal__metal.00049,metal,6,-4.634494304656982,-11.203908920288086
full_denoised_z_hat,651,metal__metal.00049,metal,6,-3.064284324645996,-12.37447738647461
full_denoised_z_hat,652,metal__metal.00049,metal,6,-4.090793132781982,-11.134541511535645
full_denoised_z_hat,653,metal__metal.00049,metal,6,-2.900904893875122,-6.64827823638916
full_denoised_z_hat,654,metal__metal.00051,metal,6,-3.062490463256836,-2.0775582790374756
full_denoised_z_hat,655,metal__metal.00051,metal,6,-3.783031702041626,-3.360440492630005
full_denoised_z_hat,656,metal__metal.00051,metal,6,-2.766481637954712,-7.151944160461426
full_denoised_z_hat,657,metal__metal.00051,metal,6,-2.7114062309265137,-6.481897830963135
full_denoised_z_hat,658,metal__metal.00051,metal,6,-4.092302322387695,-9.01874828338623
full_denoised_z_hat,659,metal__metal.00051,metal,6,-3.7578675746917725,-9.250411033630371
full_denoised_z_hat,660,metal__metal.00051,metal,6,-4.526632785797119,-9.708284378051758
full_denoised_z_hat,661,metal__metal.00051,metal,6,-3.651026964187622,-10.58393383026123
full_denoised_z_hat,662,metal__metal.00052,metal,6,-2.6750807762145996,-12.492572784423828
full_denoised_z_hat,663,metal__metal.00052,metal,6,-4.9526753425598145,-10.213764190673828
full_denoised_z_hat,664,metal__metal.00052,metal,6,-3.4118125438690186,-12.669939994812012
full_denoised_z_hat,665,metal__metal.00052,metal,6,-7.7402729988098145,-12.792705535888672
full_denoised_z_hat,666,metal__metal.00052,metal,6,-7.50339937210083,-13.591886520385742
full_denoised_z_hat,667,metal__metal.00056,metal,6,-2.6961114406585693,-6.30268669128418
full_denoised_z_hat,668,metal__metal.00056,metal,6,-4.312795639038086,-10.415501594543457
full_denoised_z_hat,669,metal__metal.00056,metal,6,-2.428062677383423,-7.461028099060059
full_denoised_z_hat,670,metal__metal.00056,metal,6,-3.088897228240967,-11.597933769226074
full_denoised_z_hat,671,metal__metal.00056,metal,6,-4.182797431945801,-11.283350944519043
full_denoised_z_hat,672,metal__metal.00056,metal,6,-3.9753546714782715,-11.401544570922852
full_denoised_z_hat,673,metal__metal.00069,metal,6,-4.172906398773193,-6.044537544250488
full_denoised_z_hat,674,metal__metal.00069,metal,6,-4.626742839813232,-4.860589504241943
full_denoised_z_hat,675,metal__metal.00069,metal,6,-3.1977169513702393,34.84953689575195
full_denoised_z_hat,676,metal__metal.00069,metal,6,-3.45969557762146,36.97914505004883
full_denoised_z_hat,677,metal__metal.00069,metal,6,-4.254528999328613,-13.325546264648438
full_denoised_z_hat,678,metal__metal.00069,metal,6,-2.9887969493865967,-9.806366920471191
full_denoised_z_hat,679,metal__metal.00069,metal,6,-3.7696914672851562,-0.9871897101402283
full_denoised_z_hat,680,metal__metal.00091,metal,6,7.409518718719482,13.075316429138184
full_denoised_z_hat,681,metal__metal.00091,metal,6,15.759065628051758,13.707930564880371
full_denoised_z_hat,682,metal__metal.00091,metal,6,9.476107597351074,16.615520477294922
full_denoised_z_hat,683,metal__metal.00091,metal,6,8.727495193481445,15.429553985595703
full_denoised_z_hat,684,metal__metal.00091,metal,6,10.64295768737793,11.380500793457031
full_denoised_z_hat,685,metal__metal.00091,metal,6,16.869747161865234,13.467996597290039
full_denoised_z_hat,686,metal__metal.00092,metal,6,-4.428199291229248,-1.8457659482955933
full_denoised_z_hat,687,metal__metal.00092,metal,6,-6.8739166259765625,0.8160600662231445
full_denoised_z_hat,688,metal__metal.00092,metal,6,5.339478969573975,9.415422439575195
full_denoised_z_hat,689,metal__metal.00092,metal,6,-3.120239019393921,-0.2723757028579712
full_denoised_z_hat,690,metal__metal.00092,metal,6,5.801030158996582,17.808977127075195
full_denoised_z_hat,691,metal__metal.00092,metal,6,-7.011105537414551,-1.090635061264038
full_denoised_z_hat,692,metal__metal.00096,metal,6,-5.231399059295654,-13.770601272583008
full_denoised_z_hat,693,metal__metal.00096,metal,6,-7.663272857666016,-12.612337112426758
full_denoised_z_hat,694,metal__metal.00097,metal,6,-5.738269805908203,0.280937135219574
full_denoised_z_hat,695,metal__metal.00097,metal,6,-6.509703159332275,2.4589309692382812
full_denoised_z_hat,696,metal__metal.00097,metal,6,-5.369661808013916,-10.80563735961914
full_denoised_z_hat,697,metal__metal.00097,metal,6,-5.431196689605713,-11.278396606445312
full_denoised_z_hat,698,metal__metal.00097,metal,6,-4.047674179077148,-12.557705879211426
full_denoised_z_hat,699,metal__metal.00097,metal,6,-3.5134027004241943,-12.126810073852539
full_denoised_z_hat,700,pop__pop.00003,pop,7,-5.883713245391846,-48.6037483215332
full_denoised_z_hat,701,pop__pop.00003,pop,7,-20.215524673461914,-33.29332733154297
full_denoised_z_hat,702,pop__pop.00003,pop,7,-37.8436393737793,25.014209747314453
full_denoised_z_hat,703,pop__pop.00003,pop,7,-2.7495968341827393,-36.13792419433594
full_denoised_z_hat,704,pop__pop.00003,pop,7,-7.1944146156311035,-45.628170013427734
full_denoised_z_hat,705,pop__pop.00003,pop,7,-6.9120402336120605,-45.38907241821289
full_denoised_z_hat,706,pop__pop.00003,pop,7,-21.175617218017578,-32.481468200683594
full_denoised_z_hat,707,pop__pop.00007,pop,7,-11.224931716918945,-47.001014709472656
full_denoised_z_hat,708,pop__pop.00007,pop,7,-10.479719161987305,-48.61225509643555
full_denoised_z_hat,709,pop__pop.00007,pop,7,-4.101926803588867,-42.10044479370117
full_denoised_z_hat,710,pop__pop.00007,pop,7,-10.602926254272461,-47.365211486816406
full_denoised_z_hat,711,pop__pop.00007,pop,7,-1.5826584100723267,-38.99591064453125
full_denoised_z_hat,712,pop__pop.00007,pop,7,31.239871978759766,33.52853012084961
full_denoised_z_hat,713,pop__pop.00007,pop,7,35.6082763671875,31.240467071533203
full_denoised_z_hat,714,pop__pop.00007,pop,7,35.00825119018555,30.675048828125
full_denoised_z_hat,715,pop__pop.00015,pop,7,-7.886680603027344,-51.410255432128906
full_denoised_z_hat,716,pop__pop.00015,pop,7,-7.641056060791016,-49.72391128540039
full_denoised_z_hat,717,pop__pop.00015,pop,7,-7.401887893676758,-49.94485092163086
full_denoised_z_hat,718,pop__pop.00015,pop,7,-7.153997898101807,-49.130489349365234
full_denoised_z_hat,719,pop__pop.00015,pop,7,-7.717910289764404,-50.64970397949219
full_denoised_z_hat,720,pop__pop.00015,pop,7,-6.458305835723877,-49.65985870361328
full_denoised_z_hat,721,pop__pop.00021,pop,7,-8.95864486694336,-49.55864334106445
full_denoised_z_hat,722,pop__pop.00021,pop,7,-6.324192047119141,-50.022335052490234
full_denoised_z_hat,723,pop__pop.00021,pop,7,-7.7615556716918945,-46.97578811645508
full_denoised_z_hat,724,pop__pop.00021,pop,7,-7.541139125823975,-46.561065673828125
full_denoised_z_hat,725,pop__pop.00021,pop,7,-8.108798027038574,-49.37403106689453
full_denoised_z_hat,726,pop__pop.00021,pop,7,-5.221869468688965,-47.12147903442383
full_denoised_z_hat,727,pop__pop.00021,pop,7,-7.305361270904541,-50.085147857666016
full_denoised_z_hat,728,pop__pop.00021,pop,7,-8.149758338928223,-48.16255569458008
full_denoised_z_hat,729,pop__pop.00028,pop,7,-3.653054714202881,-50.7022819519043
full_denoised_z_hat,730,pop__pop.00028,pop,7,-7.709378242492676,-50.590049743652344
full_denoised_z_hat,731,pop__pop.00028,pop,7,-6.21687126159668,-50.929161071777344
full_denoised_z_hat,732,pop__pop.00028,pop,7,-10.358251571655273,-49.07665252685547
full_denoised_z_hat,733,pop__pop.00028,pop,7,-3.3994100093841553,-50.36023712158203
full_denoised_z_hat,734,pop__pop.00028,pop,7,-4.105077743530273,-49.81037139892578
full_denoised_z_hat,735,pop__pop.00029,pop,7,-12.841571807861328,-43.84950637817383
full_denoised_z_hat,736,pop__pop.00029,pop,7,-5.682590961456299,-45.34368133544922
full_denoised_z_hat,737,pop__pop.00029,pop,7,-35.289546966552734,28.47512435913086
full_denoised_z_hat,738,pop__pop.00029,pop,7,-13.637730598449707,-45.42945861816406
full_denoised_z_hat,739,pop__pop.00029,pop,7,-9.03477668762207,-50.08505630493164
full_denoised_z_hat,740,pop__pop.00029,pop,7,-4.040176868438721,-48.253387451171875
full_denoised_z_hat,741,pop__pop.00029,pop,7,-4.752006530761719,-48.76742172241211
full_denoised_z_hat,742,pop__pop.00029,pop,7,-6.035796165466309,-46.0429573059082
full_denoised_z_hat,743,pop__pop.00033,pop,7,-22.142465591430664,-30.949438095092773
full_denoised_z_hat,744,pop__pop.00033,pop,7,-20.86709976196289,-32.88759994506836
full_denoised_z_hat,745,pop__pop.00033,pop,7,-23.002138137817383,-29.871625900268555
full_denoised_z_hat,746,pop__pop.00033,pop,7,-27.771320343017578,-20.546424865722656
full_denoised_z_hat,747,pop__pop.00033,pop,7,-9.02719497680664,-8.894129753112793
full_denoised_z_hat,748,pop__pop.00033,pop,7,-27.254955291748047,-27.3173770904541
full_denoised_z_hat,749,pop__pop.00033,pop,7,-22.077939987182617,-31.121688842773438
full_denoised_z_hat,750,pop__pop.00033,pop,7,-21.769224166870117,-31.481327056884766
full_denoised_z_hat,751,pop__pop.00034,pop,7,-12.0600004196167,-46.02522277832031
full_denoised_z_hat,752,pop__pop.00034,pop,7,-10.083684921264648,-49.336856842041016
full_denoised_z_hat,753,pop__pop.00034,pop,7,-9.521530151367188,-49.54233169555664
full_denoised_z_hat,754,pop__pop.00034,pop,7,-12.839588165283203,-45.21845626831055
full_denoised_z_hat,755,pop__pop.00034,pop,7,-6.535142421722412,-48.03026580810547
full_denoised_z_hat,756,pop__pop.00034,pop,7,-7.373998641967773,-48.97526931762695
full_denoised_z_hat,757,pop__pop.00034,pop,7,-5.6737141609191895,-51.11895751953125
full_denoised_z_hat,758,pop__pop.00035,pop,7,-6.567947864532471,-50.845821380615234
full_denoised_z_hat,759,pop__pop.00035,pop,7,-6.163707256317139,-51.658119201660156
full_denoised_z_hat,760,pop__pop.00035,pop,7,-5.368261337280273,-49.70273208618164
full_denoised_z_hat,761,pop__pop.00035,pop,7,-7.536113739013672,-48.76165008544922
full_denoised_z_hat,762,pop__pop.00035,pop,7,-6.533346652984619,-50.1898078918457
full_denoised_z_hat,763,pop__pop.00038,pop,7,-7.613926887512207,-46.17170333862305
full_denoised_z_hat,764,pop__pop.00038,pop,7,-5.430095195770264,-47.62909698486328
full_denoised_z_hat,765,pop__pop.00038,pop,7,-4.593019008636475,-48.47003936767578
full_denoised_z_hat,766,pop__pop.00038,pop,7,-4.428421497344971,-47.70124435424805
full_denoised_z_hat,767,pop__pop.00039,pop,7,-7.888977527618408,-46.79206085205078
full_denoised_z_hat,768,pop__pop.00039,pop,7,-7.989169120788574,-49.29790496826172
full_denoised_z_hat,769,pop__pop.00039,pop,7,-2.55894136428833,-49.39234161376953
full_denoised_z_hat,770,pop__pop.00039,pop,7,-7.299747943878174,-51.041046142578125
full_denoised_z_hat,771,pop__pop.00039,pop,7,-5.243059158325195,-49.427940368652344
full_denoised_z_hat,772,pop__pop.00039,pop,7,-5.669792175292969,-49.55502700805664
full_denoised_z_hat,773,pop__pop.00039,pop,7,-5.63654899597168,-50.57715606689453
full_denoised_z_hat,774,pop__pop.00039,pop,7,-4.889862537384033,-45.357479095458984
full_denoised_z_hat,775,pop__pop.00045,pop,7,-38.09886169433594,25.133544921875
full_denoised_z_hat,776,pop__pop.00045,pop,7,-31.04588508605957,27.94050407409668
full_denoised_z_hat,777,pop__pop.00045,pop,7,-32.521331787109375,23.750905990600586
full_denoised_z_hat,778,pop__pop.00045,pop,7,-28.433692932128906,31.876541137695312
full_denoised_z_hat,779,pop__pop.00045,pop,7,-4.698835849761963,-49.22208023071289
full_denoised_z_hat,780,pop__pop.00049,pop,7,-6.171457767486572,-50.504478454589844
full_denoised_z_hat,781,pop__pop.00049,pop,7,-7.5634589195251465,-50.13605880737305
full_denoised_z_hat,782,pop__pop.00049,pop,7,-4.921461582183838,-44.94074630737305
full_denoised_z_hat,783,pop__pop.00049,pop,7,-2.8522567749023438,-48.65082931518555
full_denoised_z_hat,784,pop__pop.00049,pop,7,-3.994842529296875,-48.43241882324219
full_denoised_z_hat,785,pop__pop.00049,pop,7,-4.752078056335449,-47.240875244140625
full_denoised_z_hat,786,pop__pop.00049,pop,7,-5.435913562774658,-45.45439910888672
full_denoised_z_hat,787,pop__pop.00079,pop,7,35.69015121459961,-1.2929502725601196
full_denoised_z_hat,788,pop__pop.00079,pop,7,35.944427490234375,-9.039728164672852
full_denoised_z_hat,789,pop__pop.00079,pop,7,23.979503631591797,3.766193151473999
full_denoised_z_hat,790,pop__pop.00079,pop,7,24.607236862182617,3.0869429111480713
full_denoised_z_hat,791,pop__pop.00081,pop,7,30.47296142578125,31.56281089782715
full_denoised_z_hat,792,pop__pop.00081,pop,7,31.61796760559082,28.57614517211914
full_denoised_z_hat,793,pop__pop.00081,pop,7,28.152267456054688,37.18315124511719
full_denoised_z_hat,794,pop__pop.00081,pop,7,28.464866638183594,37.199623107910156
full_denoised_z_hat,795,pop__pop.00081,pop,7,19.795412063598633,19.94321632385254
full_denoised_z_hat,796,pop__pop.00081,pop,7,34.737300872802734,30.40257453918457
full_denoised_z_hat,797,pop__pop.00081,pop,7,31.593196868896484,28.844717025756836
full_denoised_z_hat,798,pop__pop.00081,pop,7,28.624250411987305,37.22449493408203
full_denoised_z_hat,799,pop__pop.00081,pop,7,28.1508731842041,28.840017318725586
full_denoised_z_hat,800,reggae__reggae.00029,reggae,8,-32.1636848449707,30.181053161621094
full_denoised_z_hat,801,reggae__reggae.00029,reggae,8,-32.43439865112305,29.50582504272461
full_denoised_z_hat,802,reggae__reggae.00029,reggae,8,-30.640596389770508,29.639156341552734
full_denoised_z_hat,803,reggae__reggae.00029,reggae,8,-31.659448623657227,29.827451705932617
full_denoised_z_hat,804,reggae__reggae.00029,reggae,8,-32.901580810546875,29.06797218322754
full_denoised_z_hat,805,reggae__reggae.00029,reggae,8,-30.753034591674805,31.52672004699707
full_denoised_z_hat,806,reggae__reggae.00029,reggae,8,-31.017425537109375,30.402172088623047
full_denoised_z_hat,807,reggae__reggae.00029,reggae,8,-29.4783878326416,30.971416473388672
full_denoised_z_hat,808,reggae__reggae.00029,reggae,8,-32.58171081542969,24.925949096679688
full_denoised_z_hat,809,reggae__reggae.00029,reggae,8,-32.143863677978516,25.850765228271484
full_denoised_z_hat,810,reggae__reggae.00034,reggae,8,-32.96586990356445,28.34537124633789
full_denoised_z_hat,811,reggae__reggae.00034,reggae,8,-31.46223258972168,32.466880798339844
full_denoised_z_hat,812,reggae__reggae.00034,reggae,8,-32.240169525146484,32.12754440307617
full_denoised_z_hat,813,reggae__reggae.00034,reggae,8,-31.104434967041016,31.11701011657715
full_denoised_z_hat,814,reggae__reggae.00034,reggae,8,-33.06966018676758,31.84022331237793
full_denoised_z_hat,815,reggae__reggae.00034,reggae,8,-33.18775177001953,28.915929794311523
full_denoised_z_hat,816,reggae__reggae.00034,reggae,8,-32.80556869506836,31.901899337768555
full_denoised_z_hat,817,reggae__reggae.00034,reggae,8,-31.768049240112305,33.63006591796875
full_denoised_z_hat,818,reggae__reggae.00035,reggae,8,-31.398658752441406,32.26165771484375
full_denoised_z_hat,819,reggae__reggae.00035,reggae,8,-30.588428497314453,26.446304321289062
full_denoised_z_hat,820,reggae__reggae.00035,reggae,8,-31.733829498291016,33.91595458984375
full_denoised_z_hat,821,reggae__reggae.00035,reggae,8,-31.380783081054688,29.955244064331055
full_denoised_z_hat,822,reggae__reggae.00035,reggae,8,-29.782711029052734,26.5677547454834
full_denoised_z_hat,823,reggae__reggae.00035,reggae,8,-32.968624114990234,29.680639266967773
full_denoised_z_hat,824,reggae__reggae.00035,reggae,8,-29.039230346679688,31.078731536865234
full_denoised_z_hat,825,reggae__reggae.00040,reggae,8,9.765045166015625,18.10693359375
full_denoised_z_hat,826,reggae__reggae.00040,reggae,8,9.125802993774414,16.367225646972656
full_denoised_z_hat,827,reggae__reggae.00040,reggae,8,28.35584259033203,37.21610641479492
full_denoised_z_hat,828,reggae__reggae.00040,reggae,8,19.265953063964844,24.856651306152344
full_denoised_z_hat,829,reggae__reggae.00040,reggae,8,19.157522201538086,25.830705642700195
full_denoised_z_hat,830,reggae__reggae.00040,reggae,8,26.748769760131836,34.80421447753906
full_denoised_z_hat,831,reggae__reggae.00040,reggae,8,-28.406021118164062,31.98273468017578
full_denoised_z_hat,832,reggae__reggae.00040,reggae,8,7.331511974334717,18.48885726928711
full_denoised_z_hat,833,reggae__reggae.00047,reggae,8,-32.98054885864258,30.279836654663086
full_denoised_z_hat,834,reggae__reggae.00047,reggae,8,-33.17377853393555,29.231901168823242
full_denoised_z_hat,835,reggae__reggae.00047,reggae,8,-33.632469177246094,27.785669326782227
full_denoised_z_hat,836,reggae__reggae.00047,reggae,8,-30.456512451171875,32.30278396606445
full_denoised_z_hat,837,reggae__reggae.00047,reggae,8,-30.5832462310791,32.55213928222656
full_denoised_z_hat,838,reggae__reggae.00049,reggae,8,1.9471242427825928,22.450220108032227
full_denoised_z_hat,839,reggae__reggae.00049,reggae,8,-32.87057876586914,24.65755844116211
full_denoised_z_hat,840,reggae__reggae.00049,reggae,8,-33.010040283203125,24.395017623901367
full_denoised_z_hat,841,reggae__reggae.00049,reggae,8,-29.84317970275879,-4.066464424133301
full_denoised_z_hat,842,reggae__reggae.00049,reggae,8,1.4647001028060913,22.6175537109375
full_denoised_z_hat,843,reggae__reggae.00049,reggae,8,7.409847259521484,15.701836585998535
full_denoised_z_hat,844,reggae__reggae.00049,reggae,8,7.813782691955566,16.292558670043945
full_denoised_z_hat,845,reggae__reggae.00062,reggae,8,-30.16592025756836,31.33578109741211
full_denoised_z_hat,846,reggae__reggae.00062,reggae,8,-31.524795532226562,31.107349395751953
full_denoised_z_hat,847,reggae__reggae.00062,reggae,8,-30.790721893310547,30.55072021484375
full_denoised_z_hat,848,reggae__reggae.00062,reggae,8,-30.493003845214844,33.47077560424805
full_denoised_z_hat,849,reggae__reggae.00062,reggae,8,-31.2796630859375,29.5782413482666
full_denoised_z_hat,850,reggae__reggae.00062,reggae,8,-30.819910049438477,29.177690505981445
full_denoised_z_hat,851,reggae__reggae.00062,reggae,8,-32.76841735839844,26.687856674194336
full_denoised_z_hat,852,reggae__reggae.00062,reggae,8,-32.52674865722656,30.951623916625977
full_denoised_z_hat,853,reggae__reggae.00062,reggae,8,-31.06903076171875,28.64015769958496
full_denoised_z_hat,854,reggae__reggae.00064,reggae,8,-31.49040985107422,30.2150936126709
full_denoised_z_hat,855,reggae__reggae.00064,reggae,8,-34.333492279052734,25.654687881469727
full_denoised_z_hat,856,reggae__reggae.00064,reggae,8,-32.01423263549805,26.80160140991211
full_denoised_z_hat,857,reggae__reggae.00064,reggae,8,-31.404115676879883,28.587627410888672
full_denoised_z_hat,858,reggae__reggae.00064,reggae,8,-10.699216842651367,-45.2109260559082
full_denoised_z_hat,859,reggae__reggae.00064,reggae,8,-11.06473445892334,-44.07645034790039
full_denoised_z_hat,860,reggae__reggae.00065,reggae,8,-34.800880432128906,24.98309326171875
full_denoised_z_hat,861,reggae__reggae.00065,reggae,8,-32.82451629638672,23.990022659301758
full_denoised_z_hat,862,reggae__reggae.00065,reggae,8,-38.03717041015625,15.674911499023438
full_denoised_z_hat,863,reggae__reggae.00065,reggae,8,-33.60402297973633,23.29707908630371
full_denoised_z_hat,864,reggae__reggae.00065,reggae,8,-32.67512893676758,24.493349075317383
full_denoised_z_hat,865,reggae__reggae.00065,reggae,8,-33.583797454833984,-14.892170906066895
full_denoised_z_hat,866,reggae__reggae.00065,reggae,8,-36.9062385559082,23.06096076965332
full_denoised_z_hat,867,reggae__reggae.00065,reggae,8,-36.46756362915039,22.928524017333984
full_denoised_z_hat,868,reggae__reggae.00071,reggae,8,-33.802268981933594,24.03871726989746
full_denoised_z_hat,869,reggae__reggae.00071,reggae,8,-3.7385411262512207,-49.457496643066406
full_denoised_z_hat,870,reggae__reggae.00071,reggae,8,-38.268131256103516,26.10112953186035
full_denoised_z_hat,871,reggae__reggae.00071,reggae,8,-37.81546401977539,26.48624610900879
full_denoised_z_hat,872,reggae__reggae.00076,reggae,8,-30.83299446105957,-23.983726501464844
full_denoised_z_hat,873,reggae__reggae.00076,reggae,8,-27.569595336914062,-27.020584106445312
full_denoised_z_hat,874,reggae__reggae.00076,reggae,8,-31.320594787597656,-26.47014808654785
full_denoised_z_hat,875,reggae__reggae.00076,reggae,8,-23.77910804748535,-30.84891700744629
full_denoised_z_hat,876,reggae__reggae.00076,reggae,8,-27.320369720458984,-26.962228775024414
full_denoised_z_hat,877,reggae__reggae.00090,reggae,8,-32.453121185302734,29.22190284729004
full_denoised_z_hat,878,reggae__reggae.00090,reggae,8,-33.381046295166016,29.600677490234375
full_denoised_z_hat,879,reggae__reggae.00090,reggae,8,-31.05343246459961,27.713571548461914
full_denoised_z_hat,880,reggae__reggae.00090,reggae,8,-32.172367095947266,29.7005672454834
full_denoised_z_hat,881,reggae__reggae.00090,reggae,8,-32.18780517578125,32.399024963378906
full_denoised_z_hat,882,reggae__reggae.00090,reggae,8,-32.03715515136719,32.23949432373047
full_denoised_z_hat,883,reggae__reggae.00090,reggae,8,-31.446809768676758,31.56955909729004
full_denoised_z_hat,884,reggae__reggae.00091,reggae,8,-30.074867248535156,28.688884735107422
full_denoised_z_hat,885,reggae__reggae.00091,reggae,8,-31.32895851135254,30.45270347595215
full_denoised_z_hat,886,reggae__reggae.00091,reggae,8,-29.18128204345703,26.1923828125
full_denoised_z_hat,887,reggae__reggae.00091,reggae,8,-28.3787784576416,26.822988510131836
full_denoised_z_hat,888,reggae__reggae.00091,reggae,8,-25.606037139892578,30.00904655456543
full_denoised_z_hat,889,reggae__reggae.00092,reggae,8,-30.307464599609375,30.567296981811523
full_denoised_z_hat,890,reggae__reggae.00092,reggae,8,-31.906095504760742,32.14780807495117
full_denoised_z_hat,891,reggae__reggae.00092,reggae,8,-31.72439956665039,32.50306701660156
full_denoised_z_hat,892,reggae__reggae.00092,reggae,8,-32.57859420776367,27.16843605041504
full_denoised_z_hat,893,reggae__reggae.00092,reggae,8,-30.700660705566406,32.26113510131836
full_denoised_z_hat,894,reggae__reggae.00092,reggae,8,-30.469696044921875,26.700115203857422
full_denoised_z_hat,895,reggae__reggae.00092,reggae,8,-31.81853485107422,32.47605514526367
full_denoised_z_hat,896,reggae__reggae.00092,reggae,8,-32.405418395996094,30.295934677124023
full_denoised_z_hat,897,reggae__reggae.00092,reggae,8,-30.40768051147461,26.966846466064453
full_denoised_z_hat,898,reggae__reggae.00092,reggae,8,-30.650962829589844,27.115514755249023
full_denoised_z_hat,899,reggae__reggae.00092,reggae,8,-30.382747650146484,32.586204528808594
full_denoised_z_hat,900,rock__rock.00000,rock,9,4.681774139404297,9.627219200134277
full_denoised_z_hat,901,rock__rock.00000,rock,9,5.377385139465332,10.054911613464355
full_denoised_z_hat,902,rock__rock.00000,rock,9,5.919457912445068,11.405865669250488
full_denoised_z_hat,903,rock__rock.00000,rock,9,10.45999813079834,20.171491622924805
full_denoised_z_hat,904,rock__rock.00000,rock,9,16.82898712158203,13.66756820678711
full_denoised_z_hat,905,rock__rock.00000,rock,9,16.72810935974121,13.592029571533203
full_denoised_z_hat,906,rock__rock.00000,rock,9,17.070255279541016,13.687822341918945
full_denoised_z_hat,907,rock__rock.00000,rock,9,18.0562686920166,13.800341606140137
full_denoised_z_hat,908,rock__rock.00000,rock,9,20.085494995117188,16.68711280822754
full_denoised_z_hat,909,rock__rock.00003,rock,9,2.2055227756500244,35.3218994140625
full_denoised_z_hat,910,rock__rock.00003,rock,9,34.2426643371582,8.871503829956055
full_denoised_z_hat,911,rock__rock.00003,rock,9,33.844757080078125,9.938807487487793
full_denoised_z_hat,912,rock__rock.00003,rock,9,39.50054168701172,-3.856963872909546
full_denoised_z_hat,913,rock__rock.00003,rock,9,6.647675514221191,20.8028564453125
full_denoised_z_hat,914,rock__rock.00003,rock,9,-0.9144153594970703,39.32379913330078
full_denoised_z_hat,915,rock__rock.00008,rock,9,-3.01192307472229,-11.30882740020752
full_denoised_z_hat,916,rock__rock.00008,rock,9,-3.6850054264068604,-8.502927780151367
full_denoised_z_hat,917,rock__rock.00008,rock,9,-6.151927471160889,-8.017094612121582
full_denoised_z_hat,918,rock__rock.00008,rock,9,-5.972146034240723,-8.588347434997559
full_denoised_z_hat,919,rock__rock.00008,rock,9,-5.580515384674072,-9.978132247924805
full_denoised_z_hat,920,rock__rock.00008,rock,9,-12.533862113952637,-7.4565110206604
full_denoised_z_hat,921,rock__rock.00008,rock,9,-6.389968395233154,-5.8777594566345215
full_denoised_z_hat,922,rock__rock.00032,rock,9,-9.00568962097168,-4.121029853820801
full_denoised_z_hat,923,rock__rock.00032,rock,9,4.578003883361816,9.36998462677002
full_denoised_z_hat,924,rock__rock.00034,rock,9,0.9902992248535156,-43.10497283935547
full_denoised_z_hat,925,rock__rock.00034,rock,9,22.82377052307129,28.867956161499023
full_denoised_z_hat,926,rock__rock.00034,rock,9,20.551891326904297,26.650245666503906
full_denoised_z_hat,927,rock__rock.00034,rock,9,-7.994268417358398,-42.2963752746582
full_denoised_z_hat,928,rock__rock.00034,rock,9,27.84842872619629,26.614389419555664
full_denoised_z_hat,929,rock__rock.00034,rock,9,26.097105026245117,28.389202117919922
full_denoised_z_hat,930,rock__rock.00039,rock,9,16.25742530822754,12.89412784576416
full_denoised_z_hat,931,rock__rock.00039,rock,9,25.039669036865234,3.96441650390625
full_denoised_z_hat,932,rock__rock.00039,rock,9,-4.50758171081543,-47.240177154541016
full_denoised_z_hat,933,rock__rock.00039,rock,9,-0.6530502438545227,-43.73163986206055
full_denoised_z_hat,934,rock__rock.00044,rock,9,27.996309280395508,26.073772430419922
full_denoised_z_hat,935,rock__rock.00044,rock,9,-31.786544799804688,2.420038938522339
full_denoised_z_hat,936,rock__rock.00044,rock,9,29.490272521972656,-2.967686414718628
full_denoised_z_hat,937,rock__rock.00044,rock,9,-29.975801467895508,-4.255508899688721
full_denoised_z_hat,938,rock__rock.00044,rock,9,-33.68527603149414,3.267584800720215
full_denoised_z_hat,939,rock__rock.00044,rock,9,-2.283665180206299,-35.91627883911133
full_denoised_z_hat,940,rock__rock.00044,rock,9,-2.164116144180298,-35.67887878417969
full_denoised_z_hat,941,rock__rock.00048,rock,9,24.745359420776367,-26.944671630859375
full_denoised_z_hat,942,rock__rock.00048,rock,9,24.752635955810547,-27.041950225830078
full_denoised_z_hat,943,rock__rock.00048,rock,9,25.24613380432129,-27.236328125
full_denoised_z_hat,944,rock__rock.00048,rock,9,5.769144058227539,38.674522399902344
full_denoised_z_hat,945,rock__rock.00048,rock,9,12.417760848999023,11.58409595489502
full_denoised_z_hat,946,rock__rock.00048,rock,9,24.07909393310547,-27.30472183227539
full_denoised_z_hat,947,rock__rock.00048,rock,9,5.2293171882629395,38.14775466918945
full_denoised_z_hat,948,rock__rock.00049,rock,9,35.276893615722656,34.014400482177734
full_denoised_z_hat,949,rock__rock.00049,rock,9,35.47428512573242,32.14956283569336
full_denoised_z_hat,950,rock__rock.00049,rock,9,35.679779052734375,31.664127349853516
full_denoised_z_hat,951,rock__rock.00049,rock,9,32.95942687988281,31.083133697509766
full_denoised_z_hat,952,rock__rock.00049,rock,9,35.01222610473633,31.425077438354492
full_denoised_z_hat,953,rock__rock.00049,rock,9,31.40251350402832,33.225955963134766
full_denoised_z_hat,954,rock__rock.00049,rock,9,34.587806701660156,31.31121253967285
full_denoised_z_hat,955,rock__rock.00049,rock,9,23.2191219329834,29.323307037353516
full_denoised_z_hat,956,rock__rock.00049,rock,9,-6.167206764221191,-43.44236373901367
full_denoised_z_hat,957,rock__rock.00049,rock,9,-7.739905834197998,-48.6519775390625
full_denoised_z_hat,958,rock__rock.00050,rock,9,-2.3290202617645264,-36.070980072021484
full_denoised_z_hat,959,rock__rock.00050,rock,9,-4.399887561798096,-42.18525695800781
full_denoised_z_hat,960,rock__rock.00050,rock,9,-7.30134391784668,-43.29655838012695
full_denoised_z_hat,961,rock__rock.00050,rock,9,-7.51455020904541,-41.94841766357422
full_denoised_z_hat,962,rock__rock.00050,rock,9,-3.5156662464141846,-43.8312873840332
full_denoised_z_hat,963,rock__rock.00050,rock,9,-4.4340972900390625,-44.425506591796875
full_denoised_z_hat,964,rock__rock.00050,rock,9,-6.715577125549316,-44.034523010253906
full_denoised_z_hat,965,rock__rock.00050,rock,9,-5.728940963745117,-44.58099365234375
full_denoised_z_hat,966,rock__rock.00054,rock,9,18.924362182617188,11.082204818725586
full_denoised_z_hat,967,rock__rock.00054,rock,9,18.453760147094727,10.780977249145508
full_denoised_z_hat,968,rock__rock.00054,rock,9,18.993593215942383,11.3226318359375
full_denoised_z_hat,969,rock__rock.00054,rock,9,17.68089485168457,12.5330171585083
full_denoised_z_hat,970,rock__rock.00054,rock,9,31.357778549194336,26.56482696533203
full_denoised_z_hat,971,rock__rock.00054,rock,9,28.586122512817383,26.00379753112793
full_denoised_z_hat,972,rock__rock.00054,rock,9,18.107528686523438,12.423724174499512
full_denoised_z_hat,973,rock__rock.00054,rock,9,18.194883346557617,11.864376068115234
full_denoised_z_hat,974,rock__rock.00054,rock,9,18.253501892089844,10.604790687561035
full_denoised_z_hat,975,rock__rock.00054,rock,9,19.6887264251709,18.43010139465332
full_denoised_z_hat,976,rock__rock.00080,rock,9,13.591142654418945,16.0567626953125
full_denoised_z_hat,977,rock__rock.00080,rock,9,8.425860404968262,15.346238136291504
full_denoised_z_hat,978,rock__rock.00080,rock,9,7.787231922149658,15.589056015014648
full_denoised_z_hat,979,rock__rock.00080,rock,9,8.258509635925293,15.546727180480957
full_denoised_z_hat,980,rock__rock.00080,rock,9,6.88997220993042,14.174084663391113
full_denoised_z_hat,981,rock__rock.00085,rock,9,-34.96916198730469,-0.8416369557380676
full_denoised_z_hat,982,rock__rock.00085,rock,9,11.310688018798828,11.706400871276855
full_denoised_z_hat,983,rock__rock.00085,rock,9,16.606508255004883,12.940606117248535
full_denoised_z_hat,984,rock__rock.00085,rock,9,19.77801513671875,18.919435501098633
full_denoised_z_hat,985,rock__rock.00085,rock,9,9.95726203918457,13.410072326660156
full_denoised_z_hat,986,rock__rock.00085,rock,9,22.42780303955078,20.62134552001953
full_denoised_z_hat,987,rock__rock.00086,rock,9,-36.623756408691406,-1.7943881750106812
full_denoised_z_hat,988,rock__rock.00086,rock,9,8.267739295959473,15.697603225708008
full_denoised_z_hat,989,rock__rock.00086,rock,9,7.755219459533691,18.462879180908203
full_denoised_z_hat,990,rock__rock.00086,rock,9,-38.05502700805664,16.6639404296875
full_denoised_z_hat,991,rock__rock.00092,rock,9,6.805622577667236,12.681005477905273
full_denoised_z_hat,992,rock__rock.00092,rock,9,6.348217010498047,12.669051170349121
full_denoised_z_hat,993,rock__rock.00092,rock,9,8.005099296569824,14.312314987182617
full_denoised_z_hat,994,rock__rock.00092,rock,9,9.683638572692871,13.59109878540039
full_denoised_z_hat,995,rock__rock.00092,rock,9,6.677294731140137,13.546310424804688
full_denoised_z_hat,996,rock__rock.00092,rock,9,7.1853346824646,13.764459609985352
full_denoised_z_hat,997,rock__rock.00092,rock,9,7.061300754547119,13.347399711608887
full_denoised_z_hat,998,rock__rock.00092,rock,9,7.689164161682129,14.499435424804688
full_denoised_z_hat,999,rock__rock.00092,rock,9,7.52970027923584,13.510064125061035
