embedding,sample_index,song_id,genre,label,tsne_x,tsne_y
full_clean_z,0,blues__blues.00000,blues,0,20.950769424438477,-13.148202896118164
full_clean_z,1,blues__blues.00000,blues,0,33.876895904541016,-19.150047302246094
full_clean_z,2,blues__blues.00000,blues,0,33.83208084106445,-19.175691604614258
full_clean_z,3,blues__blues.00000,blues,0,20.53886604309082,-13.296175003051758
full_clean_z,4,blues__blues.00000,blues,0,-1.0421582460403442,-6.674095630645752
full_clean_z,5,blues__blues.00000,blues,0,20.432294845581055,-13.391940116882324
full_clean_z,6,blues__blues.00000,blues,0,20.469051361083984,-13.346304893493652
full_clean_z,7,blues__blues.00001,blues,0,19.91286849975586,-25.065330505371094
full_clean_z,8,blues__blues.00001,blues,0,17.456897735595703,-22.588565826416016
full_clean_z,9,blues__blues.00001,blues,0,9.692035675048828,-29.471424102783203
full_clean_z,10,blues__blues.00001,blues,0,17.979137420654297,-22.76301383972168
full_clean_z,11,blues__blues.00001,blues,0,17.629928588867188,-22.749319076538086
full_clean_z,12,blues__blues.00001,blues,0,38.15785598754883,-33.7444953918457
full_clean_z,13,blues__blues.00001,blues,0,18.339012145996094,-22.855937957763672
full_clean_z,14,blues__blues.00009,blues,0,38.135223388671875,-21.54007339477539
full_clean_z,15,blues__blues.00009,blues,0,38.8696403503418,-21.52143669128418
full_clean_z,16,blues__blues.00009,blues,0,33.54132843017578,-30.420522689819336
full_clean_z,17,blues__blues.00009,blues,0,39.164649963378906,-21.310182571411133
full_clean_z,18,blues__blues.00009,blues,0,39.27064514160156,-21.199235916137695
full_clean_z,19,blues__blues.00009,blues,0,39.05164337158203,-30.21988296508789
full_clean_z,20,blues__blues.00009,blues,0,36.630455017089844,-24.213523864746094
full_clean_z,21,blues__blues.00009,blues,0,48.987972259521484,-3.0651679039001465
full_clean_z,22,blues__blues.00009,blues,0,39.03688049316406,-21.38722038269043
full_clean_z,23,blues__blues.00011,blues,0,28.41192626953125,-8.571966171264648
full_clean_z,24,blues__blues.00011,blues,0,38.999568939208984,-24.33087158203125
full_clean_z,25,blues__blues.00011,blues,0,28.28242301940918,-9.921181678771973
full_clean_z,26,blues__blues.00011,blues,0,28.551734924316406,-8.718616485595703
full_clean_z,27,blues__blues.00011,blues,0,28.253503799438477,-10.436861038208008
full_clean_z,28,blues__blues.00011,blues,0,30.123937606811523,-12.484236717224121
full_clean_z,29,blues__blues.00011,blues,0,39.167476654052734,-24.505374908447266
full_clean_z,30,blues__blues.00031,blues,0,40.56950378417969,-30.962825775146484
full_clean_z,31,blues__blues.00031,blues,0,40.419246673583984,-31.161304473876953
full_clean_z,32,blues__blues.00031,blues,0,39.43651580810547,-31.58059310913086
full_clean_z,33,blues__blues.00031,blues,0,40.67546081542969,-30.896617889404297
full_clean_z,34,blues__blues.00034,blues,0,39.6111946105957,-30.91495132446289
full_clean_z,35,blues__blues.00034,blues,0,38.55073928833008,-31.554927825927734
full_clean_z,36,blues__blues.00034,blues,0,39.39839172363281,-31.338769912719727
full_clean_z,37,blues__blues.00034,blues,0,-15.336843490600586,-37.795894622802734
full_clean_z,38,blues__blues.00034,blues,0,39.32490158081055,-31.98004150390625
full_clean_z,39,blues__blues.00034,blues,0,39.76792526245117,-31.461872100830078
full_clean_z,40,blues__blues.00039,blues,0,42.000152587890625,-30.99884796142578
full_clean_z,41,blues__blues.00039,blues,0,41.89312744140625,-30.936304092407227
full_clean_z,42,blues__blues.00039,blues,0,41.30372619628906,-30.504249572753906
full_clean_z,43,blues__blues.00039,blues,0,41.48060989379883,-30.60831642150879
full_clean_z,44,blues__blues.00039,blues,0,40.32599639892578,-30.828439712524414
full_clean_z,45,blues__blues.00052,blues,0,33.00105667114258,-20.727102279663086
full_clean_z,46,blues__blues.00052,blues,0,34.48329162597656,-21.73283576965332
full_clean_z,47,blues__blues.00052,blues,0,33.637149810791016,-27.066673278808594
full_clean_z,48,blues__blues.00052,blues,0,32.966033935546875,-21.78404998779297
full_clean_z,49,blues__blues.00052,blues,0,29.27655601501465,-20.368946075439453
full_clean_z,50,blues__blues.00052,blues,0,28.992721557617188,-19.828628540039062
full_clean_z,51,blues__blues.00054,blues,0,32.29081344604492,-14.618263244628906
full_clean_z,52,blues__blues.00054,blues,0,31.812429428100586,-14.631074905395508
full_clean_z,53,blues__blues.00054,blues,0,32.05154800415039,-14.421485900878906
full_clean_z,54,blues__blues.00054,blues,0,31.843164443969727,-14.45767879486084
full_clean_z,55,blues__blues.00054,blues,0,35.644588470458984,-18.5671329498291
full_clean_z,56,blues__blues.00054,blues,0,32.48182678222656,-14.548860549926758
full_clean_z,57,blues__blues.00057,blues,0,32.73027420043945,-14.498430252075195
full_clean_z,58,blues__blues.00057,blues,0,33.758548736572266,-15.819633483886719
full_clean_z,59,blues__blues.00057,blues,0,34.0902099609375,-16.09528923034668
full_clean_z,60,blues__blues.00057,blues,0,34.31494903564453,-16.390947341918945
full_clean_z,61,blues__blues.00060,blues,0,35.38180923461914,-18.959674835205078
full_clean_z,62,blues__blues.00060,blues,0,36.504173278808594,-18.974834442138672
full_clean_z,63,blues__blues.00060,blues,0,36.38739013671875,-18.945903778076172
full_clean_z,64,blues__blues.00060,blues,0,34.86978530883789,-19.995861053466797
full_clean_z,65,blues__blues.00060,blues,0,35.70786666870117,-18.547805786132812
full_clean_z,66,blues__blues.00060,blues,0,34.305843353271484,-17.914520263671875
full_clean_z,67,blues__blues.00060,blues,0,34.40735626220703,-18.14779281616211
full_clean_z,68,blues__blues.00066,blues,0,14.610466003417969,-16.95028305053711
full_clean_z,69,blues__blues.00066,blues,0,14.795930862426758,-17.2813663482666
full_clean_z,70,blues__blues.00066,blues,0,14.698027610778809,-16.81398582458496
full_clean_z,71,blues__blues.00066,blues,0,14.685564994812012,-16.591224670410156
full_clean_z,72,blues__blues.00066,blues,0,14.553860664367676,-14.812886238098145
full_clean_z,73,blues__blues.00066,blues,0,14.55687141418457,-15.912114143371582
full_clean_z,74,blues__blues.00066,blues,0,14.822234153747559,-15.753049850463867
full_clean_z,75,blues__blues.00066,blues,0,26.799699783325195,-31.785676956176758
full_clean_z,76,blues__blues.00066,blues,0,26.687036514282227,-31.82577133178711
full_clean_z,77,blues__blues.00068,blues,0,25.4277286529541,-30.06714630126953
full_clean_z,78,blues__blues.00068,blues,0,25.882997512817383,-30.308774948120117
full_clean_z,79,blues__blues.00068,blues,0,26.38456916809082,-30.82516098022461
full_clean_z,80,blues__blues.00068,blues,0,26.34374237060547,-30.68080711364746
full_clean_z,81,blues__blues.00068,blues,0,26.196388244628906,-30.67488670349121
full_clean_z,82,blues__blues.00068,blues,0,24.956396102905273,-30.199886322021484
full_clean_z,83,blues__blues.00068,blues,0,26.585771560668945,-30.600540161132812
full_clean_z,84,blues__blues.00070,blues,0,10.589582443237305,-16.06557273864746
full_clean_z,85,blues__blues.00070,blues,0,12.128902435302734,-15.78539752960205
full_clean_z,86,blues__blues.00070,blues,0,14.158586502075195,-19.593570709228516
full_clean_z,87,blues__blues.00070,blues,0,14.184812545776367,-15.834802627563477
full_clean_z,88,blues__blues.00070,blues,0,26.56669807434082,-32.4508171081543
full_clean_z,89,blues__blues.00070,blues,0,13.357257843017578,-15.224193572998047
full_clean_z,90,blues__blues.00070,blues,0,11.246065139770508,-15.831032752990723
full_clean_z,91,blues__blues.00071,blues,0,25.039730072021484,-26.86001968383789
full_clean_z,92,blues__blues.00071,blues,0,24.565719604492188,-26.466617584228516
full_clean_z,93,blues__blues.00071,blues,0,25.812341690063477,-29.364595413208008
full_clean_z,94,blues__blues.00071,blues,0,24.27022361755371,-26.869140625
full_clean_z,95,blues__blues.00071,blues,0,24.01713752746582,-27.2921199798584
full_clean_z,96,blues__blues.00071,blues,0,24.359315872192383,-25.72345733642578
full_clean_z,97,blues__blues.00071,blues,0,25.44222068786621,-27.194795608520508
full_clean_z,98,blues__blues.00071,blues,0,25.667896270751953,-27.188302993774414
full_clean_z,99,blues__blues.00071,blues,0,25.769245147705078,-27.468338012695312
full_clean_z,100,classical__classical.00000,classical,1,52.944644927978516,35.92546081542969
full_clean_z,101,classical__classical.00000,classical,1,50.273006439208984,37.03833770751953
full_clean_z,102,classical__classical.00000,classical,1,51.519161224365234,35.617759704589844
full_clean_z,103,classical__classical.00000,classical,1,49.92400360107422,38.89480209350586
full_clean_z,104,classical__classical.00000,classical,1,50.26351547241211,36.57220458984375
full_clean_z,105,classical__classical.00000,classical,1,51.59488296508789,34.92275619506836
full_clean_z,106,classical__classical.00002,classical,1,49.894161224365234,38.947200775146484
full_clean_z,107,classical__classical.00002,classical,1,51.91085433959961,37.80931854248047
full_clean_z,108,classical__classical.00002,classical,1,50.77272033691406,39.155155181884766
full_clean_z,109,classical__classical.00006,classical,1,49.80789566040039,36.21505355834961
full_clean_z,110,classical__classical.00006,classical,1,49.4326286315918,35.72713851928711
full_clean_z,111,classical__classical.00006,classical,1,50.13811492919922,35.22169876098633
full_clean_z,112,classical__classical.00006,classical,1,49.51751708984375,38.351810455322266
full_clean_z,113,classical__classical.00006,classical,1,51.60296630859375,37.26549530029297
full_clean_z,114,classical__classical.00006,classical,1,50.94303894042969,37.795413970947266
full_clean_z,115,classical__classical.00006,classical,1,50.866695404052734,37.80436706542969
full_clean_z,116,classical__classical.00009,classical,1,49.642574310302734,33.6510009765625
full_clean_z,117,classical__classical.00009,classical,1,49.25099563598633,35.352474212646484
full_clean_z,118,classical__classical.00009,classical,1,51.460838317871094,36.46986770629883
full_clean_z,119,classical__classical.00009,classical,1,51.606231689453125,31.28459358215332
full_clean_z,120,classical__classical.00009,classical,1,37.95882797241211,15.807934761047363
full_clean_z,121,classical__classical.00009,classical,1,49.92916488647461,32.275611877441406
full_clean_z,122,classical__classical.00009,classical,1,51.885066986083984,35.142826080322266
full_clean_z,123,classical__classical.00022,classical,1,50.15817642211914,38.91987991333008
full_clean_z,124,classical__classical.00022,classical,1,50.02688980102539,39.82925033569336
full_clean_z,125,classical__classical.00022,classical,1,50.021724700927734,40.18722152709961
full_clean_z,126,classical__classical.00022,classical,1,49.63414001464844,34.693538665771484
full_clean_z,127,classical__classical.00022,classical,1,49.21324920654297,34.29629898071289
full_clean_z,128,classical__classical.00022,classical,1,52.52644348144531,33.49359130859375
full_clean_z,129,classical__classical.00022,classical,1,52.428306579589844,33.5714225769043
full_clean_z,130,classical__classical.00034,classical,1,48.16679382324219,37.23935317993164
full_clean_z,131,classical__classical.00034,classical,1,48.60707092285156,38.14439392089844
full_clean_z,132,classical__classical.00034,classical,1,48.184444427490234,37.022090911865234
full_clean_z,133,classical__classical.00034,classical,1,47.461421966552734,37.27635955810547
full_clean_z,134,classical__classical.00034,classical,1,47.075218200683594,37.36874771118164
full_clean_z,135,classical__classical.00034,classical,1,46.44926071166992,37.183685302734375
full_clean_z,136,classical__classical.00034,classical,1,47.41660690307617,33.35747146606445
full_clean_z,137,classical__classical.00037,classical,1,49.27427673339844,39.339088439941406
full_clean_z,138,classical__classical.00037,classical,1,51.25438690185547,33.587406158447266
full_clean_z,139,classical__classical.00037,classical,1,49.841949462890625,29.64920997619629
full_clean_z,140,classical__classical.00037,classical,1,52.35350799560547,33.875179290771484
full_clean_z,141,classical__classical.00037,classical,1,46.50454330444336,38.726924896240234
full_clean_z,142,classical__classical.00037,classical,1,48.765506744384766,36.618324279785156
full_clean_z,143,classical__classical.00037,classical,1,48.161231994628906,39.014774322509766
full_clean_z,144,classical__classical.00037,classical,1,49.01123809814453,33.802528381347656
full_clean_z,145,classical__classical.00039,classical,1,47.11138153076172,32.81317138671875
full_clean_z,146,classical__classical.00039,classical,1,45.25273132324219,29.8338680267334
full_clean_z,147,classical__classical.00039,classical,1,49.352325439453125,29.470163345336914
full_clean_z,148,classical__classical.00039,classical,1,51.18304443359375,39.742977142333984
full_clean_z,149,classical__classical.00039,classical,1,45.53963088989258,30.916561126708984
full_clean_z,150,classical__classical.00039,classical,1,45.560672760009766,30.88503074645996
full_clean_z,151,classical__classical.00047,classical,1,49.56715774536133,33.252864837646484
full_clean_z,152,classical__classical.00047,classical,1,49.58815002441406,33.224945068359375
full_clean_z,153,classical__classical.00047,classical,1,51.00023651123047,32.3050537109375
full_clean_z,154,classical__classical.00047,classical,1,49.65311813354492,31.72750473022461
full_clean_z,155,classical__classical.00047,classical,1,49.87454605102539,32.532508850097656
full_clean_z,156,classical__classical.00047,classical,1,49.611209869384766,32.80339431762695
full_clean_z,157,classical__classical.00053,classical,1,42.80982971191406,41.869869232177734
full_clean_z,158,classical__classical.00053,classical,1,43.059654235839844,41.915836334228516
full_clean_z,159,classical__classical.00053,classical,1,43.1590690612793,41.94641876220703
full_clean_z,160,classical__classical.00053,classical,1,43.298011779785156,42.02561569213867
full_clean_z,161,classical__classical.00053,classical,1,43.3863639831543,42.032535552978516
full_clean_z,162,classical__classical.00056,classical,1,41.129249572753906,41.17665481567383
full_clean_z,163,classical__classical.00056,classical,1,40.54493713378906,41.430999755859375
full_clean_z,164,classical__classical.00056,classical,1,40.64554214477539,41.42940902709961
full_clean_z,165,classical__classical.00056,classical,1,40.953311920166016,41.37560272216797
full_clean_z,166,classical__classical.00056,classical,1,40.86559295654297,41.33892822265625
full_clean_z,167,classical__classical.00056,classical,1,39.87416076660156,41.46581268310547
full_clean_z,168,classical__classical.00056,classical,1,39.80363464355469,41.466365814208984
full_clean_z,169,classical__classical.00056,classical,1,40.223167419433594,41.42716598510742
full_clean_z,170,classical__classical.00056,classical,1,37.346031188964844,38.710426330566406
full_clean_z,171,classical__classical.00056,classical,1,37.37516403198242,38.743072509765625
full_clean_z,172,classical__classical.00057,classical,1,32.046661376953125,12.382552146911621
full_clean_z,173,classical__classical.00057,classical,1,35.23549270629883,14.72753620147705
full_clean_z,174,classical__classical.00057,classical,1,47.011253356933594,32.6335334777832
full_clean_z,175,classical__classical.00057,classical,1,46.97484588623047,32.53759765625
full_clean_z,176,classical__classical.00057,classical,1,42.1170654296875,25.275968551635742
full_clean_z,177,classical__classical.00057,classical,1,34.563568115234375,13.077938079833984
full_clean_z,178,classical__classical.00057,classical,1,42.1192512512207,25.29595184326172
full_clean_z,179,classical__classical.00057,classical,1,34.70161056518555,12.936100006103516
full_clean_z,180,classical__classical.00057,classical,1,34.73506546020508,13.099568367004395
full_clean_z,181,classical__classical.00057,classical,1,46.70839309692383,35.15399932861328
full_clean_z,182,classical__classical.00065,classical,1,49.584415435791016,31.616769790649414
full_clean_z,183,classical__classical.00065,classical,1,49.23637390136719,30.807703018188477
full_clean_z,184,classical__classical.00065,classical,1,51.077117919921875,34.13530349731445
full_clean_z,185,classical__classical.00065,classical,1,50.618438720703125,34.46519470214844
full_clean_z,186,classical__classical.00082,classical,1,49.33266067504883,38.05398941040039
full_clean_z,187,classical__classical.00082,classical,1,46.88832473754883,35.38527297973633
full_clean_z,188,classical__classical.00082,classical,1,46.98417663574219,35.38077163696289
full_clean_z,189,classical__classical.00082,classical,1,51.314884185791016,32.59589385986328
full_clean_z,190,classical__classical.00082,classical,1,50.18631362915039,35.829856872558594
full_clean_z,191,classical__classical.00082,classical,1,50.93315124511719,35.20405197143555
full_clean_z,192,classical__classical.00091,classical,1,49.145668029785156,38.3345832824707
full_clean_z,193,classical__classical.00091,classical,1,46.469356536865234,38.75815963745117
full_clean_z,194,classical__classical.00091,classical,1,48.637168884277344,35.059425354003906
full_clean_z,195,classical__classical.00091,classical,1,46.80470275878906,39.30590057373047
full_clean_z,196,classical__classical.00091,classical,1,47.32101821899414,38.94821548461914
full_clean_z,197,classical__classical.00091,classical,1,46.7855224609375,38.835044860839844
full_clean_z,198,classical__classical.00091,classical,1,47.9246826171875,39.0346565246582
full_clean_z,199,classical__classical.00091,classical,1,48.77054977416992,38.70974349975586
full_clean_z,200,country__country.00001,country,2,-2.3918559551239014,-39.722312927246094
full_clean_z,201,country__country.00001,country,2,-2.426471710205078,-39.654571533203125
full_clean_z,202,country__country.00001,country,2,-2.4455864429473877,-39.78239822387695
full_clean_z,203,country__country.00001,country,2,-2.164942979812622,-39.406795501708984
full_clean_z,204,country__country.00001,country,2,-2.222468614578247,-39.65190505981445
full_clean_z,205,country__country.00011,country,2,1.772868275642395,-7.41706657409668
full_clean_z,206,country__country.00011,country,2,1.7224230766296387,-7.249682903289795
full_clean_z,207,country__country.00011,country,2,-3.4545211791992188,-30.252761840820312
full_clean_z,208,country__country.00011,country,2,-4.9247331619262695,-26.13108253479004
full_clean_z,209,country__country.00011,country,2,22.403879165649414,0.05272253230214119
full_clean_z,210,country__country.00011,country,2,3.3760952949523926,-7.918652057647705
full_clean_z,211,country__country.00011,country,2,5.177218437194824,-8.830309867858887
full_clean_z,212,country__country.00011,country,2,-4.93324089050293,-25.896276473999023
full_clean_z,213,country__country.00013,country,2,-15.626974105834961,6.731350898742676
full_clean_z,214,country__country.00013,country,2,-15.724870681762695,6.7374372482299805
full_clean_z,215,country__country.00013,country,2,-15.622945785522461,6.631221771240234
full_clean_z,216,country__country.00013,country,2,-16.24298858642578,15.39932918548584
full_clean_z,217,country__country.00013,country,2,-17.577402114868164,6.237972736358643
full_clean_z,218,country__country.00013,country,2,-16.59741973876953,6.865381717681885
full_clean_z,219,country__country.00013,country,2,-16.03076171875,6.563410758972168
full_clean_z,220,country__country.00013,country,2,-15.686912536621094,6.711409568786621
full_clean_z,221,country__country.00013,country,2,-16.87010383605957,8.645121574401855
full_clean_z,222,country__country.00013,country,2,-17.589035034179688,6.0964035987854
full_clean_z,223,country__country.00029,country,2,2.2134153842926025,-38.05780029296875
full_clean_z,224,country__country.00029,country,2,2.457923412322998,-38.10805130004883
full_clean_z,225,country__country.00029,country,2,2.815599203109741,-37.82624435424805
full_clean_z,226,country__country.00029,country,2,2.1047310829162598,-38.57328414916992
full_clean_z,227,country__country.00029,country,2,2.8265421390533447,-37.8831672668457
full_clean_z,228,country__country.00029,country,2,2.1579532623291016,-38.503787994384766
full_clean_z,229,country__country.00047,country,2,8.813998222351074,-20.95490264892578
full_clean_z,230,country__country.00057,country,2,3.241694688796997,-13.033764839172363
full_clean_z,231,country__country.00057,country,2,5.638240814208984,-39.2440185546875
full_clean_z,232,country__country.00057,country,2,6.693225383758545,-39.24242401123047
full_clean_z,233,country__country.00057,country,2,7.013210296630859,-40.06863784790039
full_clean_z,234,country__country.00057,country,2,6.583892822265625,-39.31123733520508
full_clean_z,235,country__country.00057,country,2,6.883236408233643,-38.97249984741211
full_clean_z,236,country__country.00057,country,2,6.753182888031006,-39.10627365112305
full_clean_z,237,country__country.00057,country,2,6.885035514831543,6.125691890716553
full_clean_z,238,country__country.00057,country,2,6.114659786224365,-17.88082504272461
full_clean_z,239,country__country.00057,country,2,6.601696491241455,-18.676334381103516
full_clean_z,240,country__country.00059,country,2,23.815494537353516,-12.602596282958984
full_clean_z,241,country__country.00059,country,2,9.873270034790039,-36.74950408935547
full_clean_z,242,country__country.00059,country,2,9.52899169921875,-36.70674514770508
full_clean_z,243,country__country.00059,country,2,9.625823974609375,-35.84626770019531
full_clean_z,244,country__country.00059,country,2,14.478529930114746,-31.560258865356445
full_clean_z,245,country__country.00059,country,2,9.268766403198242,-36.665470123291016
full_clean_z,246,country__country.00067,country,2,14.14344596862793,-30.357492446899414
full_clean_z,247,country__country.00067,country,2,14.223379135131836,-30.584938049316406
full_clean_z,248,country__country.00067,country,2,10.107779502868652,-27.505142211914062
full_clean_z,249,country__country.00067,country,2,9.576483726501465,-37.99879455566406
full_clean_z,250,country__country.00067,country,2,12.328254699707031,-27.00950813293457
full_clean_z,251,country__country.00067,country,2,10.492703437805176,-27.47764015197754
full_clean_z,252,country__country.00067,country,2,13.988370895385742,-29.99199104309082
full_clean_z,253,country__country.00067,country,2,7.676852703094482,-30.29719352722168
full_clean_z,254,country__country.00068,country,2,6.4624505043029785,-24.33110237121582
full_clean_z,255,country__country.00068,country,2,-7.345788955688477,1.4548121690750122
full_clean_z,256,country__country.00068,country,2,-1.990419864654541,-22.222692489624023
full_clean_z,257,country__country.00068,country,2,-2.2425098419189453,-22.858036041259766
full_clean_z,258,country__country.00068,country,2,11.216935157775879,-23.68509864807129
full_clean_z,259,country__country.00068,country,2,10.6016263961792,-27.49146270751953
full_clean_z,260,country__country.00068,country,2,12.013280868530273,-26.256114959716797
full_clean_z,261,country__country.00068,country,2,-4.6975579261779785,8.212601661682129
full_clean_z,262,country__country.00069,country,2,25.17430877685547,28.0675048828125
full_clean_z,263,country__country.00069,country,2,9.798043251037598,-25.2272891998291
full_clean_z,264,country__country.00069,country,2,9.660512924194336,-25.349172592163086
full_clean_z,265,country__country.00069,country,2,13.714226722717285,-29.650623321533203
full_clean_z,266,country__country.00069,country,2,1.413791537284851,-35.89052963256836
full_clean_z,267,country__country.00069,country,2,7.821315765380859,-36.7530517578125
full_clean_z,268,country__country.00069,country,2,7.549813270568848,-30.537683486938477
full_clean_z,269,country__country.00075,country,2,21.31664276123047,-21.026973724365234
full_clean_z,270,country__country.00075,country,2,21.10296630859375,-20.95264434814453
full_clean_z,271,country__country.00075,country,2,33.97019577026367,-22.898168563842773
full_clean_z,272,country__country.00075,country,2,22.155988693237305,-20.758773803710938
full_clean_z,273,country__country.00075,country,2,11.179683685302734,-30.941301345825195
full_clean_z,274,country__country.00075,country,2,10.96787166595459,-30.996583938598633
full_clean_z,275,country__country.00076,country,2,9.467761039733887,-29.400543212890625
full_clean_z,276,country__country.00076,country,2,2.7097418308258057,-35.918052673339844
full_clean_z,277,country__country.00076,country,2,6.794963836669922,-30.006999969482422
full_clean_z,278,country__country.00076,country,2,8.462240219116211,-36.105648040771484
full_clean_z,279,country__country.00076,country,2,7.359795093536377,-30.256193161010742
full_clean_z,280,country__country.00076,country,2,36.204078674316406,-31.535694122314453
full_clean_z,281,country__country.00076,country,2,30.676864624023438,-30.40279197692871
full_clean_z,282,country__country.00077,country,2,5.508886337280273,-30.324325561523438
full_clean_z,283,country__country.00077,country,2,1.934043526649475,-19.56624412536621
full_clean_z,284,country__country.00077,country,2,4.35006046295166,-17.80184555053711
full_clean_z,285,country__country.00077,country,2,4.775943279266357,-17.793148040771484
full_clean_z,286,country__country.00077,country,2,6.539590358734131,-30.77820587158203
full_clean_z,287,country__country.00077,country,2,6.465677738189697,-31.19194221496582
full_clean_z,288,country__country.00097,country,2,5.260192394256592,-37.276241302490234
full_clean_z,289,country__country.00097,country,2,7.081170082092285,-36.74738311767578
full_clean_z,290,country__country.00097,country,2,6.621686935424805,-36.93147277832031
full_clean_z,291,country__country.00097,country,2,6.451181411743164,-37.06509780883789
full_clean_z,292,country__country.00097,country,2,6.645423412322998,-37.04591369628906
full_clean_z,293,country__country.00099,country,2,18.35462760925293,-27.77735710144043
full_clean_z,294,country__country.00099,country,2,12.151561737060547,-19.56584930419922
full_clean_z,295,country__country.00099,country,2,11.960403442382812,-34.59809494018555
full_clean_z,296,country__country.00099,country,2,10.018588066101074,-35.80887985229492
full_clean_z,297,country__country.00099,country,2,17.282390594482422,-27.80732536315918
full_clean_z,298,country__country.00099,country,2,31.707136154174805,-32.23397445678711
full_clean_z,299,country__country.00099,country,2,31.486665725708008,-32.266361236572266
full_clean_z,300,disco__disco.00000,disco,3,-13.00015926361084,15.695528030395508
full_clean_z,301,disco__disco.00000,disco,3,-13.801074028015137,16.54325294494629
full_clean_z,302,disco__disco.00000,disco,3,-13.752474784851074,16.51904296875
full_clean_z,303,disco__disco.00000,disco,3,-9.078739166259766,12.2992582321167
full_clean_z,304,disco__disco.00000,disco,3,-8.752716064453125,12.344555854797363
full_clean_z,305,disco__disco.00000,disco,3,-13.569629669189453,16.199913024902344
full_clean_z,306,disco__disco.00000,disco,3,-12.73757553100586,15.522787094116211
full_clean_z,307,disco__disco.00000,disco,3,-12.617961883544922,15.313924789428711
full_clean_z,308,disco__disco.00000,disco,3,-12.708149909973145,14.991658210754395
full_clean_z,309,disco__disco.00003,disco,3,-0.36107712984085083,-16.664438247680664
full_clean_z,310,disco__disco.00003,disco,3,-0.47477850317955017,-15.777262687683105
full_clean_z,311,disco__disco.00003,disco,3,-30.918514251708984,21.605424880981445
full_clean_z,312,disco__disco.00003,disco,3,-30.969755172729492,21.789745330810547
full_clean_z,313,disco__disco.00003,disco,3,-31.31667137145996,21.855016708374023
full_clean_z,314,disco__disco.00003,disco,3,-31.076099395751953,21.981775283813477
full_clean_z,315,disco__disco.00010,disco,3,-33.105648040771484,-1.6488679647445679
full_clean_z,316,disco__disco.00010,disco,3,-22.586345672607422,6.060699462890625
full_clean_z,317,disco__disco.00010,disco,3,-22.56731414794922,5.68783712387085
full_clean_z,318,disco__disco.00010,disco,3,-23.308401107788086,10.844347953796387
full_clean_z,319,disco__disco.00010,disco,3,-23.240896224975586,10.793936729431152
full_clean_z,320,disco__disco.00010,disco,3,-22.59377098083496,5.697912216186523
full_clean_z,321,disco__disco.00020,disco,3,-1.7562915086746216,-19.320663452148438
full_clean_z,322,disco__disco.00020,disco,3,1.8084452152252197,-35.57237243652344
full_clean_z,323,disco__disco.00020,disco,3,-19.211137771606445,-30.708087921142578
full_clean_z,324,disco__disco.00021,disco,3,-29.11549949645996,10.590192794799805
full_clean_z,325,disco__disco.00021,disco,3,-29.074865341186523,10.343810081481934
full_clean_z,326,disco__disco.00021,disco,3,-29.076072692871094,9.902657508850098
full_clean_z,327,disco__disco.00021,disco,3,-29.2872257232666,9.723794937133789
full_clean_z,328,disco__disco.00021,disco,3,-29.14173126220703,10.567360877990723
full_clean_z,329,disco__disco.00021,disco,3,-28.83234405517578,10.425283432006836
full_clean_z,330,disco__disco.00021,disco,3,-28.177717208862305,9.24104118347168
full_clean_z,331,disco__disco.00021,disco,3,-45.00788497924805,-21.27999496459961
full_clean_z,332,disco__disco.00030,disco,3,-13.890690803527832,10.96688461303711
full_clean_z,333,disco__disco.00030,disco,3,-13.990939140319824,11.412904739379883
full_clean_z,334,disco__disco.00030,disco,3,-13.971962928771973,11.365952491760254
full_clean_z,335,disco__disco.00030,disco,3,-13.661717414855957,10.587174415588379
full_clean_z,336,disco__disco.00030,disco,3,-14.627829551696777,17.303470611572266
full_clean_z,337,disco__disco.00030,disco,3,-21.979143142700195,-0.511013388633728
full_clean_z,338,disco__disco.00030,disco,3,-13.236312866210938,9.128656387329102
full_clean_z,339,disco__disco.00030,disco,3,-12.797342300415039,12.669295310974121
full_clean_z,340,disco__disco.00030,disco,3,-13.951159477233887,11.262957572937012
full_clean_z,341,disco__disco.00030,disco,3,-13.478877067565918,9.536328315734863
full_clean_z,342,disco__disco.00040,disco,3,-15.232743263244629,22.734878540039062
full_clean_z,343,disco__disco.00040,disco,3,-14.95659351348877,22.42536163330078
full_clean_z,344,disco__disco.00040,disco,3,-15.251726150512695,22.797107696533203
full_clean_z,345,disco__disco.00040,disco,3,7.161551475524902,-11.159198760986328
full_clean_z,346,disco__disco.00040,disco,3,-1.3441250324249268,-20.6380672454834
full_clean_z,347,disco__disco.00040,disco,3,-15.615036964416504,23.129823684692383
full_clean_z,348,disco__disco.00044,disco,3,-33.37194061279297,20.052949905395508
full_clean_z,349,disco__disco.00044,disco,3,-33.34091567993164,19.92746925354004
full_clean_z,350,disco__disco.00044,disco,3,-27.34111785888672,8.58405876159668
full_clean_z,351,disco__disco.00044,disco,3,-31.521474838256836,25.501846313476562
full_clean_z,352,disco__disco.00044,disco,3,-33.35493850708008,21.391876220703125
full_clean_z,353,disco__disco.00044,disco,3,-33.49210739135742,21.391246795654297
full_clean_z,354,disco__disco.00044,disco,3,-33.278133392333984,21.481491088867188
full_clean_z,355,disco__disco.00044,disco,3,-33.58736038208008,21.299955368041992
full_clean_z,356,disco__disco.00044,disco,3,-32.88835906982422,21.723413467407227
full_clean_z,357,disco__disco.00044,disco,3,-33.06332778930664,21.77734375
full_clean_z,358,disco__disco.00044,disco,3,-33.30153274536133,21.5944881439209
full_clean_z,359,disco__disco.00055,disco,3,-29.72112464904785,26.64800453186035
full_clean_z,360,disco__disco.00055,disco,3,-29.29070281982422,27.245588302612305
full_clean_z,361,disco__disco.00055,disco,3,-29.469940185546875,27.996185302734375
full_clean_z,362,disco__disco.00055,disco,3,-29.231874465942383,27.468809127807617
full_clean_z,363,disco__disco.00055,disco,3,-29.405105590820312,27.58702278137207
full_clean_z,364,disco__disco.00055,disco,3,-29.022968292236328,26.61178207397461
full_clean_z,365,disco__disco.00055,disco,3,-29.392786026000977,26.087268829345703
full_clean_z,366,disco__disco.00064,disco,3,-29.70516586303711,25.293453216552734
full_clean_z,367,disco__disco.00064,disco,3,-30.61136817932129,24.04838752746582
full_clean_z,368,disco__disco.00064,disco,3,-29.771686553955078,25.217451095581055
full_clean_z,369,disco__disco.00064,disco,3,-30.87189483642578,23.608549118041992
full_clean_z,370,disco__disco.00075,disco,3,-26.77295684814453,27.23621368408203
full_clean_z,371,disco__disco.00075,disco,3,-27.29547119140625,27.27880096435547
full_clean_z,372,disco__disco.00075,disco,3,-27.52058219909668,27.43378448486328
full_clean_z,373,disco__disco.00075,disco,3,-27.20601463317871,27.27869415283203
full_clean_z,374,disco__disco.00075,disco,3,-27.385066986083984,27.489036560058594
full_clean_z,375,disco__disco.00075,disco,3,-26.758346557617188,27.196388244628906
full_clean_z,376,disco__disco.00075,disco,3,-23.203353881835938,27.646089553833008
full_clean_z,377,disco__disco.00075,disco,3,-23.326082229614258,27.25530242919922
full_clean_z,378,disco__disco.00084,disco,3,-23.990510940551758,29.193605422973633
full_clean_z,379,disco__disco.00084,disco,3,-26.481937408447266,28.693561553955078
full_clean_z,380,disco__disco.00084,disco,3,-25.827075958251953,29.231430053710938
full_clean_z,381,disco__disco.00084,disco,3,-26.270994186401367,29.743623733520508
full_clean_z,382,disco__disco.00084,disco,3,-26.080612182617188,29.373537063598633
full_clean_z,383,disco__disco.00084,disco,3,-23.60063362121582,29.596538543701172
full_clean_z,384,disco__disco.00084,disco,3,-23.59734344482422,29.599977493286133
full_clean_z,385,disco__disco.00093,disco,3,-27.65513038635254,31.167118072509766
full_clean_z,386,disco__disco.00093,disco,3,-28.853891372680664,31.80087661743164
full_clean_z,387,disco__disco.00093,disco,3,-28.099517822265625,30.910457611083984
full_clean_z,388,disco__disco.00093,disco,3,-28.63465690612793,31.47693634033203
full_clean_z,389,disco__disco.00093,disco,3,-28.277923583984375,30.425228118896484
full_clean_z,390,disco__disco.00093,disco,3,-28.30614471435547,30.372398376464844
full_clean_z,391,disco__disco.00094,disco,3,-18.59932518005371,26.974760055541992
full_clean_z,392,disco__disco.00094,disco,3,-18.913862228393555,27.167587280273438
full_clean_z,393,disco__disco.00094,disco,3,-18.829328536987305,27.082218170166016
full_clean_z,394,disco__disco.00094,disco,3,-18.013935089111328,26.662443161010742
full_clean_z,395,disco__disco.00094,disco,3,-17.697059631347656,21.336803436279297
full_clean_z,396,disco__disco.00095,disco,3,-28.77549171447754,26.485252380371094
full_clean_z,397,disco__disco.00095,disco,3,-28.679264068603516,26.35419273376465
full_clean_z,398,disco__disco.00095,disco,3,-28.362905502319336,26.67382049560547
full_clean_z,399,disco__disco.00095,disco,3,-29.610036849975586,22.575769424438477
full_clean_z,400,hiphop__hiphop.00002,hiphop,4,-5.875420570373535,8.34853744506836
full_clean_z,401,hiphop__hiphop.00002,hiphop,4,-6.1163859367370605,8.738509178161621
full_clean_z,402,hiphop__hiphop.00002,hiphop,4,-5.955575942993164,8.62862491607666
full_clean_z,403,hiphop__hiphop.00002,hiphop,4,-5.965219020843506,8.086738586425781
full_clean_z,404,hiphop__hiphop.00002,hiphop,4,10.64514446258545,-9.617911338806152
full_clean_z,405,hiphop__hiphop.00034,hiphop,4,-58.51092529296875,15.489154815673828
full_clean_z,406,hiphop__hiphop.00034,hiphop,4,-48.2918701171875,3.6605820655822754
full_clean_z,407,hiphop__hiphop.00034,hiphop,4,-48.294677734375,3.6967220306396484
full_clean_z,408,hiphop__hiphop.00034,hiphop,4,-58.191505432128906,15.606398582458496
full_clean_z,409,hiphop__hiphop.00034,hiphop,4,-58.235416412353516,15.550775527954102
full_clean_z,410,hiphop__hiphop.00034,hiphop,4,-58.25836181640625,15.5289888381958
full_clean_z,411,hiphop__hiphop.00038,hiphop,4,-61.89830017089844,3.187401056289673
full_clean_z,412,hiphop__hiphop.00038,hiphop,4,-61.83646011352539,2.92482328414917
full_clean_z,413,hiphop__hiphop.00038,hiphop,4,-61.96006774902344,2.7134997844696045
full_clean_z,414,hiphop__hiphop.00038,hiphop,4,-60.97528076171875,1.873972773551941
full_clean_z,415,hiphop__hiphop.00040,hiphop,4,-23.304548263549805,-8.202393531799316
full_clean_z,416,hiphop__hiphop.00040,hiphop,4,-23.139474868774414,-8.010239601135254
full_clean_z,417,hiphop__hiphop.00040,hiphop,4,-22.716930389404297,-7.614648818969727
full_clean_z,418,hiphop__hiphop.00040,hiphop,4,-29.848726272583008,-1.499739170074463
full_clean_z,419,hiphop__hiphop.00040,hiphop,4,-43.05438995361328,-22.01651954650879
full_clean_z,420,hiphop__hiphop.00040,hiphop,4,-45.48112487792969,-18.61187744140625
full_clean_z,421,hiphop__hiphop.00040,hiphop,4,-25.710554122924805,-2.2223434448242188
full_clean_z,422,hiphop__hiphop.00042,hiphop,4,-41.86016082763672,-21.199087142944336
full_clean_z,423,hiphop__hiphop.00042,hiphop,4,-60.64934539794922,5.175345420837402
full_clean_z,424,hiphop__hiphop.00042,hiphop,4,-58.56047439575195,2.0155179500579834
full_clean_z,425,hiphop__hiphop.00042,hiphop,4,-58.672142028808594,2.065258264541626
full_clean_z,426,hiphop__hiphop.00042,hiphop,4,-58.743003845214844,2.0505964756011963
full_clean_z,427,hiphop__hiphop.00042,hiphop,4,-60.78395080566406,5.404962062835693
full_clean_z,428,hiphop__hiphop.00042,hiphop,4,-59.033226013183594,2.3118174076080322
full_clean_z,429,hiphop__hiphop.00042,hiphop,4,-60.898433685302734,5.741762638092041
full_clean_z,430,hiphop__hiphop.00044,hiphop,4,-62.88623809814453,5.137458324432373
full_clean_z,431,hiphop__hiphop.00044,hiphop,4,-36.33905029296875,-1.2448116540908813
full_clean_z,432,hiphop__hiphop.00044,hiphop,4,-24.33428192138672,-7.172006130218506
full_clean_z,433,hiphop__hiphop.00044,hiphop,4,-4.487560749053955,-28.837844848632812
full_clean_z,434,hiphop__hiphop.00044,hiphop,4,23.099271774291992,6.6635260581970215
full_clean_z,435,hiphop__hiphop.00044,hiphop,4,24.998703002929688,-8.702192306518555
full_clean_z,436,hiphop__hiphop.00044,hiphop,4,-62.55361557006836,14.264928817749023
full_clean_z,437,hiphop__hiphop.00053,hiphop,4,-41.56907653808594,-5.189525604248047
full_clean_z,438,hiphop__hiphop.00053,hiphop,4,-41.938270568847656,-5.689213752746582
full_clean_z,439,hiphop__hiphop.00053,hiphop,4,-42.117610931396484,-6.028555393218994
full_clean_z,440,hiphop__hiphop.00053,hiphop,4,-42.09666061401367,-5.972618579864502
full_clean_z,441,hiphop__hiphop.00053,hiphop,4,-41.47597885131836,-4.929879665374756
full_clean_z,442,hiphop__hiphop.00053,hiphop,4,-62.707149505615234,12.666158676147461
full_clean_z,443,hiphop__hiphop.00053,hiphop,4,-62.223262786865234,13.702771186828613
full_clean_z,444,hiphop__hiphop.00053,hiphop,4,-62.655975341796875,12.82813835144043
full_clean_z,445,hiphop__hiphop.00053,hiphop,4,-62.431941986083984,13.163578033447266
full_clean_z,446,hiphop__hiphop.00076,hiphop,4,-62.8494758605957,6.962381362915039
full_clean_z,447,hiphop__hiphop.00076,hiphop,4,-62.054473876953125,6.41881799697876
full_clean_z,448,hiphop__hiphop.00076,hiphop,4,-62.56386947631836,6.968714714050293
full_clean_z,449,hiphop__hiphop.00076,hiphop,4,-62.89585876464844,6.431980609893799
full_clean_z,450,hiphop__hiphop.00076,hiphop,4,-62.66392517089844,6.574148178100586
full_clean_z,451,hiphop__hiphop.00076,hiphop,4,-61.151737213134766,3.5134100914001465
full_clean_z,452,hiphop__hiphop.00079,hiphop,4,-48.283843994140625,-17.818422317504883
full_clean_z,453,hiphop__hiphop.00079,hiphop,4,-48.743465423583984,-18.402257919311523
full_clean_z,454,hiphop__hiphop.00079,hiphop,4,-47.94685745239258,-17.523319244384766
full_clean_z,455,hiphop__hiphop.00079,hiphop,4,-47.90044403076172,-17.133607864379883
full_clean_z,456,hiphop__hiphop.00079,hiphop,4,-48.24802780151367,-18.40351676940918
full_clean_z,457,hiphop__hiphop.00079,hiphop,4,-47.75044250488281,-18.413034439086914
full_clean_z,458,hiphop__hiphop.00079,hiphop,4,-48.812835693359375,-18.514041900634766
full_clean_z,459,hiphop__hiphop.00079,hiphop,4,-48.37867736816406,-18.576444625854492
full_clean_z,460,hiphop__hiphop.00082,hiphop,4,-64.63223266601562,9.653855323791504
full_clean_z,461,hiphop__hiphop.00082,hiphop,4,-64.68009185791016,9.690422058105469
full_clean_z,462,hiphop__hiphop.00082,hiphop,4,-65.1650619506836,10.336082458496094
full_clean_z,463,hiphop__hiphop.00082,hiphop,4,-64.70549011230469,9.873993873596191
full_clean_z,464,hiphop__hiphop.00082,hiphop,4,-65.37442016601562,10.551403999328613
full_clean_z,465,hiphop__hiphop.00082,hiphop,4,-64.6988525390625,9.935230255126953
full_clean_z,466,hiphop__hiphop.00087,hiphop,4,-61.482139587402344,13.558517456054688
full_clean_z,467,hiphop__hiphop.00087,hiphop,4,-61.39681625366211,13.601932525634766
full_clean_z,468,hiphop__hiphop.00087,hiphop,4,-9.379012107849121,13.969310760498047
full_clean_z,469,hiphop__hiphop.00087,hiphop,4,-9.844064712524414,14.395485877990723
full_clean_z,470,hiphop__hiphop.00087,hiphop,4,-9.339863777160645,13.824995994567871
full_clean_z,471,hiphop__hiphop.00087,hiphop,4,-9.350754737854004,13.86034870147705
full_clean_z,472,hiphop__hiphop.00087,hiphop,4,-9.588743209838867,14.144549369812012
full_clean_z,473,hiphop__hiphop.00089,hiphop,4,-56.12512969970703,14.279537200927734
full_clean_z,474,hiphop__hiphop.00089,hiphop,4,-55.244266510009766,15.705131530761719
full_clean_z,475,hiphop__hiphop.00089,hiphop,4,-55.0364990234375,15.834596633911133
full_clean_z,476,hiphop__hiphop.00089,hiphop,4,-54.96950149536133,15.78703498840332
full_clean_z,477,hiphop__hiphop.00089,hiphop,4,-54.91557312011719,15.828771591186523
full_clean_z,478,hiphop__hiphop.00093,hiphop,4,-49.91724395751953,15.333314895629883
full_clean_z,479,hiphop__hiphop.00093,hiphop,4,-49.91697692871094,15.356327056884766
full_clean_z,480,hiphop__hiphop.00093,hiphop,4,-50.4925422668457,15.949466705322266
full_clean_z,481,hiphop__hiphop.00093,hiphop,4,-48.792945861816406,15.782389640808105
full_clean_z,482,hiphop__hiphop.00093,hiphop,4,-49.02009963989258,15.706954002380371
full_clean_z,483,hiphop__hiphop.00093,hiphop,4,-10.772557258605957,15.870118141174316
full_clean_z,484,hiphop__hiphop.00093,hiphop,4,-10.950054168701172,16.070201873779297
full_clean_z,485,hiphop__hiphop.00093,hiphop,4,-49.84220886230469,15.61513614654541
full_clean_z,486,hiphop__hiphop.00093,hiphop,4,-11.183484077453613,16.363576889038086
full_clean_z,487,hiphop__hiphop.00094,hiphop,4,-62.30777359008789,10.16635799407959
full_clean_z,488,hiphop__hiphop.00094,hiphop,4,-62.24230194091797,9.766100883483887
full_clean_z,489,hiphop__hiphop.00094,hiphop,4,-62.27219009399414,10.602046966552734
full_clean_z,490,hiphop__hiphop.00094,hiphop,4,-62.221221923828125,9.866999626159668
full_clean_z,491,hiphop__hiphop.00094,hiphop,4,-62.12411117553711,9.840044975280762
full_clean_z,492,hiphop__hiphop.00098,hiphop,4,-60.808998107910156,12.22601318359375
full_clean_z,493,hiphop__hiphop.00098,hiphop,4,-60.800174713134766,12.486557960510254
full_clean_z,494,hiphop__hiphop.00098,hiphop,4,-60.546348571777344,12.514847755432129
full_clean_z,495,hiphop__hiphop.00098,hiphop,4,-62.465999603271484,8.65006160736084
full_clean_z,496,hiphop__hiphop.00098,hiphop,4,-62.53274154663086,8.859121322631836
full_clean_z,497,hiphop__hiphop.00098,hiphop,4,-62.76707458496094,9.251285552978516
full_clean_z,498,hiphop__hiphop.00098,hiphop,4,-62.54810333251953,9.113117218017578
full_clean_z,499,hiphop__hiphop.00098,hiphop,4,-62.5372314453125,9.155972480773926
full_clean_z,500,jazz__jazz.00033,jazz,5,53.00446701049805,-2.1114397048950195
full_clean_z,501,jazz__jazz.00033,jazz,5,52.096534729003906,-2.989319086074829
full_clean_z,502,jazz__jazz.00033,jazz,5,53.80314254760742,-2.6265387535095215
full_clean_z,503,jazz__jazz.00033,jazz,5,53.34361267089844,-1.8612492084503174
full_clean_z,504,jazz__jazz.00033,jazz,5,53.532508850097656,-1.8913339376449585
full_clean_z,505,jazz__jazz.00033,jazz,5,53.659976959228516,-3.227693557739258
full_clean_z,506,jazz__jazz.00041,jazz,5,51.13314437866211,-5.850925445556641
full_clean_z,507,jazz__jazz.00041,jazz,5,51.79085922241211,-5.227329254150391
full_clean_z,508,jazz__jazz.00041,jazz,5,51.62074661254883,-5.420392036437988
full_clean_z,509,jazz__jazz.00041,jazz,5,51.66047286987305,-5.376414775848389
full_clean_z,510,jazz__jazz.00041,jazz,5,51.749000549316406,-5.31121826171875
full_clean_z,511,jazz__jazz.00041,jazz,5,51.96416091918945,-5.1093854904174805
full_clean_z,512,jazz__jazz.00041,jazz,5,54.22990036010742,-1.7833153009414673
full_clean_z,513,jazz__jazz.00041,jazz,5,54.120689392089844,-1.5475744009017944
full_clean_z,514,jazz__jazz.00041,jazz,5,54.13671112060547,-2.136253595352173
full_clean_z,515,jazz__jazz.00041,jazz,5,54.17782974243164,-1.696828007698059
full_clean_z,516,jazz__jazz.00046,jazz,5,52.98865509033203,-2.7936925888061523
full_clean_z,517,jazz__jazz.00046,jazz,5,53.40187072753906,-4.126924514770508
full_clean_z,518,jazz__jazz.00046,jazz,5,53.524879455566406,-3.8294949531555176
full_clean_z,519,jazz__jazz.00046,jazz,5,53.41309356689453,-2.1897871494293213
full_clean_z,520,jazz__jazz.00046,jazz,5,53.37907791137695,-4.1868743896484375
full_clean_z,521,jazz__jazz.00046,jazz,5,49.296138763427734,-2.3446433544158936
full_clean_z,522,jazz__jazz.00046,jazz,5,53.45883560180664,-0.6577639579772949
full_clean_z,523,jazz__jazz.00046,jazz,5,53.43974685668945,-1.0575588941574097
full_clean_z,524,jazz__jazz.00048,jazz,5,44.643802642822266,10.86977767944336
full_clean_z,525,jazz__jazz.00048,jazz,5,45.02298355102539,10.645447731018066
full_clean_z,526,jazz__jazz.00048,jazz,5,27.783672332763672,0.7055244445800781
full_clean_z,527,jazz__jazz.00048,jazz,5,45.49507141113281,10.240217208862305
full_clean_z,528,jazz__jazz.00048,jazz,5,45.72590637207031,10.066892623901367
full_clean_z,529,jazz__jazz.00048,jazz,5,45.729576110839844,10.100451469421387
full_clean_z,530,jazz__jazz.00048,jazz,5,42.87923812866211,11.665712356567383
full_clean_z,531,jazz__jazz.00048,jazz,5,40.868385314941406,12.685429573059082
full_clean_z,532,jazz__jazz.00050,jazz,5,-21.962570190429688,-27.032121658325195
full_clean_z,533,jazz__jazz.00050,jazz,5,-22.037626266479492,-26.455711364746094
full_clean_z,534,jazz__jazz.00050,jazz,5,-21.936071395874023,-27.07670021057129
full_clean_z,535,jazz__jazz.00050,jazz,5,-24.3579158782959,-14.215279579162598
full_clean_z,536,jazz__jazz.00050,jazz,5,-26.815095901489258,-14.90990161895752
full_clean_z,537,jazz__jazz.00050,jazz,5,33.32058334350586,-1.7087827920913696
full_clean_z,538,jazz__jazz.00050,jazz,5,-24.307165145874023,-14.195171356201172
full_clean_z,539,jazz__jazz.00050,jazz,5,-27.011627197265625,-14.890151977539062
full_clean_z,540,jazz__jazz.00050,jazz,5,-26.94611167907715,-14.840499877929688
full_clean_z,541,jazz__jazz.00059,jazz,5,53.675994873046875,6.1407294273376465
full_clean_z,542,jazz__jazz.00059,jazz,5,-22.307723999023438,-17.552955627441406
full_clean_z,543,jazz__jazz.00060,jazz,5,52.13362503051758,7.518836975097656
full_clean_z,544,jazz__jazz.00060,jazz,5,51.964515686035156,7.533561706542969
full_clean_z,545,jazz__jazz.00060,jazz,5,53.656593322753906,8.487273216247559
full_clean_z,546,jazz__jazz.00060,jazz,5,52.89006423950195,8.45384407043457
full_clean_z,547,jazz__jazz.00060,jazz,5,52.66590881347656,8.412230491638184
full_clean_z,548,jazz__jazz.00060,jazz,5,52.67927932739258,8.432523727416992
full_clean_z,549,jazz__jazz.00071,jazz,5,51.27524948120117,0.23610220849514008
full_clean_z,550,jazz__jazz.00071,jazz,5,50.379302978515625,-0.8667579889297485
full_clean_z,551,jazz__jazz.00071,jazz,5,50.242122650146484,-0.9367743730545044
full_clean_z,552,jazz__jazz.00071,jazz,5,48.007720947265625,-2.262235403060913
full_clean_z,553,jazz__jazz.00071,jazz,5,52.047828674316406,0.08387751132249832
full_clean_z,554,jazz__jazz.00071,jazz,5,52.17839813232422,0.2494337558746338
full_clean_z,555,jazz__jazz.00071,jazz,5,52.21168899536133,0.09266559034585953
full_clean_z,556,jazz__jazz.00081,jazz,5,25.02501106262207,6.396491050720215
full_clean_z,557,jazz__jazz.00081,jazz,5,24.973094940185547,6.512686252593994
full_clean_z,558,jazz__jazz.00081,jazz,5,25.150859832763672,6.50302791595459
full_clean_z,559,jazz__jazz.00081,jazz,5,25.168004989624023,6.439584255218506
full_clean_z,560,jazz__jazz.00081,jazz,5,25.17987823486328,6.484513282775879
full_clean_z,561,jazz__jazz.00081,jazz,5,26.139650344848633,7.2974534034729
full_clean_z,562,jazz__jazz.00081,jazz,5,26.63226890563965,7.826827049255371
full_clean_z,563,jazz__jazz.00081,jazz,5,25.48396873474121,6.491431713104248
full_clean_z,564,jazz__jazz.00081,jazz,5,25.550338745117188,6.567903518676758
full_clean_z,565,jazz__jazz.00084,jazz,5,48.944252014160156,10.602631568908691
full_clean_z,566,jazz__jazz.00084,jazz,5,48.97597885131836,10.380924224853516
full_clean_z,567,jazz__jazz.00084,jazz,5,49.16294860839844,10.931418418884277
full_clean_z,568,jazz__jazz.00084,jazz,5,49.08897018432617,10.892559051513672
full_clean_z,569,jazz__jazz.00084,jazz,5,48.98872756958008,10.891922950744629
full_clean_z,570,jazz__jazz.00084,jazz,5,49.91265106201172,10.912514686584473
full_clean_z,571,jazz__jazz.00084,jazz,5,49.747859954833984,10.975427627563477
full_clean_z,572,jazz__jazz.00084,jazz,5,49.80303192138672,10.962577819824219
full_clean_z,573,jazz__jazz.00086,jazz,5,49.110870361328125,11.942070007324219
full_clean_z,574,jazz__jazz.00086,jazz,5,35.140342712402344,5.26324987411499
full_clean_z,575,jazz__jazz.00086,jazz,5,30.825515747070312,3.076530694961548
full_clean_z,576,jazz__jazz.00086,jazz,5,33.922000885009766,4.436718940734863
full_clean_z,577,jazz__jazz.00086,jazz,5,49.38399887084961,11.483427047729492
full_clean_z,578,jazz__jazz.00091,jazz,5,45.83529281616211,-6.084806442260742
full_clean_z,579,jazz__jazz.00091,jazz,5,45.26808547973633,-6.928830623626709
full_clean_z,580,jazz__jazz.00092,jazz,5,44.648597717285156,-6.303120136260986
full_clean_z,581,jazz__jazz.00092,jazz,5,46.050270080566406,-5.914220809936523
full_clean_z,582,jazz__jazz.00092,jazz,5,46.315025329589844,-5.772991180419922
full_clean_z,583,jazz__jazz.00092,jazz,5,44.66845703125,-6.250421047210693
full_clean_z,584,jazz__jazz.00092,jazz,5,45.92723083496094,-5.965266704559326
full_clean_z,585,jazz__jazz.00092,jazz,5,44.63832092285156,-6.334248065948486
full_clean_z,586,jazz__jazz.00092,jazz,5,44.50828552246094,-6.234528064727783
full_clean_z,587,jazz__jazz.00096,jazz,5,54.33357620239258,3.592491865158081
full_clean_z,588,jazz__jazz.00096,jazz,5,54.62319564819336,3.804352045059204
full_clean_z,589,jazz__jazz.00096,jazz,5,53.39876937866211,3.1299691200256348
full_clean_z,590,jazz__jazz.00096,jazz,5,53.198909759521484,3.0905680656433105
full_clean_z,591,jazz__jazz.00096,jazz,5,38.6072998046875,-2.302001714706421
full_clean_z,592,jazz__jazz.00096,jazz,5,48.51267623901367,0.017308782786130905
full_clean_z,593,jazz__jazz.00096,jazz,5,10.871695518493652,-6.720799922943115
full_clean_z,594,jazz__jazz.00096,jazz,5,55.36359786987305,0.6059058308601379
full_clean_z,595,jazz__jazz.00096,jazz,5,55.41911315917969,0.6617059111595154
full_clean_z,596,jazz__jazz.00096,jazz,5,55.43337631225586,0.6507488489151001
full_clean_z,597,jazz__jazz.00099,jazz,5,55.11064910888672,1.7163584232330322
full_clean_z,598,jazz__jazz.00099,jazz,5,38.33510208129883,-2.26114821434021
full_clean_z,599,jazz__jazz.00099,jazz,5,55.12659454345703,1.7457025051116943
full_clean_z,600,metal__metal.00002,metal,6,9.079573631286621,33.0585823059082
full_clean_z,601,metal__metal.00002,metal,6,9.651976585388184,33.68857955932617
full_clean_z,602,metal__metal.00002,metal,6,9.667088508605957,32.95493698120117
full_clean_z,603,metal__metal.00002,metal,6,9.48088264465332,33.20151138305664
full_clean_z,604,metal__metal.00002,metal,6,9.384427070617676,33.001014709472656
full_clean_z,605,metal__metal.00002,metal,6,9.311604499816895,33.04481887817383
full_clean_z,606,metal__metal.00002,metal,6,9.717150688171387,33.231998443603516
full_clean_z,607,metal__metal.00002,metal,6,9.801970481872559,32.51513671875
full_clean_z,608,metal__metal.00002,metal,6,4.122383117675781,22.06810188293457
full_clean_z,609,metal__metal.00004,metal,6,-7.338815212249756,44.62781524658203
full_clean_z,610,metal__metal.00004,metal,6,-7.201064109802246,44.71767807006836
full_clean_z,611,metal__metal.00004,metal,6,-7.771805763244629,44.410552978515625
full_clean_z,612,metal__metal.00004,metal,6,-7.744316101074219,44.41887283325195
full_clean_z,613,metal__metal.00004,metal,6,-7.531017303466797,44.529632568359375
full_clean_z,614,metal__metal.00004,metal,6,-7.490502834320068,44.547393798828125
full_clean_z,615,metal__metal.00004,metal,6,-7.6164445877075195,44.49794387817383
full_clean_z,616,metal__metal.00012,metal,6,-4.408104419708252,45.22467041015625
full_clean_z,617,metal__metal.00012,metal,6,-4.273994445800781,45.759666442871094
full_clean_z,618,metal__metal.00012,metal,6,-4.127432346343994,46.087093353271484
full_clean_z,619,metal__metal.00012,metal,6,-2.579686403274536,46.9244499206543
full_clean_z,620,metal__metal.00012,metal,6,-2.9510579109191895,46.60905838012695
full_clean_z,621,metal__metal.00012,metal,6,-2.9494354724884033,46.59021759033203
full_clean_z,622,metal__metal.00012,metal,6,-3.052628993988037,46.53448486328125
full_clean_z,623,metal__metal.00012,metal,6,-3.0923514366149902,46.512821197509766
full_clean_z,624,metal__metal.00022,metal,6,8.802836418151855,32.09955596923828
full_clean_z,625,metal__metal.00022,metal,6,9.9866361618042,23.345884323120117
full_clean_z,626,metal__metal.00022,metal,6,10.14342975616455,23.392915725708008
full_clean_z,627,metal__metal.00022,metal,6,10.141327857971191,23.848390579223633
full_clean_z,628,metal__metal.00022,metal,6,10.888344764709473,23.099231719970703
full_clean_z,629,metal__metal.00022,metal,6,10.872542381286621,22.69972038269043
full_clean_z,630,metal__metal.00022,metal,6,10.034880638122559,23.229257583618164
full_clean_z,631,metal__metal.00022,metal,6,10.032390594482422,23.230915069580078
full_clean_z,632,metal__metal.00024,metal,6,6.444472789764404,48.93215560913086
full_clean_z,633,metal__metal.00024,metal,6,6.233288764953613,49.31561279296875
full_clean_z,634,metal__metal.00024,metal,6,6.57689905166626,48.097049713134766
full_clean_z,635,metal__metal.00024,metal,6,5.852073669433594,49.12403106689453
full_clean_z,636,metal__metal.00024,metal,6,6.900417804718018,49.28460693359375
full_clean_z,637,metal__metal.00024,metal,6,7.721301555633545,49.65829086303711
full_clean_z,638,metal__metal.00024,metal,6,7.870463848114014,49.74280548095703
full_clean_z,639,metal__metal.00024,metal,6,7.823920726776123,49.791290283203125
full_clean_z,640,metal__metal.00030,metal,6,7.895765781402588,19.157791137695312
full_clean_z,641,metal__metal.00030,metal,6,7.758736610412598,19.838247299194336
full_clean_z,642,metal__metal.00030,metal,6,7.845373153686523,19.814611434936523
full_clean_z,643,metal__metal.00030,metal,6,8.494006156921387,46.94537353515625
full_clean_z,644,metal__metal.00030,metal,6,8.55430793762207,46.93804168701172
full_clean_z,645,metal__metal.00049,metal,6,6.017578601837158,50.63865280151367
full_clean_z,646,metal__metal.00049,metal,6,5.77387809753418,49.868839263916016
full_clean_z,647,metal__metal.00049,metal,6,5.925807476043701,50.59964370727539
full_clean_z,648,metal__metal.00049,metal,6,6.843359470367432,50.617095947265625
full_clean_z,649,metal__metal.00049,metal,6,5.030399799346924,50.67913818359375
full_clean_z,650,metal__metal.00049,metal,6,5.331591606140137,50.261924743652344
full_clean_z,651,metal__metal.00049,metal,6,5.7781476974487305,50.546897888183594
full_clean_z,652,metal__metal.00049,metal,6,5.7006425857543945,50.65863800048828
full_clean_z,653,metal__metal.00049,metal,6,5.6152753829956055,50.604835510253906
full_clean_z,654,metal__metal.00051,metal,6,4.657797336578369,51.625701904296875
full_clean_z,655,metal__metal.00051,metal,6,4.906016826629639,51.75330352783203
full_clean_z,656,metal__metal.00051,metal,6,7.49237060546875,51.16368865966797
full_clean_z,657,metal__metal.00051,metal,6,7.733760356903076,50.85795211791992
full_clean_z,658,metal__metal.00051,metal,6,7.612323760986328,50.569801330566406
full_clean_z,659,metal__metal.00051,metal,6,7.642766952514648,50.68157958984375
full_clean_z,660,metal__metal.00051,metal,6,7.712894439697266,50.6646728515625
full_clean_z,661,metal__metal.00051,metal,6,7.751765727996826,50.7177734375
full_clean_z,662,metal__metal.00052,metal,6,4.753993988037109,52.42869567871094
full_clean_z,663,metal__metal.00052,metal,6,4.791088581085205,52.14827346801758
full_clean_z,664,metal__metal.00052,metal,6,4.702235698699951,49.25471115112305
full_clean_z,665,metal__metal.00052,metal,6,3.043586015701294,51.22443771362305
full_clean_z,666,metal__metal.00052,metal,6,3.0106863975524902,51.18392562866211
full_clean_z,667,metal__metal.00056,metal,6,4.554954528808594,50.723114013671875
full_clean_z,668,metal__metal.00056,metal,6,5.241976261138916,51.15225601196289
full_clean_z,669,metal__metal.00056,metal,6,5.462702751159668,51.44356155395508
full_clean_z,670,metal__metal.00056,metal,6,4.723845481872559,51.75667953491211
full_clean_z,671,metal__metal.00056,metal,6,6.648038387298584,51.30877685546875
full_clean_z,672,metal__metal.00056,metal,6,7.730064392089844,50.91126251220703
full_clean_z,673,metal__metal.00069,metal,6,5.821297645568848,41.80305099487305
full_clean_z,674,metal__metal.00069,metal,6,-5.180332183837891,41.845943450927734
full_clean_z,675,metal__metal.00069,metal,6,-15.709827423095703,25.746397018432617
full_clean_z,676,metal__metal.00069,metal,6,-15.535319328308105,-41.95468521118164
full_clean_z,677,metal__metal.00069,metal,6,6.2436628341674805,41.83979797363281
full_clean_z,678,metal__metal.00069,metal,6,6.432437419891357,41.54961013793945
full_clean_z,679,metal__metal.00069,metal,6,9.339265823364258,22.742637634277344
full_clean_z,680,metal__metal.00091,metal,6,9.53304386138916,6.259936332702637
full_clean_z,681,metal__metal.00091,metal,6,9.280031204223633,5.846501350402832
full_clean_z,682,metal__metal.00091,metal,6,-17.50788116455078,21.10726547241211
full_clean_z,683,metal__metal.00091,metal,6,10.161529541015625,6.306677341461182
full_clean_z,684,metal__metal.00091,metal,6,8.65766716003418,7.328458786010742
full_clean_z,685,metal__metal.00091,metal,6,22.741254806518555,-15.159788131713867
full_clean_z,686,metal__metal.00092,metal,6,10.265329360961914,33.92439270019531
full_clean_z,687,metal__metal.00092,metal,6,10.373564720153809,33.94098663330078
full_clean_z,688,metal__metal.00092,metal,6,11.234732627868652,32.010128021240234
full_clean_z,689,metal__metal.00092,metal,6,10.830404281616211,32.09438705444336
full_clean_z,690,metal__metal.00092,metal,6,10.424348831176758,32.07573699951172
full_clean_z,691,metal__metal.00092,metal,6,8.708794593811035,33.152835845947266
full_clean_z,692,metal__metal.00096,metal,6,-4.502426624298096,44.38825607299805
full_clean_z,693,metal__metal.00096,metal,6,8.667762756347656,47.81245422363281
full_clean_z,694,metal__metal.00097,metal,6,27.225799560546875,-22.053075790405273
full_clean_z,695,metal__metal.00097,metal,6,27.256465911865234,-22.082622528076172
full_clean_z,696,metal__metal.00097,metal,6,6.669467449188232,47.29010772705078
full_clean_z,697,metal__metal.00097,metal,6,8.753780364990234,49.150081634521484
full_clean_z,698,metal__metal.00097,metal,6,6.591538429260254,47.019325256347656
full_clean_z,699,metal__metal.00097,metal,6,6.696041584014893,47.15157699584961
full_clean_z,700,pop__pop.00003,pop,7,-43.50189971923828,-21.89699363708496
full_clean_z,701,pop__pop.00003,pop,7,-24.589582443237305,1.986684799194336
full_clean_z,702,pop__pop.00003,pop,7,-25.718286514282227,-26.902278900146484
full_clean_z,703,pop__pop.00003,pop,7,-3.4839656352996826,-2.501225233078003
full_clean_z,704,pop__pop.00003,pop,7,-26.678787231445312,-2.057279586791992
full_clean_z,705,pop__pop.00003,pop,7,-26.498018264770508,-2.069011926651001
full_clean_z,706,pop__pop.00003,pop,7,-25.94139289855957,-2.0325963497161865
full_clean_z,707,pop__pop.00007,pop,7,-31.464488983154297,-18.14333724975586
full_clean_z,708,pop__pop.00007,pop,7,-31.45490074157715,-18.134078979492188
full_clean_z,709,pop__pop.00007,pop,7,-23.86897850036621,-9.522703170776367
full_clean_z,710,pop__pop.00007,pop,7,-23.88920021057129,-9.734185218811035
full_clean_z,711,pop__pop.00007,pop,7,-23.921051025390625,-9.85152816772461
full_clean_z,712,pop__pop.00007,pop,7,2.76881742477417,-23.85516929626465
full_clean_z,713,pop__pop.00007,pop,7,27.817264556884766,19.529895782470703
full_clean_z,714,pop__pop.00007,pop,7,51.90629577636719,30.814607620239258
full_clean_z,715,pop__pop.00015,pop,7,-47.71736526489258,-23.29060173034668
full_clean_z,716,pop__pop.00015,pop,7,-47.91796875,-23.214101791381836
full_clean_z,717,pop__pop.00015,pop,7,-47.7418212890625,-23.149736404418945
full_clean_z,718,pop__pop.00015,pop,7,-47.313514709472656,-22.404483795166016
full_clean_z,719,pop__pop.00015,pop,7,-48.766578674316406,-24.27156639099121
full_clean_z,720,pop__pop.00015,pop,7,-47.63176727294922,-22.32192611694336
full_clean_z,721,pop__pop.00021,pop,7,-48.13740539550781,-25.29474639892578
full_clean_z,722,pop__pop.00021,pop,7,-48.786521911621094,-24.045175552368164
full_clean_z,723,pop__pop.00021,pop,7,-48.953983306884766,-24.05061912536621
full_clean_z,724,pop__pop.00021,pop,7,-50.214500427246094,-24.333541870117188
full_clean_z,725,pop__pop.00021,pop,7,-50.384552001953125,-24.54590606689453
full_clean_z,726,pop__pop.00021,pop,7,-48.647953033447266,-23.146785736083984
full_clean_z,727,pop__pop.00021,pop,7,-49.03486251831055,-23.143299102783203
full_clean_z,728,pop__pop.00021,pop,7,-49.69379425048828,-24.259458541870117
full_clean_z,729,pop__pop.00028,pop,7,-46.74958801269531,-21.694597244262695
full_clean_z,730,pop__pop.00028,pop,7,-46.59420394897461,-22.07970428466797
full_clean_z,731,pop__pop.00028,pop,7,-47.20729446411133,-21.911380767822266
full_clean_z,732,pop__pop.00028,pop,7,-45.72543716430664,-21.64653205871582
full_clean_z,733,pop__pop.00028,pop,7,-46.36433792114258,-22.086660385131836
full_clean_z,734,pop__pop.00028,pop,7,-47.57982635498047,-21.95800018310547
full_clean_z,735,pop__pop.00029,pop,7,-44.21046447753906,-24.052780151367188
full_clean_z,736,pop__pop.00029,pop,7,-44.51564407348633,-24.40015411376953
full_clean_z,737,pop__pop.00029,pop,7,-31.966693878173828,-27.26746368408203
full_clean_z,738,pop__pop.00029,pop,7,-37.95148849487305,-21.66905403137207
full_clean_z,739,pop__pop.00029,pop,7,-44.648189544677734,-24.22551727294922
full_clean_z,740,pop__pop.00029,pop,7,-45.87264633178711,-23.58967399597168
full_clean_z,741,pop__pop.00029,pop,7,-45.02293014526367,-24.458606719970703
full_clean_z,742,pop__pop.00029,pop,7,-44.41009521484375,-23.92748260498047
full_clean_z,743,pop__pop.00033,pop,7,-21.320804595947266,-11.183672904968262
full_clean_z,744,pop__pop.00033,pop,7,-29.940969467163086,-12.663804054260254
full_clean_z,745,pop__pop.00033,pop,7,-49.71992874145508,8.023735046386719
full_clean_z,746,pop__pop.00033,pop,7,-48.300926208496094,3.5159008502960205
full_clean_z,747,pop__pop.00033,pop,7,1.7887252569198608,49.43381118774414
full_clean_z,748,pop__pop.00033,pop,7,-21.429868698120117,-10.98881721496582
full_clean_z,749,pop__pop.00033,pop,7,-21.355789184570312,-10.480362892150879
full_clean_z,750,pop__pop.00033,pop,7,-21.355928421020508,-10.481269836425781
full_clean_z,751,pop__pop.00034,pop,7,-45.99517822265625,-18.698095321655273
full_clean_z,752,pop__pop.00034,pop,7,-48.07780838012695,-21.081281661987305
full_clean_z,753,pop__pop.00034,pop,7,-48.11913299560547,-21.49545669555664
full_clean_z,754,pop__pop.00034,pop,7,-41.79450988769531,-20.7290096282959
full_clean_z,755,pop__pop.00034,pop,7,-49.4699821472168,-19.606199264526367
full_clean_z,756,pop__pop.00034,pop,7,-49.1461181640625,-21.73040199279785
full_clean_z,757,pop__pop.00034,pop,7,-48.57245635986328,-21.551422119140625
full_clean_z,758,pop__pop.00035,pop,7,-48.24967956542969,-21.90235137939453
full_clean_z,759,pop__pop.00035,pop,7,-48.585052490234375,-21.62945556640625
full_clean_z,760,pop__pop.00035,pop,7,-50.61579513549805,-21.62660026550293
full_clean_z,761,pop__pop.00035,pop,7,-50.278968811035156,-23.819169998168945
full_clean_z,762,pop__pop.00035,pop,7,-50.26596450805664,-23.811073303222656
full_clean_z,763,pop__pop.00038,pop,7,-46.37104415893555,-18.24208641052246
full_clean_z,764,pop__pop.00038,pop,7,-47.712974548339844,-23.70073699951172
full_clean_z,765,pop__pop.00038,pop,7,-47.37104415893555,-23.902109146118164
full_clean_z,766,pop__pop.00038,pop,7,-47.56916046142578,-24.316383361816406
full_clean_z,767,pop__pop.00039,pop,7,-44.593589782714844,-24.65982437133789
full_clean_z,768,pop__pop.00039,pop,7,-48.18987274169922,-22.268280029296875
full_clean_z,769,pop__pop.00039,pop,7,-48.99374771118164,-19.554702758789062
full_clean_z,770,pop__pop.00039,pop,7,-46.26155471801758,-23.813100814819336
full_clean_z,771,pop__pop.00039,pop,7,-49.70756530761719,-21.48556900024414
full_clean_z,772,pop__pop.00039,pop,7,-48.787776947021484,-21.8052921295166
full_clean_z,773,pop__pop.00039,pop,7,-50.21994400024414,-21.251970291137695
full_clean_z,774,pop__pop.00039,pop,7,-50.72459411621094,-21.030794143676758
full_clean_z,775,pop__pop.00045,pop,7,-62.17087173461914,7.302534580230713
full_clean_z,776,pop__pop.00045,pop,7,-40.601863861083984,-21.823444366455078
full_clean_z,777,pop__pop.00045,pop,7,-40.86006546020508,-21.867656707763672
full_clean_z,778,pop__pop.00045,pop,7,-55.6654052734375,-1.341364860534668
full_clean_z,779,pop__pop.00045,pop,7,-48.24828338623047,-18.687545776367188
full_clean_z,780,pop__pop.00049,pop,7,-50.91659927368164,-18.225845336914062
full_clean_z,781,pop__pop.00049,pop,7,-50.760005950927734,-18.339475631713867
full_clean_z,782,pop__pop.00049,pop,7,-28.148752212524414,9.313484191894531
full_clean_z,783,pop__pop.00049,pop,7,-29.637460708618164,-16.672618865966797
full_clean_z,784,pop__pop.00049,pop,7,-46.45272445678711,-20.8189640045166
full_clean_z,785,pop__pop.00049,pop,7,-46.9605598449707,-20.703706741333008
full_clean_z,786,pop__pop.00049,pop,7,-46.96074676513672,-20.70098304748535
full_clean_z,787,pop__pop.00079,pop,7,24.43657684326172,5.408535480499268
full_clean_z,788,pop__pop.00079,pop,7,23.605295181274414,3.995544195175171
full_clean_z,789,pop__pop.00079,pop,7,34.06623458862305,10.630097389221191
full_clean_z,790,pop__pop.00079,pop,7,34.006011962890625,10.56948471069336
full_clean_z,791,pop__pop.00081,pop,7,-3.3017349243164062,-33.722103118896484
full_clean_z,792,pop__pop.00081,pop,7,-4.2049689292907715,-32.72898864746094
full_clean_z,793,pop__pop.00081,pop,7,-7.754549503326416,-26.113136291503906
full_clean_z,794,pop__pop.00081,pop,7,-7.704694747924805,-26.172151565551758
full_clean_z,795,pop__pop.00081,pop,7,-3.3016293048858643,-9.976644515991211
full_clean_z,796,pop__pop.00081,pop,7,-2.9915661811828613,-33.84684371948242
full_clean_z,797,pop__pop.00081,pop,7,-2.889688491821289,-33.97917938232422
full_clean_z,798,pop__pop.00081,pop,7,-4.088924407958984,-32.76479721069336
full_clean_z,799,pop__pop.00081,pop,7,-4.607206344604492,-32.626914978027344
full_clean_z,800,reggae__reggae.00029,reggae,8,-21.459461212158203,-48.220184326171875
full_clean_z,801,reggae__reggae.00029,reggae,8,-21.336233139038086,-48.642005920410156
full_clean_z,802,reggae__reggae.00029,reggae,8,-21.39813995361328,-48.78860855102539
full_clean_z,803,reggae__reggae.00029,reggae,8,-21.47869300842285,-49.1990852355957
full_clean_z,804,reggae__reggae.00029,reggae,8,-21.637243270874023,-48.39078903198242
full_clean_z,805,reggae__reggae.00029,reggae,8,-21.562158584594727,-48.59914779663086
full_clean_z,806,reggae__reggae.00029,reggae,8,-21.668689727783203,-46.77506637573242
full_clean_z,807,reggae__reggae.00029,reggae,8,-21.650436401367188,-46.306396484375
full_clean_z,808,reggae__reggae.00029,reggae,8,-21.906940460205078,-49.05978012084961
full_clean_z,809,reggae__reggae.00029,reggae,8,-21.90916633605957,-48.92594909667969
full_clean_z,810,reggae__reggae.00034,reggae,8,6.934283256530762,-6.098337173461914
full_clean_z,811,reggae__reggae.00034,reggae,8,-23.242034912109375,-48.158016204833984
full_clean_z,812,reggae__reggae.00034,reggae,8,-23.852497100830078,-46.6196174621582
full_clean_z,813,reggae__reggae.00034,reggae,8,-23.28084373474121,-48.93505096435547
full_clean_z,814,reggae__reggae.00034,reggae,8,-23.19538116455078,-49.232215881347656
full_clean_z,815,reggae__reggae.00034,reggae,8,-4.0519561767578125,5.8170976638793945
full_clean_z,816,reggae__reggae.00034,reggae,8,-4.104801177978516,5.793537139892578
full_clean_z,817,reggae__reggae.00034,reggae,8,-23.92635726928711,-46.3878173828125
full_clean_z,818,reggae__reggae.00035,reggae,8,-22.37590980529785,-50.55453109741211
full_clean_z,819,reggae__reggae.00035,reggae,8,-22.642484664916992,-50.296470642089844
full_clean_z,820,reggae__reggae.00035,reggae,8,-22.300241470336914,-50.571075439453125
full_clean_z,821,reggae__reggae.00035,reggae,8,-22.59630012512207,-50.495765686035156
full_clean_z,822,reggae__reggae.00035,reggae,8,-21.657447814941406,-46.92717742919922
full_clean_z,823,reggae__reggae.00035,reggae,8,-22.5688419342041,-50.19660949707031
full_clean_z,824,reggae__reggae.00035,reggae,8,-23.113183975219727,-51.441837310791016
full_clean_z,825,reggae__reggae.00040,reggae,8,11.974346160888672,-7.158320426940918
full_clean_z,826,reggae__reggae.00040,reggae,8,4.194299221038818,3.4624459743499756
full_clean_z,827,reggae__reggae.00040,reggae,8,11.4338960647583,-3.3505632877349854
full_clean_z,828,reggae__reggae.00040,reggae,8,4.197542667388916,3.5268421173095703
full_clean_z,829,reggae__reggae.00040,reggae,8,11.046051979064941,-2.293445348739624
full_clean_z,830,reggae__reggae.00040,reggae,8,11.305362701416016,-3.1020314693450928
full_clean_z,831,reggae__reggae.00040,reggae,8,11.500659942626953,-7.145857334136963
full_clean_z,832,reggae__reggae.00040,reggae,8,12.792215347290039,-4.543007850646973
full_clean_z,833,reggae__reggae.00047,reggae,8,-22.34249496459961,-52.0919075012207
full_clean_z,834,reggae__reggae.00047,reggae,8,-21.481719970703125,-51.06747055053711
full_clean_z,835,reggae__reggae.00047,reggae,8,-16.75045394897461,-47.86748123168945
full_clean_z,836,reggae__reggae.00047,reggae,8,-18.801355361938477,-49.46872329711914
full_clean_z,837,reggae__reggae.00047,reggae,8,-21.818147659301758,-51.5411376953125
full_clean_z,838,reggae__reggae.00049,reggae,8,-2.9152190685272217,0.3115052282810211
full_clean_z,839,reggae__reggae.00049,reggae,8,-2.237468957901001,0.2614433765411377
full_clean_z,840,reggae__reggae.00049,reggae,8,-1.82319176197052,0.4016945958137512
full_clean_z,841,reggae__reggae.00049,reggae,8,-1.6212949752807617,0.3248685896396637
full_clean_z,842,reggae__reggae.00049,reggae,8,-2.291076183319092,0.5126003623008728
full_clean_z,843,reggae__reggae.00049,reggae,8,-1.490006923675537,0.327494353055954
full_clean_z,844,reggae__reggae.00049,reggae,8,-1.490257740020752,0.3294200301170349
full_clean_z,845,reggae__reggae.00062,reggae,8,-20.877260208129883,-50.129920959472656
full_clean_z,846,reggae__reggae.00062,reggae,8,-20.252033233642578,-50.00321578979492
full_clean_z,847,reggae__reggae.00062,reggae,8,-19.46552085876465,-49.64554977416992
full_clean_z,848,reggae__reggae.00062,reggae,8,-19.345067977905273,-50.33323669433594
full_clean_z,849,reggae__reggae.00062,reggae,8,-19.811199188232422,-49.687496185302734
full_clean_z,850,reggae__reggae.00062,reggae,8,-20.626333236694336,-49.48189163208008
full_clean_z,851,reggae__reggae.00062,reggae,8,-20.756933212280273,-50.299983978271484
full_clean_z,852,reggae__reggae.00062,reggae,8,-21.016197204589844,-49.6612548828125
full_clean_z,853,reggae__reggae.00062,reggae,8,-20.249841690063477,-50.12583541870117
full_clean_z,854,reggae__reggae.00064,reggae,8,-23.55545425415039,-52.336341857910156
full_clean_z,855,reggae__reggae.00064,reggae,8,-25.870487213134766,-50.51671600341797
full_clean_z,856,reggae__reggae.00064,reggae,8,-23.62384796142578,-52.64109420776367
full_clean_z,857,reggae__reggae.00064,reggae,8,-25.508928298950195,-51.09653091430664
full_clean_z,858,reggae__reggae.00064,reggae,8,-29.506633758544922,-36.13003921508789
full_clean_z,859,reggae__reggae.00064,reggae,8,-29.506513595581055,-36.12956619262695
full_clean_z,860,reggae__reggae.00065,reggae,8,-56.06468963623047,-1.6330840587615967
full_clean_z,861,reggae__reggae.00065,reggae,8,-55.529518127441406,-1.425620198249817
full_clean_z,862,reggae__reggae.00065,reggae,8,-28.994386672973633,-25.100173950195312
full_clean_z,863,reggae__reggae.00065,reggae,8,-27.52691650390625,-48.32103729248047
full_clean_z,864,reggae__reggae.00065,reggae,8,-30.887449264526367,-29.461959838867188
full_clean_z,865,reggae__reggae.00065,reggae,8,-60.159324645996094,1.5483099222183228
full_clean_z,866,reggae__reggae.00065,reggae,8,-59.69245147705078,-0.3214780390262604
full_clean_z,867,reggae__reggae.00065,reggae,8,-59.69258499145508,-0.32075035572052
full_clean_z,868,reggae__reggae.00071,reggae,8,-27.546098709106445,-48.2924690246582
full_clean_z,869,reggae__reggae.00071,reggae,8,-28.317731857299805,-25.169260025024414
full_clean_z,870,reggae__reggae.00071,reggae,8,-25.42682647705078,-51.88787078857422
full_clean_z,871,reggae__reggae.00071,reggae,8,-25.42650032043457,-51.88629913330078
full_clean_z,872,reggae__reggae.00076,reggae,8,-54.835670471191406,-2.3001177310943604
full_clean_z,873,reggae__reggae.00076,reggae,8,-55.52839660644531,-1.3727469444274902
full_clean_z,874,reggae__reggae.00076,reggae,8,-54.822914123535156,-2.3518505096435547
full_clean_z,875,reggae__reggae.00076,reggae,8,-39.383705139160156,-22.403202056884766
full_clean_z,876,reggae__reggae.00076,reggae,8,-39.627586364746094,-22.31688117980957
full_clean_z,877,reggae__reggae.00090,reggae,8,-23.60354232788086,-51.48780059814453
full_clean_z,878,reggae__reggae.00090,reggae,8,-23.743656158447266,-50.72576141357422
full_clean_z,879,reggae__reggae.00090,reggae,8,-24.06218147277832,-50.48613357543945
full_clean_z,880,reggae__reggae.00090,reggae,8,-23.58969497680664,-51.20193862915039
full_clean_z,881,reggae__reggae.00090,reggae,8,-23.58600425720215,-51.39524459838867
full_clean_z,882,reggae__reggae.00090,reggae,8,-23.44253158569336,-51.48432540893555
full_clean_z,883,reggae__reggae.00090,reggae,8,-23.38889503479004,-51.616783142089844
full_clean_z,884,reggae__reggae.00091,reggae,8,-17.00609016418457,-47.69906997680664
full_clean_z,885,reggae__reggae.00091,reggae,8,-15.6983642578125,-46.8245849609375
full_clean_z,886,reggae__reggae.00091,reggae,8,-8.554609298706055,-23.064760208129883
full_clean_z,887,reggae__reggae.00091,reggae,8,-8.522348403930664,-23.080263137817383
full_clean_z,888,reggae__reggae.00091,reggae,8,-8.485129356384277,-22.60228157043457
full_clean_z,889,reggae__reggae.00092,reggae,8,-17.063995361328125,-47.4833869934082
full_clean_z,890,reggae__reggae.00092,reggae,8,-16.78811264038086,-47.18705749511719
full_clean_z,891,reggae__reggae.00092,reggae,8,-16.011737823486328,-46.55426788330078
full_clean_z,892,reggae__reggae.00092,reggae,8,-16.090543746948242,-46.748870849609375
full_clean_z,893,reggae__reggae.00092,reggae,8,-8.936960220336914,-24.302513122558594
full_clean_z,894,reggae__reggae.00092,reggae,8,-8.8475923538208,-24.154186248779297
full_clean_z,895,reggae__reggae.00092,reggae,8,-16.110546112060547,-46.245609283447266
full_clean_z,896,reggae__reggae.00092,reggae,8,-16.930950164794922,-47.34306716918945
full_clean_z,897,reggae__reggae.00092,reggae,8,-16.729963302612305,-46.14377975463867
full_clean_z,898,reggae__reggae.00092,reggae,8,-15.622654914855957,-46.201969146728516
full_clean_z,899,reggae__reggae.00092,reggae,8,-16.886795043945312,-47.33363342285156
full_clean_z,900,rock__rock.00000,rock,9,7.775722503662109,46.348487854003906
full_clean_z,901,rock__rock.00000,rock,9,8.128900527954102,45.659034729003906
full_clean_z,902,rock__rock.00000,rock,9,11.596261024475098,21.775514602661133
full_clean_z,903,rock__rock.00000,rock,9,10.59221076965332,0.9651409387588501
full_clean_z,904,rock__rock.00000,rock,9,10.118729591369629,1.1920534372329712
full_clean_z,905,rock__rock.00000,rock,9,26.05362319946289,1.0524481534957886
full_clean_z,906,rock__rock.00000,rock,9,10.586087226867676,1.0280333757400513
full_clean_z,907,rock__rock.00000,rock,9,12.912493705749512,1.3001703023910522
full_clean_z,908,rock__rock.00000,rock,9,12.92768383026123,1.3000836372375488
full_clean_z,909,rock__rock.00003,rock,9,31.86754608154297,-13.728008270263672
full_clean_z,910,rock__rock.00003,rock,9,23.878339767456055,-21.818330764770508
full_clean_z,911,rock__rock.00003,rock,9,24.004955291748047,-21.98284149169922
full_clean_z,912,rock__rock.00003,rock,9,24.05515480041504,-22.027982711791992
full_clean_z,913,rock__rock.00003,rock,9,23.016353607177734,-20.938844680786133
full_clean_z,914,rock__rock.00003,rock,9,31.764768600463867,-13.884605407714844
full_clean_z,915,rock__rock.00008,rock,9,10.365803718566895,27.45564079284668
full_clean_z,916,rock__rock.00008,rock,9,10.330741882324219,27.407190322875977
full_clean_z,917,rock__rock.00008,rock,9,10.379353523254395,27.425941467285156
full_clean_z,918,rock__rock.00008,rock,9,10.336752891540527,27.379318237304688
full_clean_z,919,rock__rock.00008,rock,9,9.91094970703125,26.774093627929688
full_clean_z,920,rock__rock.00008,rock,9,10.371175765991211,25.697052001953125
full_clean_z,921,rock__rock.00008,rock,9,10.395524024963379,27.016258239746094
full_clean_z,922,rock__rock.00032,rock,9,-13.742257118225098,-9.709925651550293
full_clean_z,923,rock__rock.00032,rock,9,-16.69102668762207,-8.680737495422363
full_clean_z,924,rock__rock.00034,rock,9,-4.640529155731201,-15.20145034790039
full_clean_z,925,rock__rock.00034,rock,9,-4.340049743652344,-15.906512260437012
full_clean_z,926,rock__rock.00034,rock,9,-4.3014936447143555,-15.921112060546875
full_clean_z,927,rock__rock.00034,rock,9,-4.402958393096924,-16.479381561279297
full_clean_z,928,rock__rock.00034,rock,9,-2.206556797027588,-39.107330322265625
full_clean_z,929,rock__rock.00034,rock,9,-4.246159076690674,-16.02587890625
full_clean_z,930,rock__rock.00039,rock,9,-4.4793243408203125,-7.72565221786499
full_clean_z,931,rock__rock.00039,rock,9,-16.089035034179688,-8.777976989746094
full_clean_z,932,rock__rock.00039,rock,9,-16.893117904663086,-9.117424964904785
full_clean_z,933,rock__rock.00039,rock,9,-15.156318664550781,-9.7717866897583
full_clean_z,934,rock__rock.00044,rock,9,1.559736728668213,-33.968780517578125
full_clean_z,935,rock__rock.00044,rock,9,0.5446590185165405,-33.0913200378418
full_clean_z,936,rock__rock.00044,rock,9,-15.304872512817383,-10.590559005737305
full_clean_z,937,rock__rock.00044,rock,9,-13.656988143920898,0.5862621665000916
full_clean_z,938,rock__rock.00044,rock,9,-13.958745002746582,-0.03752914071083069
full_clean_z,939,rock__rock.00044,rock,9,-16.8219051361084,-3.82999849319458
full_clean_z,940,rock__rock.00044,rock,9,-16.82949447631836,-3.8588969707489014
full_clean_z,941,rock__rock.00048,rock,9,4.523597240447998,-1.7149780988693237
full_clean_z,942,rock__rock.00048,rock,9,4.230957508087158,-1.9563044309616089
full_clean_z,943,rock__rock.00048,rock,9,4.174921989440918,-1.8679924011230469
full_clean_z,944,rock__rock.00048,rock,9,4.826752662658691,-2.020514488220215
full_clean_z,945,rock__rock.00048,rock,9,2.7081236839294434,-2.5537569522857666
full_clean_z,946,rock__rock.00048,rock,9,6.912949085235596,-0.09443790465593338
full_clean_z,947,rock__rock.00048,rock,9,3.851364850997925,-2.0942037105560303
full_clean_z,948,rock__rock.00049,rock,9,6.471320152282715,-22.08527374267578
full_clean_z,949,rock__rock.00049,rock,9,5.623839855194092,-21.913097381591797
full_clean_z,950,rock__rock.00049,rock,9,4.445580005645752,-21.448143005371094
full_clean_z,951,rock__rock.00049,rock,9,4.338329315185547,-21.462017059326172
full_clean_z,952,rock__rock.00049,rock,9,4.29794454574585,-21.541732788085938
full_clean_z,953,rock__rock.00049,rock,9,-2.2825562953948975,-34.2706298828125
full_clean_z,954,rock__rock.00049,rock,9,-2.3152642250061035,-34.13825607299805
full_clean_z,955,rock__rock.00049,rock,9,-2.1425905227661133,-33.656341552734375
full_clean_z,956,rock__rock.00049,rock,9,-20.32925796508789,-11.363174438476562
full_clean_z,957,rock__rock.00049,rock,9,-18.15538787841797,-9.567728042602539
full_clean_z,958,rock__rock.00050,rock,9,-19.54332160949707,-4.680799961090088
full_clean_z,959,rock__rock.00050,rock,9,-18.7664852142334,-0.6355394721031189
full_clean_z,960,rock__rock.00050,rock,9,-18.739788055419922,-0.5815983414649963
full_clean_z,961,rock__rock.00050,rock,9,-17.539844512939453,0.8891361951828003
full_clean_z,962,rock__rock.00050,rock,9,-17.97519302368164,0.6555415987968445
full_clean_z,963,rock__rock.00050,rock,9,-18.028736114501953,0.5478471517562866
full_clean_z,964,rock__rock.00050,rock,9,-18.082752227783203,0.45692843198776245
full_clean_z,965,rock__rock.00050,rock,9,-18.542449951171875,-0.3294924199581146
full_clean_z,966,rock__rock.00054,rock,9,-6.941995143890381,-4.56306266784668
full_clean_z,967,rock__rock.00054,rock,9,-3.7271687984466553,-4.327492713928223
full_clean_z,968,rock__rock.00054,rock,9,-3.622594118118286,-4.400338172912598
full_clean_z,969,rock__rock.00054,rock,9,-1.526042103767395,-9.699265480041504
full_clean_z,970,rock__rock.00054,rock,9,4.424001693725586,-21.01292610168457
full_clean_z,971,rock__rock.00054,rock,9,4.653038501739502,-21.599117279052734
full_clean_z,972,rock__rock.00054,rock,9,26.336776733398438,19.755569458007812
full_clean_z,973,rock__rock.00054,rock,9,-4.399471759796143,-4.48706579208374
full_clean_z,974,rock__rock.00054,rock,9,-4.526723861694336,-7.583526611328125
full_clean_z,975,rock__rock.00054,rock,9,-5.432771682739258,-6.288928508758545
full_clean_z,976,rock__rock.00080,rock,9,1.935926079750061,9.084115028381348
full_clean_z,977,rock__rock.00080,rock,9,8.860928535461426,7.124134540557861
full_clean_z,978,rock__rock.00080,rock,9,8.94339370727539,6.999035835266113
full_clean_z,979,rock__rock.00080,rock,9,0.8529700040817261,9.056511878967285
full_clean_z,980,rock__rock.00080,rock,9,1.150763750076294,8.875720024108887
full_clean_z,981,rock__rock.00085,rock,9,23.996183395385742,26.10594940185547
full_clean_z,982,rock__rock.00085,rock,9,12.639409065246582,-2.6825926303863525
full_clean_z,983,rock__rock.00085,rock,9,9.884270668029785,6.318787574768066
full_clean_z,984,rock__rock.00085,rock,9,4.060244560241699,-17.804458618164062
full_clean_z,985,rock__rock.00085,rock,9,23.927433013916016,26.0156307220459
full_clean_z,986,rock__rock.00085,rock,9,44.09192657470703,42.096736907958984
full_clean_z,987,rock__rock.00086,rock,9,-26.870756149291992,27.636096954345703
full_clean_z,988,rock__rock.00086,rock,9,-8.258746147155762,9.384587287902832
full_clean_z,989,rock__rock.00086,rock,9,-8.26854419708252,9.356915473937988
full_clean_z,990,rock__rock.00086,rock,9,-30.150419235229492,27.81716537475586
full_clean_z,991,rock__rock.00092,rock,9,4.483268737792969,14.569204330444336
full_clean_z,992,rock__rock.00092,rock,9,4.414255142211914,14.841095924377441
full_clean_z,993,rock__rock.00092,rock,9,4.3892436027526855,13.5297269821167
full_clean_z,994,rock__rock.00092,rock,9,4.283839225769043,13.223136901855469
full_clean_z,995,rock__rock.00092,rock,9,4.395194053649902,14.880159378051758
full_clean_z,996,rock__rock.00092,rock,9,4.491792678833008,13.969986915588379
full_clean_z,997,rock__rock.00092,rock,9,4.437394618988037,14.792491912841797
full_clean_z,998,rock__rock.00092,rock,9,4.51634407043457,14.40290641784668
full_clean_z,999,rock__rock.00092,rock,9,4.519084453582764,14.412711143493652
full_noisy_z_t,0,blues__blues.00000,blues,0,20.170602798461914,-16.618776321411133
full_noisy_z_t,1,blues__blues.00000,blues,0,22.422882080078125,-23.959033966064453
full_noisy_z_t,2,blues__blues.00000,blues,0,19.962312698364258,-17.7034969329834
full_noisy_z_t,3,blues__blues.00000,blues,0,18.995933532714844,-15.194817543029785
full_noisy_z_t,4,blues__blues.00000,blues,0,-0.8164932727813721,-7.53681755065918
full_noisy_z_t,5,blues__blues.00000,blues,0,20.03087615966797,-14.272638320922852
full_noisy_z_t,6,blues__blues.00000,blues,0,18.617319107055664,-15.705853462219238
full_noisy_z_t,7,blues__blues.00001,blues,0,19.954666137695312,-25.006677627563477
full_noisy_z_t,8,blues__blues.00001,blues,0,16.473344802856445,-22.080402374267578
full_noisy_z_t,9,blues__blues.00001,blues,0,7.984596252441406,-26.842573165893555
full_noisy_z_t,10,blues__blues.00001,blues,0,15.233748435974121,-22.86699676513672
full_noisy_z_t,11,blues__blues.00001,blues,0,16.859485626220703,-23.07706642150879
full_noisy_z_t,12,blues__blues.00001,blues,0,37.8382682800293,-34.06857681274414
full_noisy_z_t,13,blues__blues.00001,blues,0,18.618968963623047,-22.926576614379883
full_noisy_z_t,14,blues__blues.00009,blues,0,29.67044448852539,-24.980138778686523
full_noisy_z_t,15,blues__blues.00009,blues,0,35.43702697753906,-23.3724308013916
full_noisy_z_t,16,blues__blues.00009,blues,0,33.88039016723633,-28.409337997436523
full_noisy_z_t,17,blues__blues.00009,blues,0,36.789634704589844,-22.48979377746582
full_noisy_z_t,18,blues__blues.00009,blues,0,31.389638900756836,-17.20240020751953
full_noisy_z_t,19,blues__blues.00009,blues,0,39.000572204589844,-27.433761596679688
full_noisy_z_t,20,blues__blues.00009,blues,0,36.516761779785156,-24.138914108276367
full_noisy_z_t,21,blues__blues.00009,blues,0,42.850921630859375,-2.0994961261749268
full_noisy_z_t,22,blues__blues.00009,blues,0,36.8970947265625,-22.546592712402344
full_noisy_z_t,23,blues__blues.00011,blues,0,27.461029052734375,-8.102314949035645
full_noisy_z_t,24,blues__blues.00011,blues,0,38.404720306396484,-24.069923400878906
full_noisy_z_t,25,blues__blues.00011,blues,0,27.62542152404785,-10.082213401794434
full_noisy_z_t,26,blues__blues.00011,blues,0,28.575979232788086,-8.743779182434082
full_noisy_z_t,27,blues__blues.00011,blues,0,28.095958709716797,-10.652563095092773
full_noisy_z_t,28,blues__blues.00011,blues,0,30.03331756591797,-12.434065818786621
full_noisy_z_t,29,blues__blues.00011,blues,0,31.84796142578125,-25.626760482788086
full_noisy_z_t,30,blues__blues.00031,blues,0,38.09357833862305,-27.41349983215332
full_noisy_z_t,31,blues__blues.00031,blues,0,35.52313995361328,-27.083515167236328
full_noisy_z_t,32,blues__blues.00031,blues,0,35.44915008544922,-30.712888717651367
full_noisy_z_t,33,blues__blues.00031,blues,0,36.43735122680664,-26.111196517944336
full_noisy_z_t,34,blues__blues.00034,blues,0,36.550750732421875,-25.604217529296875
full_noisy_z_t,35,blues__blues.00034,blues,0,35.26091003417969,-28.43505859375
full_noisy_z_t,36,blues__blues.00034,blues,0,36.479068756103516,-26.95856285095215
full_noisy_z_t,37,blues__blues.00034,blues,0,-14.450335502624512,-37.299644470214844
full_noisy_z_t,38,blues__blues.00034,blues,0,34.31688690185547,-26.00566291809082
full_noisy_z_t,39,blues__blues.00034,blues,0,35.189762115478516,-26.271381378173828
full_noisy_z_t,40,blues__blues.00039,blues,0,33.50284194946289,-32.0521125793457
full_noisy_z_t,41,blues__blues.00039,blues,0,34.77876281738281,-27.839157104492188
full_noisy_z_t,42,blues__blues.00039,blues,0,37.89915466308594,-26.0200138092041
full_noisy_z_t,43,blues__blues.00039,blues,0,34.47847366333008,-32.44098663330078
full_noisy_z_t,44,blues__blues.00039,blues,0,35.11606216430664,-29.836566925048828
full_noisy_z_t,45,blues__blues.00052,blues,0,31.723318099975586,-21.299470901489258
full_noisy_z_t,46,blues__blues.00052,blues,0,34.48345184326172,-21.681121826171875
full_noisy_z_t,47,blues__blues.00052,blues,0,33.44544219970703,-27.154964447021484
full_noisy_z_t,48,blues__blues.00052,blues,0,31.106067657470703,-21.559635162353516
full_noisy_z_t,49,blues__blues.00052,blues,0,29.706401824951172,-19.912336349487305
full_noisy_z_t,50,blues__blues.00052,blues,0,28.47459602355957,-18.67479133605957
full_noisy_z_t,51,blues__blues.00054,blues,0,28.39697265625,-17.000959396362305
full_noisy_z_t,52,blues__blues.00054,blues,0,30.06928062438965,-15.533918380737305
full_noisy_z_t,53,blues__blues.00054,blues,0,25.62476921081543,-16.312171936035156
full_noisy_z_t,54,blues__blues.00054,blues,0,28.250577926635742,-14.630949020385742
full_noisy_z_t,55,blues__blues.00054,blues,0,36.162940979003906,-20.365345001220703
full_noisy_z_t,56,blues__blues.00054,blues,0,27.28533363342285,-17.23171615600586
full_noisy_z_t,57,blues__blues.00057,blues,0,24.76658058166504,-16.802453994750977
full_noisy_z_t,58,blues__blues.00057,blues,0,29.090349197387695,-17.590984344482422
full_noisy_z_t,59,blues__blues.00057,blues,0,30.380815505981445,-18.084665298461914
full_noisy_z_t,60,blues__blues.00057,blues,0,30.211807250976562,-21.89864730834961
full_noisy_z_t,61,blues__blues.00060,blues,0,30.478776931762695,-26.48923683166504
full_noisy_z_t,62,blues__blues.00060,blues,0,35.1630744934082,-25.207515716552734
full_noisy_z_t,63,blues__blues.00060,blues,0,32.949928283691406,-28.739526748657227
full_noisy_z_t,64,blues__blues.00060,blues,0,30.641870498657227,-24.966144561767578
full_noisy_z_t,65,blues__blues.00060,blues,0,29.161096572875977,-21.7518253326416
full_noisy_z_t,66,blues__blues.00060,blues,0,25.883583068847656,-18.915447235107422
full_noisy_z_t,67,blues__blues.00060,blues,0,31.457557678222656,-19.95932388305664
full_noisy_z_t,68,blues__blues.00066,blues,0,16.826505661010742,-17.22258186340332
full_noisy_z_t,69,blues__blues.00066,blues,0,15.280052185058594,-17.53592300415039
full_noisy_z_t,70,blues__blues.00066,blues,0,15.599616050720215,-17.237607955932617
full_noisy_z_t,71,blues__blues.00066,blues,0,17.4638671875,-17.350303649902344
full_noisy_z_t,72,blues__blues.00066,blues,0,14.509770393371582,-14.166728019714355
full_noisy_z_t,73,blues__blues.00066,blues,0,17.04877281188965,-16.004487991333008
full_noisy_z_t,74,blues__blues.00066,blues,0,16.108732223510742,-15.750882148742676
full_noisy_z_t,75,blues__blues.00066,blues,0,28.470565795898438,-31.62270164489746
full_noisy_z_t,76,blues__blues.00066,blues,0,28.457820892333984,-31.77901268005371
full_noisy_z_t,77,blues__blues.00068,blues,0,28.218162536621094,-25.922283172607422
full_noisy_z_t,78,blues__blues.00068,blues,0,28.120811462402344,-30.25739097595215
full_noisy_z_t,79,blues__blues.00068,blues,0,31.555307388305664,-29.857261657714844
full_noisy_z_t,80,blues__blues.00068,blues,0,27.608808517456055,-30.51591682434082
full_noisy_z_t,81,blues__blues.00068,blues,0,28.369686126708984,-28.903316497802734
full_noisy_z_t,82,blues__blues.00068,blues,0,17.60745620727539,-18.63677978515625
full_noisy_z_t,83,blues__blues.00068,blues,0,27.915931701660156,-29.333011627197266
full_noisy_z_t,84,blues__blues.00070,blues,0,9.431554794311523,-16.25385284423828
full_noisy_z_t,85,blues__blues.00070,blues,0,12.081133842468262,-15.685822486877441
full_noisy_z_t,86,blues__blues.00070,blues,0,14.217381477355957,-19.75103187561035
full_noisy_z_t,87,blues__blues.00070,blues,0,15.592385292053223,-16.022544860839844
full_noisy_z_t,88,blues__blues.00070,blues,0,26.7834529876709,-33.14237976074219
full_noisy_z_t,89,blues__blues.00070,blues,0,13.19039535522461,-15.034354209899902
full_noisy_z_t,90,blues__blues.00070,blues,0,11.082104682922363,-15.435418128967285
full_noisy_z_t,91,blues__blues.00071,blues,0,26.008533477783203,-24.2509708404541
full_noisy_z_t,92,blues__blues.00071,blues,0,27.328824996948242,-24.42549705505371
full_noisy_z_t,93,blues__blues.00071,blues,0,28.605854034423828,-27.049602508544922
full_noisy_z_t,94,blues__blues.00071,blues,0,27.977739334106445,-24.485395431518555
full_noisy_z_t,95,blues__blues.00071,blues,0,23.704879760742188,-27.647066116333008
full_noisy_z_t,96,blues__blues.00071,blues,0,25.768964767456055,-24.136140823364258
full_noisy_z_t,97,blues__blues.00071,blues,0,29.237340927124023,-23.598020553588867
full_noisy_z_t,98,blues__blues.00071,blues,0,26.346080780029297,-26.294506072998047
full_noisy_z_t,99,blues__blues.00071,blues,0,26.747737884521484,-27.347726821899414
full_noisy_z_t,100,classical__classical.00000,classical,1,32.807437896728516,27.6612606048584
full_noisy_z_t,101,classical__classical.00000,classical,1,31.35783576965332,24.80514907836914
full_noisy_z_t,102,classical__classical.00000,classical,1,34.11167526245117,27.900266647338867
full_noisy_z_t,103,classical__classical.00000,classical,1,31.836891174316406,31.80965232849121
full_noisy_z_t,104,classical__classical.00000,classical,1,35.9831428527832,29.38284683227539
full_noisy_z_t,105,classical__classical.00000,classical,1,33.805519104003906,26.431568145751953
full_noisy_z_t,106,classical__classical.00002,classical,1,34.56248474121094,25.759868621826172
full_noisy_z_t,107,classical__classical.00002,classical,1,29.40903663635254,29.983816146850586
full_noisy_z_t,108,classical__classical.00002,classical,1,31.417762756347656,26.702791213989258
full_noisy_z_t,109,classical__classical.00006,classical,1,32.72760009765625,28.638368606567383
full_noisy_z_t,110,classical__classical.00006,classical,1,33.139034271240234,26.658437728881836
full_noisy_z_t,111,classical__classical.00006,classical,1,32.10590362548828,29.856258392333984
full_noisy_z_t,112,classical__classical.00006,classical,1,29.600509643554688,26.617399215698242
full_noisy_z_t,113,classical__classical.00006,classical,1,28.16688346862793,26.198720932006836
full_noisy_z_t,114,classical__classical.00006,classical,1,30.42815589904785,27.433731079101562
full_noisy_z_t,115,classical__classical.00006,classical,1,33.989601135253906,32.090782165527344
full_noisy_z_t,116,classical__classical.00009,classical,1,32.313331604003906,27.070186614990234
full_noisy_z_t,117,classical__classical.00009,classical,1,32.873802185058594,29.367191314697266
full_noisy_z_t,118,classical__classical.00009,classical,1,35.23811340332031,29.928646087646484
full_noisy_z_t,119,classical__classical.00009,classical,1,35.041873931884766,21.96877670288086
full_noisy_z_t,120,classical__classical.00009,classical,1,37.86832046508789,15.743931770324707
full_noisy_z_t,121,classical__classical.00009,classical,1,32.696292877197266,24.927160263061523
full_noisy_z_t,122,classical__classical.00009,classical,1,36.45882034301758,25.48040771484375
full_noisy_z_t,123,classical__classical.00022,classical,1,33.000213623046875,31.518199920654297
full_noisy_z_t,124,classical__classical.00022,classical,1,33.489463806152344,30.087106704711914
full_noisy_z_t,125,classical__classical.00022,classical,1,32.621299743652344,34.06349563598633
full_noisy_z_t,126,classical__classical.00022,classical,1,34.9148063659668,31.879209518432617
full_noisy_z_t,127,classical__classical.00022,classical,1,31.88067626953125,25.805421829223633
full_noisy_z_t,128,classical__classical.00022,classical,1,33.63448715209961,25.426822662353516
full_noisy_z_t,129,classical__classical.00022,classical,1,34.93986892700195,24.723379135131836
full_noisy_z_t,130,classical__classical.00034,classical,1,31.288545608520508,31.228227615356445
full_noisy_z_t,131,classical__classical.00034,classical,1,30.08648109436035,30.533288955688477
full_noisy_z_t,132,classical__classical.00034,classical,1,33.800132751464844,31.142208099365234
full_noisy_z_t,133,classical__classical.00034,classical,1,32.42666244506836,33.18218994140625
full_noisy_z_t,134,classical__classical.00034,classical,1,32.97513961791992,30.468305587768555
full_noisy_z_t,135,classical__classical.00034,classical,1,31.599388122558594,27.4992618560791
full_noisy_z_t,136,classical__classical.00034,classical,1,34.552520751953125,30.88270378112793
full_noisy_z_t,137,classical__classical.00037,classical,1,31.9580135345459,30.74971580505371
full_noisy_z_t,138,classical__classical.00037,classical,1,29.74995994567871,24.935148239135742
full_noisy_z_t,139,classical__classical.00037,classical,1,39.35719680786133,23.102651596069336
full_noisy_z_t,140,classical__classical.00037,classical,1,34.34703063964844,26.805883407592773
full_noisy_z_t,141,classical__classical.00037,classical,1,31.55507469177246,28.431503295898438
full_noisy_z_t,142,classical__classical.00037,classical,1,30.799758911132812,30.226552963256836
full_noisy_z_t,143,classical__classical.00037,classical,1,33.524513244628906,33.1976203918457
full_noisy_z_t,144,classical__classical.00037,classical,1,32.611106872558594,25.83983039855957
full_noisy_z_t,145,classical__classical.00039,classical,1,35.182640075683594,26.443252563476562
full_noisy_z_t,146,classical__classical.00039,classical,1,45.07737350463867,29.444488525390625
full_noisy_z_t,147,classical__classical.00039,classical,1,37.8858757019043,20.328874588012695
full_noisy_z_t,148,classical__classical.00039,classical,1,30.683515548706055,26.003643035888672
full_noisy_z_t,149,classical__classical.00039,classical,1,26.91193199157715,27.181747436523438
full_noisy_z_t,150,classical__classical.00039,classical,1,34.80137252807617,35.266693115234375
full_noisy_z_t,151,classical__classical.00047,classical,1,36.091434478759766,27.470256805419922
full_noisy_z_t,152,classical__classical.00047,classical,1,33.58905792236328,24.176246643066406
full_noisy_z_t,153,classical__classical.00047,classical,1,33.53590774536133,24.0844783782959
full_noisy_z_t,154,classical__classical.00047,classical,1,35.77937698364258,24.36940574645996
full_noisy_z_t,155,classical__classical.00047,classical,1,34.993194580078125,23.233047485351562
full_noisy_z_t,156,classical__classical.00047,classical,1,36.04673385620117,26.34253692626953
full_noisy_z_t,157,classical__classical.00053,classical,1,28.107641220092773,30.148561477661133
full_noisy_z_t,158,classical__classical.00053,classical,1,27.046310424804688,31.79707145690918
full_noisy_z_t,159,classical__classical.00053,classical,1,28.04497528076172,29.2076416015625
full_noisy_z_t,160,classical__classical.00053,classical,1,27.766977310180664,29.465238571166992
full_noisy_z_t,161,classical__classical.00053,classical,1,29.282699584960938,27.760231018066406
full_noisy_z_t,162,classical__classical.00056,classical,1,29.133289337158203,31.920299530029297
full_noisy_z_t,163,classical__classical.00056,classical,1,28.393299102783203,33.257896423339844
full_noisy_z_t,164,classical__classical.00056,classical,1,29.234481811523438,33.95582580566406
full_noisy_z_t,165,classical__classical.00056,classical,1,27.896825790405273,33.270503997802734
full_noisy_z_t,166,classical__classical.00056,classical,1,29.592405319213867,32.29285430908203
full_noisy_z_t,167,classical__classical.00056,classical,1,31.609312057495117,24.037893295288086
full_noisy_z_t,168,classical__classical.00056,classical,1,31.03762435913086,22.788360595703125
full_noisy_z_t,169,classical__classical.00056,classical,1,31.05426597595215,22.821928024291992
full_noisy_z_t,170,classical__classical.00056,classical,1,31.211421966552734,34.67213439941406
full_noisy_z_t,171,classical__classical.00056,classical,1,30.819169998168945,34.502384185791016
full_noisy_z_t,172,classical__classical.00057,classical,1,31.993959426879883,12.365620613098145
full_noisy_z_t,173,classical__classical.00057,classical,1,35.311954498291016,14.805013656616211
full_noisy_z_t,174,classical__classical.00057,classical,1,30.489099502563477,29.2374267578125
full_noisy_z_t,175,classical__classical.00057,classical,1,35.242149353027344,28.156665802001953
full_noisy_z_t,176,classical__classical.00057,classical,1,37.749732971191406,12.595516204833984
full_noisy_z_t,177,classical__classical.00057,classical,1,36.648136138916016,11.720370292663574
full_noisy_z_t,178,classical__classical.00057,classical,1,37.08867645263672,22.89012908935547
full_noisy_z_t,179,classical__classical.00057,classical,1,34.98065185546875,12.493934631347656
full_noisy_z_t,180,classical__classical.00057,classical,1,35.980934143066406,12.818853378295898
full_noisy_z_t,181,classical__classical.00057,classical,1,34.92268753051758,27.589418411254883
full_noisy_z_t,182,classical__classical.00065,classical,1,30.81167984008789,28.149812698364258
full_noisy_z_t,183,classical__classical.00065,classical,1,31.885095596313477,29.08005142211914
full_noisy_z_t,184,classical__classical.00065,classical,1,37.437644958496094,26.191003799438477
full_noisy_z_t,185,classical__classical.00065,classical,1,37.31809997558594,24.52943229675293
full_noisy_z_t,186,classical__classical.00082,classical,1,31.236852645874023,33.22404098510742
full_noisy_z_t,187,classical__classical.00082,classical,1,39.005821228027344,24.911697387695312
full_noisy_z_t,188,classical__classical.00082,classical,1,29.632051467895508,28.73426628112793
full_noisy_z_t,189,classical__classical.00082,classical,1,36.93693923950195,27.033069610595703
full_noisy_z_t,190,classical__classical.00082,classical,1,33.53447341918945,27.389163970947266
full_noisy_z_t,191,classical__classical.00082,classical,1,31.128372192382812,32.3813362121582
full_noisy_z_t,192,classical__classical.00091,classical,1,33.77204513549805,34.62201690673828
full_noisy_z_t,193,classical__classical.00091,classical,1,31.262975692749023,29.412595748901367
full_noisy_z_t,194,classical__classical.00091,classical,1,33.616424560546875,28.68231964111328
full_noisy_z_t,195,classical__classical.00091,classical,1,35.09603500366211,28.89237403869629
full_noisy_z_t,196,classical__classical.00091,classical,1,34.691131591796875,33.616851806640625
full_noisy_z_t,197,classical__classical.00091,classical,1,34.281158447265625,29.79352378845215
full_noisy_z_t,198,classical__classical.00091,classical,1,32.71406555175781,35.564151763916016
full_noisy_z_t,199,classical__classical.00091,classical,1,30.47637939453125,31.378366470336914
full_noisy_z_t,200,country__country.00001,country,2,-3.126664638519287,-37.68295669555664
full_noisy_z_t,201,country__country.00001,country,2,-3.1187498569488525,-39.37607192993164
full_noisy_z_t,202,country__country.00001,country,2,-3.3255515098571777,-37.99155807495117
full_noisy_z_t,203,country__country.00001,country,2,-2.4855196475982666,-38.378047943115234
full_noisy_z_t,204,country__country.00001,country,2,-3.263744592666626,-38.70772171020508
full_noisy_z_t,205,country__country.00011,country,2,1.0361502170562744,-8.24213695526123
full_noisy_z_t,206,country__country.00011,country,2,1.1839830875396729,-6.3340301513671875
full_noisy_z_t,207,country__country.00011,country,2,-3.3264565467834473,-30.144943237304688
full_noisy_z_t,208,country__country.00011,country,2,-4.842792987823486,-26.24273681640625
full_noisy_z_t,209,country__country.00011,country,2,22.417741775512695,0.06202215701341629
full_noisy_z_t,210,country__country.00011,country,2,3.4727327823638916,-7.916871070861816
full_noisy_z_t,211,country__country.00011,country,2,5.295814514160156,-8.860469818115234
full_noisy_z_t,212,country__country.00011,country,2,-3.9684360027313232,-25.34050941467285
full_noisy_z_t,213,country__country.00013,country,2,-10.481670379638672,2.1035172939300537
full_noisy_z_t,214,country__country.00013,country,2,-14.787392616271973,5.086838245391846
full_noisy_z_t,215,country__country.00013,country,2,-16.984773635864258,4.053372383117676
full_noisy_z_t,216,country__country.00013,country,2,-19.22922134399414,15.491477012634277
full_noisy_z_t,217,country__country.00013,country,2,-19.318706512451172,6.059286594390869
full_noisy_z_t,218,country__country.00013,country,2,-17.001575469970703,7.042759418487549
full_noisy_z_t,219,country__country.00013,country,2,-9.30014419555664,-0.8743786811828613
full_noisy_z_t,220,country__country.00013,country,2,-15.372512817382812,3.929741382598877
full_noisy_z_t,221,country__country.00013,country,2,-18.767133712768555,13.758233070373535
full_noisy_z_t,222,country__country.00013,country,2,-17.87822723388672,5.6351165771484375
full_noisy_z_t,223,country__country.00029,country,2,0.9545552134513855,-23.243106842041016
full_noisy_z_t,224,country__country.00029,country,2,3.4646902084350586,-27.04693603515625
full_noisy_z_t,225,country__country.00029,country,2,2.28659725189209,-27.092069625854492
full_noisy_z_t,226,country__country.00029,country,2,3.303637981414795,-25.618911743164062
full_noisy_z_t,227,country__country.00029,country,2,1.7176471948623657,-26.67951011657715
full_noisy_z_t,228,country__country.00029,country,2,3.9084999561309814,-26.23988914489746
full_noisy_z_t,229,country__country.00047,country,2,8.802290916442871,-20.96028709411621
full_noisy_z_t,230,country__country.00057,country,2,3.2349753379821777,-13.041048049926758
full_noisy_z_t,231,country__country.00057,country,2,5.0186309814453125,-39.636444091796875
full_noisy_z_t,232,country__country.00057,country,2,4.9454569816589355,-28.678115844726562
full_noisy_z_t,233,country__country.00057,country,2,5.282127380371094,-25.577991485595703
full_noisy_z_t,234,country__country.00057,country,2,0.7592553496360779,-27.293642044067383
full_noisy_z_t,235,country__country.00057,country,2,2.9594433307647705,-28.810148239135742
full_noisy_z_t,236,country__country.00057,country,2,4.12846040725708,-28.918859481811523
full_noisy_z_t,237,country__country.00057,country,2,6.862368106842041,6.470678329467773
full_noisy_z_t,238,country__country.00057,country,2,6.3499345779418945,-17.614822387695312
full_noisy_z_t,239,country__country.00057,country,2,7.1805243492126465,-25.66837501525879
full_noisy_z_t,240,country__country.00059,country,2,23.82134246826172,-12.614909172058105
full_noisy_z_t,241,country__country.00059,country,2,9.198705673217773,-33.27322006225586
full_noisy_z_t,242,country__country.00059,country,2,8.565939903259277,-34.038909912109375
full_noisy_z_t,243,country__country.00059,country,2,10.025020599365234,-35.0338020324707
full_noisy_z_t,244,country__country.00059,country,2,15.390645980834961,-24.987350463867188
full_noisy_z_t,245,country__country.00059,country,2,2.7400834560394287,-27.79947853088379
full_noisy_z_t,246,country__country.00067,country,2,15.10562801361084,-30.293384552001953
full_noisy_z_t,247,country__country.00067,country,2,15.28527545928955,-28.70785903930664
full_noisy_z_t,248,country__country.00067,country,2,-0.7911077737808228,-25.311487197875977
full_noisy_z_t,249,country__country.00067,country,2,9.623905181884766,-38.180519104003906
full_noisy_z_t,250,country__country.00067,country,2,14.094191551208496,-25.883026123046875
full_noisy_z_t,251,country__country.00067,country,2,11.420304298400879,-21.644968032836914
full_noisy_z_t,252,country__country.00067,country,2,15.101648330688477,-29.057518005371094
full_noisy_z_t,253,country__country.00067,country,2,5.2743377685546875,-26.431495666503906
full_noisy_z_t,254,country__country.00068,country,2,0.7326127886772156,-22.54043197631836
full_noisy_z_t,255,country__country.00068,country,2,-7.427002906799316,1.553275227546692
full_noisy_z_t,256,country__country.00068,country,2,-3.2859466075897217,-21.47637367248535
full_noisy_z_t,257,country__country.00068,country,2,-1.4756934642791748,-23.729045867919922
full_noisy_z_t,258,country__country.00068,country,2,11.29522705078125,-23.43059539794922
full_noisy_z_t,259,country__country.00068,country,2,13.525663375854492,-24.309879302978516
full_noisy_z_t,260,country__country.00068,country,2,12.509391784667969,-25.21750831604004
full_noisy_z_t,261,country__country.00068,country,2,-4.120717525482178,8.073529243469238
full_noisy_z_t,262,country__country.00069,country,2,25.249784469604492,27.867979049682617
full_noisy_z_t,263,country__country.00069,country,2,9.866094589233398,-24.897226333618164
full_noisy_z_t,264,country__country.00069,country,2,9.05494213104248,-25.430349349975586
full_noisy_z_t,265,country__country.00069,country,2,14.022311210632324,-27.263416290283203
full_noisy_z_t,266,country__country.00069,country,2,0.46499329805374146,-35.67565155029297
full_noisy_z_t,267,country__country.00069,country,2,6.31398344039917,-32.64961624145508
full_noisy_z_t,268,country__country.00069,country,2,0.6011340022087097,-26.19121742248535
full_noisy_z_t,269,country__country.00075,country,2,22.26947021484375,-18.061201095581055
full_noisy_z_t,270,country__country.00075,country,2,20.349578857421875,-20.475385665893555
full_noisy_z_t,271,country__country.00075,country,2,26.22477149963379,-20.227073669433594
full_noisy_z_t,272,country__country.00075,country,2,22.150182723999023,-19.033740997314453
full_noisy_z_t,273,country__country.00075,country,2,15.077544212341309,-26.407150268554688
full_noisy_z_t,274,country__country.00075,country,2,8.50912857055664,-28.585205078125
full_noisy_z_t,275,country__country.00076,country,2,6.8741655349731445,-26.83233642578125
full_noisy_z_t,276,country__country.00076,country,2,1.494402527809143,-28.12369728088379
full_noisy_z_t,277,country__country.00076,country,2,0.7303444147109985,-24.22028350830078
full_noisy_z_t,278,country__country.00076,country,2,6.3278703689575195,-27.723711013793945
full_noisy_z_t,279,country__country.00076,country,2,6.24883508682251,-26.276342391967773
full_noisy_z_t,280,country__country.00076,country,2,31.395105361938477,-27.244340896606445
full_noisy_z_t,281,country__country.00076,country,2,30.147571563720703,-29.777360916137695
full_noisy_z_t,282,country__country.00077,country,2,4.408708095550537,-24.851076126098633
full_noisy_z_t,283,country__country.00077,country,2,0.9832230806350708,-19.88930320739746
full_noisy_z_t,284,country__country.00077,country,2,2.153611183166504,-17.375661849975586
full_noisy_z_t,285,country__country.00077,country,2,3.6068336963653564,-16.844932556152344
full_noisy_z_t,286,country__country.00077,country,2,6.012503623962402,-28.79315185546875
full_noisy_z_t,287,country__country.00077,country,2,5.309935092926025,-27.854520797729492
full_noisy_z_t,288,country__country.00097,country,2,4.085291862487793,-27.666885375976562
full_noisy_z_t,289,country__country.00097,country,2,7.636780261993408,-32.85231399536133
full_noisy_z_t,290,country__country.00097,country,2,6.794682502746582,-33.47835922241211
full_noisy_z_t,291,country__country.00097,country,2,1.9368016719818115,-29.20409393310547
full_noisy_z_t,292,country__country.00097,country,2,5.512988090515137,-36.31059265136719
full_noisy_z_t,293,country__country.00099,country,2,18.535430908203125,-27.75082015991211
full_noisy_z_t,294,country__country.00099,country,2,12.128686904907227,-19.573211669921875
full_noisy_z_t,295,country__country.00099,country,2,15.780128479003906,-27.66082191467285
full_noisy_z_t,296,country__country.00099,country,2,10.695608139038086,-33.53422927856445
full_noisy_z_t,297,country__country.00099,country,2,16.452342987060547,-26.89879035949707
full_noisy_z_t,298,country__country.00099,country,2,31.93271827697754,-27.23334503173828
full_noisy_z_t,299,country__country.00099,country,2,29.926177978515625,-27.49929428100586
full_noisy_z_t,300,disco__disco.00000,disco,3,-21.122879028320312,16.959625244140625
full_noisy_z_t,301,disco__disco.00000,disco,3,-21.536439895629883,16.228519439697266
full_noisy_z_t,302,disco__disco.00000,disco,3,-20.738849639892578,17.38874053955078
full_noisy_z_t,303,disco__disco.00000,disco,3,-9.924184799194336,5.68251371383667
full_noisy_z_t,304,disco__disco.00000,disco,3,-8.852086067199707,3.944463014602661
full_noisy_z_t,305,disco__disco.00000,disco,3,-20.542591094970703,15.616722106933594
full_noisy_z_t,306,disco__disco.00000,disco,3,-18.32332992553711,11.534446716308594
full_noisy_z_t,307,disco__disco.00000,disco,3,-13.879767417907715,13.890045166015625
full_noisy_z_t,308,disco__disco.00000,disco,3,-13.160663604736328,14.354873657226562
full_noisy_z_t,309,disco__disco.00003,disco,3,-0.3813871741294861,-16.952533721923828
full_noisy_z_t,310,disco__disco.00003,disco,3,-0.48782384395599365,-15.62647819519043
full_noisy_z_t,311,disco__disco.00003,disco,3,-30.151395797729492,17.783552169799805
full_noisy_z_t,312,disco__disco.00003,disco,3,-30.34510612487793,20.641191482543945
full_noisy_z_t,313,disco__disco.00003,disco,3,-29.16657257080078,18.445762634277344
full_noisy_z_t,314,disco__disco.00003,disco,3,-28.899545669555664,18.38228988647461
full_noisy_z_t,315,disco__disco.00010,disco,3,-33.069305419921875,-1.7375481128692627
full_noisy_z_t,316,disco__disco.00010,disco,3,-22.193880081176758,6.324524402618408
full_noisy_z_t,317,disco__disco.00010,disco,3,-21.309860229492188,5.160721778869629
full_noisy_z_t,318,disco__disco.00010,disco,3,-23.28002166748047,11.867361068725586
full_noisy_z_t,319,disco__disco.00010,disco,3,-22.30128288269043,10.339731216430664
full_noisy_z_t,320,disco__disco.00010,disco,3,-20.155508041381836,5.128794193267822
full_noisy_z_t,321,disco__disco.00020,disco,3,-1.7584515810012817,-19.22404670715332
full_noisy_z_t,322,disco__disco.00020,disco,3,-1.7730562686920166,-26.628368377685547
full_noisy_z_t,323,disco__disco.00020,disco,3,-19.234664916992188,-30.70166015625
full_noisy_z_t,324,disco__disco.00021,disco,3,-26.800582885742188,12.534270286560059
full_noisy_z_t,325,disco__disco.00021,disco,3,-25.79445457458496,11.322395324707031
full_noisy_z_t,326,disco__disco.00021,disco,3,-25.729351043701172,9.389649391174316
full_noisy_z_t,327,disco__disco.00021,disco,3,-25.995363235473633,8.372920036315918
full_noisy_z_t,328,disco__disco.00021,disco,3,-19.534746170043945,14.614298820495605
full_noisy_z_t,329,disco__disco.00021,disco,3,-28.379560470581055,10.976309776306152
full_noisy_z_t,330,disco__disco.00021,disco,3,-24.44804573059082,7.686046600341797
full_noisy_z_t,331,disco__disco.00021,disco,3,-27.713275909423828,-5.894639492034912
full_noisy_z_t,332,disco__disco.00030,disco,3,-11.452998161315918,9.301435470581055
full_noisy_z_t,333,disco__disco.00030,disco,3,-17.77193260192871,13.013888359069824
full_noisy_z_t,334,disco__disco.00030,disco,3,-17.277910232543945,10.397372245788574
full_noisy_z_t,335,disco__disco.00030,disco,3,-11.84573745727539,7.189332008361816
full_noisy_z_t,336,disco__disco.00030,disco,3,-15.502972602844238,17.942007064819336
full_noisy_z_t,337,disco__disco.00030,disco,3,-22.039295196533203,-0.5560556054115295
full_noisy_z_t,338,disco__disco.00030,disco,3,-12.325425148010254,8.112455368041992
full_noisy_z_t,339,disco__disco.00030,disco,3,-12.38029956817627,12.549108505249023
full_noisy_z_t,340,disco__disco.00030,disco,3,-16.130664825439453,10.789475440979004
full_noisy_z_t,341,disco__disco.00030,disco,3,-13.72154426574707,8.407552719116211
full_noisy_z_t,342,disco__disco.00040,disco,3,-15.63012409210205,20.052644729614258
full_noisy_z_t,343,disco__disco.00040,disco,3,-15.142312049865723,21.408185958862305
full_noisy_z_t,344,disco__disco.00040,disco,3,-20.20734214782715,21.7714900970459
full_noisy_z_t,345,disco__disco.00040,disco,3,7.8697686195373535,-10.481348037719727
full_noisy_z_t,346,disco__disco.00040,disco,3,-0.998175323009491,-20.724123001098633
full_noisy_z_t,347,disco__disco.00040,disco,3,-17.44830894470215,23.88311004638672
full_noisy_z_t,348,disco__disco.00044,disco,3,-27.036346435546875,14.371195793151855
full_noisy_z_t,349,disco__disco.00044,disco,3,-25.496471405029297,14.137861251831055
full_noisy_z_t,350,disco__disco.00044,disco,3,-25.592391967773438,7.493106842041016
full_noisy_z_t,351,disco__disco.00044,disco,3,-20.66767692565918,16.385581970214844
full_noisy_z_t,352,disco__disco.00044,disco,3,-28.676054000854492,16.813743591308594
full_noisy_z_t,353,disco__disco.00044,disco,3,-28.221208572387695,15.186578750610352
full_noisy_z_t,354,disco__disco.00044,disco,3,-29.056333541870117,16.354326248168945
full_noisy_z_t,355,disco__disco.00044,disco,3,-29.197717666625977,15.799871444702148
full_noisy_z_t,356,disco__disco.00044,disco,3,-26.988679885864258,16.98613166809082
full_noisy_z_t,357,disco__disco.00044,disco,3,-28.033411026000977,16.008750915527344
full_noisy_z_t,358,disco__disco.00044,disco,3,-27.968679428100586,17.443391799926758
full_noisy_z_t,359,disco__disco.00055,disco,3,-19.68142318725586,18.465330123901367
full_noisy_z_t,360,disco__disco.00055,disco,3,-20.34763526916504,19.43316078186035
full_noisy_z_t,361,disco__disco.00055,disco,3,-21.3201961517334,18.113765716552734
full_noisy_z_t,362,disco__disco.00055,disco,3,-21.959444046020508,22.155590057373047
full_noisy_z_t,363,disco__disco.00055,disco,3,-23.777555465698242,20.37212371826172
full_noisy_z_t,364,disco__disco.00055,disco,3,-19.041048049926758,19.25330352783203
full_noisy_z_t,365,disco__disco.00055,disco,3,-27.69613265991211,18.49085807800293
full_noisy_z_t,366,disco__disco.00064,disco,3,-22.71099853515625,20.531627655029297
full_noisy_z_t,367,disco__disco.00064,disco,3,-28.532230377197266,20.651439666748047
full_noisy_z_t,368,disco__disco.00064,disco,3,-25.882354736328125,19.672428131103516
full_noisy_z_t,369,disco__disco.00064,disco,3,-29.310211181640625,19.813745498657227
full_noisy_z_t,370,disco__disco.00075,disco,3,-21.044206619262695,23.964094161987305
full_noisy_z_t,371,disco__disco.00075,disco,3,-23.98685646057129,18.46538543701172
full_noisy_z_t,372,disco__disco.00075,disco,3,-25.75645637512207,18.77046775817871
full_noisy_z_t,373,disco__disco.00075,disco,3,-21.563142776489258,19.49610710144043
full_noisy_z_t,374,disco__disco.00075,disco,3,-23.533296585083008,19.135942459106445
full_noisy_z_t,375,disco__disco.00075,disco,3,-24.96197509765625,20.660690307617188
full_noisy_z_t,376,disco__disco.00075,disco,3,-18.933073043823242,23.88443946838379
full_noisy_z_t,377,disco__disco.00075,disco,3,-21.651769638061523,24.9847469329834
full_noisy_z_t,378,disco__disco.00084,disco,3,-19.40538787841797,20.321495056152344
full_noisy_z_t,379,disco__disco.00084,disco,3,-21.84671401977539,18.627962112426758
full_noisy_z_t,380,disco__disco.00084,disco,3,-22.914501190185547,16.807716369628906
full_noisy_z_t,381,disco__disco.00084,disco,3,-24.85144805908203,18.04291534423828
full_noisy_z_t,382,disco__disco.00084,disco,3,-22.202302932739258,17.59259796142578
full_noisy_z_t,383,disco__disco.00084,disco,3,-23.46211814880371,13.873254776000977
full_noisy_z_t,384,disco__disco.00084,disco,3,-23.762224197387695,13.91152286529541
full_noisy_z_t,385,disco__disco.00093,disco,3,-24.698516845703125,15.712779998779297
full_noisy_z_t,386,disco__disco.00093,disco,3,-22.28562355041504,15.957198143005371
full_noisy_z_t,387,disco__disco.00093,disco,3,-24.245235443115234,16.3397274017334
full_noisy_z_t,388,disco__disco.00093,disco,3,-21.992298126220703,14.943821907043457
full_noisy_z_t,389,disco__disco.00093,disco,3,-23.47065544128418,15.609257698059082
full_noisy_z_t,390,disco__disco.00093,disco,3,-22.544633865356445,19.39339828491211
full_noisy_z_t,391,disco__disco.00094,disco,3,-18.818523406982422,26.43557357788086
full_noisy_z_t,392,disco__disco.00094,disco,3,-19.425548553466797,25.246990203857422
full_noisy_z_t,393,disco__disco.00094,disco,3,-19.064802169799805,26.1121826171875
full_noisy_z_t,394,disco__disco.00094,disco,3,-17.854413986206055,25.756155014038086
full_noisy_z_t,395,disco__disco.00094,disco,3,-18.417617797851562,21.533681869506836
full_noisy_z_t,396,disco__disco.00095,disco,3,-20.71881103515625,20.541410446166992
full_noisy_z_t,397,disco__disco.00095,disco,3,-21.729671478271484,20.73799705505371
full_noisy_z_t,398,disco__disco.00095,disco,3,-24.407995223999023,19.43605613708496
full_noisy_z_t,399,disco__disco.00095,disco,3,-26.186019897460938,18.202951431274414
full_noisy_z_t,400,hiphop__hiphop.00002,hiphop,4,-8.7629976272583,5.449932098388672
full_noisy_z_t,401,hiphop__hiphop.00002,hiphop,4,-7.471865653991699,7.254086017608643
full_noisy_z_t,402,hiphop__hiphop.00002,hiphop,4,-8.374408721923828,6.759337425231934
full_noisy_z_t,403,hiphop__hiphop.00002,hiphop,4,-6.161144733428955,7.399506092071533
full_noisy_z_t,404,hiphop__hiphop.00002,hiphop,4,10.752762794494629,-9.400558471679688
full_noisy_z_t,405,hiphop__hiphop.00034,hiphop,4,-51.62764358520508,4.810755252838135
full_noisy_z_t,406,hiphop__hiphop.00034,hiphop,4,-49.22391891479492,3.9192771911621094
full_noisy_z_t,407,hiphop__hiphop.00034,hiphop,4,-50.15774154663086,3.8076322078704834
full_noisy_z_t,408,hiphop__hiphop.00034,hiphop,4,-50.453895568847656,5.570026397705078
full_noisy_z_t,409,hiphop__hiphop.00034,hiphop,4,-49.70571517944336,9.918558120727539
full_noisy_z_t,410,hiphop__hiphop.00034,hiphop,4,-52.084007263183594,12.985820770263672
full_noisy_z_t,411,hiphop__hiphop.00038,hiphop,4,-54.99006271362305,6.23928689956665
full_noisy_z_t,412,hiphop__hiphop.00038,hiphop,4,-53.8463249206543,4.895417213439941
full_noisy_z_t,413,hiphop__hiphop.00038,hiphop,4,-54.224666595458984,5.486960411071777
full_noisy_z_t,414,hiphop__hiphop.00038,hiphop,4,-51.91707229614258,3.0549256801605225
full_noisy_z_t,415,hiphop__hiphop.00040,hiphop,4,-24.864091873168945,-8.385634422302246
full_noisy_z_t,416,hiphop__hiphop.00040,hiphop,4,-23.207401275634766,-8.100893020629883
full_noisy_z_t,417,hiphop__hiphop.00040,hiphop,4,-22.352811813354492,-7.166934490203857
full_noisy_z_t,418,hiphop__hiphop.00040,hiphop,4,-29.886337280273438,-1.616821050643921
full_noisy_z_t,419,hiphop__hiphop.00040,hiphop,4,-30.109573364257812,-5.34215784072876
full_noisy_z_t,420,hiphop__hiphop.00040,hiphop,4,-28.740636825561523,-9.012267112731934
full_noisy_z_t,421,hiphop__hiphop.00040,hiphop,4,-25.695755004882812,-5.204263687133789
full_noisy_z_t,422,hiphop__hiphop.00042,hiphop,4,-30.57349967956543,-6.223232746124268
full_noisy_z_t,423,hiphop__hiphop.00042,hiphop,4,-55.479217529296875,5.485420227050781
full_noisy_z_t,424,hiphop__hiphop.00042,hiphop,4,-53.879276275634766,2.784515380859375
full_noisy_z_t,425,hiphop__hiphop.00042,hiphop,4,-54.61776351928711,3.3962934017181396
full_noisy_z_t,426,hiphop__hiphop.00042,hiphop,4,-55.48066329956055,3.382534980773926
full_noisy_z_t,427,hiphop__hiphop.00042,hiphop,4,-53.84349822998047,6.541369438171387
full_noisy_z_t,428,hiphop__hiphop.00042,hiphop,4,-53.714481353759766,3.904046058654785
full_noisy_z_t,429,hiphop__hiphop.00042,hiphop,4,-56.356285095214844,6.9796142578125
full_noisy_z_t,430,hiphop__hiphop.00044,hiphop,4,-52.8568000793457,4.518259048461914
full_noisy_z_t,431,hiphop__hiphop.00044,hiphop,4,-36.34566116333008,-1.2239720821380615
full_noisy_z_t,432,hiphop__hiphop.00044,hiphop,4,-24.652469635009766,-7.038662910461426
full_noisy_z_t,433,hiphop__hiphop.00044,hiphop,4,-4.510295391082764,-28.793426513671875
full_noisy_z_t,434,hiphop__hiphop.00044,hiphop,4,22.601484298706055,6.5177531242370605
full_noisy_z_t,435,hiphop__hiphop.00044,hiphop,4,25.16628074645996,-8.749755859375
full_noisy_z_t,436,hiphop__hiphop.00044,hiphop,4,-51.17705154418945,9.830263137817383
full_noisy_z_t,437,hiphop__hiphop.00053,hiphop,4,-31.55078125,-2.9284868240356445
full_noisy_z_t,438,hiphop__hiphop.00053,hiphop,4,-31.278600692749023,-5.128028869628906
full_noisy_z_t,439,hiphop__hiphop.00053,hiphop,4,-32.77878952026367,-4.470593452453613
full_noisy_z_t,440,hiphop__hiphop.00053,hiphop,4,-34.934410095214844,-3.7298271656036377
full_noisy_z_t,441,hiphop__hiphop.00053,hiphop,4,-28.800783157348633,-23.144018173217773
full_noisy_z_t,442,hiphop__hiphop.00053,hiphop,4,-54.105918884277344,11.126306533813477
full_noisy_z_t,443,hiphop__hiphop.00053,hiphop,4,-52.269325256347656,9.455212593078613
full_noisy_z_t,444,hiphop__hiphop.00053,hiphop,4,-53.43761444091797,9.025468826293945
full_noisy_z_t,445,hiphop__hiphop.00053,hiphop,4,-51.747711181640625,8.421525955200195
full_noisy_z_t,446,hiphop__hiphop.00076,hiphop,4,-55.907230377197266,8.085360527038574
full_noisy_z_t,447,hiphop__hiphop.00076,hiphop,4,-55.34269332885742,4.65695333480835
full_noisy_z_t,448,hiphop__hiphop.00076,hiphop,4,-57.671451568603516,7.804142951965332
full_noisy_z_t,449,hiphop__hiphop.00076,hiphop,4,-56.768924713134766,7.545764923095703
full_noisy_z_t,450,hiphop__hiphop.00076,hiphop,4,-55.52935028076172,7.382784366607666
full_noisy_z_t,451,hiphop__hiphop.00076,hiphop,4,-52.45989227294922,5.717446804046631
full_noisy_z_t,452,hiphop__hiphop.00079,hiphop,4,-32.48525619506836,-14.710588455200195
full_noisy_z_t,453,hiphop__hiphop.00079,hiphop,4,-35.633113861083984,-10.645301818847656
full_noisy_z_t,454,hiphop__hiphop.00079,hiphop,4,-37.79658508300781,-6.653080940246582
full_noisy_z_t,455,hiphop__hiphop.00079,hiphop,4,-36.224525451660156,-5.5896782875061035
full_noisy_z_t,456,hiphop__hiphop.00079,hiphop,4,-32.45370864868164,-13.511526107788086
full_noisy_z_t,457,hiphop__hiphop.00079,hiphop,4,-35.22791290283203,-8.763951301574707
full_noisy_z_t,458,hiphop__hiphop.00079,hiphop,4,-37.81070327758789,-11.325583457946777
full_noisy_z_t,459,hiphop__hiphop.00079,hiphop,4,-37.06562423706055,-6.015443325042725
full_noisy_z_t,460,hiphop__hiphop.00082,hiphop,4,-56.24323654174805,6.012955665588379
full_noisy_z_t,461,hiphop__hiphop.00082,hiphop,4,-52.732810974121094,6.876420497894287
full_noisy_z_t,462,hiphop__hiphop.00082,hiphop,4,-52.989723205566406,8.160383224487305
full_noisy_z_t,463,hiphop__hiphop.00082,hiphop,4,-57.676910400390625,11.496878623962402
full_noisy_z_t,464,hiphop__hiphop.00082,hiphop,4,-56.8696174621582,12.612414360046387
full_noisy_z_t,465,hiphop__hiphop.00082,hiphop,4,-51.63059616088867,6.955032825469971
full_noisy_z_t,466,hiphop__hiphop.00087,hiphop,4,-52.619651794433594,10.485054016113281
full_noisy_z_t,467,hiphop__hiphop.00087,hiphop,4,-48.90025329589844,11.749444007873535
full_noisy_z_t,468,hiphop__hiphop.00087,hiphop,4,-19.60053062438965,9.671377182006836
full_noisy_z_t,469,hiphop__hiphop.00087,hiphop,4,-19.61890983581543,12.032588005065918
full_noisy_z_t,470,hiphop__hiphop.00087,hiphop,4,-19.763734817504883,11.041877746582031
full_noisy_z_t,471,hiphop__hiphop.00087,hiphop,4,-20.60746192932129,10.482271194458008
full_noisy_z_t,472,hiphop__hiphop.00087,hiphop,4,-19.56494903564453,9.660163879394531
full_noisy_z_t,473,hiphop__hiphop.00089,hiphop,4,-53.06310272216797,13.193809509277344
full_noisy_z_t,474,hiphop__hiphop.00089,hiphop,4,-54.55122756958008,13.677133560180664
full_noisy_z_t,475,hiphop__hiphop.00089,hiphop,4,-52.856204986572266,14.562642097473145
full_noisy_z_t,476,hiphop__hiphop.00089,hiphop,4,-53.64275360107422,15.48276138305664
full_noisy_z_t,477,hiphop__hiphop.00089,hiphop,4,-53.63886642456055,14.595854759216309
full_noisy_z_t,478,hiphop__hiphop.00093,hiphop,4,-51.555606842041016,11.344101905822754
full_noisy_z_t,479,hiphop__hiphop.00093,hiphop,4,-50.90229415893555,11.911518096923828
full_noisy_z_t,480,hiphop__hiphop.00093,hiphop,4,-51.43850326538086,15.542787551879883
full_noisy_z_t,481,hiphop__hiphop.00093,hiphop,4,-48.00393295288086,15.828564643859863
full_noisy_z_t,482,hiphop__hiphop.00093,hiphop,4,-50.784141540527344,13.52828598022461
full_noisy_z_t,483,hiphop__hiphop.00093,hiphop,4,-21.815698623657227,13.630788803100586
full_noisy_z_t,484,hiphop__hiphop.00093,hiphop,4,-20.83559799194336,14.368070602416992
full_noisy_z_t,485,hiphop__hiphop.00093,hiphop,4,-50.02741622924805,12.765013694763184
full_noisy_z_t,486,hiphop__hiphop.00093,hiphop,4,-19.829566955566406,16.73040771484375
full_noisy_z_t,487,hiphop__hiphop.00094,hiphop,4,-55.34971237182617,10.362041473388672
full_noisy_z_t,488,hiphop__hiphop.00094,hiphop,4,-55.06855010986328,9.001858711242676
full_noisy_z_t,489,hiphop__hiphop.00094,hiphop,4,-54.243953704833984,7.59584379196167
full_noisy_z_t,490,hiphop__hiphop.00094,hiphop,4,-58.30970001220703,10.23757266998291
full_noisy_z_t,491,hiphop__hiphop.00094,hiphop,4,-56.98003387451172,10.512346267700195
full_noisy_z_t,492,hiphop__hiphop.00098,hiphop,4,-54.988765716552734,11.13724422454834
full_noisy_z_t,493,hiphop__hiphop.00098,hiphop,4,-56.28803253173828,11.09163761138916
full_noisy_z_t,494,hiphop__hiphop.00098,hiphop,4,-52.375244140625,12.145978927612305
full_noisy_z_t,495,hiphop__hiphop.00098,hiphop,4,-53.9079704284668,8.952796936035156
full_noisy_z_t,496,hiphop__hiphop.00098,hiphop,4,-55.71223068237305,11.926515579223633
full_noisy_z_t,497,hiphop__hiphop.00098,hiphop,4,-53.787437438964844,10.099188804626465
full_noisy_z_t,498,hiphop__hiphop.00098,hiphop,4,-54.60010528564453,9.637908935546875
full_noisy_z_t,499,hiphop__hiphop.00098,hiphop,4,-54.55182647705078,8.42255687713623
full_noisy_z_t,500,jazz__jazz.00033,jazz,5,42.57891082763672,3.1099865436553955
full_noisy_z_t,501,jazz__jazz.00033,jazz,5,51.338661193847656,-2.9718422889709473
full_noisy_z_t,502,jazz__jazz.00033,jazz,5,45.6616325378418,0.7911912798881531
full_noisy_z_t,503,jazz__jazz.00033,jazz,5,45.310794830322266,2.0519516468048096
full_noisy_z_t,504,jazz__jazz.00033,jazz,5,44.618812561035156,-0.43452736735343933
full_noisy_z_t,505,jazz__jazz.00033,jazz,5,44.51479721069336,0.5507410764694214
full_noisy_z_t,506,jazz__jazz.00041,jazz,5,41.97492980957031,-2.9058456420898438
full_noisy_z_t,507,jazz__jazz.00041,jazz,5,44.930946350097656,-1.533910870552063
full_noisy_z_t,508,jazz__jazz.00041,jazz,5,45.85054016113281,-0.8203901052474976
full_noisy_z_t,509,jazz__jazz.00041,jazz,5,43.44380569458008,0.7701455354690552
full_noisy_z_t,510,jazz__jazz.00041,jazz,5,43.82596206665039,-2.133131504058838
full_noisy_z_t,511,jazz__jazz.00041,jazz,5,43.4467658996582,0.7176721096038818
full_noisy_z_t,512,jazz__jazz.00041,jazz,5,44.01585006713867,3.0062222480773926
full_noisy_z_t,513,jazz__jazz.00041,jazz,5,45.108211517333984,3.259188413619995
full_noisy_z_t,514,jazz__jazz.00041,jazz,5,43.99001693725586,4.1102094650268555
full_noisy_z_t,515,jazz__jazz.00041,jazz,5,45.29150390625,4.197771072387695
full_noisy_z_t,516,jazz__jazz.00046,jazz,5,42.06532287597656,1.3875993490219116
full_noisy_z_t,517,jazz__jazz.00046,jazz,5,44.9686279296875,-2.24619460105896
full_noisy_z_t,518,jazz__jazz.00046,jazz,5,46.373165130615234,-2.494346857070923
full_noisy_z_t,519,jazz__jazz.00046,jazz,5,44.396629333496094,3.4469034671783447
full_noisy_z_t,520,jazz__jazz.00046,jazz,5,46.131317138671875,-2.7361838817596436
full_noisy_z_t,521,jazz__jazz.00046,jazz,5,41.28723907470703,-0.17192675173282623
full_noisy_z_t,522,jazz__jazz.00046,jazz,5,45.03399658203125,1.3458040952682495
full_noisy_z_t,523,jazz__jazz.00046,jazz,5,43.16767501831055,2.121915340423584
full_noisy_z_t,524,jazz__jazz.00048,jazz,5,38.49908447265625,9.904070854187012
full_noisy_z_t,525,jazz__jazz.00048,jazz,5,38.65357208251953,10.21492862701416
full_noisy_z_t,526,jazz__jazz.00048,jazz,5,27.724803924560547,1.1174328327178955
full_noisy_z_t,527,jazz__jazz.00048,jazz,5,40.27519989013672,10.334549903869629
full_noisy_z_t,528,jazz__jazz.00048,jazz,5,44.46110534667969,7.572535037994385
full_noisy_z_t,529,jazz__jazz.00048,jazz,5,39.33774948120117,6.362316608428955
full_noisy_z_t,530,jazz__jazz.00048,jazz,5,42.707252502441406,11.631961822509766
full_noisy_z_t,531,jazz__jazz.00048,jazz,5,40.258941650390625,12.667269706726074
full_noisy_z_t,532,jazz__jazz.00050,jazz,5,-22.143280029296875,-27.629880905151367
full_noisy_z_t,533,jazz__jazz.00050,jazz,5,-22.100582122802734,-25.877180099487305
full_noisy_z_t,534,jazz__jazz.00050,jazz,5,-22.146944046020508,-27.862503051757812
full_noisy_z_t,535,jazz__jazz.00050,jazz,5,-25.04450035095215,-13.271546363830566
full_noisy_z_t,536,jazz__jazz.00050,jazz,5,-25.643646240234375,-13.302314758300781
full_noisy_z_t,537,jazz__jazz.00050,jazz,5,33.327850341796875,-1.7000172138214111
full_noisy_z_t,538,jazz__jazz.00050,jazz,5,-24.218828201293945,-13.984743118286133
full_noisy_z_t,539,jazz__jazz.00050,jazz,5,-27.301305770874023,-11.521852493286133
full_noisy_z_t,540,jazz__jazz.00050,jazz,5,-27.177536010742188,-13.748517036437988
full_noisy_z_t,541,jazz__jazz.00059,jazz,5,39.846839904785156,3.282089948654175
full_noisy_z_t,542,jazz__jazz.00059,jazz,5,-22.373104095458984,-17.474342346191406
full_noisy_z_t,543,jazz__jazz.00060,jazz,5,39.448307037353516,4.240684509277344
full_noisy_z_t,544,jazz__jazz.00060,jazz,5,43.81118392944336,6.573206901550293
full_noisy_z_t,545,jazz__jazz.00060,jazz,5,38.78813171386719,4.6996564865112305
full_noisy_z_t,546,jazz__jazz.00060,jazz,5,40.62433624267578,5.183794975280762
full_noisy_z_t,547,jazz__jazz.00060,jazz,5,42.296119689941406,5.940639495849609
full_noisy_z_t,548,jazz__jazz.00060,jazz,5,41.64888000488281,5.381906032562256
full_noisy_z_t,549,jazz__jazz.00071,jazz,5,38.26801681518555,8.035375595092773
full_noisy_z_t,550,jazz__jazz.00071,jazz,5,40.839569091796875,3.313464641571045
full_noisy_z_t,551,jazz__jazz.00071,jazz,5,42.245765686035156,-1.3526147603988647
full_noisy_z_t,552,jazz__jazz.00071,jazz,5,40.8216552734375,-1.7067289352416992
full_noisy_z_t,553,jazz__jazz.00071,jazz,5,42.084259033203125,3.5548884868621826
full_noisy_z_t,554,jazz__jazz.00071,jazz,5,39.815277099609375,4.945574760437012
full_noisy_z_t,555,jazz__jazz.00071,jazz,5,44.18009567260742,2.2104408740997314
full_noisy_z_t,556,jazz__jazz.00081,jazz,5,25.91462516784668,3.7090373039245605
full_noisy_z_t,557,jazz__jazz.00081,jazz,5,27.541431427001953,4.884280204772949
full_noisy_z_t,558,jazz__jazz.00081,jazz,5,26.624326705932617,5.073131561279297
full_noisy_z_t,559,jazz__jazz.00081,jazz,5,26.31555938720703,4.248998165130615
full_noisy_z_t,560,jazz__jazz.00081,jazz,5,26.006715774536133,5.037955284118652
full_noisy_z_t,561,jazz__jazz.00081,jazz,5,28.206632614135742,2.8367981910705566
full_noisy_z_t,562,jazz__jazz.00081,jazz,5,28.918214797973633,4.117706775665283
full_noisy_z_t,563,jazz__jazz.00081,jazz,5,26.52181053161621,5.9802446365356445
full_noisy_z_t,564,jazz__jazz.00081,jazz,5,27.88058853149414,4.527139186859131
full_noisy_z_t,565,jazz__jazz.00084,jazz,5,41.39896011352539,7.362961769104004
full_noisy_z_t,566,jazz__jazz.00084,jazz,5,38.49360656738281,5.833568096160889
full_noisy_z_t,567,jazz__jazz.00084,jazz,5,42.824058532714844,8.761148452758789
full_noisy_z_t,568,jazz__jazz.00084,jazz,5,42.74945068359375,8.530282020568848
full_noisy_z_t,569,jazz__jazz.00084,jazz,5,42.20643997192383,7.039691925048828
full_noisy_z_t,570,jazz__jazz.00084,jazz,5,41.2171516418457,6.264764308929443
full_noisy_z_t,571,jazz__jazz.00084,jazz,5,42.839599609375,4.9345550537109375
full_noisy_z_t,572,jazz__jazz.00084,jazz,5,40.2099609375,5.853903770446777
full_noisy_z_t,573,jazz__jazz.00086,jazz,5,40.58525466918945,8.572270393371582
full_noisy_z_t,574,jazz__jazz.00086,jazz,5,35.07936096191406,5.229514122009277
full_noisy_z_t,575,jazz__jazz.00086,jazz,5,30.6282958984375,3.0446650981903076
full_noisy_z_t,576,jazz__jazz.00086,jazz,5,34.034969329833984,4.4946699142456055
full_noisy_z_t,577,jazz__jazz.00086,jazz,5,40.699981689453125,7.20231819152832
full_noisy_z_t,578,jazz__jazz.00091,jazz,5,37.673980712890625,3.804687023162842
full_noisy_z_t,579,jazz__jazz.00091,jazz,5,37.95222473144531,0.7896987795829773
full_noisy_z_t,580,jazz__jazz.00092,jazz,5,36.665809631347656,1.6018180847167969
full_noisy_z_t,581,jazz__jazz.00092,jazz,5,40.68873596191406,2.4504921436309814
full_noisy_z_t,582,jazz__jazz.00092,jazz,5,41.69536209106445,4.201648712158203
full_noisy_z_t,583,jazz__jazz.00092,jazz,5,43.58396911621094,-5.711418628692627
full_noisy_z_t,584,jazz__jazz.00092,jazz,5,42.217227935791016,4.7495317459106445
full_noisy_z_t,585,jazz__jazz.00092,jazz,5,36.759979248046875,1.5592870712280273
full_noisy_z_t,586,jazz__jazz.00092,jazz,5,42.151100158691406,-0.40003538131713867
full_noisy_z_t,587,jazz__jazz.00096,jazz,5,38.713382720947266,2.4255244731903076
full_noisy_z_t,588,jazz__jazz.00096,jazz,5,36.689266204833984,9.074832916259766
full_noisy_z_t,589,jazz__jazz.00096,jazz,5,46.09031677246094,3.3998215198516846
full_noisy_z_t,590,jazz__jazz.00096,jazz,5,40.446964263916016,4.053664684295654
full_noisy_z_t,591,jazz__jazz.00096,jazz,5,38.95469284057617,-1.4374274015426636
full_noisy_z_t,592,jazz__jazz.00096,jazz,5,39.77084732055664,0.3181847035884857
full_noisy_z_t,593,jazz__jazz.00096,jazz,5,10.393338203430176,-6.785675525665283
full_noisy_z_t,594,jazz__jazz.00096,jazz,5,45.8508415222168,2.3984177112579346
full_noisy_z_t,595,jazz__jazz.00096,jazz,5,43.9232292175293,5.50188684463501
full_noisy_z_t,596,jazz__jazz.00096,jazz,5,44.85197067260742,5.626534938812256
full_noisy_z_t,597,jazz__jazz.00099,jazz,5,41.68919372558594,1.7512781620025635
full_noisy_z_t,598,jazz__jazz.00099,jazz,5,37.70661544799805,-1.4836924076080322
full_noisy_z_t,599,jazz__jazz.00099,jazz,5,39.841087341308594,1.1950275897979736
full_noisy_z_t,600,metal__metal.00002,metal,6,1.779456377029419,29.152713775634766
full_noisy_z_t,601,metal__metal.00002,metal,6,5.942529201507568,29.831201553344727
full_noisy_z_t,602,metal__metal.00002,metal,6,1.2445696592330933,27.142004013061523
full_noisy_z_t,603,metal__metal.00002,metal,6,0.2575877010822296,29.660032272338867
full_noisy_z_t,604,metal__metal.00002,metal,6,2.9145801067352295,28.244705200195312
full_noisy_z_t,605,metal__metal.00002,metal,6,2.777968645095825,28.999418258666992
full_noisy_z_t,606,metal__metal.00002,metal,6,5.307536602020264,28.793277740478516
full_noisy_z_t,607,metal__metal.00002,metal,6,5.081295967102051,27.178264617919922
full_noisy_z_t,608,metal__metal.00002,metal,6,4.184326648712158,21.90171241760254
full_noisy_z_t,609,metal__metal.00004,metal,6,-4.190982341766357,39.002201080322266
full_noisy_z_t,610,metal__metal.00004,metal,6,-4.772066593170166,37.722904205322266
full_noisy_z_t,611,metal__metal.00004,metal,6,-5.665219306945801,36.93310546875
full_noisy_z_t,612,metal__metal.00004,metal,6,-7.530550003051758,42.40850830078125
full_noisy_z_t,613,metal__metal.00004,metal,6,-5.676632404327393,38.36932373046875
full_noisy_z_t,614,metal__metal.00004,metal,6,-5.104332447052002,37.91156005859375
full_noisy_z_t,615,metal__metal.00004,metal,6,-3.744431257247925,37.535850524902344
full_noisy_z_t,616,metal__metal.00012,metal,6,-4.27329683303833,40.07369613647461
full_noisy_z_t,617,metal__metal.00012,metal,6,-3.703259229660034,33.88355255126953
full_noisy_z_t,618,metal__metal.00012,metal,6,-4.97135066986084,35.56066131591797
full_noisy_z_t,619,metal__metal.00012,metal,6,-1.1447646617889404,33.93997573852539
full_noisy_z_t,620,metal__metal.00012,metal,6,1.9727104902267456,38.728782653808594
full_noisy_z_t,621,metal__metal.00012,metal,6,-2.890331745147705,38.21866989135742
full_noisy_z_t,622,metal__metal.00012,metal,6,-2.6699063777923584,36.84434127807617
full_noisy_z_t,623,metal__metal.00012,metal,6,-2.265744686126709,37.474491119384766
full_noisy_z_t,624,metal__metal.00022,metal,6,2.335834264755249,27.749475479125977
full_noisy_z_t,625,metal__metal.00022,metal,6,5.961155891418457,21.621076583862305
full_noisy_z_t,626,metal__metal.00022,metal,6,7.504123210906982,22.56608009338379
full_noisy_z_t,627,metal__metal.00022,metal,6,7.397311687469482,26.07448387145996
full_noisy_z_t,628,metal__metal.00022,metal,6,10.777711868286133,16.471216201782227
full_noisy_z_t,629,metal__metal.00022,metal,6,19.39227294921875,-9.62301254272461
full_noisy_z_t,630,metal__metal.00022,metal,6,5.7843756675720215,21.958454132080078
full_noisy_z_t,631,metal__metal.00022,metal,6,7.724776268005371,22.53691864013672
full_noisy_z_t,632,metal__metal.00024,metal,6,4.571592330932617,33.688655853271484
full_noisy_z_t,633,metal__metal.00024,metal,6,-1.4159140586853027,35.13011932373047
full_noisy_z_t,634,metal__metal.00024,metal,6,-1.1845372915267944,31.844825744628906
full_noisy_z_t,635,metal__metal.00024,metal,6,-1.5963982343673706,36.4808349609375
full_noisy_z_t,636,metal__metal.00024,metal,6,2.8546462059020996,35.18148422241211
full_noisy_z_t,637,metal__metal.00024,metal,6,-0.2947183847427368,34.479122161865234
full_noisy_z_t,638,metal__metal.00024,metal,6,1.8517866134643555,35.858638763427734
full_noisy_z_t,639,metal__metal.00024,metal,6,0.5017551183700562,36.02519607543945
full_noisy_z_t,640,metal__metal.00030,metal,6,7.922575950622559,18.642974853515625
full_noisy_z_t,641,metal__metal.00030,metal,6,7.2760701179504395,20.22068214416504
full_noisy_z_t,642,metal__metal.00030,metal,6,5.710962772369385,26.505722045898438
full_noisy_z_t,643,metal__metal.00030,metal,6,4.567128658294678,35.140342712402344
full_noisy_z_t,644,metal__metal.00030,metal,6,6.004894733428955,35.86224365234375
full_noisy_z_t,645,metal__metal.00049,metal,6,2.279615640640259,36.98369598388672
full_noisy_z_t,646,metal__metal.00049,metal,6,-3.0339908599853516,34.97084045410156
full_noisy_z_t,647,metal__metal.00049,metal,6,3.241110324859619,36.93502426147461
full_noisy_z_t,648,metal__metal.00049,metal,6,-2.436309337615967,35.984561920166016
full_noisy_z_t,649,metal__metal.00049,metal,6,-1.1155509948730469,37.69990539550781
full_noisy_z_t,650,metal__metal.00049,metal,6,0.7016021013259888,33.997230529785156
full_noisy_z_t,651,metal__metal.00049,metal,6,0.3365900218486786,31.779237747192383
full_noisy_z_t,652,metal__metal.00049,metal,6,-0.7077293992042542,35.6568717956543
full_noisy_z_t,653,metal__metal.00049,metal,6,0.24709059298038483,36.85881423950195
full_noisy_z_t,654,metal__metal.00051,metal,6,0.9436779618263245,38.590431213378906
full_noisy_z_t,655,metal__metal.00051,metal,6,3.598060369491577,36.67177963256836
full_noisy_z_t,656,metal__metal.00051,metal,6,-1.9279594421386719,38.862457275390625
full_noisy_z_t,657,metal__metal.00051,metal,6,-3.7547504901885986,36.336605072021484
full_noisy_z_t,658,metal__metal.00051,metal,6,0.3949471116065979,37.58733367919922
full_noisy_z_t,659,metal__metal.00051,metal,6,-1.6747227907180786,35.0809326171875
full_noisy_z_t,660,metal__metal.00051,metal,6,1.0926575660705566,36.96321105957031
full_noisy_z_t,661,metal__metal.00051,metal,6,-1.6158915758132935,37.96218490600586
full_noisy_z_t,662,metal__metal.00052,metal,6,-2.3863325119018555,33.167057037353516
full_noisy_z_t,663,metal__metal.00052,metal,6,3.300663948059082,38.727500915527344
full_noisy_z_t,664,metal__metal.00052,metal,6,2.0637905597686768,38.87221145629883
full_noisy_z_t,665,metal__metal.00052,metal,6,-0.31213492155075073,36.17860794067383
full_noisy_z_t,666,metal__metal.00052,metal,6,0.16821613907814026,35.30171585083008
full_noisy_z_t,667,metal__metal.00056,metal,6,5.008331775665283,38.05630874633789
full_noisy_z_t,668,metal__metal.00056,metal,6,-1.2128610610961914,36.4198112487793
full_noisy_z_t,669,metal__metal.00056,metal,6,5.017481803894043,38.03794479370117
full_noisy_z_t,670,metal__metal.00056,metal,6,-0.7015384435653687,37.01214599609375
full_noisy_z_t,671,metal__metal.00056,metal,6,1.4976561069488525,37.19830322265625
full_noisy_z_t,672,metal__metal.00056,metal,6,-0.1279296576976776,37.664756774902344
full_noisy_z_t,673,metal__metal.00069,metal,6,5.037980556488037,41.158302307128906
full_noisy_z_t,674,metal__metal.00069,metal,6,-5.824202537536621,40.80573654174805
full_noisy_z_t,675,metal__metal.00069,metal,6,-15.713789939880371,25.74873924255371
full_noisy_z_t,676,metal__metal.00069,metal,6,-15.530712127685547,-41.84367370605469
full_noisy_z_t,677,metal__metal.00069,metal,6,0.1624072641134262,33.05083084106445
full_noisy_z_t,678,metal__metal.00069,metal,6,6.8451762199401855,40.51349639892578
full_noisy_z_t,679,metal__metal.00069,metal,6,7.078365802764893,24.2199764251709
full_noisy_z_t,680,metal__metal.00091,metal,6,9.727524757385254,5.189362525939941
full_noisy_z_t,681,metal__metal.00091,metal,6,9.714180946350098,3.635706901550293
full_noisy_z_t,682,metal__metal.00091,metal,6,-17.321378707885742,20.745868682861328
full_noisy_z_t,683,metal__metal.00091,metal,6,11.065342903137207,4.898707866668701
full_noisy_z_t,684,metal__metal.00091,metal,6,8.13245677947998,7.913909912109375
full_noisy_z_t,685,metal__metal.00091,metal,6,22.71596908569336,-15.2120361328125
full_noisy_z_t,686,metal__metal.00092,metal,6,2.581821918487549,29.763748168945312
full_noisy_z_t,687,metal__metal.00092,metal,6,5.264316082000732,30.680309295654297
full_noisy_z_t,688,metal__metal.00092,metal,6,2.4794187545776367,22.154857635498047
full_noisy_z_t,689,metal__metal.00092,metal,6,6.217742919921875,27.27170753479004
full_noisy_z_t,690,metal__metal.00092,metal,6,3.3118863105773926,26.707061767578125
full_noisy_z_t,691,metal__metal.00092,metal,6,1.2831295728683472,28.280662536621094
full_noisy_z_t,692,metal__metal.00096,metal,6,3.084050178527832,40.635433197021484
full_noisy_z_t,693,metal__metal.00096,metal,6,2.2917873859405518,30.787830352783203
full_noisy_z_t,694,metal__metal.00097,metal,6,26.949739456176758,-21.747968673706055
full_noisy_z_t,695,metal__metal.00097,metal,6,27.084909439086914,-21.87757110595703
full_noisy_z_t,696,metal__metal.00097,metal,6,1.3698599338531494,31.950180053710938
full_noisy_z_t,697,metal__metal.00097,metal,6,1.2950835227966309,35.1900749206543
full_noisy_z_t,698,metal__metal.00097,metal,6,3.5815961360931396,32.279048919677734
full_noisy_z_t,699,metal__metal.00097,metal,6,4.810581684112549,31.824787139892578
full_noisy_z_t,700,pop__pop.00003,pop,7,-35.22764205932617,-6.876659393310547
full_noisy_z_t,701,pop__pop.00003,pop,7,-24.569976806640625,2.0109870433807373
full_noisy_z_t,702,pop__pop.00003,pop,7,-25.73357582092285,-26.869247436523438
full_noisy_z_t,703,pop__pop.00003,pop,7,-3.623546600341797,-2.474696636199951
full_noisy_z_t,704,pop__pop.00003,pop,7,-27.986339569091797,-7.023834228515625
full_noisy_z_t,705,pop__pop.00003,pop,7,-27.271224975585938,-4.529636859893799
full_noisy_z_t,706,pop__pop.00003,pop,7,-23.598705291748047,-2.8456661701202393
full_noisy_z_t,707,pop__pop.00007,pop,7,-28.287134170532227,-10.644028663635254
full_noisy_z_t,708,pop__pop.00007,pop,7,-26.798654556274414,-10.354893684387207
full_noisy_z_t,709,pop__pop.00007,pop,7,-25.749895095825195,-8.736067771911621
full_noisy_z_t,710,pop__pop.00007,pop,7,-26.58942985534668,-9.397504806518555
full_noisy_z_t,711,pop__pop.00007,pop,7,-25.348854064941406,-9.669267654418945
full_noisy_z_t,712,pop__pop.00007,pop,7,2.7186644077301025,-23.9132022857666
full_noisy_z_t,713,pop__pop.00007,pop,7,2.1562442779541016,-25.34699249267578
full_noisy_z_t,714,pop__pop.00007,pop,7,33.08462142944336,22.43236541748047
full_noisy_z_t,715,pop__pop.00015,pop,7,-34.90151596069336,-14.182090759277344
full_noisy_z_t,716,pop__pop.00015,pop,7,-36.2407341003418,-11.33862018585205
full_noisy_z_t,717,pop__pop.00015,pop,7,-36.09374237060547,-7.486893177032471
full_noisy_z_t,718,pop__pop.00015,pop,7,-33.36641311645508,-10.529427528381348
full_noisy_z_t,719,pop__pop.00015,pop,7,-36.04545593261719,-9.148992538452148
full_noisy_z_t,720,pop__pop.00015,pop,7,-33.859130859375,-11.100144386291504
full_noisy_z_t,721,pop__pop.00021,pop,7,-34.439552307128906,-17.203548431396484
full_noisy_z_t,722,pop__pop.00021,pop,7,-29.71405792236328,-9.754326820373535
full_noisy_z_t,723,pop__pop.00021,pop,7,-30.20502281188965,-9.189932823181152
full_noisy_z_t,724,pop__pop.00021,pop,7,-30.70075798034668,-14.34253978729248
full_noisy_z_t,725,pop__pop.00021,pop,7,-29.460708618164062,-8.428404808044434
full_noisy_z_t,726,pop__pop.00021,pop,7,-33.27674865722656,-9.257189750671387
full_noisy_z_t,727,pop__pop.00021,pop,7,-32.87033462524414,-11.659412384033203
full_noisy_z_t,728,pop__pop.00021,pop,7,-30.660446166992188,-13.95747184753418
full_noisy_z_t,729,pop__pop.00028,pop,7,-32.61131286621094,-9.973605155944824
full_noisy_z_t,730,pop__pop.00028,pop,7,-38.26555252075195,-8.67042350769043
full_noisy_z_t,731,pop__pop.00028,pop,7,-33.93278884887695,-8.302677154541016
full_noisy_z_t,732,pop__pop.00028,pop,7,-29.103111267089844,-6.991055488586426
full_noisy_z_t,733,pop__pop.00028,pop,7,-31.17302131652832,-8.355066299438477
full_noisy_z_t,734,pop__pop.00028,pop,7,-34.4627685546875,-8.955070495605469
full_noisy_z_t,735,pop__pop.00029,pop,7,-31.964624404907227,-5.854542255401611
full_noisy_z_t,736,pop__pop.00029,pop,7,-36.37089538574219,-14.437915802001953
full_noisy_z_t,737,pop__pop.00029,pop,7,-29.946636199951172,-26.98134994506836
full_noisy_z_t,738,pop__pop.00029,pop,7,-36.28496170043945,-21.86550521850586
full_noisy_z_t,739,pop__pop.00029,pop,7,-34.525299072265625,-15.296243667602539
full_noisy_z_t,740,pop__pop.00029,pop,7,-35.5792350769043,-7.585442543029785
full_noisy_z_t,741,pop__pop.00029,pop,7,-38.40163040161133,-8.585674285888672
full_noisy_z_t,742,pop__pop.00029,pop,7,-35.98394775390625,-13.760686874389648
full_noisy_z_t,743,pop__pop.00033,pop,7,-27.863285064697266,-9.267011642456055
full_noisy_z_t,744,pop__pop.00033,pop,7,-27.84728240966797,-8.350356101989746
full_noisy_z_t,745,pop__pop.00033,pop,7,-49.70115661621094,7.97993278503418
full_noisy_z_t,746,pop__pop.00033,pop,7,-49.96855926513672,2.8373234272003174
full_noisy_z_t,747,pop__pop.00033,pop,7,-2.9791579246520996,39.05598831176758
full_noisy_z_t,748,pop__pop.00033,pop,7,-28.077327728271484,-4.463954448699951
full_noisy_z_t,749,pop__pop.00033,pop,7,-21.030593872070312,-9.601058959960938
full_noisy_z_t,750,pop__pop.00033,pop,7,-26.121984481811523,-6.726863384246826
full_noisy_z_t,751,pop__pop.00034,pop,7,-29.93259048461914,-7.552758693695068
full_noisy_z_t,752,pop__pop.00034,pop,7,-34.09089279174805,-10.14658260345459
full_noisy_z_t,753,pop__pop.00034,pop,7,-34.56068420410156,-9.526910781860352
full_noisy_z_t,754,pop__pop.00034,pop,7,-33.00130081176758,-6.468627452850342
full_noisy_z_t,755,pop__pop.00034,pop,7,-36.87814712524414,-8.633739471435547
full_noisy_z_t,756,pop__pop.00034,pop,7,-30.94422149658203,-9.379919052124023
full_noisy_z_t,757,pop__pop.00034,pop,7,-33.787254333496094,-7.343847751617432
full_noisy_z_t,758,pop__pop.00035,pop,7,-37.3884391784668,-9.9851713180542
full_noisy_z_t,759,pop__pop.00035,pop,7,-36.50870895385742,-10.33177375793457
full_noisy_z_t,760,pop__pop.00035,pop,7,-30.38218116760254,-8.664565086364746
full_noisy_z_t,761,pop__pop.00035,pop,7,-29.428504943847656,-6.055047512054443
full_noisy_z_t,762,pop__pop.00035,pop,7,-34.6441650390625,-11.434365272521973
full_noisy_z_t,763,pop__pop.00038,pop,7,-30.65353775024414,-10.409552574157715
full_noisy_z_t,764,pop__pop.00038,pop,7,-35.224365234375,-9.900663375854492
full_noisy_z_t,765,pop__pop.00038,pop,7,-33.56606674194336,-12.114232063293457
full_noisy_z_t,766,pop__pop.00038,pop,7,-35.204437255859375,-12.913848876953125
full_noisy_z_t,767,pop__pop.00039,pop,7,-35.94013977050781,-15.592329025268555
full_noisy_z_t,768,pop__pop.00039,pop,7,-35.31805419921875,-7.632663249969482
full_noisy_z_t,769,pop__pop.00039,pop,7,-34.32243728637695,-12.518278121948242
full_noisy_z_t,770,pop__pop.00039,pop,7,-33.94184875488281,-13.572527885437012
full_noisy_z_t,771,pop__pop.00039,pop,7,-31.540321350097656,-9.920073509216309
full_noisy_z_t,772,pop__pop.00039,pop,7,-34.350589752197266,-15.369991302490234
full_noisy_z_t,773,pop__pop.00039,pop,7,-31.726465225219727,-7.382561206817627
full_noisy_z_t,774,pop__pop.00039,pop,7,-32.486446380615234,-7.705458641052246
full_noisy_z_t,775,pop__pop.00045,pop,7,-59.4720344543457,10.360323905944824
full_noisy_z_t,776,pop__pop.00045,pop,7,-35.97761535644531,-18.89094352722168
full_noisy_z_t,777,pop__pop.00045,pop,7,-34.12729263305664,-5.569284915924072
full_noisy_z_t,778,pop__pop.00045,pop,7,-51.871456146240234,0.5702936053276062
full_noisy_z_t,779,pop__pop.00045,pop,7,-30.950716018676758,-6.969262599945068
full_noisy_z_t,780,pop__pop.00049,pop,7,-32.64814376831055,-3.6034996509552
full_noisy_z_t,781,pop__pop.00049,pop,7,-32.63429260253906,-8.715056419372559
full_noisy_z_t,782,pop__pop.00049,pop,7,-23.366107940673828,8.454816818237305
full_noisy_z_t,783,pop__pop.00049,pop,7,-29.431859970092773,-3.881787061691284
full_noisy_z_t,784,pop__pop.00049,pop,7,-31.713823318481445,-9.023178100585938
full_noisy_z_t,785,pop__pop.00049,pop,7,-31.894723892211914,-8.309188842773438
full_noisy_z_t,786,pop__pop.00049,pop,7,-32.37010192871094,-12.629481315612793
full_noisy_z_t,787,pop__pop.00079,pop,7,25.723230361938477,2.9612650871276855
full_noisy_z_t,788,pop__pop.00079,pop,7,23.612598419189453,3.8282668590545654
full_noisy_z_t,789,pop__pop.00079,pop,7,34.9089469909668,10.672910690307617
full_noisy_z_t,790,pop__pop.00079,pop,7,34.34477233886719,10.097763061523438
full_noisy_z_t,791,pop__pop.00081,pop,7,-0.2329481542110443,-27.530223846435547
full_noisy_z_t,792,pop__pop.00081,pop,7,-1.139840006828308,-28.733356475830078
full_noisy_z_t,793,pop__pop.00081,pop,7,-7.566936492919922,-25.805347442626953
full_noisy_z_t,794,pop__pop.00081,pop,7,-5.364140033721924,-23.67402458190918
full_noisy_z_t,795,pop__pop.00081,pop,7,-3.2361855506896973,-9.723684310913086
full_noisy_z_t,796,pop__pop.00081,pop,7,-0.3937395215034485,-30.65467071533203
full_noisy_z_t,797,pop__pop.00081,pop,7,-1.5363236665725708,-31.526086807250977
full_noisy_z_t,798,pop__pop.00081,pop,7,-3.82525897026062,-32.112186431884766
full_noisy_z_t,799,pop__pop.00081,pop,7,-5.2051496505737305,-32.196922302246094
full_noisy_z_t,800,reggae__reggae.00029,reggae,8,-19.283411026000977,-35.743412017822266
full_noisy_z_t,801,reggae__reggae.00029,reggae,8,-25.140792846679688,-37.82120895385742
full_noisy_z_t,802,reggae__reggae.00029,reggae,8,-21.5762939453125,-37.63375473022461
full_noisy_z_t,803,reggae__reggae.00029,reggae,8,-22.805160522460938,-34.54962158203125
full_noisy_z_t,804,reggae__reggae.00029,reggae,8,-21.512081146240234,-32.38750457763672
full_noisy_z_t,805,reggae__reggae.00029,reggae,8,-17.987180709838867,-38.92813491821289
full_noisy_z_t,806,reggae__reggae.00029,reggae,8,-19.444252014160156,-39.05728530883789
full_noisy_z_t,807,reggae__reggae.00029,reggae,8,-23.354782104492188,-34.85280227661133
full_noisy_z_t,808,reggae__reggae.00029,reggae,8,-23.26038360595703,-35.75259017944336
full_noisy_z_t,809,reggae__reggae.00029,reggae,8,-25.34144401550293,-36.07999801635742
full_noisy_z_t,810,reggae__reggae.00034,reggae,8,7.144980430603027,-5.821029186248779
full_noisy_z_t,811,reggae__reggae.00034,reggae,8,-26.836673736572266,-34.59012222290039
full_noisy_z_t,812,reggae__reggae.00034,reggae,8,-24.543743133544922,-31.294967651367188
full_noisy_z_t,813,reggae__reggae.00034,reggae,8,-23.286170959472656,-36.96485137939453
full_noisy_z_t,814,reggae__reggae.00034,reggae,8,-25.98550033569336,-35.2786865234375
full_noisy_z_t,815,reggae__reggae.00034,reggae,8,-6.608445644378662,5.056583881378174
full_noisy_z_t,816,reggae__reggae.00034,reggae,8,-4.350442886352539,5.17958927154541
full_noisy_z_t,817,reggae__reggae.00034,reggae,8,-16.066650390625,-35.53288650512695
full_noisy_z_t,818,reggae__reggae.00035,reggae,8,-26.867938995361328,-36.117431640625
full_noisy_z_t,819,reggae__reggae.00035,reggae,8,-26.0929012298584,-33.30236053466797
full_noisy_z_t,820,reggae__reggae.00035,reggae,8,-24.850765228271484,-32.49656295776367
full_noisy_z_t,821,reggae__reggae.00035,reggae,8,-25.4224910736084,-34.57301330566406
full_noisy_z_t,822,reggae__reggae.00035,reggae,8,-26.022850036621094,-37.144039154052734
full_noisy_z_t,823,reggae__reggae.00035,reggae,8,-24.786680221557617,-36.62123489379883
full_noisy_z_t,824,reggae__reggae.00035,reggae,8,-23.930587768554688,-37.9498405456543
full_noisy_z_t,825,reggae__reggae.00040,reggae,8,12.175837516784668,-7.2253570556640625
full_noisy_z_t,826,reggae__reggae.00040,reggae,8,4.385798454284668,2.375875473022461
full_noisy_z_t,827,reggae__reggae.00040,reggae,8,10.86896800994873,-4.734750270843506
full_noisy_z_t,828,reggae__reggae.00040,reggae,8,9.054869651794434,2.81093168258667
full_noisy_z_t,829,reggae__reggae.00040,reggae,8,10.90752124786377,-2.053596258163452
full_noisy_z_t,830,reggae__reggae.00040,reggae,8,10.883735656738281,-2.99853777885437
full_noisy_z_t,831,reggae__reggae.00040,reggae,8,10.427360534667969,-7.813790321350098
full_noisy_z_t,832,reggae__reggae.00040,reggae,8,12.855637550354004,-4.720654010772705
full_noisy_z_t,833,reggae__reggae.00047,reggae,8,-24.096481323242188,-35.457279205322266
full_noisy_z_t,834,reggae__reggae.00047,reggae,8,-25.04616928100586,-33.80147171020508
full_noisy_z_t,835,reggae__reggae.00047,reggae,8,-20.28443717956543,-32.25148010253906
full_noisy_z_t,836,reggae__reggae.00047,reggae,8,-20.535541534423828,-34.588897705078125
full_noisy_z_t,837,reggae__reggae.00047,reggae,8,-22.163265228271484,-35.96437454223633
full_noisy_z_t,838,reggae__reggae.00049,reggae,8,-3.5230631828308105,0.15930584073066711
full_noisy_z_t,839,reggae__reggae.00049,reggae,8,-3.0236668586730957,-0.5280330777168274
full_noisy_z_t,840,reggae__reggae.00049,reggae,8,-0.10488878190517426,-0.445157527923584
full_noisy_z_t,841,reggae__reggae.00049,reggae,8,-1.1217913627624512,-0.960014283657074
full_noisy_z_t,842,reggae__reggae.00049,reggae,8,0.6820568442344666,-0.8551779389381409
full_noisy_z_t,843,reggae__reggae.00049,reggae,8,-0.6722010970115662,0.06262426823377609
full_noisy_z_t,844,reggae__reggae.00049,reggae,8,-1.1252115964889526,-1.462229609489441
full_noisy_z_t,845,reggae__reggae.00062,reggae,8,-22.001296997070312,-36.614990234375
full_noisy_z_t,846,reggae__reggae.00062,reggae,8,-20.09211540222168,-37.86262130737305
full_noisy_z_t,847,reggae__reggae.00062,reggae,8,-19.993896484375,-36.30955123901367
full_noisy_z_t,848,reggae__reggae.00062,reggae,8,-18.11387062072754,-37.4819221496582
full_noisy_z_t,849,reggae__reggae.00062,reggae,8,-18.553918838500977,-36.60679626464844
full_noisy_z_t,850,reggae__reggae.00062,reggae,8,-19.622570037841797,-36.9527473449707
full_noisy_z_t,851,reggae__reggae.00062,reggae,8,-24.382694244384766,-37.206764221191406
full_noisy_z_t,852,reggae__reggae.00062,reggae,8,-24.08025360107422,-34.86695861816406
full_noisy_z_t,853,reggae__reggae.00062,reggae,8,-21.5821475982666,-33.587181091308594
full_noisy_z_t,854,reggae__reggae.00064,reggae,8,-22.980676651000977,-36.43401336669922
full_noisy_z_t,855,reggae__reggae.00064,reggae,8,-23.41472625732422,-33.51848220825195
full_noisy_z_t,856,reggae__reggae.00064,reggae,8,-26.26256561279297,-38.76706314086914
full_noisy_z_t,857,reggae__reggae.00064,reggae,8,-22.481157302856445,-32.9619255065918
full_noisy_z_t,858,reggae__reggae.00064,reggae,8,-29.257225036621094,-35.552459716796875
full_noisy_z_t,859,reggae__reggae.00064,reggae,8,-28.877098083496094,-34.721275329589844
full_noisy_z_t,860,reggae__reggae.00065,reggae,8,-28.03000259399414,-28.272335052490234
full_noisy_z_t,861,reggae__reggae.00065,reggae,8,-54.23563003540039,-0.5826139450073242
full_noisy_z_t,862,reggae__reggae.00065,reggae,8,-28.84406280517578,-26.076492309570312
full_noisy_z_t,863,reggae__reggae.00065,reggae,8,-27.688879013061523,-29.25971794128418
full_noisy_z_t,864,reggae__reggae.00065,reggae,8,-30.001298904418945,-28.695693969726562
full_noisy_z_t,865,reggae__reggae.00065,reggae,8,-51.806182861328125,3.9901182651519775
full_noisy_z_t,866,reggae__reggae.00065,reggae,8,-58.680484771728516,-0.8050737380981445
full_noisy_z_t,867,reggae__reggae.00065,reggae,8,-59.57673263549805,-0.6004465818405151
full_noisy_z_t,868,reggae__reggae.00071,reggae,8,-28.139854431152344,-27.30632209777832
full_noisy_z_t,869,reggae__reggae.00071,reggae,8,-28.275209426879883,-25.471126556396484
full_noisy_z_t,870,reggae__reggae.00071,reggae,8,-27.164627075195312,-33.00820541381836
full_noisy_z_t,871,reggae__reggae.00071,reggae,8,-27.320226669311523,-39.6590576171875
full_noisy_z_t,872,reggae__reggae.00076,reggae,8,-52.16929626464844,-1.5658422708511353
full_noisy_z_t,873,reggae__reggae.00076,reggae,8,-54.474403381347656,1.9051092863082886
full_noisy_z_t,874,reggae__reggae.00076,reggae,8,-49.7247314453125,0.14852608740329742
full_noisy_z_t,875,reggae__reggae.00076,reggae,8,-30.47036361694336,-26.13556480407715
full_noisy_z_t,876,reggae__reggae.00076,reggae,8,-31.68976402282715,-23.69483184814453
full_noisy_z_t,877,reggae__reggae.00090,reggae,8,-24.715892791748047,-35.109710693359375
full_noisy_z_t,878,reggae__reggae.00090,reggae,8,-26.47878074645996,-37.541622161865234
full_noisy_z_t,879,reggae__reggae.00090,reggae,8,-22.415325164794922,-37.52088928222656
full_noisy_z_t,880,reggae__reggae.00090,reggae,8,-24.06201934814453,-36.08732223510742
full_noisy_z_t,881,reggae__reggae.00090,reggae,8,-24.07655143737793,-33.06182861328125
full_noisy_z_t,882,reggae__reggae.00090,reggae,8,-25.867900848388672,-32.52632141113281
full_noisy_z_t,883,reggae__reggae.00090,reggae,8,-20.90631675720215,-36.90598678588867
full_noisy_z_t,884,reggae__reggae.00091,reggae,8,-22.71367835998535,-33.92835998535156
full_noisy_z_t,885,reggae__reggae.00091,reggae,8,-19.296167373657227,-34.504234313964844
full_noisy_z_t,886,reggae__reggae.00091,reggae,8,-6.6878662109375,-22.128896713256836
full_noisy_z_t,887,reggae__reggae.00091,reggae,8,-5.109894752502441,-22.155855178833008
full_noisy_z_t,888,reggae__reggae.00091,reggae,8,-7.967232704162598,-21.806228637695312
full_noisy_z_t,889,reggae__reggae.00092,reggae,8,-23.294677734375,-32.10514450073242
full_noisy_z_t,890,reggae__reggae.00092,reggae,8,-20.52256965637207,-33.62559509277344
full_noisy_z_t,891,reggae__reggae.00092,reggae,8,-19.30491065979004,-33.16920471191406
full_noisy_z_t,892,reggae__reggae.00092,reggae,8,-16.245302200317383,-31.80740737915039
full_noisy_z_t,893,reggae__reggae.00092,reggae,8,-6.761458873748779,-23.75160026550293
full_noisy_z_t,894,reggae__reggae.00092,reggae,8,-6.446794033050537,-22.80916976928711
full_noisy_z_t,895,reggae__reggae.00092,reggae,8,-17.93359375,-33.43449401855469
full_noisy_z_t,896,reggae__reggae.00092,reggae,8,-20.83399200439453,-37.577457427978516
full_noisy_z_t,897,reggae__reggae.00092,reggae,8,-21.67841911315918,-34.30525588989258
full_noisy_z_t,898,reggae__reggae.00092,reggae,8,-22.274187088012695,-31.255678176879883
full_noisy_z_t,899,reggae__reggae.00092,reggae,8,-18.17021369934082,-35.27748489379883
full_noisy_z_t,900,rock__rock.00000,rock,9,1.4098474979400635,30.48549461364746
full_noisy_z_t,901,rock__rock.00000,rock,9,6.495456695556641,25.673887252807617
full_noisy_z_t,902,rock__rock.00000,rock,9,26.36676597595215,-13.237540245056152
full_noisy_z_t,903,rock__rock.00000,rock,9,18.014572143554688,-13.44211196899414
full_noisy_z_t,904,rock__rock.00000,rock,9,17.604095458984375,-12.13535213470459
full_noisy_z_t,905,rock__rock.00000,rock,9,26.05605125427246,1.2985193729400635
full_noisy_z_t,906,rock__rock.00000,rock,9,8.643433570861816,1.4795740842819214
full_noisy_z_t,907,rock__rock.00000,rock,9,12.638216018676758,1.6841466426849365
full_noisy_z_t,908,rock__rock.00000,rock,9,13.106546401977539,1.3169713020324707
full_noisy_z_t,909,rock__rock.00003,rock,9,25.665597915649414,-16.652353286743164
full_noisy_z_t,910,rock__rock.00003,rock,9,23.857521057128906,-17.93081283569336
full_noisy_z_t,911,rock__rock.00003,rock,9,25.03742218017578,-20.005422592163086
full_noisy_z_t,912,rock__rock.00003,rock,9,25.04209327697754,-20.399621963500977
full_noisy_z_t,913,rock__rock.00003,rock,9,24.555015563964844,-18.57811737060547
full_noisy_z_t,914,rock__rock.00003,rock,9,27.664459228515625,-16.067171096801758
full_noisy_z_t,915,rock__rock.00008,rock,9,10.406279563903809,28.40672492980957
full_noisy_z_t,916,rock__rock.00008,rock,9,9.74431037902832,28.153087615966797
full_noisy_z_t,917,rock__rock.00008,rock,9,8.666406631469727,28.610515594482422
full_noisy_z_t,918,rock__rock.00008,rock,9,10.500261306762695,28.154804229736328
full_noisy_z_t,919,rock__rock.00008,rock,9,8.729406356811523,27.336137771606445
full_noisy_z_t,920,rock__rock.00008,rock,9,4.755155563354492,20.11788558959961
full_noisy_z_t,921,rock__rock.00008,rock,9,6.874846935272217,27.825965881347656
full_noisy_z_t,922,rock__rock.00032,rock,9,-13.482932090759277,-9.709914207458496
full_noisy_z_t,923,rock__rock.00032,rock,9,-20.12516975402832,-6.60399866104126
full_noisy_z_t,924,rock__rock.00034,rock,9,-4.627244472503662,-12.305440902709961
full_noisy_z_t,925,rock__rock.00034,rock,9,-3.1871984004974365,-15.765768051147461
full_noisy_z_t,926,rock__rock.00034,rock,9,-1.679278016090393,-11.486678123474121
full_noisy_z_t,927,rock__rock.00034,rock,9,-4.226102828979492,-17.97740364074707
full_noisy_z_t,928,rock__rock.00034,rock,9,-2.10384464263916,-38.15913009643555
full_noisy_z_t,929,rock__rock.00034,rock,9,-2.1641056537628174,-17.4564208984375
full_noisy_z_t,930,rock__rock.00039,rock,9,-4.417408466339111,-8.376325607299805
full_noisy_z_t,931,rock__rock.00039,rock,9,-15.678282737731934,-8.42250919342041
full_noisy_z_t,932,rock__rock.00039,rock,9,-17.933042526245117,-8.570860862731934
full_noisy_z_t,933,rock__rock.00039,rock,9,-15.02189826965332,-9.764724731445312
full_noisy_z_t,934,rock__rock.00044,rock,9,1.6747077703475952,-31.088279724121094
full_noisy_z_t,935,rock__rock.00044,rock,9,-0.24156635999679565,-29.476581573486328
full_noisy_z_t,936,rock__rock.00044,rock,9,-15.375866889953613,-10.91107177734375
full_noisy_z_t,937,rock__rock.00044,rock,9,-11.053204536437988,0.5343032479286194
full_noisy_z_t,938,rock__rock.00044,rock,9,-13.733434677124023,-0.7870434522628784
full_noisy_z_t,939,rock__rock.00044,rock,9,-22.120759963989258,-3.2612740993499756
full_noisy_z_t,940,rock__rock.00044,rock,9,-17.18153190612793,-4.555423736572266
full_noisy_z_t,941,rock__rock.00048,rock,9,5.507786750793457,-0.11315913498401642
full_noisy_z_t,942,rock__rock.00048,rock,9,5.112483024597168,-0.44173723459243774
full_noisy_z_t,943,rock__rock.00048,rock,9,3.930025815963745,-1.6552754640579224
full_noisy_z_t,944,rock__rock.00048,rock,9,5.632972717285156,-2.1312129497528076
full_noisy_z_t,945,rock__rock.00048,rock,9,2.1080925464630127,-2.756218671798706
full_noisy_z_t,946,rock__rock.00048,rock,9,6.979472637176514,-0.06927235424518585
full_noisy_z_t,947,rock__rock.00048,rock,9,-2.967177391052246,-6.551276683807373
full_noisy_z_t,948,rock__rock.00049,rock,9,7.061033725738525,-22.333602905273438
full_noisy_z_t,949,rock__rock.00049,rock,9,4.915897369384766,-22.964319229125977
full_noisy_z_t,950,rock__rock.00049,rock,9,3.405191421508789,-21.709474563598633
full_noisy_z_t,951,rock__rock.00049,rock,9,2.81025767326355,-21.167997360229492
full_noisy_z_t,952,rock__rock.00049,rock,9,3.1220972537994385,-22.4071102142334
full_noisy_z_t,953,rock__rock.00049,rock,9,-0.9983076453208923,-31.84322738647461
full_noisy_z_t,954,rock__rock.00049,rock,9,-0.6274335980415344,-32.15497970581055
full_noisy_z_t,955,rock__rock.00049,rock,9,-1.980393886566162,-30.52655601501465
full_noisy_z_t,956,rock__rock.00049,rock,9,-20.102231979370117,-11.536864280700684
full_noisy_z_t,957,rock__rock.00049,rock,9,-18.55692481994629,-8.865615844726562
full_noisy_z_t,958,rock__rock.00050,rock,9,-19.161630630493164,-4.964381217956543
full_noisy_z_t,959,rock__rock.00050,rock,9,-23.442110061645508,-5.27871561050415
full_noisy_z_t,960,rock__rock.00050,rock,9,-24.36115074157715,-4.525704860687256
full_noisy_z_t,961,rock__rock.00050,rock,9,-16.99551773071289,1.230445384979248
full_noisy_z_t,962,rock__rock.00050,rock,9,-18.3848934173584,1.7677769660949707
full_noisy_z_t,963,rock__rock.00050,rock,9,-19.095876693725586,2.692852735519409
full_noisy_z_t,964,rock__rock.00050,rock,9,-19.714557647705078,2.072824239730835
full_noisy_z_t,965,rock__rock.00050,rock,9,-22.255319595336914,2.8828771114349365
full_noisy_z_t,966,rock__rock.00054,rock,9,-7.301457405090332,-4.707403659820557
full_noisy_z_t,967,rock__rock.00054,rock,9,-1.1819357872009277,-4.426125526428223
full_noisy_z_t,968,rock__rock.00054,rock,9,0.20703613758087158,-4.371802806854248
full_noisy_z_t,969,rock__rock.00054,rock,9,-0.7868766188621521,-10.272146224975586
full_noisy_z_t,970,rock__rock.00054,rock,9,0.3127092719078064,-24.992116928100586
full_noisy_z_t,971,rock__rock.00054,rock,9,4.722458362579346,-22.865510940551758
full_noisy_z_t,972,rock__rock.00054,rock,9,26.273828506469727,19.754623413085938
full_noisy_z_t,973,rock__rock.00054,rock,9,-4.812414169311523,-4.446264743804932
full_noisy_z_t,974,rock__rock.00054,rock,9,-3.269916534423828,-8.16258716583252
full_noisy_z_t,975,rock__rock.00054,rock,9,-5.539363861083984,-6.234301567077637
full_noisy_z_t,976,rock__rock.00080,rock,9,3.4806976318359375,9.006150245666504
full_noisy_z_t,977,rock__rock.00080,rock,9,2.3579490184783936,3.046006441116333
full_noisy_z_t,978,rock__rock.00080,rock,9,5.6083664894104,3.7958180904388428
full_noisy_z_t,979,rock__rock.00080,rock,9,-10.952147483825684,8.370929718017578
full_noisy_z_t,980,rock__rock.00080,rock,9,0.8262495398521423,8.100261688232422
full_noisy_z_t,981,rock__rock.00085,rock,9,24.347801208496094,26.289085388183594
full_noisy_z_t,982,rock__rock.00085,rock,9,12.77807331085205,-2.6350197792053223
full_noisy_z_t,983,rock__rock.00085,rock,9,8.719979286193848,4.314858913421631
full_noisy_z_t,984,rock__rock.00085,rock,9,1.9126919507980347,-16.686582565307617
full_noisy_z_t,985,rock__rock.00085,rock,9,24.534526824951172,26.271896362304688
full_noisy_z_t,986,rock__rock.00085,rock,9,28.42412567138672,31.339916229248047
full_noisy_z_t,987,rock__rock.00086,rock,9,-22.945755004882812,18.457433700561523
full_noisy_z_t,988,rock__rock.00086,rock,9,-9.783246994018555,8.7863130569458
full_noisy_z_t,989,rock__rock.00086,rock,9,-9.068218231201172,8.818721771240234
full_noisy_z_t,990,rock__rock.00086,rock,9,-23.1407470703125,21.450105667114258
full_noisy_z_t,991,rock__rock.00092,rock,9,1.8302257061004639,23.964534759521484
full_noisy_z_t,992,rock__rock.00092,rock,9,2.801060914993286,24.483667373657227
full_noisy_z_t,993,rock__rock.00092,rock,9,5.314797401428223,12.744879722595215
full_noisy_z_t,994,rock__rock.00092,rock,9,4.949809551239014,8.174145698547363
full_noisy_z_t,995,rock__rock.00092,rock,9,2.7294976711273193,26.196699142456055
full_noisy_z_t,996,rock__rock.00092,rock,9,5.4123921394348145,12.44597053527832
full_noisy_z_t,997,rock__rock.00092,rock,9,2.2767512798309326,25.316410064697266
full_noisy_z_t,998,rock__rock.00092,rock,9,5.293150901794434,15.106019973754883
full_noisy_z_t,999,rock__rock.00092,rock,9,5.993107318878174,9.367964744567871
full_denoised_z_hat,0,blues__blues.00000,blues,0,19.325321197509766,-16.507015228271484
full_denoised_z_hat,1,blues__blues.00000,blues,0,30.970766067504883,-25.6597843170166
full_denoised_z_hat,2,blues__blues.00000,blues,0,30.32608985900879,-26.5114803314209
full_denoised_z_hat,3,blues__blues.00000,blues,0,18.977291107177734,-16.05784034729004
full_denoised_z_hat,4,blues__blues.00000,blues,0,-1.5383652448654175,-6.932534694671631
full_denoised_z_hat,5,blues__blues.00000,blues,0,20.67272186279297,-15.385804176330566
full_denoised_z_hat,6,blues__blues.00000,blues,0,19.050893783569336,-16.679868698120117
full_denoised_z_hat,7,blues__blues.00001,blues,0,23.70920181274414,-20.049129486083984
full_denoised_z_hat,8,blues__blues.00001,blues,0,15.68117904663086,-22.496376037597656
full_denoised_z_hat,9,blues__blues.00001,blues,0,9.15417194366455,-31.253389358520508
full_denoised_z_hat,10,blues__blues.00001,blues,0,14.8352632522583,-23.082664489746094
full_denoised_z_hat,11,blues__blues.00001,blues,0,14.163304328918457,-22.6700439453125
full_denoised_z_hat,12,blues__blues.00001,blues,0,32.311119079589844,-24.200050354003906
full_denoised_z_hat,13,blues__blues.00001,blues,0,31.047439575195312,-24.500263214111328
full_denoised_z_hat,14,blues__blues.00009,blues,0,32.75186538696289,-24.851747512817383
full_denoised_z_hat,15,blues__blues.00009,blues,0,34.17928695678711,-24.281734466552734
full_denoised_z_hat,16,blues__blues.00009,blues,0,35.6313591003418,-29.46282196044922
full_denoised_z_hat,17,blues__blues.00009,blues,0,35.1627311706543,-24.568557739257812
full_denoised_z_hat,18,blues__blues.00009,blues,0,30.11351203918457,-16.722185134887695
full_denoised_z_hat,19,blues__blues.00009,blues,0,38.05004119873047,-29.36929702758789
full_denoised_z_hat,20,blues__blues.00009,blues,0,35.36688232421875,-24.266298294067383
full_denoised_z_hat,21,blues__blues.00009,blues,0,43.53425979614258,-1.4548274278640747
full_denoised_z_hat,22,blues__blues.00009,blues,0,34.09238815307617,-25.10789680480957
full_denoised_z_hat,23,blues__blues.00011,blues,0,26.930267333984375,-8.34289836883545
full_denoised_z_hat,24,blues__blues.00011,blues,0,37.2994499206543,-27.778472900390625
full_denoised_z_hat,25,blues__blues.00011,blues,0,27.031877517700195,-17.6888370513916
full_denoised_z_hat,26,blues__blues.00011,blues,0,24.331954956054688,-17.65825653076172
full_denoised_z_hat,27,blues__blues.00011,blues,0,26.54360580444336,-16.552335739135742
full_denoised_z_hat,28,blues__blues.00011,blues,0,29.94099998474121,-16.879383087158203
full_denoised_z_hat,29,blues__blues.00011,blues,0,33.64730453491211,-23.749818801879883
full_denoised_z_hat,30,blues__blues.00031,blues,0,38.30194091796875,-29.632686614990234
full_denoised_z_hat,31,blues__blues.00031,blues,0,37.9145622253418,-29.583370208740234
full_denoised_z_hat,32,blues__blues.00031,blues,0,38.062557220458984,-30.192058563232422
full_denoised_z_hat,33,blues__blues.00031,blues,0,37.51023483276367,-28.733776092529297
full_denoised_z_hat,34,blues__blues.00034,blues,0,38.03314971923828,-29.218137741088867
full_denoised_z_hat,35,blues__blues.00034,blues,0,37.421592712402344,-30.617414474487305
full_denoised_z_hat,36,blues__blues.00034,blues,0,37.404815673828125,-29.78657341003418
full_denoised_z_hat,37,blues__blues.00034,blues,0,-15.428744316101074,-37.59311294555664
full_denoised_z_hat,38,blues__blues.00034,blues,0,38.166175842285156,-29.24127960205078
full_denoised_z_hat,39,blues__blues.00034,blues,0,37.809383392333984,-29.58163070678711
full_denoised_z_hat,40,blues__blues.00039,blues,0,35.12969207763672,-28.8857479095459
full_denoised_z_hat,41,blues__blues.00039,blues,0,36.08500289916992,-28.637460708618164
full_denoised_z_hat,42,blues__blues.00039,blues,0,36.905784606933594,-28.473567962646484
full_denoised_z_hat,43,blues__blues.00039,blues,0,36.79375076293945,-28.9879207611084
full_denoised_z_hat,44,blues__blues.00039,blues,0,37.601566314697266,-30.439950942993164
full_denoised_z_hat,45,blues__blues.00052,blues,0,30.957109451293945,-22.868865966796875
full_denoised_z_hat,46,blues__blues.00052,blues,0,34.762149810791016,-25.820011138916016
full_denoised_z_hat,47,blues__blues.00052,blues,0,34.00413513183594,-27.01802635192871
full_denoised_z_hat,48,blues__blues.00052,blues,0,32.22781753540039,-22.74932861328125
full_denoised_z_hat,49,blues__blues.00052,blues,0,31.772838592529297,-22.92025375366211
full_denoised_z_hat,50,blues__blues.00052,blues,0,28.736358642578125,-17.356544494628906
full_denoised_z_hat,51,blues__blues.00054,blues,0,29.03029441833496,-15.634957313537598
full_denoised_z_hat,52,blues__blues.00054,blues,0,29.430828094482422,-15.78201675415039
full_denoised_z_hat,53,blues__blues.00054,blues,0,27.039493560791016,-15.085127830505371
full_denoised_z_hat,54,blues__blues.00054,blues,0,29.0631160736084,-15.3516263961792
full_denoised_z_hat,55,blues__blues.00054,blues,0,33.407745361328125,-24.231962203979492
full_denoised_z_hat,56,blues__blues.00054,blues,0,28.332679748535156,-15.811531066894531
full_denoised_z_hat,57,blues__blues.00057,blues,0,25.703214645385742,-14.870505332946777
full_denoised_z_hat,58,blues__blues.00057,blues,0,29.844308853149414,-16.61085319519043
full_denoised_z_hat,59,blues__blues.00057,blues,0,30.185880661010742,-17.591995239257812
full_denoised_z_hat,60,blues__blues.00057,blues,0,31.355424880981445,-22.3996639251709
full_denoised_z_hat,61,blues__blues.00060,blues,0,32.822547912597656,-26.14249038696289
full_denoised_z_hat,62,blues__blues.00060,blues,0,37.426979064941406,-29.78913688659668
full_denoised_z_hat,63,blues__blues.00060,blues,0,36.44266128540039,-29.40298080444336
full_denoised_z_hat,64,blues__blues.00060,blues,0,32.39948654174805,-24.312088012695312
full_denoised_z_hat,65,blues__blues.00060,blues,0,34.18428039550781,-24.9824161529541
full_denoised_z_hat,66,blues__blues.00060,blues,0,30.601158142089844,-23.148983001708984
full_denoised_z_hat,67,blues__blues.00060,blues,0,32.1560173034668,-22.889339447021484
full_denoised_z_hat,68,blues__blues.00066,blues,0,19.009321212768555,-17.692371368408203
full_denoised_z_hat,69,blues__blues.00066,blues,0,30.488386154174805,-28.634794235229492
full_denoised_z_hat,70,blues__blues.00066,blues,0,29.828004837036133,-26.89251136779785
full_denoised_z_hat,71,blues__blues.00066,blues,0,29.37114906311035,-26.250301361083984
full_denoised_z_hat,72,blues__blues.00066,blues,0,-20.678537368774414,16.88282585144043
full_denoised_z_hat,73,blues__blues.00066,blues,0,19.174495697021484,-16.568544387817383
full_denoised_z_hat,74,blues__blues.00066,blues,0,20.511783599853516,-15.640390396118164
full_denoised_z_hat,75,blues__blues.00066,blues,0,32.393798828125,-28.216323852539062
full_denoised_z_hat,76,blues__blues.00066,blues,0,32.16717529296875,-28.69539451599121
full_denoised_z_hat,77,blues__blues.00068,blues,0,31.991796493530273,-24.75359535217285
full_denoised_z_hat,78,blues__blues.00068,blues,0,30.998794555664062,-27.889934539794922
full_denoised_z_hat,79,blues__blues.00068,blues,0,32.33378219604492,-29.24759292602539
full_denoised_z_hat,80,blues__blues.00068,blues,0,33.969451904296875,-29.629138946533203
full_denoised_z_hat,81,blues__blues.00068,blues,0,31.49856948852539,-28.285247802734375
full_denoised_z_hat,82,blues__blues.00068,blues,0,29.1192569732666,-28.052448272705078
full_denoised_z_hat,83,blues__blues.00068,blues,0,34.379798889160156,-29.857980728149414
full_denoised_z_hat,84,blues__blues.00070,blues,0,0.7810372114181519,-19.013973236083984
full_denoised_z_hat,85,blues__blues.00070,blues,0,18.588369369506836,-16.35055160522461
full_denoised_z_hat,86,blues__blues.00070,blues,0,14.2758150100708,-21.52858543395996
full_denoised_z_hat,87,blues__blues.00070,blues,0,18.214218139648438,-16.82644271850586
full_denoised_z_hat,88,blues__blues.00070,blues,0,31.289764404296875,-28.922489166259766
full_denoised_z_hat,89,blues__blues.00070,blues,0,-10.3489990234375,7.610041618347168
full_denoised_z_hat,90,blues__blues.00070,blues,0,-0.05005370080471039,-19.684350967407227
full_denoised_z_hat,91,blues__blues.00071,blues,0,30.706655502319336,-23.667543411254883
full_denoised_z_hat,92,blues__blues.00071,blues,0,28.247295379638672,-24.373308181762695
full_denoised_z_hat,93,blues__blues.00071,blues,0,32.80367660522461,-25.37590980529785
full_denoised_z_hat,94,blues__blues.00071,blues,0,28.7691650390625,-24.920856475830078
full_denoised_z_hat,95,blues__blues.00071,blues,0,29.809314727783203,-25.906808853149414
full_denoised_z_hat,96,blues__blues.00071,blues,0,25.35002899169922,-14.542515754699707
full_denoised_z_hat,97,blues__blues.00071,blues,0,31.03693389892578,-23.650299072265625
full_denoised_z_hat,98,blues__blues.00071,blues,0,32.40348815917969,-23.271608352661133
full_denoised_z_hat,99,blues__blues.00071,blues,0,33.2145881652832,-24.633380889892578
full_denoised_z_hat,100,classical__classical.00000,classical,1,36.223297119140625,28.507326126098633
full_denoised_z_hat,101,classical__classical.00000,classical,1,38.289058685302734,30.545042037963867
full_denoised_z_hat,102,classical__classical.00000,classical,1,39.08320236206055,27.932090759277344
full_denoised_z_hat,103,classical__classical.00000,classical,1,38.91960144042969,35.1611442565918
full_denoised_z_hat,104,classical__classical.00000,classical,1,41.96412658691406,31.954050064086914
full_denoised_z_hat,105,classical__classical.00000,classical,1,36.06074142456055,28.421504974365234
full_denoised_z_hat,106,classical__classical.00002,classical,1,36.65641784667969,30.887025833129883
full_denoised_z_hat,107,classical__classical.00002,classical,1,36.60940933227539,31.434194564819336
full_denoised_z_hat,108,classical__classical.00002,classical,1,38.00326919555664,31.62566566467285
full_denoised_z_hat,109,classical__classical.00006,classical,1,41.08057403564453,31.825763702392578
full_denoised_z_hat,110,classical__classical.00006,classical,1,38.63386154174805,31.17060089111328
full_denoised_z_hat,111,classical__classical.00006,classical,1,39.00555419921875,32.71929168701172
full_denoised_z_hat,112,classical__classical.00006,classical,1,39.93756103515625,32.540897369384766
full_denoised_z_hat,113,classical__classical.00006,classical,1,33.66952133178711,28.267580032348633
full_denoised_z_hat,114,classical__classical.00006,classical,1,37.6587028503418,29.093090057373047
full_denoised_z_hat,115,classical__classical.00006,classical,1,40.55875778198242,35.700679779052734
full_denoised_z_hat,116,classical__classical.00009,classical,1,38.67510223388672,30.071903228759766
full_denoised_z_hat,117,classical__classical.00009,classical,1,37.924354553222656,31.144235610961914
full_denoised_z_hat,118,classical__classical.00009,classical,1,38.0442008972168,31.90656280517578
full_denoised_z_hat,119,classical__classical.00009,classical,1,35.12895584106445,25.149213790893555
full_denoised_z_hat,120,classical__classical.00009,classical,1,37.66805648803711,14.49820613861084
full_denoised_z_hat,121,classical__classical.00009,classical,1,39.24520492553711,29.768123626708984
full_denoised_z_hat,122,classical__classical.00009,classical,1,39.96995544433594,27.216842651367188
full_denoised_z_hat,123,classical__classical.00022,classical,1,39.94123077392578,34.46059799194336
full_denoised_z_hat,124,classical__classical.00022,classical,1,36.60009765625,33.50870132446289
full_denoised_z_hat,125,classical__classical.00022,classical,1,34.34989929199219,32.919681549072266
full_denoised_z_hat,126,classical__classical.00022,classical,1,40.79832458496094,32.84110641479492
full_denoised_z_hat,127,classical__classical.00022,classical,1,40.403446197509766,35.000587463378906
full_denoised_z_hat,128,classical__classical.00022,classical,1,40.14404296875,31.468461990356445
full_denoised_z_hat,129,classical__classical.00022,classical,1,40.2374153137207,29.323450088500977
full_denoised_z_hat,130,classical__classical.00034,classical,1,37.03727722167969,34.1843147277832
full_denoised_z_hat,131,classical__classical.00034,classical,1,36.660640716552734,33.77752685546875
full_denoised_z_hat,132,classical__classical.00034,classical,1,38.8185920715332,32.91788101196289
full_denoised_z_hat,133,classical__classical.00034,classical,1,36.0931396484375,33.45321273803711
full_denoised_z_hat,134,classical__classical.00034,classical,1,36.86227035522461,31.8947696685791
full_denoised_z_hat,135,classical__classical.00034,classical,1,38.4273796081543,31.043975830078125
full_denoised_z_hat,136,classical__classical.00034,classical,1,38.35149002075195,34.167476654052734
full_denoised_z_hat,137,classical__classical.00037,classical,1,39.42916488647461,35.90673828125
full_denoised_z_hat,138,classical__classical.00037,classical,1,36.07929992675781,30.72252082824707
full_denoised_z_hat,139,classical__classical.00037,classical,1,39.293739318847656,26.128063201904297
full_denoised_z_hat,140,classical__classical.00037,classical,1,39.14126968383789,30.953907012939453
full_denoised_z_hat,141,classical__classical.00037,classical,1,40.59915542602539,31.491350173950195
full_denoised_z_hat,142,classical__classical.00037,classical,1,38.40251541137695,34.90139389038086
full_denoised_z_hat,143,classical__classical.00037,classical,1,39.96736145019531,35.41781234741211
full_denoised_z_hat,144,classical__classical.00037,classical,1,38.01585388183594,30.774751663208008
full_denoised_z_hat,145,classical__classical.00039,classical,1,37.62565231323242,29.366172790527344
full_denoised_z_hat,146,classical__classical.00039,classical,1,34.34385681152344,29.05196762084961
full_denoised_z_hat,147,classical__classical.00039,classical,1,34.41917419433594,28.785764694213867
full_denoised_z_hat,148,classical__classical.00039,classical,1,35.86403274536133,31.251914978027344
full_denoised_z_hat,149,classical__classical.00039,classical,1,36.00248336791992,33.017520904541016
full_denoised_z_hat,150,classical__classical.00039,classical,1,40.32205581665039,36.07880401611328
full_denoised_z_hat,151,classical__classical.00047,classical,1,39.79850769042969,29.041179656982422
full_denoised_z_hat,152,classical__classical.00047,classical,1,40.38158416748047,30.338056564331055
full_denoised_z_hat,153,classical__classical.00047,classical,1,38.71155548095703,29.239084243774414
full_denoised_z_hat,154,classical__classical.00047,classical,1,38.0876350402832,27.704530715942383
full_denoised_z_hat,155,classical__classical.00047,classical,1,40.909603118896484,30.315099716186523
full_denoised_z_hat,156,classical__classical.00047,classical,1,41.89495086669922,29.599262237548828
full_denoised_z_hat,157,classical__classical.00053,classical,1,32.46839141845703,31.859657287597656
full_denoised_z_hat,158,classical__classical.00053,classical,1,32.16652297973633,32.46975326538086
full_denoised_z_hat,159,classical__classical.00053,classical,1,31.95017433166504,28.31477165222168
full_denoised_z_hat,160,classical__classical.00053,classical,1,31.509042739868164,30.177520751953125
full_denoised_z_hat,161,classical__classical.00053,classical,1,32.40541458129883,28.13514518737793
full_denoised_z_hat,162,classical__classical.00056,classical,1,38.45804977416992,34.84733963012695
full_denoised_z_hat,163,classical__classical.00056,classical,1,37.29191207885742,34.41556167602539
full_denoised_z_hat,164,classical__classical.00056,classical,1,35.96976852416992,31.8001708984375
full_denoised_z_hat,165,classical__classical.00056,classical,1,36.904144287109375,33.306522369384766
full_denoised_z_hat,166,classical__classical.00056,classical,1,39.26395034790039,34.173057556152344
full_denoised_z_hat,167,classical__classical.00056,classical,1,34.42776870727539,27.56071662902832
full_denoised_z_hat,168,classical__classical.00056,classical,1,35.50551223754883,27.250167846679688
full_denoised_z_hat,169,classical__classical.00056,classical,1,37.046024322509766,27.93647575378418
full_denoised_z_hat,170,classical__classical.00056,classical,1,33.06256866455078,32.66653060913086
full_denoised_z_hat,171,classical__classical.00056,classical,1,32.80928039550781,32.14671325683594
full_denoised_z_hat,172,classical__classical.00057,classical,1,36.3498420715332,10.636018753051758
full_denoised_z_hat,173,classical__classical.00057,classical,1,37.23146438598633,13.098041534423828
full_denoised_z_hat,174,classical__classical.00057,classical,1,38.94138717651367,32.32373809814453
full_denoised_z_hat,175,classical__classical.00057,classical,1,41.21571350097656,31.760326385498047
full_denoised_z_hat,176,classical__classical.00057,classical,1,38.94932556152344,25.04766845703125
full_denoised_z_hat,177,classical__classical.00057,classical,1,38.32117462158203,10.800454139709473
full_denoised_z_hat,178,classical__classical.00057,classical,1,39.31642532348633,26.24394989013672
full_denoised_z_hat,179,classical__classical.00057,classical,1,36.56893539428711,10.848410606384277
full_denoised_z_hat,180,classical__classical.00057,classical,1,37.197052001953125,12.988533020019531
full_denoised_z_hat,181,classical__classical.00057,classical,1,39.297672271728516,30.910802841186523
full_denoised_z_hat,182,classical__classical.00065,classical,1,40.34434509277344,30.68936538696289
full_denoised_z_hat,183,classical__classical.00065,classical,1,38.227561950683594,28.490068435668945
full_denoised_z_hat,184,classical__classical.00065,classical,1,41.46073913574219,30.694080352783203
full_denoised_z_hat,185,classical__classical.00065,classical,1,40.29066848754883,27.366893768310547
full_denoised_z_hat,186,classical__classical.00082,classical,1,38.78952407836914,34.91170120239258
full_denoised_z_hat,187,classical__classical.00082,classical,1,40.463890075683594,27.4952392578125
full_denoised_z_hat,188,classical__classical.00082,classical,1,39.80252456665039,33.5184211730957
full_denoised_z_hat,189,classical__classical.00082,classical,1,41.82231140136719,29.647762298583984
full_denoised_z_hat,190,classical__classical.00082,classical,1,39.51258850097656,29.661296844482422
full_denoised_z_hat,191,classical__classical.00082,classical,1,40.90869140625,33.45355987548828
full_denoised_z_hat,192,classical__classical.00091,classical,1,40.37833786010742,35.93323516845703
full_denoised_z_hat,193,classical__classical.00091,classical,1,40.788177490234375,32.34362030029297
full_denoised_z_hat,194,classical__classical.00091,classical,1,39.73609161376953,28.468950271606445
full_denoised_z_hat,195,classical__classical.00091,classical,1,38.49103927612305,29.5576114654541
full_denoised_z_hat,196,classical__classical.00091,classical,1,39.26617431640625,35.57634353637695
full_denoised_z_hat,197,classical__classical.00091,classical,1,40.42440414428711,32.80968475341797
full_denoised_z_hat,198,classical__classical.00091,classical,1,40.75178146362305,34.97689437866211
full_denoised_z_hat,199,classical__classical.00091,classical,1,36.40762710571289,33.394508361816406
full_denoised_z_hat,200,country__country.00001,country,2,2.1332690715789795,-32.31095886230469
full_denoised_z_hat,201,country__country.00001,country,2,2.4572768211364746,-33.52631378173828
full_denoised_z_hat,202,country__country.00001,country,2,2.3892767429351807,-31.18081283569336
full_denoised_z_hat,203,country__country.00001,country,2,2.433182954788208,-31.575613021850586
full_denoised_z_hat,204,country__country.00001,country,2,2.613426923751831,-33.396114349365234
full_denoised_z_hat,205,country__country.00011,country,2,-0.8122348785400391,-8.81295108795166
full_denoised_z_hat,206,country__country.00011,country,2,-1.2236980199813843,-3.567625045776367
full_denoised_z_hat,207,country__country.00011,country,2,-1.092220664024353,-30.62834358215332
full_denoised_z_hat,208,country__country.00011,country,2,-4.432614326477051,-24.004657745361328
full_denoised_z_hat,209,country__country.00011,country,2,23.923200607299805,0.7860796451568604
full_denoised_z_hat,210,country__country.00011,country,2,9.026156425476074,-7.207512378692627
full_denoised_z_hat,211,country__country.00011,country,2,8.763200759887695,-7.548093318939209
full_denoised_z_hat,212,country__country.00011,country,2,-3.2113890647888184,-23.859256744384766
full_denoised_z_hat,213,country__country.00013,country,2,-13.279450416564941,4.093786716461182
full_denoised_z_hat,214,country__country.00013,country,2,-13.374967575073242,4.745771408081055
full_denoised_z_hat,215,country__country.00013,country,2,-12.815780639648438,3.9541513919830322
full_denoised_z_hat,216,country__country.00013,country,2,-17.120075225830078,15.222769737243652
full_denoised_z_hat,217,country__country.00013,country,2,-20.4440860748291,6.922532558441162
full_denoised_z_hat,218,country__country.00013,country,2,-13.104583740234375,4.776080131530762
full_denoised_z_hat,219,country__country.00013,country,2,-11.585094451904297,2.474696397781372
full_denoised_z_hat,220,country__country.00013,country,2,-13.076956748962402,4.521198749542236
full_denoised_z_hat,221,country__country.00013,country,2,-16.54180908203125,13.341401100158691
full_denoised_z_hat,222,country__country.00013,country,2,-13.090079307556152,4.083281517028809
full_denoised_z_hat,223,country__country.00029,country,2,3.8124351501464844,-32.02242660522461
full_denoised_z_hat,224,country__country.00029,country,2,4.362448692321777,-32.679141998291016
full_denoised_z_hat,225,country__country.00029,country,2,4.398586750030518,-35.083126068115234
full_denoised_z_hat,226,country__country.00029,country,2,2.7385406494140625,-31.93197250366211
full_denoised_z_hat,227,country__country.00029,country,2,3.710176706314087,-34.706459045410156
full_denoised_z_hat,228,country__country.00029,country,2,5.1562581062316895,-33.46943664550781
full_denoised_z_hat,229,country__country.00047,country,2,8.654738426208496,-23.155881881713867
full_denoised_z_hat,230,country__country.00057,country,2,-3.956002712249756,-22.36533546447754
full_denoised_z_hat,231,country__country.00057,country,2,4.988798141479492,-34.733909606933594
full_denoised_z_hat,232,country__country.00057,country,2,4.526780605316162,-33.498870849609375
full_denoised_z_hat,233,country__country.00057,country,2,4.794477939605713,-28.408376693725586
full_denoised_z_hat,234,country__country.00057,country,2,3.5441322326660156,-33.70707321166992
full_denoised_z_hat,235,country__country.00057,country,2,3.8720898628234863,-34.021148681640625
full_denoised_z_hat,236,country__country.00057,country,2,4.941896915435791,-34.66584396362305
full_denoised_z_hat,237,country__country.00057,country,2,6.709311008453369,5.200876712799072
full_denoised_z_hat,238,country__country.00057,country,2,7.424385070800781,-28.060348510742188
full_denoised_z_hat,239,country__country.00057,country,2,6.702732086181641,-27.366952896118164
full_denoised_z_hat,240,country__country.00059,country,2,24.991247177124023,-15.074334144592285
full_denoised_z_hat,241,country__country.00059,country,2,7.299074649810791,-34.32659149169922
full_denoised_z_hat,242,country__country.00059,country,2,7.246249675750732,-34.8781623840332
full_denoised_z_hat,243,country__country.00059,country,2,7.60625696182251,-34.90021896362305
full_denoised_z_hat,244,country__country.00059,country,2,14.809854507446289,-25.06180763244629
full_denoised_z_hat,245,country__country.00059,country,2,5.140665531158447,-34.553192138671875
full_denoised_z_hat,246,country__country.00067,country,2,11.914551734924316,-29.400964736938477
full_denoised_z_hat,247,country__country.00067,country,2,13.932424545288086,-28.466264724731445
full_denoised_z_hat,248,country__country.00067,country,2,-0.30432313680648804,-23.808210372924805
full_denoised_z_hat,249,country__country.00067,country,2,6.727406978607178,-35.37272262573242
full_denoised_z_hat,250,country__country.00067,country,2,13.339369773864746,-28.333723068237305
full_denoised_z_hat,251,country__country.00067,country,2,11.139639854431152,-29.376741409301758
full_denoised_z_hat,252,country__country.00067,country,2,13.288073539733887,-28.658977508544922
full_denoised_z_hat,253,country__country.00067,country,2,4.664409160614014,-31.16819190979004
full_denoised_z_hat,254,country__country.00068,country,2,4.990004539489746,-27.1817684173584
full_denoised_z_hat,255,country__country.00068,country,2,-11.63637638092041,3.5437333583831787
full_denoised_z_hat,256,country__country.00068,country,2,0.04766661301255226,-20.815059661865234
full_denoised_z_hat,257,country__country.00068,country,2,-2.867185115814209,-23.67365264892578
full_denoised_z_hat,258,country__country.00068,country,2,11.640984535217285,-24.902891159057617
full_denoised_z_hat,259,country__country.00068,country,2,12.14915657043457,-28.49468994140625
full_denoised_z_hat,260,country__country.00068,country,2,12.125587463378906,-26.04269790649414
full_denoised_z_hat,261,country__country.00068,country,2,2.387371301651001,5.648990631103516
full_denoised_z_hat,262,country__country.00069,country,2,25.97776985168457,27.070438385009766
full_denoised_z_hat,263,country__country.00069,country,2,5.475384712219238,-27.105077743530273
full_denoised_z_hat,264,country__country.00069,country,2,11.655230522155762,-28.609283447265625
full_denoised_z_hat,265,country__country.00069,country,2,13.269564628601074,-28.40934944152832
full_denoised_z_hat,266,country__country.00069,country,2,2.972449541091919,-34.49606704711914
full_denoised_z_hat,267,country__country.00069,country,2,6.860012054443359,-34.73235321044922
full_denoised_z_hat,268,country__country.00069,country,2,4.186270236968994,-31.413854598999023
full_denoised_z_hat,269,country__country.00075,country,2,25.093303680419922,-14.897323608398438
full_denoised_z_hat,270,country__country.00075,country,2,20.467126846313477,-20.362455368041992
full_denoised_z_hat,271,country__country.00075,country,2,33.511573791503906,-23.76660919189453
full_denoised_z_hat,272,country__country.00075,country,2,22.577821731567383,-19.76333236694336
full_denoised_z_hat,273,country__country.00075,country,2,12.759308815002441,-28.978557586669922
full_denoised_z_hat,274,country__country.00075,country,2,9.523902893066406,-30.822473526000977
full_denoised_z_hat,275,country__country.00076,country,2,9.491683959960938,-30.466108322143555
full_denoised_z_hat,276,country__country.00076,country,2,3.1510393619537354,-34.40369415283203
full_denoised_z_hat,277,country__country.00076,country,2,4.064968109130859,-30.45750617980957
full_denoised_z_hat,278,country__country.00076,country,2,7.8609299659729,-33.733184814453125
full_denoised_z_hat,279,country__country.00076,country,2,7.322149753570557,-28.824848175048828
full_denoised_z_hat,280,country__country.00076,country,2,36.69821548461914,-30.50560760498047
full_denoised_z_hat,281,country__country.00076,country,2,30.48395347595215,-29.233062744140625
full_denoised_z_hat,282,country__country.00077,country,2,4.646185874938965,-31.004331588745117
full_denoised_z_hat,283,country__country.00077,country,2,0.9904232025146484,-19.045978546142578
full_denoised_z_hat,284,country__country.00077,country,2,2.467953681945801,-18.300636291503906
full_denoised_z_hat,285,country__country.00077,country,2,3.1454763412475586,-17.803165435791016
full_denoised_z_hat,286,country__country.00077,country,2,5.040661334991455,-31.33503532409668
full_denoised_z_hat,287,country__country.00077,country,2,4.7896223068237305,-33.1391487121582
full_denoised_z_hat,288,country__country.00097,country,2,6.093074798583984,-34.73215866088867
full_denoised_z_hat,289,country__country.00097,country,2,6.353250503540039,-35.017696380615234
full_denoised_z_hat,290,country__country.00097,country,2,6.245890140533447,-35.22437286376953
full_denoised_z_hat,291,country__country.00097,country,2,4.06178617477417,-34.74640655517578
full_denoised_z_hat,292,country__country.00097,country,2,5.188361167907715,-35.53718948364258
full_denoised_z_hat,293,country__country.00099,country,2,22.349483489990234,-19.370147705078125
full_denoised_z_hat,294,country__country.00099,country,2,13.415966987609863,-22.270790100097656
full_denoised_z_hat,295,country__country.00099,country,2,15.230271339416504,-27.797367095947266
full_denoised_z_hat,296,country__country.00099,country,2,7.74993371963501,-34.582069396972656
full_denoised_z_hat,297,country__country.00099,country,2,13.327146530151367,-28.038394927978516
full_denoised_z_hat,298,country__country.00099,country,2,35.4243049621582,-29.23509407043457
full_denoised_z_hat,299,country__country.00099,country,2,31.347978591918945,-27.110864639282227
full_denoised_z_hat,300,disco__disco.00000,disco,3,-18.445758819580078,16.868017196655273
full_denoised_z_hat,301,disco__disco.00000,disco,3,-18.14166831970215,16.8914852142334
full_denoised_z_hat,302,disco__disco.00000,disco,3,-20.143640518188477,18.43927574157715
full_denoised_z_hat,303,disco__disco.00000,disco,3,-10.621441841125488,6.338311672210693
full_denoised_z_hat,304,disco__disco.00000,disco,3,-14.037347793579102,3.4710898399353027
full_denoised_z_hat,305,disco__disco.00000,disco,3,-17.375123977661133,15.530129432678223
full_denoised_z_hat,306,disco__disco.00000,disco,3,-16.610767364501953,14.045218467712402
full_denoised_z_hat,307,disco__disco.00000,disco,3,-16.381004333496094,13.295665740966797
full_denoised_z_hat,308,disco__disco.00000,disco,3,-15.96375846862793,12.729450225830078
full_denoised_z_hat,309,disco__disco.00003,disco,3,0.22233690321445465,-18.595935821533203
full_denoised_z_hat,310,disco__disco.00003,disco,3,5.613552093505859,-27.12223243713379
full_denoised_z_hat,311,disco__disco.00003,disco,3,-26.37844467163086,18.75063133239746
full_denoised_z_hat,312,disco__disco.00003,disco,3,-27.007343292236328,21.337175369262695
full_denoised_z_hat,313,disco__disco.00003,disco,3,-26.996673583984375,21.050132751464844
full_denoised_z_hat,314,disco__disco.00003,disco,3,-27.001270294189453,20.935749053955078
full_denoised_z_hat,315,disco__disco.00010,disco,3,-32.054481506347656,-3.8845577239990234
full_denoised_z_hat,316,disco__disco.00010,disco,3,-21.35969352722168,6.866732597351074
full_denoised_z_hat,317,disco__disco.00010,disco,3,-20.191802978515625,5.787190914154053
full_denoised_z_hat,318,disco__disco.00010,disco,3,-22.62445831298828,11.678011894226074
full_denoised_z_hat,319,disco__disco.00010,disco,3,-21.872072219848633,12.003353118896484
full_denoised_z_hat,320,disco__disco.00010,disco,3,-19.844615936279297,5.537967681884766
full_denoised_z_hat,321,disco__disco.00020,disco,3,-0.8990352749824524,-19.23093032836914
full_denoised_z_hat,322,disco__disco.00020,disco,3,2.216339111328125,-34.7238883972168
full_denoised_z_hat,323,disco__disco.00020,disco,3,-22.264272689819336,-34.84476089477539
full_denoised_z_hat,324,disco__disco.00021,disco,3,-17.321578979492188,16.32025909423828
full_denoised_z_hat,325,disco__disco.00021,disco,3,-18.907108306884766,15.859745979309082
full_denoised_z_hat,326,disco__disco.00021,disco,3,-25.360755920410156,8.983323097229004
full_denoised_z_hat,327,disco__disco.00021,disco,3,-25.585670471191406,8.659284591674805
full_denoised_z_hat,328,disco__disco.00021,disco,3,-17.648103713989258,16.043392181396484
full_denoised_z_hat,329,disco__disco.00021,disco,3,-17.74738883972168,15.324755668640137
full_denoised_z_hat,330,disco__disco.00021,disco,3,-24.086437225341797,8.343452453613281
full_denoised_z_hat,331,disco__disco.00021,disco,3,-32.17899703979492,-10.776665687561035
full_denoised_z_hat,332,disco__disco.00030,disco,3,-13.030144691467285,6.1385884284973145
full_denoised_z_hat,333,disco__disco.00030,disco,3,-16.072290420532227,13.232999801635742
full_denoised_z_hat,334,disco__disco.00030,disco,3,-16.547338485717773,13.5084228515625
full_denoised_z_hat,335,disco__disco.00030,disco,3,-12.99264907836914,5.486809730529785
full_denoised_z_hat,336,disco__disco.00030,disco,3,-18.09939956665039,18.196212768554688
full_denoised_z_hat,337,disco__disco.00030,disco,3,-21.344772338867188,-2.430290937423706
full_denoised_z_hat,338,disco__disco.00030,disco,3,-12.120802879333496,5.866153717041016
full_denoised_z_hat,339,disco__disco.00030,disco,3,-14.93111515045166,12.69102668762207
full_denoised_z_hat,340,disco__disco.00030,disco,3,-16.081256866455078,13.31552505493164
full_denoised_z_hat,341,disco__disco.00030,disco,3,-12.809072494506836,5.788806915283203
full_denoised_z_hat,342,disco__disco.00040,disco,3,-17.391138076782227,14.687374114990234
full_denoised_z_hat,343,disco__disco.00040,disco,3,-17.947723388671875,14.69248104095459
full_denoised_z_hat,344,disco__disco.00040,disco,3,-24.83681297302246,22.825647354125977
full_denoised_z_hat,345,disco__disco.00040,disco,3,8.164998054504395,-9.926363945007324
full_denoised_z_hat,346,disco__disco.00040,disco,3,-0.31887078285217285,-20.246204376220703
full_denoised_z_hat,347,disco__disco.00040,disco,3,-20.518091201782227,22.05992317199707
full_denoised_z_hat,348,disco__disco.00044,disco,3,-18.054584503173828,15.467761993408203
full_denoised_z_hat,349,disco__disco.00044,disco,3,-17.974613189697266,16.195293426513672
full_denoised_z_hat,350,disco__disco.00044,disco,3,-24.440673828125,8.420272827148438
full_denoised_z_hat,351,disco__disco.00044,disco,3,-24.34598159790039,22.72804832458496
full_denoised_z_hat,352,disco__disco.00044,disco,3,-27.406402587890625,19.573699951171875
full_denoised_z_hat,353,disco__disco.00044,disco,3,-27.52488136291504,15.831657409667969
full_denoised_z_hat,354,disco__disco.00044,disco,3,-27.505069732666016,16.616962432861328
full_denoised_z_hat,355,disco__disco.00044,disco,3,-27.477773666381836,16.125455856323242
full_denoised_z_hat,356,disco__disco.00044,disco,3,-26.505146026611328,20.707460403442383
full_denoised_z_hat,357,disco__disco.00044,disco,3,-27.326284408569336,19.94669532775879
full_denoised_z_hat,358,disco__disco.00044,disco,3,-27.2861328125,20.34109878540039
full_denoised_z_hat,359,disco__disco.00055,disco,3,-24.748857498168945,24.48525047302246
full_denoised_z_hat,360,disco__disco.00055,disco,3,-25.066179275512695,24.979995727539062
full_denoised_z_hat,361,disco__disco.00055,disco,3,-24.79618263244629,22.28239631652832
full_denoised_z_hat,362,disco__disco.00055,disco,3,-25.939266204833984,24.784252166748047
full_denoised_z_hat,363,disco__disco.00055,disco,3,-25.610368728637695,22.628955841064453
full_denoised_z_hat,364,disco__disco.00055,disco,3,-25.561582565307617,24.809898376464844
full_denoised_z_hat,365,disco__disco.00055,disco,3,-26.395727157592773,23.009218215942383
full_denoised_z_hat,366,disco__disco.00064,disco,3,-25.173828125,23.9130916595459
full_denoised_z_hat,367,disco__disco.00064,disco,3,-27.477510452270508,22.36707305908203
full_denoised_z_hat,368,disco__disco.00064,disco,3,-26.134809494018555,22.390958786010742
full_denoised_z_hat,369,disco__disco.00064,disco,3,-28.872058868408203,19.77458953857422
full_denoised_z_hat,370,disco__disco.00075,disco,3,-25.91250228881836,25.307456970214844
full_denoised_z_hat,371,disco__disco.00075,disco,3,-26.48236656188965,23.80189323425293
full_denoised_z_hat,372,disco__disco.00075,disco,3,-26.41884994506836,23.546947479248047
full_denoised_z_hat,373,disco__disco.00075,disco,3,-25.210556030273438,24.730350494384766
full_denoised_z_hat,374,disco__disco.00075,disco,3,-26.469688415527344,24.137073516845703
full_denoised_z_hat,375,disco__disco.00075,disco,3,-26.160659790039062,24.900012969970703
full_denoised_z_hat,376,disco__disco.00075,disco,3,-20.15656280517578,23.90670394897461
full_denoised_z_hat,377,disco__disco.00075,disco,3,-22.414363861083984,24.5394344329834
full_denoised_z_hat,378,disco__disco.00084,disco,3,-18.503679275512695,18.189735412597656
full_denoised_z_hat,379,disco__disco.00084,disco,3,-24.829111099243164,23.739164352416992
full_denoised_z_hat,380,disco__disco.00084,disco,3,-24.29292869567871,23.949111938476562
full_denoised_z_hat,381,disco__disco.00084,disco,3,-27.252817153930664,23.66206169128418
full_denoised_z_hat,382,disco__disco.00084,disco,3,-25.765552520751953,23.946395874023438
full_denoised_z_hat,383,disco__disco.00084,disco,3,-22.776592254638672,17.885662078857422
full_denoised_z_hat,384,disco__disco.00084,disco,3,-22.811405181884766,17.71906089782715
full_denoised_z_hat,385,disco__disco.00093,disco,3,-24.629289627075195,17.099645614624023
full_denoised_z_hat,386,disco__disco.00093,disco,3,-24.152812957763672,20.671798706054688
full_denoised_z_hat,387,disco__disco.00093,disco,3,-24.44931411743164,17.232473373413086
full_denoised_z_hat,388,disco__disco.00093,disco,3,-23.128177642822266,17.557157516479492
full_denoised_z_hat,389,disco__disco.00093,disco,3,-23.84937286376953,17.56667709350586
full_denoised_z_hat,390,disco__disco.00093,disco,3,-25.651227951049805,22.19629669189453
full_denoised_z_hat,391,disco__disco.00094,disco,3,-18.961763381958008,24.564321517944336
full_denoised_z_hat,392,disco__disco.00094,disco,3,-20.28118133544922,22.660612106323242
full_denoised_z_hat,393,disco__disco.00094,disco,3,-19.945737838745117,23.45035171508789
full_denoised_z_hat,394,disco__disco.00094,disco,3,-18.640993118286133,24.688552856445312
full_denoised_z_hat,395,disco__disco.00094,disco,3,-24.084402084350586,22.360307693481445
full_denoised_z_hat,396,disco__disco.00095,disco,3,-24.918264389038086,24.546646118164062
full_denoised_z_hat,397,disco__disco.00095,disco,3,-25.409076690673828,23.307493209838867
full_denoised_z_hat,398,disco__disco.00095,disco,3,-26.153533935546875,23.476964950561523
full_denoised_z_hat,399,disco__disco.00095,disco,3,-25.36650276184082,20.41746711730957
full_denoised_z_hat,400,hiphop__hiphop.00002,hiphop,4,-10.643928527832031,6.624614238739014
full_denoised_z_hat,401,hiphop__hiphop.00002,hiphop,4,-8.78269100189209,6.839736461639404
full_denoised_z_hat,402,hiphop__hiphop.00002,hiphop,4,-9.446739196777344,6.915010929107666
full_denoised_z_hat,403,hiphop__hiphop.00002,hiphop,4,-9.435006141662598,6.644776344299316
full_denoised_z_hat,404,hiphop__hiphop.00002,hiphop,4,10.614054679870605,-8.801769256591797
full_denoised_z_hat,405,hiphop__hiphop.00034,hiphop,4,-56.29111862182617,5.202170372009277
full_denoised_z_hat,406,hiphop__hiphop.00034,hiphop,4,-51.11177062988281,3.9028806686401367
full_denoised_z_hat,407,hiphop__hiphop.00034,hiphop,4,-50.645225524902344,3.621303081512451
full_denoised_z_hat,408,hiphop__hiphop.00034,hiphop,4,-52.96804428100586,5.419414043426514
full_denoised_z_hat,409,hiphop__hiphop.00034,hiphop,4,-54.15620040893555,9.586003303527832
full_denoised_z_hat,410,hiphop__hiphop.00034,hiphop,4,-54.29642105102539,12.225493431091309
full_denoised_z_hat,411,hiphop__hiphop.00038,hiphop,4,-57.78993225097656,6.53719425201416
full_denoised_z_hat,412,hiphop__hiphop.00038,hiphop,4,-58.71469497680664,6.0364532470703125
full_denoised_z_hat,413,hiphop__hiphop.00038,hiphop,4,-57.32206726074219,6.892371654510498
full_denoised_z_hat,414,hiphop__hiphop.00038,hiphop,4,-54.47860336303711,4.835007667541504
full_denoised_z_hat,415,hiphop__hiphop.00040,hiphop,4,-29.455385208129883,-10.889532089233398
full_denoised_z_hat,416,hiphop__hiphop.00040,hiphop,4,-29.150754928588867,-10.064565658569336
full_denoised_z_hat,417,hiphop__hiphop.00040,hiphop,4,-21.319665908813477,-5.092840194702148
full_denoised_z_hat,418,hiphop__hiphop.00040,hiphop,4,-30.78313446044922,-4.228748321533203
full_denoised_z_hat,419,hiphop__hiphop.00040,hiphop,4,-37.19167709350586,-16.068119049072266
full_denoised_z_hat,420,hiphop__hiphop.00040,hiphop,4,-35.85969924926758,-12.177128791809082
full_denoised_z_hat,421,hiphop__hiphop.00040,hiphop,4,-27.484378814697266,-7.849559783935547
full_denoised_z_hat,422,hiphop__hiphop.00042,hiphop,4,-37.79242706298828,-17.08072280883789
full_denoised_z_hat,423,hiphop__hiphop.00042,hiphop,4,-58.719940185546875,5.012263298034668
full_denoised_z_hat,424,hiphop__hiphop.00042,hiphop,4,-56.96615219116211,2.61586332321167
full_denoised_z_hat,425,hiphop__hiphop.00042,hiphop,4,-57.412418365478516,3.321295738220215
full_denoised_z_hat,426,hiphop__hiphop.00042,hiphop,4,-56.95603942871094,2.8265929222106934
full_denoised_z_hat,427,hiphop__hiphop.00042,hiphop,4,-57.61054611206055,6.0390801429748535
full_denoised_z_hat,428,hiphop__hiphop.00042,hiphop,4,-57.23671340942383,4.0795159339904785
full_denoised_z_hat,429,hiphop__hiphop.00042,hiphop,4,-58.86626434326172,8.033393859863281
full_denoised_z_hat,430,hiphop__hiphop.00044,hiphop,4,-57.17580032348633,5.514647006988525
full_denoised_z_hat,431,hiphop__hiphop.00044,hiphop,4,-30.350990295410156,-7.430576801300049
full_denoised_z_hat,432,hiphop__hiphop.00044,hiphop,4,-31.081953048706055,-8.776592254638672
full_denoised_z_hat,433,hiphop__hiphop.00044,hiphop,4,1.4022611379623413,-18.14691925048828
full_denoised_z_hat,434,hiphop__hiphop.00044,hiphop,4,-10.703713417053223,1.6631840467453003
full_denoised_z_hat,435,hiphop__hiphop.00044,hiphop,4,25.941795349121094,-8.961170196533203
full_denoised_z_hat,436,hiphop__hiphop.00044,hiphop,4,-53.22770690917969,9.823678970336914
full_denoised_z_hat,437,hiphop__hiphop.00053,hiphop,4,-31.51654815673828,-3.854083299636841
full_denoised_z_hat,438,hiphop__hiphop.00053,hiphop,4,-37.91670227050781,-13.561168670654297
full_denoised_z_hat,439,hiphop__hiphop.00053,hiphop,4,-35.76845932006836,-9.728260040283203
full_denoised_z_hat,440,hiphop__hiphop.00053,hiphop,4,-34.98746109008789,-9.640779495239258
full_denoised_z_hat,441,hiphop__hiphop.00053,hiphop,4,-30.945886611938477,-5.544759750366211
full_denoised_z_hat,442,hiphop__hiphop.00053,hiphop,4,-59.343849182128906,9.256823539733887
full_denoised_z_hat,443,hiphop__hiphop.00053,hiphop,4,-56.43271255493164,9.37609577178955
full_denoised_z_hat,444,hiphop__hiphop.00053,hiphop,4,-58.66435623168945,6.927308082580566
full_denoised_z_hat,445,hiphop__hiphop.00053,hiphop,4,-55.86324691772461,9.388571739196777
full_denoised_z_hat,446,hiphop__hiphop.00076,hiphop,4,-59.90541076660156,8.053017616271973
full_denoised_z_hat,447,hiphop__hiphop.00076,hiphop,4,-58.51935958862305,4.612582206726074
full_denoised_z_hat,448,hiphop__hiphop.00076,hiphop,4,-60.240394592285156,7.341113567352295
full_denoised_z_hat,449,hiphop__hiphop.00076,hiphop,4,-59.91082763671875,7.582447052001953
full_denoised_z_hat,450,hiphop__hiphop.00076,hiphop,4,-59.425254821777344,6.343297004699707
full_denoised_z_hat,451,hiphop__hiphop.00076,hiphop,4,-57.00758361816406,4.489013195037842
full_denoised_z_hat,452,hiphop__hiphop.00079,hiphop,4,-42.56423568725586,-14.526232719421387
full_denoised_z_hat,453,hiphop__hiphop.00079,hiphop,4,-42.486881256103516,-15.849156379699707
full_denoised_z_hat,454,hiphop__hiphop.00079,hiphop,4,-42.43562698364258,-16.114648818969727
full_denoised_z_hat,455,hiphop__hiphop.00079,hiphop,4,-40.68796920776367,-14.949881553649902
full_denoised_z_hat,456,hiphop__hiphop.00079,hiphop,4,-43.765079498291016,-15.224483489990234
full_denoised_z_hat,457,hiphop__hiphop.00079,hiphop,4,-39.20286178588867,-16.48259162902832
full_denoised_z_hat,458,hiphop__hiphop.00079,hiphop,4,-43.93122863769531,-13.005005836486816
full_denoised_z_hat,459,hiphop__hiphop.00079,hiphop,4,-36.05731964111328,-12.552769660949707
full_denoised_z_hat,460,hiphop__hiphop.00082,hiphop,4,-58.63224792480469,4.740152359008789
full_denoised_z_hat,461,hiphop__hiphop.00082,hiphop,4,-57.61312484741211,5.431972503662109
full_denoised_z_hat,462,hiphop__hiphop.00082,hiphop,4,-57.203250885009766,8.977378845214844
full_denoised_z_hat,463,hiphop__hiphop.00082,hiphop,4,-59.49056625366211,7.852494716644287
full_denoised_z_hat,464,hiphop__hiphop.00082,hiphop,4,-57.15669250488281,9.656129837036133
full_denoised_z_hat,465,hiphop__hiphop.00082,hiphop,4,-56.73689270019531,8.699986457824707
full_denoised_z_hat,466,hiphop__hiphop.00087,hiphop,4,-54.77780532836914,10.47374153137207
full_denoised_z_hat,467,hiphop__hiphop.00087,hiphop,4,-53.19654083251953,12.06859016418457
full_denoised_z_hat,468,hiphop__hiphop.00087,hiphop,4,-20.961177825927734,12.127297401428223
full_denoised_z_hat,469,hiphop__hiphop.00087,hiphop,4,-16.87660026550293,12.374954223632812
full_denoised_z_hat,470,hiphop__hiphop.00087,hiphop,4,-19.93337631225586,11.64069652557373
full_denoised_z_hat,471,hiphop__hiphop.00087,hiphop,4,-20.452213287353516,11.86517333984375
full_denoised_z_hat,472,hiphop__hiphop.00087,hiphop,4,-20.637605667114258,12.04214859008789
full_denoised_z_hat,473,hiphop__hiphop.00089,hiphop,4,-53.959266662597656,13.062829971313477
full_denoised_z_hat,474,hiphop__hiphop.00089,hiphop,4,-54.198402404785156,12.739421844482422
full_denoised_z_hat,475,hiphop__hiphop.00089,hiphop,4,-53.31681442260742,13.83444595336914
full_denoised_z_hat,476,hiphop__hiphop.00089,hiphop,4,-53.580535888671875,13.553838729858398
full_denoised_z_hat,477,hiphop__hiphop.00089,hiphop,4,-53.27702713012695,13.967307090759277
full_denoised_z_hat,478,hiphop__hiphop.00093,hiphop,4,-52.79526138305664,11.55500316619873
full_denoised_z_hat,479,hiphop__hiphop.00093,hiphop,4,-57.17351150512695,8.98656940460205
full_denoised_z_hat,480,hiphop__hiphop.00093,hiphop,4,-52.22194290161133,14.53054141998291
full_denoised_z_hat,481,hiphop__hiphop.00093,hiphop,4,-21.786685943603516,12.955960273742676
full_denoised_z_hat,482,hiphop__hiphop.00093,hiphop,4,-52.89108657836914,11.93713092803955
full_denoised_z_hat,483,hiphop__hiphop.00093,hiphop,4,-22.946958541870117,17.34853172302246
full_denoised_z_hat,484,hiphop__hiphop.00093,hiphop,4,-18.757991790771484,17.256206512451172
full_denoised_z_hat,485,hiphop__hiphop.00093,hiphop,4,-53.053958892822266,11.173972129821777
full_denoised_z_hat,486,hiphop__hiphop.00093,hiphop,4,-18.7647647857666,17.925687789916992
full_denoised_z_hat,487,hiphop__hiphop.00094,hiphop,4,-59.686492919921875,8.429786682128906
full_denoised_z_hat,488,hiphop__hiphop.00094,hiphop,4,-58.721351623535156,8.599015235900879
full_denoised_z_hat,489,hiphop__hiphop.00094,hiphop,4,-58.31397247314453,8.365886688232422
full_denoised_z_hat,490,hiphop__hiphop.00094,hiphop,4,-59.72642135620117,8.945672988891602
full_denoised_z_hat,491,hiphop__hiphop.00094,hiphop,4,-59.25819396972656,8.5143404006958
full_denoised_z_hat,492,hiphop__hiphop.00098,hiphop,4,-58.90385818481445,7.357839107513428
full_denoised_z_hat,493,hiphop__hiphop.00098,hiphop,4,-59.154075622558594,9.212963104248047
full_denoised_z_hat,494,hiphop__hiphop.00098,hiphop,4,-53.63139343261719,11.775575637817383
full_denoised_z_hat,495,hiphop__hiphop.00098,hiphop,4,-59.52812576293945,7.915192127227783
full_denoised_z_hat,496,hiphop__hiphop.00098,hiphop,4,-60.640445709228516,8.463716506958008
full_denoised_z_hat,497,hiphop__hiphop.00098,hiphop,4,-58.90911865234375,9.251020431518555
full_denoised_z_hat,498,hiphop__hiphop.00098,hiphop,4,-59.726749420166016,8.150004386901855
full_denoised_z_hat,499,hiphop__hiphop.00098,hiphop,4,-59.25692367553711,8.554622650146484
full_denoised_z_hat,500,jazz__jazz.00033,jazz,5,50.72349166870117,2.7819058895111084
full_denoised_z_hat,501,jazz__jazz.00033,jazz,5,47.97217559814453,2.919410228729248
full_denoised_z_hat,502,jazz__jazz.00033,jazz,5,50.50931930541992,3.281315326690674
full_denoised_z_hat,503,jazz__jazz.00033,jazz,5,50.02151107788086,3.2531604766845703
full_denoised_z_hat,504,jazz__jazz.00033,jazz,5,49.466373443603516,1.7978646755218506
full_denoised_z_hat,505,jazz__jazz.00033,jazz,5,47.17621994018555,0.6962401270866394
full_denoised_z_hat,506,jazz__jazz.00041,jazz,5,43.20766830444336,-1.3703835010528564
full_denoised_z_hat,507,jazz__jazz.00041,jazz,5,49.882415771484375,1.8869010210037231
full_denoised_z_hat,508,jazz__jazz.00041,jazz,5,47.449947357177734,0.9538900852203369
full_denoised_z_hat,509,jazz__jazz.00041,jazz,5,46.95847702026367,0.9240174889564514
full_denoised_z_hat,510,jazz__jazz.00041,jazz,5,46.83430480957031,-0.3323442339897156
full_denoised_z_hat,511,jazz__jazz.00041,jazz,5,46.663639068603516,1.1680313348770142
full_denoised_z_hat,512,jazz__jazz.00041,jazz,5,50.39735794067383,3.922394037246704
full_denoised_z_hat,513,jazz__jazz.00041,jazz,5,49.57823944091797,2.9407567977905273
full_denoised_z_hat,514,jazz__jazz.00041,jazz,5,49.251792907714844,3.338007688522339
full_denoised_z_hat,515,jazz__jazz.00041,jazz,5,51.28422927856445,4.2690935134887695
full_denoised_z_hat,516,jazz__jazz.00046,jazz,5,50.13344192504883,2.4311890602111816
full_denoised_z_hat,517,jazz__jazz.00046,jazz,5,47.13094711303711,-0.032737888395786285
full_denoised_z_hat,518,jazz__jazz.00046,jazz,5,47.24503707885742,1.7860431671142578
full_denoised_z_hat,519,jazz__jazz.00046,jazz,5,48.959632873535156,3.627760171890259
full_denoised_z_hat,520,jazz__jazz.00046,jazz,5,45.93709182739258,0.358127623796463
full_denoised_z_hat,521,jazz__jazz.00046,jazz,5,46.58445739746094,0.597210168838501
full_denoised_z_hat,522,jazz__jazz.00046,jazz,5,49.967498779296875,4.140587329864502
full_denoised_z_hat,523,jazz__jazz.00046,jazz,5,50.299293518066406,2.4992902278900146
full_denoised_z_hat,524,jazz__jazz.00048,jazz,5,44.85431671142578,5.0252227783203125
full_denoised_z_hat,525,jazz__jazz.00048,jazz,5,47.4827880859375,6.9065470695495605
full_denoised_z_hat,526,jazz__jazz.00048,jazz,5,27.34082794189453,1.9019525051116943
full_denoised_z_hat,527,jazz__jazz.00048,jazz,5,47.0721435546875,7.1990485191345215
full_denoised_z_hat,528,jazz__jazz.00048,jazz,5,48.25598907470703,6.815276145935059
full_denoised_z_hat,529,jazz__jazz.00048,jazz,5,48.25319290161133,6.099316120147705
full_denoised_z_hat,530,jazz__jazz.00048,jazz,5,44.33551788330078,4.202307224273682
full_denoised_z_hat,531,jazz__jazz.00048,jazz,5,37.57487869262695,11.521615028381348
full_denoised_z_hat,532,jazz__jazz.00050,jazz,5,-22.552759170532227,-28.802165985107422
full_denoised_z_hat,533,jazz__jazz.00050,jazz,5,-25.790802001953125,-11.09303092956543
full_denoised_z_hat,534,jazz__jazz.00050,jazz,5,-22.520549774169922,-28.706005096435547
full_denoised_z_hat,535,jazz__jazz.00050,jazz,5,-25.991127014160156,-12.68189525604248
full_denoised_z_hat,536,jazz__jazz.00050,jazz,5,-28.73764991760254,-12.658693313598633
full_denoised_z_hat,537,jazz__jazz.00050,jazz,5,38.64339828491211,1.0626643896102905
full_denoised_z_hat,538,jazz__jazz.00050,jazz,5,-26.028125762939453,-12.661587715148926
full_denoised_z_hat,539,jazz__jazz.00050,jazz,5,-33.636680603027344,-13.628361701965332
full_denoised_z_hat,540,jazz__jazz.00050,jazz,5,-29.63399887084961,-11.630290031433105
full_denoised_z_hat,541,jazz__jazz.00059,jazz,5,47.59263610839844,4.24853515625
full_denoised_z_hat,542,jazz__jazz.00059,jazz,5,-25.783920288085938,-10.688523292541504
full_denoised_z_hat,543,jazz__jazz.00060,jazz,5,49.81198501586914,7.111910820007324
full_denoised_z_hat,544,jazz__jazz.00060,jazz,5,51.11248016357422,5.287336349487305
full_denoised_z_hat,545,jazz__jazz.00060,jazz,5,40.82284927368164,4.972947597503662
full_denoised_z_hat,546,jazz__jazz.00060,jazz,5,49.609493255615234,7.040018558502197
full_denoised_z_hat,547,jazz__jazz.00060,jazz,5,50.73169708251953,6.274740219116211
full_denoised_z_hat,548,jazz__jazz.00060,jazz,5,51.016822814941406,6.3051910400390625
full_denoised_z_hat,549,jazz__jazz.00071,jazz,5,45.702701568603516,5.011577129364014
full_denoised_z_hat,550,jazz__jazz.00071,jazz,5,48.16429138183594,4.0798020362854
full_denoised_z_hat,551,jazz__jazz.00071,jazz,5,48.034278869628906,0.9720556735992432
full_denoised_z_hat,552,jazz__jazz.00071,jazz,5,43.2328987121582,-1.151757001876831
full_denoised_z_hat,553,jazz__jazz.00071,jazz,5,49.54525375366211,4.25628137588501
full_denoised_z_hat,554,jazz__jazz.00071,jazz,5,47.617149353027344,4.550210952758789
full_denoised_z_hat,555,jazz__jazz.00071,jazz,5,49.679080963134766,3.693650484085083
full_denoised_z_hat,556,jazz__jazz.00081,jazz,5,26.893800735473633,3.291811466217041
full_denoised_z_hat,557,jazz__jazz.00081,jazz,5,27.27366065979004,3.7855443954467773
full_denoised_z_hat,558,jazz__jazz.00081,jazz,5,27.56603240966797,3.464919328689575
full_denoised_z_hat,559,jazz__jazz.00081,jazz,5,26.83955955505371,3.818037748336792
full_denoised_z_hat,560,jazz__jazz.00081,jazz,5,26.99809455871582,3.7179558277130127
full_denoised_z_hat,561,jazz__jazz.00081,jazz,5,27.771284103393555,2.820889711380005
full_denoised_z_hat,562,jazz__jazz.00081,jazz,5,45.34312438964844,6.335963249206543
full_denoised_z_hat,563,jazz__jazz.00081,jazz,5,27.319902420043945,3.437119722366333
full_denoised_z_hat,564,jazz__jazz.00081,jazz,5,27.9819393157959,3.282940149307251
full_denoised_z_hat,565,jazz__jazz.00084,jazz,5,48.29890441894531,7.22460412979126
full_denoised_z_hat,566,jazz__jazz.00084,jazz,5,46.68299865722656,6.332635879516602
full_denoised_z_hat,567,jazz__jazz.00084,jazz,5,48.71488571166992,6.342571258544922
full_denoised_z_hat,568,jazz__jazz.00084,jazz,5,48.431800842285156,6.550752639770508
full_denoised_z_hat,569,jazz__jazz.00084,jazz,5,47.77778625488281,6.645933151245117
full_denoised_z_hat,570,jazz__jazz.00084,jazz,5,50.31340789794922,6.717000961303711
full_denoised_z_hat,571,jazz__jazz.00084,jazz,5,50.52736282348633,4.839115142822266
full_denoised_z_hat,572,jazz__jazz.00084,jazz,5,49.23335647583008,6.206611156463623
full_denoised_z_hat,573,jazz__jazz.00086,jazz,5,46.76080322265625,6.393999099731445
full_denoised_z_hat,574,jazz__jazz.00086,jazz,5,40.18217086791992,5.097712516784668
full_denoised_z_hat,575,jazz__jazz.00086,jazz,5,29.64377784729004,2.877910852432251
full_denoised_z_hat,576,jazz__jazz.00086,jazz,5,41.51435470581055,4.965638160705566
full_denoised_z_hat,577,jazz__jazz.00086,jazz,5,50.16493225097656,6.493189334869385
full_denoised_z_hat,578,jazz__jazz.00091,jazz,5,47.53669357299805,6.039581298828125
full_denoised_z_hat,579,jazz__jazz.00091,jazz,5,41.439361572265625,3.1784300804138184
full_denoised_z_hat,580,jazz__jazz.00092,jazz,5,44.846771240234375,2.418858766555786
full_denoised_z_hat,581,jazz__jazz.00092,jazz,5,48.26581954956055,3.5005924701690674
full_denoised_z_hat,582,jazz__jazz.00092,jazz,5,50.17570114135742,5.394537925720215
full_denoised_z_hat,583,jazz__jazz.00092,jazz,5,48.363182067871094,1.06959068775177
full_denoised_z_hat,584,jazz__jazz.00092,jazz,5,50.776756286621094,5.37379264831543
full_denoised_z_hat,585,jazz__jazz.00092,jazz,5,47.36493682861328,3.2112767696380615
full_denoised_z_hat,586,jazz__jazz.00092,jazz,5,48.35626983642578,0.9034167528152466
full_denoised_z_hat,587,jazz__jazz.00096,jazz,5,50.4262580871582,3.6238579750061035
full_denoised_z_hat,588,jazz__jazz.00096,jazz,5,44.01963806152344,4.8223748207092285
full_denoised_z_hat,589,jazz__jazz.00096,jazz,5,51.538143157958984,4.265526294708252
full_denoised_z_hat,590,jazz__jazz.00096,jazz,5,49.15167999267578,5.139804840087891
full_denoised_z_hat,591,jazz__jazz.00096,jazz,5,42.77144241333008,-1.2833642959594727
full_denoised_z_hat,592,jazz__jazz.00096,jazz,5,48.208492279052734,1.1102986335754395
full_denoised_z_hat,593,jazz__jazz.00096,jazz,5,9.895276069641113,-5.758218765258789
full_denoised_z_hat,594,jazz__jazz.00096,jazz,5,48.31776428222656,3.5213847160339355
full_denoised_z_hat,595,jazz__jazz.00096,jazz,5,49.54168701171875,5.515662670135498
full_denoised_z_hat,596,jazz__jazz.00096,jazz,5,51.42795944213867,4.976970672607422
full_denoised_z_hat,597,jazz__jazz.00099,jazz,5,48.539512634277344,3.824636459350586
full_denoised_z_hat,598,jazz__jazz.00099,jazz,5,39.30681228637695,1.2656008005142212
full_denoised_z_hat,599,jazz__jazz.00099,jazz,5,48.01840591430664,1.08186674118042
full_denoised_z_hat,600,metal__metal.00002,metal,6,3.3194730281829834,31.277599334716797
full_denoised_z_hat,601,metal__metal.00002,metal,6,3.899759531021118,30.467802047729492
full_denoised_z_hat,602,metal__metal.00002,metal,6,3.8616280555725098,26.90220069885254
full_denoised_z_hat,603,metal__metal.00002,metal,6,3.3063156604766846,33.554656982421875
full_denoised_z_hat,604,metal__metal.00002,metal,6,3.8868727684020996,29.868839263916016
full_denoised_z_hat,605,metal__metal.00002,metal,6,3.5211472511291504,30.520038604736328
full_denoised_z_hat,606,metal__metal.00002,metal,6,4.417700290679932,29.68951416015625
full_denoised_z_hat,607,metal__metal.00002,metal,6,5.414767742156982,25.938987731933594
full_denoised_z_hat,608,metal__metal.00002,metal,6,5.144324779510498,22.574522018432617
full_denoised_z_hat,609,metal__metal.00004,metal,6,-3.5956614017486572,42.66199493408203
full_denoised_z_hat,610,metal__metal.00004,metal,6,-1.5928797721862793,42.6766471862793
full_denoised_z_hat,611,metal__metal.00004,metal,6,-1.630643606185913,36.90020751953125
full_denoised_z_hat,612,metal__metal.00004,metal,6,-3.20983624458313,40.56022644042969
full_denoised_z_hat,613,metal__metal.00004,metal,6,-3.5079050064086914,41.01749038696289
full_denoised_z_hat,614,metal__metal.00004,metal,6,-2.848663568496704,40.24333572387695
full_denoised_z_hat,615,metal__metal.00004,metal,6,-2.043574094772339,40.14959716796875
full_denoised_z_hat,616,metal__metal.00012,metal,6,-3.4299418926239014,43.6928825378418
full_denoised_z_hat,617,metal__metal.00012,metal,6,-3.1597797870635986,43.03778076171875
full_denoised_z_hat,618,metal__metal.00012,metal,6,-3.901019811630249,41.95479965209961
full_denoised_z_hat,619,metal__metal.00012,metal,6,0.8261684775352478,41.75357437133789
full_denoised_z_hat,620,metal__metal.00012,metal,6,-1.629755973815918,43.880859375
full_denoised_z_hat,621,metal__metal.00012,metal,6,-2.048616886138916,43.17546081542969
full_denoised_z_hat,622,metal__metal.00012,metal,6,-2.3177855014801025,42.77606964111328
full_denoised_z_hat,623,metal__metal.00012,metal,6,-1.4382587671279907,44.21720504760742
full_denoised_z_hat,624,metal__metal.00022,metal,6,4.409512996673584,29.052568435668945
full_denoised_z_hat,625,metal__metal.00022,metal,6,5.286522388458252,23.517282485961914
full_denoised_z_hat,626,metal__metal.00022,metal,6,5.086866855621338,23.923860549926758
full_denoised_z_hat,627,metal__metal.00022,metal,6,5.519960880279541,24.18840980529785
full_denoised_z_hat,628,metal__metal.00022,metal,6,6.44891357421875,22.99164581298828
full_denoised_z_hat,629,metal__metal.00022,metal,6,8.214118003845215,3.1963679790496826
full_denoised_z_hat,630,metal__metal.00022,metal,6,5.992895603179932,23.73787498474121
full_denoised_z_hat,631,metal__metal.00022,metal,6,5.0720696449279785,23.88698387145996
full_denoised_z_hat,632,metal__metal.00024,metal,6,0.6980092525482178,35.034828186035156
full_denoised_z_hat,633,metal__metal.00024,metal,6,0.19768479466438293,41.006988525390625
full_denoised_z_hat,634,metal__metal.00024,metal,6,2.1491100788116455,33.9073486328125
full_denoised_z_hat,635,metal__metal.00024,metal,6,-0.514956533908844,42.38577651977539
full_denoised_z_hat,636,metal__metal.00024,metal,6,0.04289856180548668,43.10674285888672
full_denoised_z_hat,637,metal__metal.00024,metal,6,0.7132763266563416,41.90922164916992
full_denoised_z_hat,638,metal__metal.00024,metal,6,0.20899300277233124,43.484676361083984
full_denoised_z_hat,639,metal__metal.00024,metal,6,0.47993990778923035,42.33327102661133
full_denoised_z_hat,640,metal__metal.00030,metal,6,5.363876819610596,7.105340480804443
full_denoised_z_hat,641,metal__metal.00030,metal,6,5.140928268432617,23.381364822387695
full_denoised_z_hat,642,metal__metal.00030,metal,6,5.380915641784668,25.924070358276367
full_denoised_z_hat,643,metal__metal.00030,metal,6,2.5808346271514893,32.18904495239258
full_denoised_z_hat,644,metal__metal.00030,metal,6,1.8999311923980713,33.00007629394531
full_denoised_z_hat,645,metal__metal.00049,metal,6,-0.41471776366233826,42.246273040771484
full_denoised_z_hat,646,metal__metal.00049,metal,6,-0.2855460047721863,44.02372741699219
full_denoised_z_hat,647,metal__metal.00049,metal,6,-0.03775125369429588,43.4824104309082
full_denoised_z_hat,648,metal__metal.00049,metal,6,-0.7618018388748169,43.36833953857422
full_denoised_z_hat,649,metal__metal.00049,metal,6,-2.4188942909240723,42.84968948364258
full_denoised_z_hat,650,metal__metal.00049,metal,6,0.628519594669342,40.54148864746094
full_denoised_z_hat,651,metal__metal.00049,metal,6,0.4073731601238251,39.244789123535156
full_denoised_z_hat,652,metal__metal.00049,metal,6,-1.0751053094863892,43.7115364074707
full_denoised_z_hat,653,metal__metal.00049,metal,6,-0.7922745943069458,38.647621154785156
full_denoised_z_hat,654,metal__metal.00051,metal,6,-2.5267562866210938,43.490020751953125
full_denoised_z_hat,655,metal__metal.00051,metal,6,-0.7866084575653076,40.73379898071289
full_denoised_z_hat,656,metal__metal.00051,metal,6,-1.8595503568649292,43.98333740234375
full_denoised_z_hat,657,metal__metal.00051,metal,6,-1.6804929971694946,42.26259994506836
full_denoised_z_hat,658,metal__metal.00051,metal,6,-2.6323487758636475,43.63325500488281
full_denoised_z_hat,659,metal__metal.00051,metal,6,-0.2685408890247345,41.147579193115234
full_denoised_z_hat,660,metal__metal.00051,metal,6,-0.7290314435958862,41.63976287841797
full_denoised_z_hat,661,metal__metal.00051,metal,6,-1.0075786113739014,42.27505874633789
full_denoised_z_hat,662,metal__metal.00052,metal,6,-1.6765248775482178,42.162445068359375
full_denoised_z_hat,663,metal__metal.00052,metal,6,-0.9486493468284607,42.81683349609375
full_denoised_z_hat,664,metal__metal.00052,metal,6,-2.669079303741455,44.024131774902344
full_denoised_z_hat,665,metal__metal.00052,metal,6,-2.852983236312866,41.697513580322266
full_denoised_z_hat,666,metal__metal.00052,metal,6,-0.873395562171936,38.8829345703125
full_denoised_z_hat,667,metal__metal.00056,metal,6,-1.4727612733840942,39.74879837036133
full_denoised_z_hat,668,metal__metal.00056,metal,6,-1.4827640056610107,42.40458297729492
full_denoised_z_hat,669,metal__metal.00056,metal,6,-1.8514389991760254,41.79596710205078
full_denoised_z_hat,670,metal__metal.00056,metal,6,-2.135521650314331,41.21896743774414
full_denoised_z_hat,671,metal__metal.00056,metal,6,-0.46132856607437134,38.58720397949219
full_denoised_z_hat,672,metal__metal.00056,metal,6,-0.430074542760849,43.116336822509766
full_denoised_z_hat,673,metal__metal.00069,metal,6,-0.435451865196228,36.73394012451172
full_denoised_z_hat,674,metal__metal.00069,metal,6,-4.399901390075684,41.42797088623047
full_denoised_z_hat,675,metal__metal.00069,metal,6,-19.50408935546875,23.809284210205078
full_denoised_z_hat,676,metal__metal.00069,metal,6,-23.69291877746582,-34.8779296875
full_denoised_z_hat,677,metal__metal.00069,metal,6,0.36611366271972656,40.426605224609375
full_denoised_z_hat,678,metal__metal.00069,metal,6,2.5607590675354004,32.56386184692383
full_denoised_z_hat,679,metal__metal.00069,metal,6,6.351869583129883,24.722904205322266
full_denoised_z_hat,680,metal__metal.00091,metal,6,6.6346354484558105,4.048261642456055
full_denoised_z_hat,681,metal__metal.00091,metal,6,7.344539165496826,3.1819169521331787
full_denoised_z_hat,682,metal__metal.00091,metal,6,-19.848377227783203,17.383148193359375
full_denoised_z_hat,683,metal__metal.00091,metal,6,7.168338298797607,4.781726837158203
full_denoised_z_hat,684,metal__metal.00091,metal,6,2.997807502746582,5.537042617797852
full_denoised_z_hat,685,metal__metal.00091,metal,6,24.74452018737793,-14.53465461730957
full_denoised_z_hat,686,metal__metal.00092,metal,6,4.299008846282959,30.003921508789062
full_denoised_z_hat,687,metal__metal.00092,metal,6,4.685850620269775,30.276676177978516
full_denoised_z_hat,688,metal__metal.00092,metal,6,5.436549186706543,23.30030059814453
full_denoised_z_hat,689,metal__metal.00092,metal,6,5.799915790557861,25.43113136291504
full_denoised_z_hat,690,metal__metal.00092,metal,6,4.437345027923584,25.685531616210938
full_denoised_z_hat,691,metal__metal.00092,metal,6,2.628392219543457,33.56941223144531
full_denoised_z_hat,692,metal__metal.00096,metal,6,-4.320277690887451,43.460304260253906
full_denoised_z_hat,693,metal__metal.00096,metal,6,2.8749141693115234,30.56835174560547
full_denoised_z_hat,694,metal__metal.00097,metal,6,25.290870666503906,-18.076339721679688
full_denoised_z_hat,695,metal__metal.00097,metal,6,28.982744216918945,-22.835704803466797
full_denoised_z_hat,696,metal__metal.00097,metal,6,1.046876072883606,40.28390884399414
full_denoised_z_hat,697,metal__metal.00097,metal,6,-0.2158626765012741,41.86796188354492
full_denoised_z_hat,698,metal__metal.00097,metal,6,1.9146865606307983,33.41726303100586
full_denoised_z_hat,699,metal__metal.00097,metal,6,2.409177780151367,33.14934539794922
full_denoised_z_hat,700,pop__pop.00003,pop,7,-38.3243522644043,-16.536558151245117
full_denoised_z_hat,701,pop__pop.00003,pop,7,-22.484806060791016,3.779322862625122
full_denoised_z_hat,702,pop__pop.00003,pop,7,-29.95490074157715,-27.552249908447266
full_denoised_z_hat,703,pop__pop.00003,pop,7,-2.742931365966797,-2.9367244243621826
full_denoised_z_hat,704,pop__pop.00003,pop,7,-31.764814376831055,-11.439512252807617
full_denoised_z_hat,705,pop__pop.00003,pop,7,-28.728866577148438,-7.908787727355957
full_denoised_z_hat,706,pop__pop.00003,pop,7,-22.86952018737793,-4.1601881980896
full_denoised_z_hat,707,pop__pop.00007,pop,7,-38.281280517578125,-14.688780784606934
full_denoised_z_hat,708,pop__pop.00007,pop,7,-31.20208740234375,-12.650312423706055
full_denoised_z_hat,709,pop__pop.00007,pop,7,-30.763916015625,-11.408785820007324
full_denoised_z_hat,710,pop__pop.00007,pop,7,-30.487154006958008,-12.05745792388916
full_denoised_z_hat,711,pop__pop.00007,pop,7,-29.669700622558594,-10.6311674118042
full_denoised_z_hat,712,pop__pop.00007,pop,7,1.6522575616836548,-26.572877883911133
full_denoised_z_hat,713,pop__pop.00007,pop,7,2.0475807189941406,-25.99530601501465
full_denoised_z_hat,714,pop__pop.00007,pop,7,32.95576858520508,25.873239517211914
full_denoised_z_hat,715,pop__pop.00015,pop,7,-40.23213195800781,-15.624078750610352
full_denoised_z_hat,716,pop__pop.00015,pop,7,-41.597694396972656,-15.161792755126953
full_denoised_z_hat,717,pop__pop.00015,pop,7,-38.91582489013672,-13.886159896850586
full_denoised_z_hat,718,pop__pop.00015,pop,7,-42.232791900634766,-12.228684425354004
full_denoised_z_hat,719,pop__pop.00015,pop,7,-41.15809631347656,-12.818845748901367
full_denoised_z_hat,720,pop__pop.00015,pop,7,-43.2177734375,-12.424242973327637
full_denoised_z_hat,721,pop__pop.00021,pop,7,-40.937294006347656,-16.491586685180664
full_denoised_z_hat,722,pop__pop.00021,pop,7,-39.81132888793945,-14.669252395629883
full_denoised_z_hat,723,pop__pop.00021,pop,7,-36.29169464111328,-12.399317741394043
full_denoised_z_hat,724,pop__pop.00021,pop,7,-38.38473129272461,-12.8617525100708
full_denoised_z_hat,725,pop__pop.00021,pop,7,-35.397342681884766,-12.00948715209961
full_denoised_z_hat,726,pop__pop.00021,pop,7,-41.168704986572266,-15.058695793151855
full_denoised_z_hat,727,pop__pop.00021,pop,7,-42.214229583740234,-12.71025562286377
full_denoised_z_hat,728,pop__pop.00021,pop,7,-40.84724807739258,-14.01908016204834
full_denoised_z_hat,729,pop__pop.00028,pop,7,-39.804359436035156,-11.69929027557373
full_denoised_z_hat,730,pop__pop.00028,pop,7,-41.75794982910156,-13.573590278625488
full_denoised_z_hat,731,pop__pop.00028,pop,7,-42.71187973022461,-15.203411102294922
full_denoised_z_hat,732,pop__pop.00028,pop,7,-39.17634201049805,-12.800971984863281
full_denoised_z_hat,733,pop__pop.00028,pop,7,-38.59214401245117,-13.148568153381348
full_denoised_z_hat,734,pop__pop.00028,pop,7,-42.457603454589844,-11.898609161376953
full_denoised_z_hat,735,pop__pop.00029,pop,7,-38.51432418823242,-16.001480102539062
full_denoised_z_hat,736,pop__pop.00029,pop,7,-39.631378173828125,-14.144580841064453
full_denoised_z_hat,737,pop__pop.00029,pop,7,-31.558807373046875,-27.25575065612793
full_denoised_z_hat,738,pop__pop.00029,pop,7,-37.74135971069336,-21.23922348022461
full_denoised_z_hat,739,pop__pop.00029,pop,7,-38.7547492980957,-15.71735668182373
full_denoised_z_hat,740,pop__pop.00029,pop,7,-43.105812072753906,-13.633155822753906
full_denoised_z_hat,741,pop__pop.00029,pop,7,-39.2540168762207,-15.707460403442383
full_denoised_z_hat,742,pop__pop.00029,pop,7,-43.2894401550293,-13.868424415588379
full_denoised_z_hat,743,pop__pop.00033,pop,7,-31.954492568969727,-11.12370491027832
full_denoised_z_hat,744,pop__pop.00033,pop,7,-30.743764877319336,-11.693214416503906
full_denoised_z_hat,745,pop__pop.00033,pop,7,-51.386051177978516,8.440001487731934
full_denoised_z_hat,746,pop__pop.00033,pop,7,-50.30843734741211,3.4051389694213867
full_denoised_z_hat,747,pop__pop.00033,pop,7,-3.0077261924743652,39.96378707885742
full_denoised_z_hat,748,pop__pop.00033,pop,7,-30.043954849243164,-7.788822650909424
full_denoised_z_hat,749,pop__pop.00033,pop,7,-22.161237716674805,-5.440055847167969
full_denoised_z_hat,750,pop__pop.00033,pop,7,-27.242019653320312,-7.047540664672852
full_denoised_z_hat,751,pop__pop.00034,pop,7,-39.174163818359375,-16.98317527770996
full_denoised_z_hat,752,pop__pop.00034,pop,7,-41.89299392700195,-14.400123596191406
full_denoised_z_hat,753,pop__pop.00034,pop,7,-40.61418151855469,-13.052184104919434
full_denoised_z_hat,754,pop__pop.00034,pop,7,-39.97686004638672,-17.106321334838867
full_denoised_z_hat,755,pop__pop.00034,pop,7,-41.20363998413086,-15.579872131347656
full_denoised_z_hat,756,pop__pop.00034,pop,7,-41.10072708129883,-13.298393249511719
full_denoised_z_hat,757,pop__pop.00034,pop,7,-40.2139778137207,-11.284388542175293
full_denoised_z_hat,758,pop__pop.00035,pop,7,-42.98897933959961,-13.983733177185059
full_denoised_z_hat,759,pop__pop.00035,pop,7,-42.48841094970703,-12.232612609863281
full_denoised_z_hat,760,pop__pop.00035,pop,7,-34.780635833740234,-10.921680450439453
full_denoised_z_hat,761,pop__pop.00035,pop,7,-36.29005813598633,-13.998249053955078
full_denoised_z_hat,762,pop__pop.00035,pop,7,-41.89450454711914,-16.102619171142578
full_denoised_z_hat,763,pop__pop.00038,pop,7,-41.12771224975586,-16.084083557128906
full_denoised_z_hat,764,pop__pop.00038,pop,7,-41.06992721557617,-13.584415435791016
full_denoised_z_hat,765,pop__pop.00038,pop,7,-41.61184310913086,-14.380496978759766
full_denoised_z_hat,766,pop__pop.00038,pop,7,-43.587623596191406,-14.230294227600098
full_denoised_z_hat,767,pop__pop.00039,pop,7,-43.73468780517578,-14.48298454284668
full_denoised_z_hat,768,pop__pop.00039,pop,7,-42.84668731689453,-15.148788452148438
full_denoised_z_hat,769,pop__pop.00039,pop,7,-42.553924560546875,-14.587053298950195
full_denoised_z_hat,770,pop__pop.00039,pop,7,-38.38590621948242,-15.684954643249512
full_denoised_z_hat,771,pop__pop.00039,pop,7,-42.46700668334961,-14.450216293334961
full_denoised_z_hat,772,pop__pop.00039,pop,7,-39.65510559082031,-12.712180137634277
full_denoised_z_hat,773,pop__pop.00039,pop,7,-43.509010314941406,-13.117305755615234
full_denoised_z_hat,774,pop__pop.00039,pop,7,-40.79680252075195,-11.783220291137695
full_denoised_z_hat,775,pop__pop.00045,pop,7,-60.33821487426758,7.1456618309021
full_denoised_z_hat,776,pop__pop.00045,pop,7,-37.98230743408203,-17.946510314941406
full_denoised_z_hat,777,pop__pop.00045,pop,7,-38.54255676269531,-16.893112182617188
full_denoised_z_hat,778,pop__pop.00045,pop,7,-56.13968276977539,1.891261339187622
full_denoised_z_hat,779,pop__pop.00045,pop,7,-39.66175079345703,-16.009220123291016
full_denoised_z_hat,780,pop__pop.00049,pop,7,-37.87238311767578,-10.761669158935547
full_denoised_z_hat,781,pop__pop.00049,pop,7,-41.82313537597656,-11.827678680419922
full_denoised_z_hat,782,pop__pop.00049,pop,7,-20.804527282714844,7.895700931549072
full_denoised_z_hat,783,pop__pop.00049,pop,7,-32.45479202270508,-9.317645072937012
full_denoised_z_hat,784,pop__pop.00049,pop,7,-40.30860900878906,-11.572875022888184
full_denoised_z_hat,785,pop__pop.00049,pop,7,-39.3729362487793,-11.159536361694336
full_denoised_z_hat,786,pop__pop.00049,pop,7,-40.80866241455078,-13.499568939208984
full_denoised_z_hat,787,pop__pop.00079,pop,7,26.751047134399414,2.9432528018951416
full_denoised_z_hat,788,pop__pop.00079,pop,7,0.13790500164031982,-3.0263679027557373
full_denoised_z_hat,789,pop__pop.00079,pop,7,37.25249099731445,11.124452590942383
full_denoised_z_hat,790,pop__pop.00079,pop,7,37.4577522277832,11.323885917663574
full_denoised_z_hat,791,pop__pop.00081,pop,7,0.597230076789856,-31.189348220825195
full_denoised_z_hat,792,pop__pop.00081,pop,7,0.4949600100517273,-31.38629722595215
full_denoised_z_hat,793,pop__pop.00081,pop,7,-6.668395042419434,-24.718997955322266
full_denoised_z_hat,794,pop__pop.00081,pop,7,-5.348796844482422,-24.238555908203125
full_denoised_z_hat,795,pop__pop.00081,pop,7,-2.809232234954834,-8.914222717285156
full_denoised_z_hat,796,pop__pop.00081,pop,7,0.7225556373596191,-31.987815856933594
full_denoised_z_hat,797,pop__pop.00081,pop,7,1.9579801559448242,-32.908668518066406
full_denoised_z_hat,798,pop__pop.00081,pop,7,0.7380667924880981,-30.34276008605957
full_denoised_z_hat,799,pop__pop.00081,pop,7,-1.0569151639938354,-30.01771354675293
full_denoised_z_hat,800,reggae__reggae.00029,reggae,8,-20.653100967407227,-41.52747344970703
full_denoised_z_hat,801,reggae__reggae.00029,reggae,8,-24.031965255737305,-39.64643859863281
full_denoised_z_hat,802,reggae__reggae.00029,reggae,8,-21.728958129882812,-42.17224884033203
full_denoised_z_hat,803,reggae__reggae.00029,reggae,8,-22.0071964263916,-42.27143478393555
full_denoised_z_hat,804,reggae__reggae.00029,reggae,8,-20.747325897216797,-38.963253021240234
full_denoised_z_hat,805,reggae__reggae.00029,reggae,8,-20.983800888061523,-41.9245491027832
full_denoised_z_hat,806,reggae__reggae.00029,reggae,8,-20.590608596801758,-42.604671478271484
full_denoised_z_hat,807,reggae__reggae.00029,reggae,8,-23.057209014892578,-42.84586715698242
full_denoised_z_hat,808,reggae__reggae.00029,reggae,8,-20.22760581970215,-39.04024887084961
full_denoised_z_hat,809,reggae__reggae.00029,reggae,8,-22.534069061279297,-41.49433898925781
full_denoised_z_hat,810,reggae__reggae.00034,reggae,8,7.6190104484558105,-5.33017635345459
full_denoised_z_hat,811,reggae__reggae.00034,reggae,8,-24.529945373535156,-40.24712371826172
full_denoised_z_hat,812,reggae__reggae.00034,reggae,8,-22.871150970458984,-35.306854248046875
full_denoised_z_hat,813,reggae__reggae.00034,reggae,8,-21.84203338623047,-40.53682327270508
full_denoised_z_hat,814,reggae__reggae.00034,reggae,8,-22.879072189331055,-38.29987335205078
full_denoised_z_hat,815,reggae__reggae.00034,reggae,8,-6.922185897827148,5.501767635345459
full_denoised_z_hat,816,reggae__reggae.00034,reggae,8,2.0716238021850586,5.5620574951171875
full_denoised_z_hat,817,reggae__reggae.00034,reggae,8,-18.960601806640625,-38.2850227355957
full_denoised_z_hat,818,reggae__reggae.00035,reggae,8,-24.829999923706055,-40.45258712768555
full_denoised_z_hat,819,reggae__reggae.00035,reggae,8,-23.884387969970703,-39.72461700439453
full_denoised_z_hat,820,reggae__reggae.00035,reggae,8,-22.959993362426758,-38.81709289550781
full_denoised_z_hat,821,reggae__reggae.00035,reggae,8,-23.749364852905273,-36.893917083740234
full_denoised_z_hat,822,reggae__reggae.00035,reggae,8,-21.065048217773438,-39.919593811035156
full_denoised_z_hat,823,reggae__reggae.00035,reggae,8,-21.801660537719727,-42.68397903442383
full_denoised_z_hat,824,reggae__reggae.00035,reggae,8,-21.581008911132812,-43.254844665527344
full_denoised_z_hat,825,reggae__reggae.00040,reggae,8,7.788054943084717,-5.402885913848877
full_denoised_z_hat,826,reggae__reggae.00040,reggae,8,4.275313854217529,5.811117172241211
full_denoised_z_hat,827,reggae__reggae.00040,reggae,8,9.994186401367188,-5.328686237335205
full_denoised_z_hat,828,reggae__reggae.00040,reggae,8,5.146552562713623,5.378983497619629
full_denoised_z_hat,829,reggae__reggae.00040,reggae,8,9.306407928466797,-4.217787265777588
full_denoised_z_hat,830,reggae__reggae.00040,reggae,8,9.406158447265625,-4.42603063583374
full_denoised_z_hat,831,reggae__reggae.00040,reggae,8,9.810199737548828,-7.2317280769348145
full_denoised_z_hat,832,reggae__reggae.00040,reggae,8,9.558390617370605,-5.196152210235596
full_denoised_z_hat,833,reggae__reggae.00047,reggae,8,-22.48387908935547,-42.11543655395508
full_denoised_z_hat,834,reggae__reggae.00047,reggae,8,-22.441463470458984,-39.79042434692383
full_denoised_z_hat,835,reggae__reggae.00047,reggae,8,-19.361207962036133,-37.585445404052734
full_denoised_z_hat,836,reggae__reggae.00047,reggae,8,-19.9260311126709,-40.81686782836914
full_denoised_z_hat,837,reggae__reggae.00047,reggae,8,-21.759429931640625,-41.14321517944336
full_denoised_z_hat,838,reggae__reggae.00049,reggae,8,-2.0254483222961426,-3.258528232574463
full_denoised_z_hat,839,reggae__reggae.00049,reggae,8,-1.2928268909454346,-3.101684331893921
full_denoised_z_hat,840,reggae__reggae.00049,reggae,8,-0.4700767397880554,-2.6105830669403076
full_denoised_z_hat,841,reggae__reggae.00049,reggae,8,-0.3856504261493683,-2.54770827293396
full_denoised_z_hat,842,reggae__reggae.00049,reggae,8,0.31840795278549194,-2.0712807178497314
full_denoised_z_hat,843,reggae__reggae.00049,reggae,8,-0.7797049283981323,-2.91839337348938
full_denoised_z_hat,844,reggae__reggae.00049,reggae,8,-0.8887796998023987,-2.666731834411621
full_denoised_z_hat,845,reggae__reggae.00062,reggae,8,-21.77273178100586,-42.04904556274414
full_denoised_z_hat,846,reggae__reggae.00062,reggae,8,-20.906879425048828,-41.30885314941406
full_denoised_z_hat,847,reggae__reggae.00062,reggae,8,-23.137353897094727,-39.50798797607422
full_denoised_z_hat,848,reggae__reggae.00062,reggae,8,-21.26296615600586,-41.109825134277344
full_denoised_z_hat,849,reggae__reggae.00062,reggae,8,-22.01059341430664,-41.12303161621094
full_denoised_z_hat,850,reggae__reggae.00062,reggae,8,-20.856069564819336,-40.647438049316406
full_denoised_z_hat,851,reggae__reggae.00062,reggae,8,-23.205440521240234,-39.16714859008789
full_denoised_z_hat,852,reggae__reggae.00062,reggae,8,-22.78632164001465,-40.76139831542969
full_denoised_z_hat,853,reggae__reggae.00062,reggae,8,-21.46498680114746,-39.35396957397461
full_denoised_z_hat,854,reggae__reggae.00064,reggae,8,-21.60578155517578,-42.80982971191406
full_denoised_z_hat,855,reggae__reggae.00064,reggae,8,-22.09427833557129,-40.88211441040039
full_denoised_z_hat,856,reggae__reggae.00064,reggae,8,-24.4141902923584,-40.854530334472656
full_denoised_z_hat,857,reggae__reggae.00064,reggae,8,-24.58436393737793,-39.51092529296875
full_denoised_z_hat,858,reggae__reggae.00064,reggae,8,-24.062227249145508,-33.95695495605469
full_denoised_z_hat,859,reggae__reggae.00064,reggae,8,-24.169462203979492,-34.01690673828125
full_denoised_z_hat,860,reggae__reggae.00065,reggae,8,-54.47252655029297,7.05095100402832
full_denoised_z_hat,861,reggae__reggae.00065,reggae,8,-56.25165557861328,2.184079647064209
full_denoised_z_hat,862,reggae__reggae.00065,reggae,8,-28.91765785217285,-26.462587356567383
full_denoised_z_hat,863,reggae__reggae.00065,reggae,8,-28.26296043395996,-29.10244369506836
full_denoised_z_hat,864,reggae__reggae.00065,reggae,8,-30.14422607421875,-27.692989349365234
full_denoised_z_hat,865,reggae__reggae.00065,reggae,8,-56.581199645996094,3.8867342472076416
full_denoised_z_hat,866,reggae__reggae.00065,reggae,8,-54.911869049072266,5.551192283630371
full_denoised_z_hat,867,reggae__reggae.00065,reggae,8,-54.80924606323242,4.15566349029541
full_denoised_z_hat,868,reggae__reggae.00071,reggae,8,-29.9219970703125,-27.679304122924805
full_denoised_z_hat,869,reggae__reggae.00071,reggae,8,-28.921863555908203,-26.622894287109375
full_denoised_z_hat,870,reggae__reggae.00071,reggae,8,-25.044294357299805,-39.86287307739258
full_denoised_z_hat,871,reggae__reggae.00071,reggae,8,-24.89260482788086,-41.25419235229492
full_denoised_z_hat,872,reggae__reggae.00076,reggae,8,-36.87500762939453,-18.191539764404297
full_denoised_z_hat,873,reggae__reggae.00076,reggae,8,-56.7830696105957,2.4643821716308594
full_denoised_z_hat,874,reggae__reggae.00076,reggae,8,-37.010719299316406,-18.226408004760742
full_denoised_z_hat,875,reggae__reggae.00076,reggae,8,-31.53482437133789,-27.158933639526367
full_denoised_z_hat,876,reggae__reggae.00076,reggae,8,-37.64153289794922,-21.1887149810791
full_denoised_z_hat,877,reggae__reggae.00090,reggae,8,-19.91974639892578,-41.75700378417969
full_denoised_z_hat,878,reggae__reggae.00090,reggae,8,-21.780372619628906,-39.49454879760742
full_denoised_z_hat,879,reggae__reggae.00090,reggae,8,-22.946443557739258,-41.40884780883789
full_denoised_z_hat,880,reggae__reggae.00090,reggae,8,-22.391937255859375,-41.80516815185547
full_denoised_z_hat,881,reggae__reggae.00090,reggae,8,-23.198854446411133,-40.096397399902344
full_denoised_z_hat,882,reggae__reggae.00090,reggae,8,-23.13188362121582,-38.10442352294922
full_denoised_z_hat,883,reggae__reggae.00090,reggae,8,-20.039337158203125,-40.62248229980469
full_denoised_z_hat,884,reggae__reggae.00091,reggae,8,-24.32839012145996,-39.19770431518555
full_denoised_z_hat,885,reggae__reggae.00091,reggae,8,-20.47615623474121,-36.72111129760742
full_denoised_z_hat,886,reggae__reggae.00091,reggae,8,-4.202495574951172,-23.29890251159668
full_denoised_z_hat,887,reggae__reggae.00091,reggae,8,-4.464367866516113,-23.542104721069336
full_denoised_z_hat,888,reggae__reggae.00091,reggae,8,-4.726498603820801,-22.843547821044922
full_denoised_z_hat,889,reggae__reggae.00092,reggae,8,-21.620784759521484,-40.16963195800781
full_denoised_z_hat,890,reggae__reggae.00092,reggae,8,-21.097124099731445,-35.842315673828125
full_denoised_z_hat,891,reggae__reggae.00092,reggae,8,-21.052431106567383,-35.52885818481445
full_denoised_z_hat,892,reggae__reggae.00092,reggae,8,-20.15127182006836,-35.314144134521484
full_denoised_z_hat,893,reggae__reggae.00092,reggae,8,-6.184336185455322,-23.920387268066406
full_denoised_z_hat,894,reggae__reggae.00092,reggae,8,-6.197422504425049,-24.270784378051758
full_denoised_z_hat,895,reggae__reggae.00092,reggae,8,-21.081893920898438,-35.68364715576172
full_denoised_z_hat,896,reggae__reggae.00092,reggae,8,-21.767147064208984,-39.34815979003906
full_denoised_z_hat,897,reggae__reggae.00092,reggae,8,-21.65214729309082,-35.45382308959961
full_denoised_z_hat,898,reggae__reggae.00092,reggae,8,-22.358469009399414,-35.09335708618164
full_denoised_z_hat,899,reggae__reggae.00092,reggae,8,-19.65145492553711,-40.050479888916016
full_denoised_z_hat,900,rock__rock.00000,rock,9,2.407022476196289,32.999053955078125
full_denoised_z_hat,901,rock__rock.00000,rock,9,6.227520942687988,24.37952423095703
full_denoised_z_hat,902,rock__rock.00000,rock,9,26.243070602416992,-14.587522506713867
full_denoised_z_hat,903,rock__rock.00000,rock,9,18.240842819213867,-13.70200252532959
full_denoised_z_hat,904,rock__rock.00000,rock,9,7.4972124099731445,3.2106738090515137
full_denoised_z_hat,905,rock__rock.00000,rock,9,26.27305030822754,1.70248544216156
full_denoised_z_hat,906,rock__rock.00000,rock,9,7.580269813537598,2.587675094604492
full_denoised_z_hat,907,rock__rock.00000,rock,9,9.348390579223633,-3.9098827838897705
full_denoised_z_hat,908,rock__rock.00000,rock,9,8.79137134552002,3.336397409439087
full_denoised_z_hat,909,rock__rock.00003,rock,9,26.80995750427246,-15.545758247375488
full_denoised_z_hat,910,rock__rock.00003,rock,9,24.454498291015625,-18.01451301574707
full_denoised_z_hat,911,rock__rock.00003,rock,9,25.115583419799805,-20.214000701904297
full_denoised_z_hat,912,rock__rock.00003,rock,9,34.43395233154297,-23.212646484375
full_denoised_z_hat,913,rock__rock.00003,rock,9,23.43256950378418,-19.690698623657227
full_denoised_z_hat,914,rock__rock.00003,rock,9,28.362199783325195,-15.488325119018555
full_denoised_z_hat,915,rock__rock.00008,rock,9,3.6655116081237793,28.192703247070312
full_denoised_z_hat,916,rock__rock.00008,rock,9,3.6941468715667725,28.15180778503418
full_denoised_z_hat,917,rock__rock.00008,rock,9,3.781559705734253,28.747791290283203
full_denoised_z_hat,918,rock__rock.00008,rock,9,4.157276153564453,27.400310516357422
full_denoised_z_hat,919,rock__rock.00008,rock,9,4.657590866088867,26.547866821289062
full_denoised_z_hat,920,rock__rock.00008,rock,9,5.93040132522583,23.060340881347656
full_denoised_z_hat,921,rock__rock.00008,rock,9,4.0911784172058105,28.268884658813477
full_denoised_z_hat,922,rock__rock.00032,rock,9,-0.16699805855751038,-18.406902313232422
full_denoised_z_hat,923,rock__rock.00032,rock,9,-20.712379455566406,-6.0187153816223145
full_denoised_z_hat,924,rock__rock.00034,rock,9,-2.248723268508911,-8.513740539550781
full_denoised_z_hat,925,rock__rock.00034,rock,9,0.6270366907119751,-29.43429183959961
full_denoised_z_hat,926,rock__rock.00034,rock,9,-1.2979525327682495,-9.279911041259766
full_denoised_z_hat,927,rock__rock.00034,rock,9,1.1744650602340698,-24.865314483642578
full_denoised_z_hat,928,rock__rock.00034,rock,9,2.6877200603485107,-32.224918365478516
full_denoised_z_hat,929,rock__rock.00034,rock,9,0.6383731365203857,-19.007015228271484
full_denoised_z_hat,930,rock__rock.00039,rock,9,-1.6195552349090576,-8.2664155960083
full_denoised_z_hat,931,rock__rock.00039,rock,9,-12.476548194885254,1.3303320407867432
full_denoised_z_hat,932,rock__rock.00039,rock,9,-26.808298110961914,-8.099794387817383
full_denoised_z_hat,933,rock__rock.00039,rock,9,-20.62925148010254,-4.48525857925415
full_denoised_z_hat,934,rock__rock.00044,rock,9,3.5183708667755127,-34.853424072265625
full_denoised_z_hat,935,rock__rock.00044,rock,9,0.9113407731056213,-32.64353561401367
full_denoised_z_hat,936,rock__rock.00044,rock,9,-25.60194206237793,-12.392781257629395
full_denoised_z_hat,937,rock__rock.00044,rock,9,-12.292801856994629,3.0176756381988525
full_denoised_z_hat,938,rock__rock.00044,rock,9,-13.674164772033691,2.1720001697540283
full_denoised_z_hat,939,rock__rock.00044,rock,9,-21.26177978515625,-3.7073192596435547
full_denoised_z_hat,940,rock__rock.00044,rock,9,-20.580476760864258,-4.567218780517578
full_denoised_z_hat,941,rock__rock.00048,rock,9,6.1724724769592285,2.3287034034729004
full_denoised_z_hat,942,rock__rock.00048,rock,9,6.135270595550537,1.8233397006988525
full_denoised_z_hat,943,rock__rock.00048,rock,9,5.30141019821167,2.786851644515991
full_denoised_z_hat,944,rock__rock.00048,rock,9,9.09756851196289,-3.3181796073913574
full_denoised_z_hat,945,rock__rock.00048,rock,9,0.23951882123947144,-2.557156801223755
full_denoised_z_hat,946,rock__rock.00048,rock,9,6.741162300109863,0.7785740494728088
full_denoised_z_hat,947,rock__rock.00048,rock,9,-1.8715208768844604,-7.021348476409912
full_denoised_z_hat,948,rock__rock.00049,rock,9,8.573286056518555,-23.194171905517578
full_denoised_z_hat,949,rock__rock.00049,rock,9,3.8483567237854004,-26.5971622467041
full_denoised_z_hat,950,rock__rock.00049,rock,9,2.3923654556274414,-30.18596839904785
full_denoised_z_hat,951,rock__rock.00049,rock,9,1.225218415260315,-18.593034744262695
full_denoised_z_hat,952,rock__rock.00049,rock,9,2.4695539474487305,-30.373430252075195
full_denoised_z_hat,953,rock__rock.00049,rock,9,3.5209662914276123,-33.643699645996094
full_denoised_z_hat,954,rock__rock.00049,rock,9,1.2056958675384521,-32.368675231933594
full_denoised_z_hat,955,rock__rock.00049,rock,9,-1.219874382019043,-30.27924919128418
full_denoised_z_hat,956,rock__rock.00049,rock,9,-30.56071662902832,-10.342397689819336
full_denoised_z_hat,957,rock__rock.00049,rock,9,-30.89898681640625,-11.655620574951172
full_denoised_z_hat,958,rock__rock.00050,rock,9,-20.895004272460938,-4.750696182250977
full_denoised_z_hat,959,rock__rock.00050,rock,9,-22.61381721496582,-4.8534255027771
full_denoised_z_hat,960,rock__rock.00050,rock,9,-23.90431785583496,-5.145405292510986
full_denoised_z_hat,961,rock__rock.00050,rock,9,-13.492816925048828,3.1002447605133057
full_denoised_z_hat,962,rock__rock.00050,rock,9,-13.625911712646484,2.9444003105163574
full_denoised_z_hat,963,rock__rock.00050,rock,9,-13.726049423217773,2.126894474029541
full_denoised_z_hat,964,rock__rock.00050,rock,9,-13.330936431884766,2.4424099922180176
full_denoised_z_hat,965,rock__rock.00050,rock,9,-20.49843978881836,-2.891406297683716
full_denoised_z_hat,966,rock__rock.00054,rock,9,-20.18303871154785,-4.57066011428833
full_denoised_z_hat,967,rock__rock.00054,rock,9,-1.9138610363006592,-3.419177293777466
full_denoised_z_hat,968,rock__rock.00054,rock,9,-0.5232178568840027,-3.687523603439331
full_denoised_z_hat,969,rock__rock.00054,rock,9,-1.3774778842926025,-9.190825462341309
full_denoised_z_hat,970,rock__rock.00054,rock,9,3.714625597000122,-30.41143798828125
full_denoised_z_hat,971,rock__rock.00054,rock,9,-0.2957066297531128,-23.402450561523438
full_denoised_z_hat,972,rock__rock.00054,rock,9,-2.9124865531921387,-7.0401201248168945
full_denoised_z_hat,973,rock__rock.00054,rock,9,-2.363147735595703,-3.7280712127685547
full_denoised_z_hat,974,rock__rock.00054,rock,9,-1.990740180015564,-7.367127895355225
full_denoised_z_hat,975,rock__rock.00054,rock,9,-5.71506929397583,-4.836452007293701
full_denoised_z_hat,976,rock__rock.00080,rock,9,3.5772647857666016,6.019472122192383
full_denoised_z_hat,977,rock__rock.00080,rock,9,3.5168144702911377,5.2147722244262695
full_denoised_z_hat,978,rock__rock.00080,rock,9,6.344455242156982,5.125436305999756
full_denoised_z_hat,979,rock__rock.00080,rock,9,-10.669615745544434,7.627906322479248
full_denoised_z_hat,980,rock__rock.00080,rock,9,2.0407328605651855,6.002887725830078
full_denoised_z_hat,981,rock__rock.00085,rock,9,25.400707244873047,26.682065963745117
full_denoised_z_hat,982,rock__rock.00085,rock,9,9.260736465454102,-3.393501043319702
full_denoised_z_hat,983,rock__rock.00085,rock,9,7.320868492126465,4.566612243652344
full_denoised_z_hat,984,rock__rock.00085,rock,9,1.8947718143463135,-18.076934814453125
full_denoised_z_hat,985,rock__rock.00085,rock,9,25.266199111938477,26.592208862304688
full_denoised_z_hat,986,rock__rock.00085,rock,9,31.287458419799805,30.404205322265625
full_denoised_z_hat,987,rock__rock.00086,rock,9,-26.011075973510742,23.95355224609375
full_denoised_z_hat,988,rock__rock.00086,rock,9,-10.991170883178711,7.293895244598389
full_denoised_z_hat,989,rock__rock.00086,rock,9,-9.996304512023926,7.284634590148926
full_denoised_z_hat,990,rock__rock.00086,rock,9,-25.400798797607422,23.04485511779785
full_denoised_z_hat,991,rock__rock.00092,rock,9,3.503960609436035,24.912734985351562
full_denoised_z_hat,992,rock__rock.00092,rock,9,4.226375579833984,24.872159957885742
full_denoised_z_hat,993,rock__rock.00092,rock,9,4.479247093200684,7.181821823120117
full_denoised_z_hat,994,rock__rock.00092,rock,9,4.3873090744018555,5.561855792999268
full_denoised_z_hat,995,rock__rock.00092,rock,9,3.54982328414917,26.166179656982422
full_denoised_z_hat,996,rock__rock.00092,rock,9,4.647675514221191,6.590917110443115
full_denoised_z_hat,997,rock__rock.00092,rock,9,3.6452367305755615,25.433734893798828
full_denoised_z_hat,998,rock__rock.00092,rock,9,4.054136276245117,24.442222595214844
full_denoised_z_hat,999,rock__rock.00092,rock,9,4.576902866363525,7.158451557159424
