model,song_id,genre,segment_index,true_label,pred_label,correct,confidence,mel_path
cnn,blues__blues.00000,blues,0,blues,blues,1,0.5270103812217712,E:\dl\mel_cache\lm3_base_v1\test\blues\blues.00000__03000ms__0000.npy
cnn,blues__blues.00000,blues,1,blues,blues,1,0.49310368299484253,E:\dl\mel_cache\lm3_base_v1\test\blues\blues.00000__03000ms__0001.npy
cnn,blues__blues.00000,blues,2,blues,rock,0,0.6175985932350159,E:\dl\mel_cache\lm3_base_v1\test\blues\blues.00000__03000ms__0002.npy
cnn,blues__blues.00000,blues,3,blues,rock,0,0.6531625986099243,E:\dl\mel_cache\lm3_base_v1\test\blues\blues.00000__03000ms__0003.npy
cnn,blues__blues.00000,blues,4,blues,blues,1,0.32484757900238037,E:\dl\mel_cache\lm3_base_v1\test\blues\blues.00000__03000ms__0004.npy
cnn,blues__blues.00000,blues,5,blues,blues,1,0.4941776394844055,E:\dl\mel_cache\lm3_base_v1\test\blues\blues.00000__03000ms__0005.npy
cnn,blues__blues.00000,blues,6,blues,rock,0,0.7761598825454712,E:\dl\mel_cache\lm3_base_v1\test\blues\blues.00000__03000ms__0006.npy
cnn,blues__blues.00000,blues,7,blues,rock,0,0.47495684027671814,E:\dl\mel_cache\lm3_base_v1\test\blues\blues.00000__03000ms__0007.npy
cnn,blues__blues.00000,blues,8,blues,rock,0,0.41179442405700684,E:\dl\mel_cache\lm3_base_v1\test\blues\blues.00000__03000ms__0008.npy
cnn,blues__blues.00000,blues,9,blues,rock,0,0.8322412967681885,E:\dl\mel_cache\lm3_base_v1\test\blues\blues.00000__03000ms__0009.npy
cnn,blues__blues.00000,blues,10,blues,rock,0,0.9359220862388611,E:\dl\mel_cache\lm3_base_v1\test\blues\blues.00000__03000ms__0010.npy
cnn,blues__blues.00000,blues,11,blues,rock,0,0.900554358959198,E:\dl\mel_cache\lm3_base_v1\test\blues\blues.00000__03000ms__0011.npy
cnn,blues__blues.00000,blues,12,blues,rock,0,0.5516937375068665,E:\dl\mel_cache\lm3_base_v1\test\blues\blues.00000__03000ms__0012.npy
cnn,blues__blues.00000,blues,13,blues,rock,0,0.8645185232162476,E:\dl\mel_cache\lm3_base_v1\test\blues\blues.00000__03000ms__0013.npy
cnn,blues__blues.00000,blues,14,blues,rock,0,0.7942432165145874,E:\dl\mel_cache\lm3_base_v1\test\blues\blues.00000__03000ms__0014.npy
cnn,blues__blues.00000,blues,15,blues,blues,1,0.522077202796936,E:\dl\mel_cache\lm3_base_v1\test\blues\blues.00000__03000ms__0015.npy
cnn,blues__blues.00000,blues,16,blues,rock,0,0.6224853992462158,E:\dl\mel_cache\lm3_base_v1\test\blues\blues.00000__03000ms__0016.npy
cnn,blues__blues.00000,blues,17,blues,rock,0,0.4871666431427002,E:\dl\mel_cache\lm3_base_v1\test\blues\blues.00000__03000ms__0017.npy
cnn,blues__blues.00000,blues,18,blues,blues,1,0.5770182609558105,E:\dl\mel_cache\lm3_base_v1\test\blues\blues.00000__03000ms__0018.npy
cnn,blues__blues.00000,blues,19,blues,blues,1,0.5514116883277893,E:\dl\mel_cache\lm3_base_v1\test\blues\blues.00000__03000ms__0019.npy
cnn,blues__blues.00001,blues,0,blues,blues,1,0.9424191117286682,E:\dl\mel_cache\lm3_base_v1\test\blues\blues.00001__03000ms__0000.npy
cnn,blues__blues.00001,blues,1,blues,blues,1,0.6527084112167358,E:\dl\mel_cache\lm3_base_v1\test\blues\blues.00001__03000ms__0001.npy
cnn,blues__blues.00001,blues,2,blues,blues,1,0.5420510172843933,E:\dl\mel_cache\lm3_base_v1\test\blues\blues.00001__03000ms__0002.npy
cnn,blues__blues.00001,blues,3,blues,blues,1,0.6763169169425964,E:\dl\mel_cache\lm3_base_v1\test\blues\blues.00001__03000ms__0003.npy
cnn,blues__blues.00001,blues,4,blues,blues,1,0.6021763682365417,E:\dl\mel_cache\lm3_base_v1\test\blues\blues.00001__03000ms__0004.npy
cnn,blues__blues.00001,blues,5,blues,blues,1,0.6153150796890259,E:\dl\mel_cache\lm3_base_v1\test\blues\blues.00001__03000ms__0005.npy
cnn,blues__blues.00001,blues,6,blues,blues,1,0.5719248056411743,E:\dl\mel_cache\lm3_base_v1\test\blues\blues.00001__03000ms__0006.npy
cnn,blues__blues.00001,blues,7,blues,rock,0,0.537733256816864,E:\dl\mel_cache\lm3_base_v1\test\blues\blues.00001__03000ms__0007.npy
cnn,blues__blues.00001,blues,8,blues,blues,1,0.6115368604660034,E:\dl\mel_cache\lm3_base_v1\test\blues\blues.00001__03000ms__0008.npy
cnn,blues__blues.00001,blues,9,blues,blues,1,0.9006334543228149,E:\dl\mel_cache\lm3_base_v1\test\blues\blues.00001__03000ms__0009.npy
cnn,blues__blues.00001,blues,10,blues,blues,1,0.9179030656814575,E:\dl\mel_cache\lm3_base_v1\test\blues\blues.00001__03000ms__0010.npy
cnn,blues__blues.00001,blues,11,blues,blues,1,0.9340603351593018,E:\dl\mel_cache\lm3_base_v1\test\blues\blues.00001__03000ms__0011.npy
cnn,blues__blues.00001,blues,12,blues,blues,1,0.8996865153312683,E:\dl\mel_cache\lm3_base_v1\test\blues\blues.00001__03000ms__0012.npy
cnn,blues__blues.00001,blues,13,blues,blues,1,0.8259435296058655,E:\dl\mel_cache\lm3_base_v1\test\blues\blues.00001__03000ms__0013.npy
cnn,blues__blues.00001,blues,14,blues,blues,1,0.8514634966850281,E:\dl\mel_cache\lm3_base_v1\test\blues\blues.00001__03000ms__0014.npy
cnn,blues__blues.00001,blues,15,blues,blues,1,0.8673827648162842,E:\dl\mel_cache\lm3_base_v1\test\blues\blues.00001__03000ms__0015.npy
cnn,blues__blues.00001,blues,16,blues,blues,1,0.863219141960144,E:\dl\mel_cache\lm3_base_v1\test\blues\blues.00001__03000ms__0016.npy
cnn,blues__blues.00001,blues,17,blues,blues,1,0.66890949010849,E:\dl\mel_cache\lm3_base_v1\test\blues\blues.00001__03000ms__0017.npy
cnn,blues__blues.00001,blues,18,blues,blues,1,0.9313380122184753,E:\dl\mel_cache\lm3_base_v1\test\blues\blues.00001__03000ms__0018.npy
cnn,blues__blues.00001,blues,19,blues,blues,1,0.9194844961166382,E:\dl\mel_cache\lm3_base_v1\test\blues\blues.00001__03000ms__0019.npy
cnn,blues__blues.00009,blues,0,blues,blues,1,0.677399754524231,E:\dl\mel_cache\lm3_base_v1\test\blues\blues.00009__03000ms__0000.npy
cnn,blues__blues.00009,blues,1,blues,rock,0,0.4504443109035492,E:\dl\mel_cache\lm3_base_v1\test\blues\blues.00009__03000ms__0001.npy
cnn,blues__blues.00009,blues,2,blues,blues,1,0.3397621512413025,E:\dl\mel_cache\lm3_base_v1\test\blues\blues.00009__03000ms__0002.npy
cnn,blues__blues.00009,blues,3,blues,blues,1,0.5350181460380554,E:\dl\mel_cache\lm3_base_v1\test\blues\blues.00009__03000ms__0003.npy
cnn,blues__blues.00009,blues,4,blues,jazz,0,0.6270045042037964,E:\dl\mel_cache\lm3_base_v1\test\blues\blues.00009__03000ms__0004.npy
cnn,blues__blues.00009,blues,5,blues,jazz,0,0.9106802344322205,E:\dl\mel_cache\lm3_base_v1\test\blues\blues.00009__03000ms__0005.npy
cnn,blues__blues.00009,blues,6,blues,blues,1,0.45637941360473633,E:\dl\mel_cache\lm3_base_v1\test\blues\blues.00009__03000ms__0006.npy
cnn,blues__blues.00009,blues,7,blues,jazz,0,0.8146424293518066,E:\dl\mel_cache\lm3_base_v1\test\blues\blues.00009__03000ms__0007.npy
cnn,blues__blues.00009,blues,8,blues,blues,1,0.6986884474754333,E:\dl\mel_cache\lm3_base_v1\test\blues\blues.00009__03000ms__0008.npy
cnn,blues__blues.00009,blues,9,blues,blues,1,0.5318726301193237,E:\dl\mel_cache\lm3_base_v1\test\blues\blues.00009__03000ms__0009.npy
cnn,blues__blues.00009,blues,10,blues,jazz,0,0.9313154816627502,E:\dl\mel_cache\lm3_base_v1\test\blues\blues.00009__03000ms__0010.npy
cnn,blues__blues.00009,blues,11,blues,blues,1,0.8940566182136536,E:\dl\mel_cache\lm3_base_v1\test\blues\blues.00009__03000ms__0011.npy
cnn,blues__blues.00009,blues,12,blues,blues,1,0.8523046970367432,E:\dl\mel_cache\lm3_base_v1\test\blues\blues.00009__03000ms__0012.npy
cnn,blues__blues.00009,blues,13,blues,jazz,0,0.4457760453224182,E:\dl\mel_cache\lm3_base_v1\test\blues\blues.00009__03000ms__0013.npy
cnn,blues__blues.00009,blues,14,blues,classical,0,0.44595083594322205,E:\dl\mel_cache\lm3_base_v1\test\blues\blues.00009__03000ms__0014.npy
cnn,blues__blues.00009,blues,15,blues,jazz,0,0.8378309607505798,E:\dl\mel_cache\lm3_base_v1\test\blues\blues.00009__03000ms__0015.npy
cnn,blues__blues.00009,blues,16,blues,jazz,0,0.7612646222114563,E:\dl\mel_cache\lm3_base_v1\test\blues\blues.00009__03000ms__0016.npy
cnn,blues__blues.00009,blues,17,blues,blues,1,0.7378742098808289,E:\dl\mel_cache\lm3_base_v1\test\blues\blues.00009__03000ms__0017.npy
cnn,blues__blues.00009,blues,18,blues,jazz,0,0.8129953742027283,E:\dl\mel_cache\lm3_base_v1\test\blues\blues.00009__03000ms__0018.npy
cnn,blues__blues.00009,blues,19,blues,jazz,0,0.7939192652702332,E:\dl\mel_cache\lm3_base_v1\test\blues\blues.00009__03000ms__0019.npy
cnn,blues__blues.00011,blues,0,blues,jazz,0,0.6598392128944397,E:\dl\mel_cache\lm3_base_v1\test\blues\blues.00011__03000ms__0000.npy
cnn,blues__blues.00011,blues,1,blues,blues,1,0.8465893864631653,E:\dl\mel_cache\lm3_base_v1\test\blues\blues.00011__03000ms__0001.npy
cnn,blues__blues.00011,blues,2,blues,blues,1,0.7362164855003357,E:\dl\mel_cache\lm3_base_v1\test\blues\blues.00011__03000ms__0002.npy
cnn,blues__blues.00011,blues,3,blues,blues,1,0.7017843127250671,E:\dl\mel_cache\lm3_base_v1\test\blues\blues.00011__03000ms__0003.npy
cnn,blues__blues.00011,blues,4,blues,blues,1,0.6325608491897583,E:\dl\mel_cache\lm3_base_v1\test\blues\blues.00011__03000ms__0004.npy
cnn,blues__blues.00011,blues,5,blues,blues,1,0.6881476044654846,E:\dl\mel_cache\lm3_base_v1\test\blues\blues.00011__03000ms__0005.npy
cnn,blues__blues.00011,blues,6,blues,blues,1,0.8888885378837585,E:\dl\mel_cache\lm3_base_v1\test\blues\blues.00011__03000ms__0006.npy
cnn,blues__blues.00011,blues,7,blues,blues,1,0.7836116552352905,E:\dl\mel_cache\lm3_base_v1\test\blues\blues.00011__03000ms__0007.npy
cnn,blues__blues.00011,blues,8,blues,blues,1,0.8213976621627808,E:\dl\mel_cache\lm3_base_v1\test\blues\blues.00011__03000ms__0008.npy
cnn,blues__blues.00011,blues,9,blues,blues,1,0.569504976272583,E:\dl\mel_cache\lm3_base_v1\test\blues\blues.00011__03000ms__0009.npy
cnn,blues__blues.00011,blues,10,blues,blues,1,0.4107705056667328,E:\dl\mel_cache\lm3_base_v1\test\blues\blues.00011__03000ms__0010.npy
cnn,blues__blues.00011,blues,11,blues,blues,1,0.8271751403808594,E:\dl\mel_cache\lm3_base_v1\test\blues\blues.00011__03000ms__0011.npy
cnn,blues__blues.00011,blues,12,blues,blues,1,0.8377688527107239,E:\dl\mel_cache\lm3_base_v1\test\blues\blues.00011__03000ms__0012.npy
cnn,blues__blues.00011,blues,13,blues,blues,1,0.923926830291748,E:\dl\mel_cache\lm3_base_v1\test\blues\blues.00011__03000ms__0013.npy
cnn,blues__blues.00011,blues,14,blues,blues,1,0.7589616179466248,E:\dl\mel_cache\lm3_base_v1\test\blues\blues.00011__03000ms__0014.npy
cnn,blues__blues.00011,blues,15,blues,blues,1,0.6589568853378296,E:\dl\mel_cache\lm3_base_v1\test\blues\blues.00011__03000ms__0015.npy
cnn,blues__blues.00011,blues,16,blues,blues,1,0.9145431518554688,E:\dl\mel_cache\lm3_base_v1\test\blues\blues.00011__03000ms__0016.npy
cnn,blues__blues.00011,blues,17,blues,blues,1,0.9308834671974182,E:\dl\mel_cache\lm3_base_v1\test\blues\blues.00011__03000ms__0017.npy
cnn,blues__blues.00011,blues,18,blues,blues,1,0.865175187587738,E:\dl\mel_cache\lm3_base_v1\test\blues\blues.00011__03000ms__0018.npy
cnn,blues__blues.00011,blues,19,blues,blues,1,0.8441168069839478,E:\dl\mel_cache\lm3_base_v1\test\blues\blues.00011__03000ms__0019.npy
cnn,blues__blues.00031,blues,0,blues,blues,1,0.9414522647857666,E:\dl\mel_cache\lm3_base_v1\test\blues\blues.00031__03000ms__0000.npy
cnn,blues__blues.00031,blues,1,blues,blues,1,0.9464805722236633,E:\dl\mel_cache\lm3_base_v1\test\blues\blues.00031__03000ms__0001.npy
cnn,blues__blues.00031,blues,2,blues,blues,1,0.9365447759628296,E:\dl\mel_cache\lm3_base_v1\test\blues\blues.00031__03000ms__0002.npy
cnn,blues__blues.00031,blues,3,blues,blues,1,0.9422551989555359,E:\dl\mel_cache\lm3_base_v1\test\blues\blues.00031__03000ms__0003.npy
cnn,blues__blues.00031,blues,4,blues,blues,1,0.8979324698448181,E:\dl\mel_cache\lm3_base_v1\test\blues\blues.00031__03000ms__0004.npy
cnn,blues__blues.00031,blues,5,blues,blues,1,0.9012064337730408,E:\dl\mel_cache\lm3_base_v1\test\blues\blues.00031__03000ms__0005.npy
cnn,blues__blues.00031,blues,6,blues,blues,1,0.9120199680328369,E:\dl\mel_cache\lm3_base_v1\test\blues\blues.00031__03000ms__0006.npy
cnn,blues__blues.00031,blues,7,blues,blues,1,0.9011913537979126,E:\dl\mel_cache\lm3_base_v1\test\blues\blues.00031__03000ms__0007.npy
cnn,blues__blues.00031,blues,8,blues,blues,1,0.8672959804534912,E:\dl\mel_cache\lm3_base_v1\test\blues\blues.00031__03000ms__0008.npy
cnn,blues__blues.00031,blues,9,blues,blues,1,0.8788821697235107,E:\dl\mel_cache\lm3_base_v1\test\blues\blues.00031__03000ms__0009.npy
cnn,blues__blues.00031,blues,10,blues,blues,1,0.4300879240036011,E:\dl\mel_cache\lm3_base_v1\test\blues\blues.00031__03000ms__0010.npy
cnn,blues__blues.00031,blues,11,blues,blues,1,0.4587796628475189,E:\dl\mel_cache\lm3_base_v1\test\blues\blues.00031__03000ms__0011.npy
cnn,blues__blues.00031,blues,12,blues,blues,1,0.6533581614494324,E:\dl\mel_cache\lm3_base_v1\test\blues\blues.00031__03000ms__0012.npy
cnn,blues__blues.00031,blues,13,blues,blues,1,0.8681601881980896,E:\dl\mel_cache\lm3_base_v1\test\blues\blues.00031__03000ms__0013.npy
cnn,blues__blues.00031,blues,14,blues,blues,1,0.9142481684684753,E:\dl\mel_cache\lm3_base_v1\test\blues\blues.00031__03000ms__0014.npy
cnn,blues__blues.00031,blues,15,blues,blues,1,0.9031966924667358,E:\dl\mel_cache\lm3_base_v1\test\blues\blues.00031__03000ms__0015.npy
cnn,blues__blues.00031,blues,16,blues,blues,1,0.9233278632164001,E:\dl\mel_cache\lm3_base_v1\test\blues\blues.00031__03000ms__0016.npy
cnn,blues__blues.00031,blues,17,blues,blues,1,0.9224539399147034,E:\dl\mel_cache\lm3_base_v1\test\blues\blues.00031__03000ms__0017.npy
cnn,blues__blues.00031,blues,18,blues,blues,1,0.6788358688354492,E:\dl\mel_cache\lm3_base_v1\test\blues\blues.00031__03000ms__0018.npy
cnn,blues__blues.00031,blues,19,blues,blues,1,0.7041677832603455,E:\dl\mel_cache\lm3_base_v1\test\blues\blues.00031__03000ms__0019.npy
cnn,blues__blues.00034,blues,0,blues,blues,1,0.9324420690536499,E:\dl\mel_cache\lm3_base_v1\test\blues\blues.00034__03000ms__0000.npy
cnn,blues__blues.00034,blues,1,blues,blues,1,0.941422700881958,E:\dl\mel_cache\lm3_base_v1\test\blues\blues.00034__03000ms__0001.npy
cnn,blues__blues.00034,blues,2,blues,blues,1,0.6806429028511047,E:\dl\mel_cache\lm3_base_v1\test\blues\blues.00034__03000ms__0002.npy
cnn,blues__blues.00034,blues,3,blues,blues,1,0.7552193403244019,E:\dl\mel_cache\lm3_base_v1\test\blues\blues.00034__03000ms__0003.npy
cnn,blues__blues.00034,blues,4,blues,blues,1,0.8952227830886841,E:\dl\mel_cache\lm3_base_v1\test\blues\blues.00034__03000ms__0004.npy
cnn,blues__blues.00034,blues,5,blues,blues,1,0.953667402267456,E:\dl\mel_cache\lm3_base_v1\test\blues\blues.00034__03000ms__0005.npy
cnn,blues__blues.00034,blues,6,blues,blues,1,0.942875325679779,E:\dl\mel_cache\lm3_base_v1\test\blues\blues.00034__03000ms__0006.npy
cnn,blues__blues.00034,blues,7,blues,blues,1,0.9366747736930847,E:\dl\mel_cache\lm3_base_v1\test\blues\blues.00034__03000ms__0007.npy
cnn,blues__blues.00034,blues,8,blues,blues,1,0.9413642883300781,E:\dl\mel_cache\lm3_base_v1\test\blues\blues.00034__03000ms__0008.npy
cnn,blues__blues.00034,blues,9,blues,blues,1,0.9386133551597595,E:\dl\mel_cache\lm3_base_v1\test\blues\blues.00034__03000ms__0009.npy
cnn,blues__blues.00034,blues,10,blues,blues,1,0.9433470368385315,E:\dl\mel_cache\lm3_base_v1\test\blues\blues.00034__03000ms__0010.npy
cnn,blues__blues.00034,blues,11,blues,blues,1,0.9503206014633179,E:\dl\mel_cache\lm3_base_v1\test\blues\blues.00034__03000ms__0011.npy
cnn,blues__blues.00034,blues,12,blues,blues,1,0.7299581170082092,E:\dl\mel_cache\lm3_base_v1\test\blues\blues.00034__03000ms__0012.npy
cnn,blues__blues.00034,blues,13,blues,rock,0,0.4702758193016052,E:\dl\mel_cache\lm3_base_v1\test\blues\blues.00034__03000ms__0013.npy
cnn,blues__blues.00034,blues,14,blues,blues,1,0.9404749870300293,E:\dl\mel_cache\lm3_base_v1\test\blues\blues.00034__03000ms__0014.npy
cnn,blues__blues.00034,blues,15,blues,blues,1,0.9423202872276306,E:\dl\mel_cache\lm3_base_v1\test\blues\blues.00034__03000ms__0015.npy
cnn,blues__blues.00034,blues,16,blues,blues,1,0.943930447101593,E:\dl\mel_cache\lm3_base_v1\test\blues\blues.00034__03000ms__0016.npy
cnn,blues__blues.00034,blues,17,blues,blues,1,0.935936689376831,E:\dl\mel_cache\lm3_base_v1\test\blues\blues.00034__03000ms__0017.npy
cnn,blues__blues.00034,blues,18,blues,blues,1,0.9294646382331848,E:\dl\mel_cache\lm3_base_v1\test\blues\blues.00034__03000ms__0018.npy
cnn,blues__blues.00034,blues,19,blues,blues,1,0.9335778951644897,E:\dl\mel_cache\lm3_base_v1\test\blues\blues.00034__03000ms__0019.npy
cnn,blues__blues.00039,blues,0,blues,blues,1,0.8053304553031921,E:\dl\mel_cache\lm3_base_v1\test\blues\blues.00039__03000ms__0000.npy
cnn,blues__blues.00039,blues,1,blues,blues,1,0.65250164270401,E:\dl\mel_cache\lm3_base_v1\test\blues\blues.00039__03000ms__0001.npy
cnn,blues__blues.00039,blues,2,blues,blues,1,0.9175142645835876,E:\dl\mel_cache\lm3_base_v1\test\blues\blues.00039__03000ms__0002.npy
cnn,blues__blues.00039,blues,3,blues,blues,1,0.9470865726470947,E:\dl\mel_cache\lm3_base_v1\test\blues\blues.00039__03000ms__0003.npy
cnn,blues__blues.00039,blues,4,blues,blues,1,0.888459324836731,E:\dl\mel_cache\lm3_base_v1\test\blues\blues.00039__03000ms__0004.npy
cnn,blues__blues.00039,blues,5,blues,blues,1,0.9409052729606628,E:\dl\mel_cache\lm3_base_v1\test\blues\blues.00039__03000ms__0005.npy
cnn,blues__blues.00039,blues,6,blues,blues,1,0.8929021954536438,E:\dl\mel_cache\lm3_base_v1\test\blues\blues.00039__03000ms__0006.npy
cnn,blues__blues.00039,blues,7,blues,blues,1,0.9100830554962158,E:\dl\mel_cache\lm3_base_v1\test\blues\blues.00039__03000ms__0007.npy
cnn,blues__blues.00039,blues,8,blues,blues,1,0.9361767768859863,E:\dl\mel_cache\lm3_base_v1\test\blues\blues.00039__03000ms__0008.npy
cnn,blues__blues.00039,blues,9,blues,blues,1,0.9101547598838806,E:\dl\mel_cache\lm3_base_v1\test\blues\blues.00039__03000ms__0009.npy
cnn,blues__blues.00039,blues,10,blues,blues,1,0.9412897825241089,E:\dl\mel_cache\lm3_base_v1\test\blues\blues.00039__03000ms__0010.npy
cnn,blues__blues.00039,blues,11,blues,blues,1,0.9536954760551453,E:\dl\mel_cache\lm3_base_v1\test\blues\blues.00039__03000ms__0011.npy
cnn,blues__blues.00039,blues,12,blues,blues,1,0.9528983235359192,E:\dl\mel_cache\lm3_base_v1\test\blues\blues.00039__03000ms__0012.npy
cnn,blues__blues.00039,blues,13,blues,blues,1,0.9459680318832397,E:\dl\mel_cache\lm3_base_v1\test\blues\blues.00039__03000ms__0013.npy
cnn,blues__blues.00039,blues,14,blues,blues,1,0.9444164037704468,E:\dl\mel_cache\lm3_base_v1\test\blues\blues.00039__03000ms__0014.npy
cnn,blues__blues.00039,blues,15,blues,blues,1,0.9168491959571838,E:\dl\mel_cache\lm3_base_v1\test\blues\blues.00039__03000ms__0015.npy
cnn,blues__blues.00039,blues,16,blues,blues,1,0.6311394572257996,E:\dl\mel_cache\lm3_base_v1\test\blues\blues.00039__03000ms__0016.npy
cnn,blues__blues.00039,blues,17,blues,blues,1,0.6647998690605164,E:\dl\mel_cache\lm3_base_v1\test\blues\blues.00039__03000ms__0017.npy
cnn,blues__blues.00039,blues,18,blues,blues,1,0.8977334499359131,E:\dl\mel_cache\lm3_base_v1\test\blues\blues.00039__03000ms__0018.npy
cnn,blues__blues.00039,blues,19,blues,blues,1,0.89578777551651,E:\dl\mel_cache\lm3_base_v1\test\blues\blues.00039__03000ms__0019.npy
cnn,blues__blues.00052,blues,0,blues,blues,1,0.9323411583900452,E:\dl\mel_cache\lm3_base_v1\test\blues\blues.00052__03000ms__0000.npy
cnn,blues__blues.00052,blues,1,blues,blues,1,0.9516810774803162,E:\dl\mel_cache\lm3_base_v1\test\blues\blues.00052__03000ms__0001.npy
cnn,blues__blues.00052,blues,2,blues,blues,1,0.9523093104362488,E:\dl\mel_cache\lm3_base_v1\test\blues\blues.00052__03000ms__0002.npy
cnn,blues__blues.00052,blues,3,blues,blues,1,0.9484454989433289,E:\dl\mel_cache\lm3_base_v1\test\blues\blues.00052__03000ms__0003.npy
cnn,blues__blues.00052,blues,4,blues,blues,1,0.9245573878288269,E:\dl\mel_cache\lm3_base_v1\test\blues\blues.00052__03000ms__0004.npy
cnn,blues__blues.00052,blues,5,blues,blues,1,0.9398303627967834,E:\dl\mel_cache\lm3_base_v1\test\blues\blues.00052__03000ms__0005.npy
cnn,blues__blues.00052,blues,6,blues,blues,1,0.8579976558685303,E:\dl\mel_cache\lm3_base_v1\test\blues\blues.00052__03000ms__0006.npy
cnn,blues__blues.00052,blues,7,blues,blues,1,0.9268276691436768,E:\dl\mel_cache\lm3_base_v1\test\blues\blues.00052__03000ms__0007.npy
cnn,blues__blues.00052,blues,8,blues,blues,1,0.9559829831123352,E:\dl\mel_cache\lm3_base_v1\test\blues\blues.00052__03000ms__0008.npy
cnn,blues__blues.00052,blues,9,blues,blues,1,0.953315258026123,E:\dl\mel_cache\lm3_base_v1\test\blues\blues.00052__03000ms__0009.npy
cnn,blues__blues.00052,blues,10,blues,blues,1,0.9570066332817078,E:\dl\mel_cache\lm3_base_v1\test\blues\blues.00052__03000ms__0010.npy
cnn,blues__blues.00052,blues,11,blues,blues,1,0.9606373310089111,E:\dl\mel_cache\lm3_base_v1\test\blues\blues.00052__03000ms__0011.npy
cnn,blues__blues.00052,blues,12,blues,blues,1,0.9554547667503357,E:\dl\mel_cache\lm3_base_v1\test\blues\blues.00052__03000ms__0012.npy
cnn,blues__blues.00052,blues,13,blues,blues,1,0.9458548426628113,E:\dl\mel_cache\lm3_base_v1\test\blues\blues.00052__03000ms__0013.npy
cnn,blues__blues.00052,blues,14,blues,blues,1,0.9557115435600281,E:\dl\mel_cache\lm3_base_v1\test\blues\blues.00052__03000ms__0014.npy
cnn,blues__blues.00052,blues,15,blues,blues,1,0.951192319393158,E:\dl\mel_cache\lm3_base_v1\test\blues\blues.00052__03000ms__0015.npy
cnn,blues__blues.00052,blues,16,blues,blues,1,0.9203763008117676,E:\dl\mel_cache\lm3_base_v1\test\blues\blues.00052__03000ms__0016.npy
cnn,blues__blues.00052,blues,17,blues,blues,1,0.9348878264427185,E:\dl\mel_cache\lm3_base_v1\test\blues\blues.00052__03000ms__0017.npy
cnn,blues__blues.00052,blues,18,blues,blues,1,0.9107545614242554,E:\dl\mel_cache\lm3_base_v1\test\blues\blues.00052__03000ms__0018.npy
cnn,blues__blues.00052,blues,19,blues,blues,1,0.9266864657402039,E:\dl\mel_cache\lm3_base_v1\test\blues\blues.00052__03000ms__0019.npy
cnn,blues__blues.00054,blues,0,blues,hiphop,0,0.3847629129886627,E:\dl\mel_cache\lm3_base_v1\test\blues\blues.00054__03000ms__0000.npy
cnn,blues__blues.00054,blues,1,blues,blues,1,0.61286461353302,E:\dl\mel_cache\lm3_base_v1\test\blues\blues.00054__03000ms__0001.npy
cnn,blues__blues.00054,blues,2,blues,blues,1,0.5491510629653931,E:\dl\mel_cache\lm3_base_v1\test\blues\blues.00054__03000ms__0002.npy
cnn,blues__blues.00054,blues,3,blues,hiphop,0,0.7237662076950073,E:\dl\mel_cache\lm3_base_v1\test\blues\blues.00054__03000ms__0003.npy
cnn,blues__blues.00054,blues,4,blues,hiphop,0,0.590641438961029,E:\dl\mel_cache\lm3_base_v1\test\blues\blues.00054__03000ms__0004.npy
cnn,blues__blues.00054,blues,5,blues,blues,1,0.6236333250999451,E:\dl\mel_cache\lm3_base_v1\test\blues\blues.00054__03000ms__0005.npy
cnn,blues__blues.00054,blues,6,blues,hiphop,0,0.6443701982498169,E:\dl\mel_cache\lm3_base_v1\test\blues\blues.00054__03000ms__0006.npy
cnn,blues__blues.00054,blues,7,blues,blues,1,0.5871776342391968,E:\dl\mel_cache\lm3_base_v1\test\blues\blues.00054__03000ms__0007.npy
cnn,blues__blues.00054,blues,8,blues,blues,1,0.4591388404369354,E:\dl\mel_cache\lm3_base_v1\test\blues\blues.00054__03000ms__0008.npy
cnn,blues__blues.00054,blues,9,blues,hiphop,0,0.5023643374443054,E:\dl\mel_cache\lm3_base_v1\test\blues\blues.00054__03000ms__0009.npy
cnn,blues__blues.00054,blues,10,blues,blues,1,0.8333324193954468,E:\dl\mel_cache\lm3_base_v1\test\blues\blues.00054__03000ms__0010.npy
cnn,blues__blues.00054,blues,11,blues,blues,1,0.780240535736084,E:\dl\mel_cache\lm3_base_v1\test\blues\blues.00054__03000ms__0011.npy
cnn,blues__blues.00054,blues,12,blues,hiphop,0,0.5548498630523682,E:\dl\mel_cache\lm3_base_v1\test\blues\blues.00054__03000ms__0012.npy
cnn,blues__blues.00054,blues,13,blues,hiphop,0,0.5802658796310425,E:\dl\mel_cache\lm3_base_v1\test\blues\blues.00054__03000ms__0013.npy
cnn,blues__blues.00054,blues,14,blues,blues,1,0.5122168660163879,E:\dl\mel_cache\lm3_base_v1\test\blues\blues.00054__03000ms__0014.npy
cnn,blues__blues.00054,blues,15,blues,hiphop,0,0.4388958215713501,E:\dl\mel_cache\lm3_base_v1\test\blues\blues.00054__03000ms__0015.npy
cnn,blues__blues.00054,blues,16,blues,blues,1,0.5630083084106445,E:\dl\mel_cache\lm3_base_v1\test\blues\blues.00054__03000ms__0016.npy
cnn,blues__blues.00054,blues,17,blues,blues,1,0.595845103263855,E:\dl\mel_cache\lm3_base_v1\test\blues\blues.00054__03000ms__0017.npy
cnn,blues__blues.00054,blues,18,blues,blues,1,0.6803322434425354,E:\dl\mel_cache\lm3_base_v1\test\blues\blues.00054__03000ms__0018.npy
cnn,blues__blues.00054,blues,19,blues,blues,1,0.6054033637046814,E:\dl\mel_cache\lm3_base_v1\test\blues\blues.00054__03000ms__0019.npy
cnn,blues__blues.00057,blues,0,blues,blues,1,0.9143668413162231,E:\dl\mel_cache\lm3_base_v1\test\blues\blues.00057__03000ms__0000.npy
cnn,blues__blues.00057,blues,1,blues,blues,1,0.8726266622543335,E:\dl\mel_cache\lm3_base_v1\test\blues\blues.00057__03000ms__0001.npy
cnn,blues__blues.00057,blues,2,blues,blues,1,0.8880437612533569,E:\dl\mel_cache\lm3_base_v1\test\blues\blues.00057__03000ms__0002.npy
cnn,blues__blues.00057,blues,3,blues,blues,1,0.9439236521720886,E:\dl\mel_cache\lm3_base_v1\test\blues\blues.00057__03000ms__0003.npy
cnn,blues__blues.00057,blues,4,blues,blues,1,0.8745337128639221,E:\dl\mel_cache\lm3_base_v1\test\blues\blues.00057__03000ms__0004.npy
cnn,blues__blues.00057,blues,5,blues,blues,1,0.8383237719535828,E:\dl\mel_cache\lm3_base_v1\test\blues\blues.00057__03000ms__0005.npy
cnn,blues__blues.00057,blues,6,blues,blues,1,0.8415774703025818,E:\dl\mel_cache\lm3_base_v1\test\blues\blues.00057__03000ms__0006.npy
cnn,blues__blues.00057,blues,7,blues,blues,1,0.7746882438659668,E:\dl\mel_cache\lm3_base_v1\test\blues\blues.00057__03000ms__0007.npy
cnn,blues__blues.00057,blues,8,blues,blues,1,0.5998553037643433,E:\dl\mel_cache\lm3_base_v1\test\blues\blues.00057__03000ms__0008.npy
cnn,blues__blues.00057,blues,9,blues,blues,1,0.8774128556251526,E:\dl\mel_cache\lm3_base_v1\test\blues\blues.00057__03000ms__0009.npy
cnn,blues__blues.00057,blues,10,blues,blues,1,0.9477025270462036,E:\dl\mel_cache\lm3_base_v1\test\blues\blues.00057__03000ms__0010.npy
cnn,blues__blues.00057,blues,11,blues,blues,1,0.4616372883319855,E:\dl\mel_cache\lm3_base_v1\test\blues\blues.00057__03000ms__0011.npy
cnn,blues__blues.00057,blues,12,blues,blues,1,0.7996190786361694,E:\dl\mel_cache\lm3_base_v1\test\blues\blues.00057__03000ms__0012.npy
cnn,blues__blues.00057,blues,13,blues,blues,1,0.9443063139915466,E:\dl\mel_cache\lm3_base_v1\test\blues\blues.00057__03000ms__0013.npy
cnn,blues__blues.00057,blues,14,blues,blues,1,0.9420261383056641,E:\dl\mel_cache\lm3_base_v1\test\blues\blues.00057__03000ms__0014.npy
cnn,blues__blues.00057,blues,15,blues,blues,1,0.8567091226577759,E:\dl\mel_cache\lm3_base_v1\test\blues\blues.00057__03000ms__0015.npy
cnn,blues__blues.00057,blues,16,blues,blues,1,0.8097250461578369,E:\dl\mel_cache\lm3_base_v1\test\blues\blues.00057__03000ms__0016.npy
cnn,blues__blues.00057,blues,17,blues,blues,1,0.8957074284553528,E:\dl\mel_cache\lm3_base_v1\test\blues\blues.00057__03000ms__0017.npy
cnn,blues__blues.00057,blues,18,blues,blues,1,0.811220645904541,E:\dl\mel_cache\lm3_base_v1\test\blues\blues.00057__03000ms__0018.npy
cnn,blues__blues.00057,blues,19,blues,blues,1,0.7205832004547119,E:\dl\mel_cache\lm3_base_v1\test\blues\blues.00057__03000ms__0019.npy
cnn,blues__blues.00060,blues,0,blues,blues,1,0.7538774609565735,E:\dl\mel_cache\lm3_base_v1\test\blues\blues.00060__03000ms__0000.npy
cnn,blues__blues.00060,blues,1,blues,blues,1,0.929098904132843,E:\dl\mel_cache\lm3_base_v1\test\blues\blues.00060__03000ms__0001.npy
cnn,blues__blues.00060,blues,2,blues,blues,1,0.9164093732833862,E:\dl\mel_cache\lm3_base_v1\test\blues\blues.00060__03000ms__0002.npy
cnn,blues__blues.00060,blues,3,blues,blues,1,0.7303822040557861,E:\dl\mel_cache\lm3_base_v1\test\blues\blues.00060__03000ms__0003.npy
cnn,blues__blues.00060,blues,4,blues,blues,1,0.39988255500793457,E:\dl\mel_cache\lm3_base_v1\test\blues\blues.00060__03000ms__0004.npy
cnn,blues__blues.00060,blues,5,blues,blues,1,0.9057161211967468,E:\dl\mel_cache\lm3_base_v1\test\blues\blues.00060__03000ms__0005.npy
cnn,blues__blues.00060,blues,6,blues,blues,1,0.9421433806419373,E:\dl\mel_cache\lm3_base_v1\test\blues\blues.00060__03000ms__0006.npy
cnn,blues__blues.00060,blues,7,blues,blues,1,0.9255908131599426,E:\dl\mel_cache\lm3_base_v1\test\blues\blues.00060__03000ms__0007.npy
cnn,blues__blues.00060,blues,8,blues,blues,1,0.592613160610199,E:\dl\mel_cache\lm3_base_v1\test\blues\blues.00060__03000ms__0008.npy
cnn,blues__blues.00060,blues,9,blues,blues,1,0.9349864721298218,E:\dl\mel_cache\lm3_base_v1\test\blues\blues.00060__03000ms__0009.npy
cnn,blues__blues.00060,blues,10,blues,blues,1,0.9321926832199097,E:\dl\mel_cache\lm3_base_v1\test\blues\blues.00060__03000ms__0010.npy
cnn,blues__blues.00060,blues,11,blues,blues,1,0.8521121740341187,E:\dl\mel_cache\lm3_base_v1\test\blues\blues.00060__03000ms__0011.npy
cnn,blues__blues.00060,blues,12,blues,blues,1,0.7644619345664978,E:\dl\mel_cache\lm3_base_v1\test\blues\blues.00060__03000ms__0012.npy
cnn,blues__blues.00060,blues,13,blues,blues,1,0.8537941575050354,E:\dl\mel_cache\lm3_base_v1\test\blues\blues.00060__03000ms__0013.npy
cnn,blues__blues.00060,blues,14,blues,blues,1,0.8161455392837524,E:\dl\mel_cache\lm3_base_v1\test\blues\blues.00060__03000ms__0014.npy
cnn,blues__blues.00060,blues,15,blues,blues,1,0.836614727973938,E:\dl\mel_cache\lm3_base_v1\test\blues\blues.00060__03000ms__0015.npy
cnn,blues__blues.00060,blues,16,blues,blues,1,0.8901447057723999,E:\dl\mel_cache\lm3_base_v1\test\blues\blues.00060__03000ms__0016.npy
cnn,blues__blues.00060,blues,17,blues,blues,1,0.7573719620704651,E:\dl\mel_cache\lm3_base_v1\test\blues\blues.00060__03000ms__0017.npy
cnn,blues__blues.00060,blues,18,blues,blues,1,0.691564679145813,E:\dl\mel_cache\lm3_base_v1\test\blues\blues.00060__03000ms__0018.npy
cnn,blues__blues.00060,blues,19,blues,blues,1,0.6968257427215576,E:\dl\mel_cache\lm3_base_v1\test\blues\blues.00060__03000ms__0019.npy
cnn,blues__blues.00066,blues,0,blues,blues,1,0.49814343452453613,E:\dl\mel_cache\lm3_base_v1\test\blues\blues.00066__03000ms__0000.npy
cnn,blues__blues.00066,blues,1,blues,blues,1,0.7923827767372131,E:\dl\mel_cache\lm3_base_v1\test\blues\blues.00066__03000ms__0001.npy
cnn,blues__blues.00066,blues,2,blues,blues,1,0.7895806431770325,E:\dl\mel_cache\lm3_base_v1\test\blues\blues.00066__03000ms__0002.npy
cnn,blues__blues.00066,blues,3,blues,blues,1,0.8532955050468445,E:\dl\mel_cache\lm3_base_v1\test\blues\blues.00066__03000ms__0003.npy
cnn,blues__blues.00066,blues,4,blues,blues,1,0.9020105600357056,E:\dl\mel_cache\lm3_base_v1\test\blues\blues.00066__03000ms__0004.npy
cnn,blues__blues.00066,blues,5,blues,metal,0,0.2785768210887909,E:\dl\mel_cache\lm3_base_v1\test\blues\blues.00066__03000ms__0005.npy
cnn,blues__blues.00066,blues,6,blues,reggae,0,0.2701016366481781,E:\dl\mel_cache\lm3_base_v1\test\blues\blues.00066__03000ms__0006.npy
cnn,blues__blues.00066,blues,7,blues,hiphop,0,0.43755945563316345,E:\dl\mel_cache\lm3_base_v1\test\blues\blues.00066__03000ms__0007.npy
cnn,blues__blues.00066,blues,8,blues,blues,1,0.8581486344337463,E:\dl\mel_cache\lm3_base_v1\test\blues\blues.00066__03000ms__0008.npy
cnn,blues__blues.00066,blues,9,blues,blues,1,0.49692654609680176,E:\dl\mel_cache\lm3_base_v1\test\blues\blues.00066__03000ms__0009.npy
cnn,blues__blues.00066,blues,10,blues,blues,1,0.5866459608078003,E:\dl\mel_cache\lm3_base_v1\test\blues\blues.00066__03000ms__0010.npy
cnn,blues__blues.00066,blues,11,blues,blues,1,0.4027203619480133,E:\dl\mel_cache\lm3_base_v1\test\blues\blues.00066__03000ms__0011.npy
cnn,blues__blues.00066,blues,12,blues,blues,1,0.7905890941619873,E:\dl\mel_cache\lm3_base_v1\test\blues\blues.00066__03000ms__0012.npy
cnn,blues__blues.00066,blues,13,blues,blues,1,0.833501398563385,E:\dl\mel_cache\lm3_base_v1\test\blues\blues.00066__03000ms__0013.npy
cnn,blues__blues.00066,blues,14,blues,blues,1,0.8039942383766174,E:\dl\mel_cache\lm3_base_v1\test\blues\blues.00066__03000ms__0014.npy
cnn,blues__blues.00066,blues,15,blues,jazz,0,0.6828040480613708,E:\dl\mel_cache\lm3_base_v1\test\blues\blues.00066__03000ms__0015.npy
cnn,blues__blues.00066,blues,16,blues,blues,1,0.7462302446365356,E:\dl\mel_cache\lm3_base_v1\test\blues\blues.00066__03000ms__0016.npy
cnn,blues__blues.00066,blues,17,blues,blues,1,0.6813309192657471,E:\dl\mel_cache\lm3_base_v1\test\blues\blues.00066__03000ms__0017.npy
cnn,blues__blues.00066,blues,18,blues,blues,1,0.8920466899871826,E:\dl\mel_cache\lm3_base_v1\test\blues\blues.00066__03000ms__0018.npy
cnn,blues__blues.00066,blues,19,blues,blues,1,0.9274200201034546,E:\dl\mel_cache\lm3_base_v1\test\blues\blues.00066__03000ms__0019.npy
cnn,blues__blues.00068,blues,0,blues,jazz,0,0.718701183795929,E:\dl\mel_cache\lm3_base_v1\test\blues\blues.00068__03000ms__0000.npy
cnn,blues__blues.00068,blues,1,blues,jazz,0,0.8435587286949158,E:\dl\mel_cache\lm3_base_v1\test\blues\blues.00068__03000ms__0001.npy
cnn,blues__blues.00068,blues,2,blues,blues,1,0.44024962186813354,E:\dl\mel_cache\lm3_base_v1\test\blues\blues.00068__03000ms__0002.npy
cnn,blues__blues.00068,blues,3,blues,blues,1,0.8820236921310425,E:\dl\mel_cache\lm3_base_v1\test\blues\blues.00068__03000ms__0003.npy
cnn,blues__blues.00068,blues,4,blues,blues,1,0.9052212834358215,E:\dl\mel_cache\lm3_base_v1\test\blues\blues.00068__03000ms__0004.npy
cnn,blues__blues.00068,blues,5,blues,blues,1,0.9157398343086243,E:\dl\mel_cache\lm3_base_v1\test\blues\blues.00068__03000ms__0005.npy
cnn,blues__blues.00068,blues,6,blues,blues,1,0.892082929611206,E:\dl\mel_cache\lm3_base_v1\test\blues\blues.00068__03000ms__0006.npy
cnn,blues__blues.00068,blues,7,blues,jazz,0,0.43924078345298767,E:\dl\mel_cache\lm3_base_v1\test\blues\blues.00068__03000ms__0007.npy
cnn,blues__blues.00068,blues,8,blues,jazz,0,0.5182201266288757,E:\dl\mel_cache\lm3_base_v1\test\blues\blues.00068__03000ms__0008.npy
cnn,blues__blues.00068,blues,9,blues,jazz,0,0.6572113633155823,E:\dl\mel_cache\lm3_base_v1\test\blues\blues.00068__03000ms__0009.npy
cnn,blues__blues.00068,blues,10,blues,blues,1,0.6615510582923889,E:\dl\mel_cache\lm3_base_v1\test\blues\blues.00068__03000ms__0010.npy
cnn,blues__blues.00068,blues,11,blues,blues,1,0.4617065191268921,E:\dl\mel_cache\lm3_base_v1\test\blues\blues.00068__03000ms__0011.npy
cnn,blues__blues.00068,blues,12,blues,blues,1,0.6223562359809875,E:\dl\mel_cache\lm3_base_v1\test\blues\blues.00068__03000ms__0012.npy
cnn,blues__blues.00068,blues,13,blues,blues,1,0.8927830457687378,E:\dl\mel_cache\lm3_base_v1\test\blues\blues.00068__03000ms__0013.npy
cnn,blues__blues.00068,blues,14,blues,blues,1,0.8766794204711914,E:\dl\mel_cache\lm3_base_v1\test\blues\blues.00068__03000ms__0014.npy
cnn,blues__blues.00068,blues,15,blues,blues,1,0.888684093952179,E:\dl\mel_cache\lm3_base_v1\test\blues\blues.00068__03000ms__0015.npy
cnn,blues__blues.00068,blues,16,blues,blues,1,0.8851981163024902,E:\dl\mel_cache\lm3_base_v1\test\blues\blues.00068__03000ms__0016.npy
cnn,blues__blues.00068,blues,17,blues,blues,1,0.7278136610984802,E:\dl\mel_cache\lm3_base_v1\test\blues\blues.00068__03000ms__0017.npy
cnn,blues__blues.00068,blues,18,blues,jazz,0,0.8246332406997681,E:\dl\mel_cache\lm3_base_v1\test\blues\blues.00068__03000ms__0018.npy
cnn,blues__blues.00068,blues,19,blues,jazz,0,0.7850410342216492,E:\dl\mel_cache\lm3_base_v1\test\blues\blues.00068__03000ms__0019.npy
cnn,blues__blues.00070,blues,0,blues,rock,0,0.5076605677604675,E:\dl\mel_cache\lm3_base_v1\test\blues\blues.00070__03000ms__0000.npy
cnn,blues__blues.00070,blues,1,blues,rock,0,0.542383074760437,E:\dl\mel_cache\lm3_base_v1\test\blues\blues.00070__03000ms__0001.npy
cnn,blues__blues.00070,blues,2,blues,rock,0,0.731984555721283,E:\dl\mel_cache\lm3_base_v1\test\blues\blues.00070__03000ms__0002.npy
cnn,blues__blues.00070,blues,3,blues,rock,0,0.2849125564098358,E:\dl\mel_cache\lm3_base_v1\test\blues\blues.00070__03000ms__0003.npy
cnn,blues__blues.00070,blues,4,blues,blues,1,0.3566493093967438,E:\dl\mel_cache\lm3_base_v1\test\blues\blues.00070__03000ms__0004.npy
cnn,blues__blues.00070,blues,5,blues,blues,1,0.7281084656715393,E:\dl\mel_cache\lm3_base_v1\test\blues\blues.00070__03000ms__0005.npy
cnn,blues__blues.00070,blues,6,blues,hiphop,0,0.7631984949111938,E:\dl\mel_cache\lm3_base_v1\test\blues\blues.00070__03000ms__0006.npy
cnn,blues__blues.00070,blues,7,blues,hiphop,0,0.705152153968811,E:\dl\mel_cache\lm3_base_v1\test\blues\blues.00070__03000ms__0007.npy
cnn,blues__blues.00070,blues,8,blues,blues,1,0.60149747133255,E:\dl\mel_cache\lm3_base_v1\test\blues\blues.00070__03000ms__0008.npy
cnn,blues__blues.00070,blues,9,blues,reggae,0,0.5197176337242126,E:\dl\mel_cache\lm3_base_v1\test\blues\blues.00070__03000ms__0009.npy
cnn,blues__blues.00070,blues,10,blues,reggae,0,0.3138912618160248,E:\dl\mel_cache\lm3_base_v1\test\blues\blues.00070__03000ms__0010.npy
cnn,blues__blues.00070,blues,11,blues,blues,1,0.6546587944030762,E:\dl\mel_cache\lm3_base_v1\test\blues\blues.00070__03000ms__0011.npy
cnn,blues__blues.00070,blues,12,blues,blues,1,0.5947132110595703,E:\dl\mel_cache\lm3_base_v1\test\blues\blues.00070__03000ms__0012.npy
cnn,blues__blues.00070,blues,13,blues,blues,1,0.8292118310928345,E:\dl\mel_cache\lm3_base_v1\test\blues\blues.00070__03000ms__0013.npy
cnn,blues__blues.00070,blues,14,blues,blues,1,0.8810775279998779,E:\dl\mel_cache\lm3_base_v1\test\blues\blues.00070__03000ms__0014.npy
cnn,blues__blues.00070,blues,15,blues,blues,1,0.8751733303070068,E:\dl\mel_cache\lm3_base_v1\test\blues\blues.00070__03000ms__0015.npy
cnn,blues__blues.00070,blues,16,blues,rock,0,0.48571568727493286,E:\dl\mel_cache\lm3_base_v1\test\blues\blues.00070__03000ms__0016.npy
cnn,blues__blues.00070,blues,17,blues,blues,1,0.45754629373550415,E:\dl\mel_cache\lm3_base_v1\test\blues\blues.00070__03000ms__0017.npy
cnn,blues__blues.00070,blues,18,blues,rock,0,0.35815200209617615,E:\dl\mel_cache\lm3_base_v1\test\blues\blues.00070__03000ms__0018.npy
cnn,blues__blues.00070,blues,19,blues,rock,0,0.3029526472091675,E:\dl\mel_cache\lm3_base_v1\test\blues\blues.00070__03000ms__0019.npy
cnn,blues__blues.00071,blues,0,blues,blues,1,0.7409182786941528,E:\dl\mel_cache\lm3_base_v1\test\blues\blues.00071__03000ms__0000.npy
cnn,blues__blues.00071,blues,1,blues,blues,1,0.9359323382377625,E:\dl\mel_cache\lm3_base_v1\test\blues\blues.00071__03000ms__0001.npy
cnn,blues__blues.00071,blues,2,blues,blues,1,0.888576090335846,E:\dl\mel_cache\lm3_base_v1\test\blues\blues.00071__03000ms__0002.npy
cnn,blues__blues.00071,blues,3,blues,blues,1,0.9113186597824097,E:\dl\mel_cache\lm3_base_v1\test\blues\blues.00071__03000ms__0003.npy
cnn,blues__blues.00071,blues,4,blues,blues,1,0.9111075401306152,E:\dl\mel_cache\lm3_base_v1\test\blues\blues.00071__03000ms__0004.npy
cnn,blues__blues.00071,blues,5,blues,blues,1,0.9304991364479065,E:\dl\mel_cache\lm3_base_v1\test\blues\blues.00071__03000ms__0005.npy
cnn,blues__blues.00071,blues,6,blues,blues,1,0.9327874779701233,E:\dl\mel_cache\lm3_base_v1\test\blues\blues.00071__03000ms__0006.npy
cnn,blues__blues.00071,blues,7,blues,blues,1,0.9440950155258179,E:\dl\mel_cache\lm3_base_v1\test\blues\blues.00071__03000ms__0007.npy
cnn,blues__blues.00071,blues,8,blues,blues,1,0.9470213651657104,E:\dl\mel_cache\lm3_base_v1\test\blues\blues.00071__03000ms__0008.npy
cnn,blues__blues.00071,blues,9,blues,blues,1,0.9460346102714539,E:\dl\mel_cache\lm3_base_v1\test\blues\blues.00071__03000ms__0009.npy
cnn,blues__blues.00071,blues,10,blues,blues,1,0.9058215022087097,E:\dl\mel_cache\lm3_base_v1\test\blues\blues.00071__03000ms__0010.npy
cnn,blues__blues.00071,blues,11,blues,blues,1,0.6199010610580444,E:\dl\mel_cache\lm3_base_v1\test\blues\blues.00071__03000ms__0011.npy
cnn,blues__blues.00071,blues,12,blues,blues,1,0.8906790614128113,E:\dl\mel_cache\lm3_base_v1\test\blues\blues.00071__03000ms__0012.npy
cnn,blues__blues.00071,blues,13,blues,blues,1,0.9315999150276184,E:\dl\mel_cache\lm3_base_v1\test\blues\blues.00071__03000ms__0013.npy
cnn,blues__blues.00071,blues,14,blues,blues,1,0.8313068151473999,E:\dl\mel_cache\lm3_base_v1\test\blues\blues.00071__03000ms__0014.npy
cnn,blues__blues.00071,blues,15,blues,blues,1,0.40875929594039917,E:\dl\mel_cache\lm3_base_v1\test\blues\blues.00071__03000ms__0015.npy
cnn,blues__blues.00071,blues,16,blues,blues,1,0.6403811573982239,E:\dl\mel_cache\lm3_base_v1\test\blues\blues.00071__03000ms__0016.npy
cnn,blues__blues.00071,blues,17,blues,blues,1,0.8530174493789673,E:\dl\mel_cache\lm3_base_v1\test\blues\blues.00071__03000ms__0017.npy
cnn,blues__blues.00071,blues,18,blues,blues,1,0.7226797938346863,E:\dl\mel_cache\lm3_base_v1\test\blues\blues.00071__03000ms__0018.npy
cnn,blues__blues.00071,blues,19,blues,blues,1,0.6489989757537842,E:\dl\mel_cache\lm3_base_v1\test\blues\blues.00071__03000ms__0019.npy
cnn,classical__classical.00000,classical,0,classical,classical,1,0.49966317415237427,E:\dl\mel_cache\lm3_base_v1\test\classical\classical.00000__03000ms__0000.npy
cnn,classical__classical.00000,classical,1,classical,classical,1,0.8184359073638916,E:\dl\mel_cache\lm3_base_v1\test\classical\classical.00000__03000ms__0001.npy
cnn,classical__classical.00000,classical,2,classical,classical,1,0.8658667802810669,E:\dl\mel_cache\lm3_base_v1\test\classical\classical.00000__03000ms__0002.npy
cnn,classical__classical.00000,classical,3,classical,classical,1,0.8894326686859131,E:\dl\mel_cache\lm3_base_v1\test\classical\classical.00000__03000ms__0003.npy
cnn,classical__classical.00000,classical,4,classical,classical,1,0.8533185720443726,E:\dl\mel_cache\lm3_base_v1\test\classical\classical.00000__03000ms__0004.npy
cnn,classical__classical.00000,classical,5,classical,classical,1,0.7670766711235046,E:\dl\mel_cache\lm3_base_v1\test\classical\classical.00000__03000ms__0005.npy
cnn,classical__classical.00000,classical,6,classical,classical,1,0.8531577587127686,E:\dl\mel_cache\lm3_base_v1\test\classical\classical.00000__03000ms__0006.npy
cnn,classical__classical.00000,classical,7,classical,classical,1,0.8534294366836548,E:\dl\mel_cache\lm3_base_v1\test\classical\classical.00000__03000ms__0007.npy
cnn,classical__classical.00000,classical,8,classical,classical,1,0.9068282842636108,E:\dl\mel_cache\lm3_base_v1\test\classical\classical.00000__03000ms__0008.npy
cnn,classical__classical.00000,classical,9,classical,classical,1,0.9268617630004883,E:\dl\mel_cache\lm3_base_v1\test\classical\classical.00000__03000ms__0009.npy
cnn,classical__classical.00000,classical,10,classical,classical,1,0.9185132384300232,E:\dl\mel_cache\lm3_base_v1\test\classical\classical.00000__03000ms__0010.npy
cnn,classical__classical.00000,classical,11,classical,classical,1,0.9258157014846802,E:\dl\mel_cache\lm3_base_v1\test\classical\classical.00000__03000ms__0011.npy
cnn,classical__classical.00000,classical,12,classical,classical,1,0.9287230968475342,E:\dl\mel_cache\lm3_base_v1\test\classical\classical.00000__03000ms__0012.npy
cnn,classical__classical.00000,classical,13,classical,classical,1,0.9253270626068115,E:\dl\mel_cache\lm3_base_v1\test\classical\classical.00000__03000ms__0013.npy
cnn,classical__classical.00000,classical,14,classical,classical,1,0.9160454273223877,E:\dl\mel_cache\lm3_base_v1\test\classical\classical.00000__03000ms__0014.npy
cnn,classical__classical.00000,classical,15,classical,classical,1,0.9059765338897705,E:\dl\mel_cache\lm3_base_v1\test\classical\classical.00000__03000ms__0015.npy
cnn,classical__classical.00000,classical,16,classical,classical,1,0.9304279088973999,E:\dl\mel_cache\lm3_base_v1\test\classical\classical.00000__03000ms__0016.npy
cnn,classical__classical.00000,classical,17,classical,classical,1,0.9111349582672119,E:\dl\mel_cache\lm3_base_v1\test\classical\classical.00000__03000ms__0017.npy
cnn,classical__classical.00000,classical,18,classical,classical,1,0.8947373032569885,E:\dl\mel_cache\lm3_base_v1\test\classical\classical.00000__03000ms__0018.npy
cnn,classical__classical.00000,classical,19,classical,classical,1,0.878410279750824,E:\dl\mel_cache\lm3_base_v1\test\classical\classical.00000__03000ms__0019.npy
cnn,classical__classical.00002,classical,0,classical,classical,1,0.6494113802909851,E:\dl\mel_cache\lm3_base_v1\test\classical\classical.00002__03000ms__0000.npy
cnn,classical__classical.00002,classical,1,classical,classical,1,0.8667634725570679,E:\dl\mel_cache\lm3_base_v1\test\classical\classical.00002__03000ms__0001.npy
cnn,classical__classical.00002,classical,2,classical,classical,1,0.8130815029144287,E:\dl\mel_cache\lm3_base_v1\test\classical\classical.00002__03000ms__0002.npy
cnn,classical__classical.00002,classical,3,classical,classical,1,0.4810575842857361,E:\dl\mel_cache\lm3_base_v1\test\classical\classical.00002__03000ms__0003.npy
cnn,classical__classical.00002,classical,4,classical,classical,1,0.6209596991539001,E:\dl\mel_cache\lm3_base_v1\test\classical\classical.00002__03000ms__0004.npy
cnn,classical__classical.00002,classical,5,classical,classical,1,0.7368248701095581,E:\dl\mel_cache\lm3_base_v1\test\classical\classical.00002__03000ms__0005.npy
cnn,classical__classical.00002,classical,6,classical,classical,1,0.6012239456176758,E:\dl\mel_cache\lm3_base_v1\test\classical\classical.00002__03000ms__0006.npy
cnn,classical__classical.00002,classical,7,classical,classical,1,0.8521735668182373,E:\dl\mel_cache\lm3_base_v1\test\classical\classical.00002__03000ms__0007.npy
cnn,classical__classical.00002,classical,8,classical,classical,1,0.7079017162322998,E:\dl\mel_cache\lm3_base_v1\test\classical\classical.00002__03000ms__0008.npy
cnn,classical__classical.00002,classical,9,classical,classical,1,0.623496413230896,E:\dl\mel_cache\lm3_base_v1\test\classical\classical.00002__03000ms__0009.npy
cnn,classical__classical.00002,classical,10,classical,classical,1,0.5057013034820557,E:\dl\mel_cache\lm3_base_v1\test\classical\classical.00002__03000ms__0010.npy
cnn,classical__classical.00002,classical,11,classical,classical,1,0.45220908522605896,E:\dl\mel_cache\lm3_base_v1\test\classical\classical.00002__03000ms__0011.npy
cnn,classical__classical.00002,classical,12,classical,classical,1,0.7824544906616211,E:\dl\mel_cache\lm3_base_v1\test\classical\classical.00002__03000ms__0012.npy
cnn,classical__classical.00002,classical,13,classical,classical,1,0.8639668822288513,E:\dl\mel_cache\lm3_base_v1\test\classical\classical.00002__03000ms__0013.npy
cnn,classical__classical.00002,classical,14,classical,classical,1,0.8745517134666443,E:\dl\mel_cache\lm3_base_v1\test\classical\classical.00002__03000ms__0014.npy
cnn,classical__classical.00002,classical,15,classical,classical,1,0.9045438170433044,E:\dl\mel_cache\lm3_base_v1\test\classical\classical.00002__03000ms__0015.npy
cnn,classical__classical.00002,classical,16,classical,classical,1,0.8930773735046387,E:\dl\mel_cache\lm3_base_v1\test\classical\classical.00002__03000ms__0016.npy
cnn,classical__classical.00002,classical,17,classical,classical,1,0.8439406752586365,E:\dl\mel_cache\lm3_base_v1\test\classical\classical.00002__03000ms__0017.npy
cnn,classical__classical.00002,classical,18,classical,classical,1,0.6598198413848877,E:\dl\mel_cache\lm3_base_v1\test\classical\classical.00002__03000ms__0018.npy
cnn,classical__classical.00002,classical,19,classical,classical,1,0.6157441139221191,E:\dl\mel_cache\lm3_base_v1\test\classical\classical.00002__03000ms__0019.npy
cnn,classical__classical.00006,classical,0,classical,classical,1,0.9192439913749695,E:\dl\mel_cache\lm3_base_v1\test\classical\classical.00006__03000ms__0000.npy
cnn,classical__classical.00006,classical,1,classical,classical,1,0.9263546466827393,E:\dl\mel_cache\lm3_base_v1\test\classical\classical.00006__03000ms__0001.npy
cnn,classical__classical.00006,classical,2,classical,classical,1,0.9217016100883484,E:\dl\mel_cache\lm3_base_v1\test\classical\classical.00006__03000ms__0002.npy
cnn,classical__classical.00006,classical,3,classical,classical,1,0.934844434261322,E:\dl\mel_cache\lm3_base_v1\test\classical\classical.00006__03000ms__0003.npy
cnn,classical__classical.00006,classical,4,classical,classical,1,0.9281392693519592,E:\dl\mel_cache\lm3_base_v1\test\classical\classical.00006__03000ms__0004.npy
cnn,classical__classical.00006,classical,5,classical,classical,1,0.707131564617157,E:\dl\mel_cache\lm3_base_v1\test\classical\classical.00006__03000ms__0005.npy
cnn,classical__classical.00006,classical,6,classical,classical,1,0.8452783226966858,E:\dl\mel_cache\lm3_base_v1\test\classical\classical.00006__03000ms__0006.npy
cnn,classical__classical.00006,classical,7,classical,classical,1,0.8857304453849792,E:\dl\mel_cache\lm3_base_v1\test\classical\classical.00006__03000ms__0007.npy
cnn,classical__classical.00006,classical,8,classical,classical,1,0.8836144804954529,E:\dl\mel_cache\lm3_base_v1\test\classical\classical.00006__03000ms__0008.npy
cnn,classical__classical.00006,classical,9,classical,classical,1,0.6928996443748474,E:\dl\mel_cache\lm3_base_v1\test\classical\classical.00006__03000ms__0009.npy
cnn,classical__classical.00006,classical,10,classical,classical,1,0.9123197793960571,E:\dl\mel_cache\lm3_base_v1\test\classical\classical.00006__03000ms__0010.npy
cnn,classical__classical.00006,classical,11,classical,classical,1,0.9192152619361877,E:\dl\mel_cache\lm3_base_v1\test\classical\classical.00006__03000ms__0011.npy
cnn,classical__classical.00006,classical,12,classical,classical,1,0.91596919298172,E:\dl\mel_cache\lm3_base_v1\test\classical\classical.00006__03000ms__0012.npy
cnn,classical__classical.00006,classical,13,classical,classical,1,0.7979224324226379,E:\dl\mel_cache\lm3_base_v1\test\classical\classical.00006__03000ms__0013.npy
cnn,classical__classical.00006,classical,14,classical,classical,1,0.8146710991859436,E:\dl\mel_cache\lm3_base_v1\test\classical\classical.00006__03000ms__0014.npy
cnn,classical__classical.00006,classical,15,classical,classical,1,0.7816131711006165,E:\dl\mel_cache\lm3_base_v1\test\classical\classical.00006__03000ms__0015.npy
cnn,classical__classical.00006,classical,16,classical,classical,1,0.7299619913101196,E:\dl\mel_cache\lm3_base_v1\test\classical\classical.00006__03000ms__0016.npy
cnn,classical__classical.00006,classical,17,classical,classical,1,0.8236213326454163,E:\dl\mel_cache\lm3_base_v1\test\classical\classical.00006__03000ms__0017.npy
cnn,classical__classical.00006,classical,18,classical,classical,1,0.9134619832038879,E:\dl\mel_cache\lm3_base_v1\test\classical\classical.00006__03000ms__0018.npy
cnn,classical__classical.00006,classical,19,classical,classical,1,0.910606861114502,E:\dl\mel_cache\lm3_base_v1\test\classical\classical.00006__03000ms__0019.npy
cnn,classical__classical.00009,classical,0,classical,classical,1,0.9325060248374939,E:\dl\mel_cache\lm3_base_v1\test\classical\classical.00009__03000ms__0000.npy
cnn,classical__classical.00009,classical,1,classical,classical,1,0.91855388879776,E:\dl\mel_cache\lm3_base_v1\test\classical\classical.00009__03000ms__0001.npy
cnn,classical__classical.00009,classical,2,classical,classical,1,0.8583952188491821,E:\dl\mel_cache\lm3_base_v1\test\classical\classical.00009__03000ms__0002.npy
cnn,classical__classical.00009,classical,3,classical,classical,1,0.866601824760437,E:\dl\mel_cache\lm3_base_v1\test\classical\classical.00009__03000ms__0003.npy
cnn,classical__classical.00009,classical,4,classical,classical,1,0.8144264817237854,E:\dl\mel_cache\lm3_base_v1\test\classical\classical.00009__03000ms__0004.npy
cnn,classical__classical.00009,classical,5,classical,classical,1,0.8762341141700745,E:\dl\mel_cache\lm3_base_v1\test\classical\classical.00009__03000ms__0005.npy
cnn,classical__classical.00009,classical,6,classical,classical,1,0.8955332040786743,E:\dl\mel_cache\lm3_base_v1\test\classical\classical.00009__03000ms__0006.npy
cnn,classical__classical.00009,classical,7,classical,classical,1,0.8610320091247559,E:\dl\mel_cache\lm3_base_v1\test\classical\classical.00009__03000ms__0007.npy
cnn,classical__classical.00009,classical,8,classical,classical,1,0.8090718388557434,E:\dl\mel_cache\lm3_base_v1\test\classical\classical.00009__03000ms__0008.npy
cnn,classical__classical.00009,classical,9,classical,classical,1,0.8507757186889648,E:\dl\mel_cache\lm3_base_v1\test\classical\classical.00009__03000ms__0009.npy
cnn,classical__classical.00009,classical,10,classical,classical,1,0.8981108665466309,E:\dl\mel_cache\lm3_base_v1\test\classical\classical.00009__03000ms__0010.npy
cnn,classical__classical.00009,classical,11,classical,classical,1,0.7814956307411194,E:\dl\mel_cache\lm3_base_v1\test\classical\classical.00009__03000ms__0011.npy
cnn,classical__classical.00009,classical,12,classical,classical,1,0.8537434339523315,E:\dl\mel_cache\lm3_base_v1\test\classical\classical.00009__03000ms__0012.npy
cnn,classical__classical.00009,classical,13,classical,classical,1,0.927838146686554,E:\dl\mel_cache\lm3_base_v1\test\classical\classical.00009__03000ms__0013.npy
cnn,classical__classical.00009,classical,14,classical,classical,1,0.9327743053436279,E:\dl\mel_cache\lm3_base_v1\test\classical\classical.00009__03000ms__0014.npy
cnn,classical__classical.00009,classical,15,classical,classical,1,0.8640667796134949,E:\dl\mel_cache\lm3_base_v1\test\classical\classical.00009__03000ms__0015.npy
cnn,classical__classical.00009,classical,16,classical,classical,1,0.7844924330711365,E:\dl\mel_cache\lm3_base_v1\test\classical\classical.00009__03000ms__0016.npy
cnn,classical__classical.00009,classical,17,classical,classical,1,0.8857139945030212,E:\dl\mel_cache\lm3_base_v1\test\classical\classical.00009__03000ms__0017.npy
cnn,classical__classical.00009,classical,18,classical,classical,1,0.8535518050193787,E:\dl\mel_cache\lm3_base_v1\test\classical\classical.00009__03000ms__0018.npy
cnn,classical__classical.00009,classical,19,classical,classical,1,0.8499616980552673,E:\dl\mel_cache\lm3_base_v1\test\classical\classical.00009__03000ms__0019.npy
cnn,classical__classical.00022,classical,0,classical,classical,1,0.9274460673332214,E:\dl\mel_cache\lm3_base_v1\test\classical\classical.00022__03000ms__0000.npy
cnn,classical__classical.00022,classical,1,classical,classical,1,0.9302460551261902,E:\dl\mel_cache\lm3_base_v1\test\classical\classical.00022__03000ms__0001.npy
cnn,classical__classical.00022,classical,2,classical,classical,1,0.9265829920768738,E:\dl\mel_cache\lm3_base_v1\test\classical\classical.00022__03000ms__0002.npy
cnn,classical__classical.00022,classical,3,classical,classical,1,0.9131802320480347,E:\dl\mel_cache\lm3_base_v1\test\classical\classical.00022__03000ms__0003.npy
cnn,classical__classical.00022,classical,4,classical,classical,1,0.9024288058280945,E:\dl\mel_cache\lm3_base_v1\test\classical\classical.00022__03000ms__0004.npy
cnn,classical__classical.00022,classical,5,classical,classical,1,0.9097486734390259,E:\dl\mel_cache\lm3_base_v1\test\classical\classical.00022__03000ms__0005.npy
cnn,classical__classical.00022,classical,6,classical,classical,1,0.9005357027053833,E:\dl\mel_cache\lm3_base_v1\test\classical\classical.00022__03000ms__0006.npy
cnn,classical__classical.00022,classical,7,classical,classical,1,0.9221848249435425,E:\dl\mel_cache\lm3_base_v1\test\classical\classical.00022__03000ms__0007.npy
cnn,classical__classical.00022,classical,8,classical,classical,1,0.9290129542350769,E:\dl\mel_cache\lm3_base_v1\test\classical\classical.00022__03000ms__0008.npy
cnn,classical__classical.00022,classical,9,classical,classical,1,0.9359174966812134,E:\dl\mel_cache\lm3_base_v1\test\classical\classical.00022__03000ms__0009.npy
cnn,classical__classical.00022,classical,10,classical,classical,1,0.9339751601219177,E:\dl\mel_cache\lm3_base_v1\test\classical\classical.00022__03000ms__0010.npy
cnn,classical__classical.00022,classical,11,classical,classical,1,0.9259515404701233,E:\dl\mel_cache\lm3_base_v1\test\classical\classical.00022__03000ms__0011.npy
cnn,classical__classical.00022,classical,12,classical,classical,1,0.9452347755432129,E:\dl\mel_cache\lm3_base_v1\test\classical\classical.00022__03000ms__0012.npy
cnn,classical__classical.00022,classical,13,classical,classical,1,0.9447044730186462,E:\dl\mel_cache\lm3_base_v1\test\classical\classical.00022__03000ms__0013.npy
cnn,classical__classical.00022,classical,14,classical,classical,1,0.9351312518119812,E:\dl\mel_cache\lm3_base_v1\test\classical\classical.00022__03000ms__0014.npy
cnn,classical__classical.00022,classical,15,classical,classical,1,0.939647912979126,E:\dl\mel_cache\lm3_base_v1\test\classical\classical.00022__03000ms__0015.npy
cnn,classical__classical.00022,classical,16,classical,classical,1,0.9296704530715942,E:\dl\mel_cache\lm3_base_v1\test\classical\classical.00022__03000ms__0016.npy
cnn,classical__classical.00022,classical,17,classical,classical,1,0.8841347694396973,E:\dl\mel_cache\lm3_base_v1\test\classical\classical.00022__03000ms__0017.npy
cnn,classical__classical.00022,classical,18,classical,classical,1,0.9091104865074158,E:\dl\mel_cache\lm3_base_v1\test\classical\classical.00022__03000ms__0018.npy
cnn,classical__classical.00022,classical,19,classical,classical,1,0.9111545085906982,E:\dl\mel_cache\lm3_base_v1\test\classical\classical.00022__03000ms__0019.npy
cnn,classical__classical.00034,classical,0,classical,classical,1,0.9308258295059204,E:\dl\mel_cache\lm3_base_v1\test\classical\classical.00034__03000ms__0000.npy
cnn,classical__classical.00034,classical,1,classical,classical,1,0.9307886362075806,E:\dl\mel_cache\lm3_base_v1\test\classical\classical.00034__03000ms__0001.npy
cnn,classical__classical.00034,classical,2,classical,classical,1,0.9278369545936584,E:\dl\mel_cache\lm3_base_v1\test\classical\classical.00034__03000ms__0002.npy
cnn,classical__classical.00034,classical,3,classical,classical,1,0.9286231994628906,E:\dl\mel_cache\lm3_base_v1\test\classical\classical.00034__03000ms__0003.npy
cnn,classical__classical.00034,classical,4,classical,classical,1,0.9352208375930786,E:\dl\mel_cache\lm3_base_v1\test\classical\classical.00034__03000ms__0004.npy
cnn,classical__classical.00034,classical,5,classical,classical,1,0.9414575695991516,E:\dl\mel_cache\lm3_base_v1\test\classical\classical.00034__03000ms__0005.npy
cnn,classical__classical.00034,classical,6,classical,classical,1,0.9416771531105042,E:\dl\mel_cache\lm3_base_v1\test\classical\classical.00034__03000ms__0006.npy
cnn,classical__classical.00034,classical,7,classical,classical,1,0.914320170879364,E:\dl\mel_cache\lm3_base_v1\test\classical\classical.00034__03000ms__0007.npy
cnn,classical__classical.00034,classical,8,classical,classical,1,0.9066747426986694,E:\dl\mel_cache\lm3_base_v1\test\classical\classical.00034__03000ms__0008.npy
cnn,classical__classical.00034,classical,9,classical,classical,1,0.9291789531707764,E:\dl\mel_cache\lm3_base_v1\test\classical\classical.00034__03000ms__0009.npy
cnn,classical__classical.00034,classical,10,classical,classical,1,0.9348136186599731,E:\dl\mel_cache\lm3_base_v1\test\classical\classical.00034__03000ms__0010.npy
cnn,classical__classical.00034,classical,11,classical,classical,1,0.9323469400405884,E:\dl\mel_cache\lm3_base_v1\test\classical\classical.00034__03000ms__0011.npy
cnn,classical__classical.00034,classical,12,classical,classical,1,0.939350426197052,E:\dl\mel_cache\lm3_base_v1\test\classical\classical.00034__03000ms__0012.npy
cnn,classical__classical.00034,classical,13,classical,classical,1,0.912549614906311,E:\dl\mel_cache\lm3_base_v1\test\classical\classical.00034__03000ms__0013.npy
cnn,classical__classical.00034,classical,14,classical,classical,1,0.9291270971298218,E:\dl\mel_cache\lm3_base_v1\test\classical\classical.00034__03000ms__0014.npy
cnn,classical__classical.00034,classical,15,classical,classical,1,0.9140806794166565,E:\dl\mel_cache\lm3_base_v1\test\classical\classical.00034__03000ms__0015.npy
cnn,classical__classical.00034,classical,16,classical,classical,1,0.9354087114334106,E:\dl\mel_cache\lm3_base_v1\test\classical\classical.00034__03000ms__0016.npy
cnn,classical__classical.00034,classical,17,classical,classical,1,0.9396264553070068,E:\dl\mel_cache\lm3_base_v1\test\classical\classical.00034__03000ms__0017.npy
cnn,classical__classical.00034,classical,18,classical,classical,1,0.9365546107292175,E:\dl\mel_cache\lm3_base_v1\test\classical\classical.00034__03000ms__0018.npy
cnn,classical__classical.00034,classical,19,classical,classical,1,0.9358351230621338,E:\dl\mel_cache\lm3_base_v1\test\classical\classical.00034__03000ms__0019.npy
cnn,classical__classical.00037,classical,0,classical,classical,1,0.9158591628074646,E:\dl\mel_cache\lm3_base_v1\test\classical\classical.00037__03000ms__0000.npy
cnn,classical__classical.00037,classical,1,classical,classical,1,0.7258117198944092,E:\dl\mel_cache\lm3_base_v1\test\classical\classical.00037__03000ms__0001.npy
cnn,classical__classical.00037,classical,2,classical,classical,1,0.5385922193527222,E:\dl\mel_cache\lm3_base_v1\test\classical\classical.00037__03000ms__0002.npy
cnn,classical__classical.00037,classical,3,classical,classical,1,0.6270897388458252,E:\dl\mel_cache\lm3_base_v1\test\classical\classical.00037__03000ms__0003.npy
cnn,classical__classical.00037,classical,4,classical,jazz,0,0.7662118077278137,E:\dl\mel_cache\lm3_base_v1\test\classical\classical.00037__03000ms__0004.npy
cnn,classical__classical.00037,classical,5,classical,jazz,0,0.6760891675949097,E:\dl\mel_cache\lm3_base_v1\test\classical\classical.00037__03000ms__0005.npy
cnn,classical__classical.00037,classical,6,classical,classical,1,0.6271619200706482,E:\dl\mel_cache\lm3_base_v1\test\classical\classical.00037__03000ms__0006.npy
cnn,classical__classical.00037,classical,7,classical,classical,1,0.8948521614074707,E:\dl\mel_cache\lm3_base_v1\test\classical\classical.00037__03000ms__0007.npy
cnn,classical__classical.00037,classical,8,classical,classical,1,0.9128466844558716,E:\dl\mel_cache\lm3_base_v1\test\classical\classical.00037__03000ms__0008.npy
cnn,classical__classical.00037,classical,9,classical,classical,1,0.9344820380210876,E:\dl\mel_cache\lm3_base_v1\test\classical\classical.00037__03000ms__0009.npy
cnn,classical__classical.00037,classical,10,classical,classical,1,0.9329211711883545,E:\dl\mel_cache\lm3_base_v1\test\classical\classical.00037__03000ms__0010.npy
cnn,classical__classical.00037,classical,11,classical,classical,1,0.9067584276199341,E:\dl\mel_cache\lm3_base_v1\test\classical\classical.00037__03000ms__0011.npy
cnn,classical__classical.00037,classical,12,classical,classical,1,0.8230560421943665,E:\dl\mel_cache\lm3_base_v1\test\classical\classical.00037__03000ms__0012.npy
cnn,classical__classical.00037,classical,13,classical,classical,1,0.9170758128166199,E:\dl\mel_cache\lm3_base_v1\test\classical\classical.00037__03000ms__0013.npy
cnn,classical__classical.00037,classical,14,classical,classical,1,0.9285241961479187,E:\dl\mel_cache\lm3_base_v1\test\classical\classical.00037__03000ms__0014.npy
cnn,classical__classical.00037,classical,15,classical,classical,1,0.932745635509491,E:\dl\mel_cache\lm3_base_v1\test\classical\classical.00037__03000ms__0015.npy
cnn,classical__classical.00037,classical,16,classical,classical,1,0.9409369230270386,E:\dl\mel_cache\lm3_base_v1\test\classical\classical.00037__03000ms__0016.npy
cnn,classical__classical.00037,classical,17,classical,classical,1,0.9350727796554565,E:\dl\mel_cache\lm3_base_v1\test\classical\classical.00037__03000ms__0017.npy
cnn,classical__classical.00037,classical,18,classical,classical,1,0.9404103755950928,E:\dl\mel_cache\lm3_base_v1\test\classical\classical.00037__03000ms__0018.npy
cnn,classical__classical.00037,classical,19,classical,classical,1,0.9396270513534546,E:\dl\mel_cache\lm3_base_v1\test\classical\classical.00037__03000ms__0019.npy
cnn,classical__classical.00039,classical,0,classical,classical,1,0.7963086366653442,E:\dl\mel_cache\lm3_base_v1\test\classical\classical.00039__03000ms__0000.npy
cnn,classical__classical.00039,classical,1,classical,classical,1,0.8127766251564026,E:\dl\mel_cache\lm3_base_v1\test\classical\classical.00039__03000ms__0001.npy
cnn,classical__classical.00039,classical,2,classical,classical,1,0.8753703236579895,E:\dl\mel_cache\lm3_base_v1\test\classical\classical.00039__03000ms__0002.npy
cnn,classical__classical.00039,classical,3,classical,classical,1,0.9437959790229797,E:\dl\mel_cache\lm3_base_v1\test\classical\classical.00039__03000ms__0003.npy
cnn,classical__classical.00039,classical,4,classical,classical,1,0.9425117373466492,E:\dl\mel_cache\lm3_base_v1\test\classical\classical.00039__03000ms__0004.npy
cnn,classical__classical.00039,classical,5,classical,classical,1,0.9415739178657532,E:\dl\mel_cache\lm3_base_v1\test\classical\classical.00039__03000ms__0005.npy
cnn,classical__classical.00039,classical,6,classical,classical,1,0.9400031566619873,E:\dl\mel_cache\lm3_base_v1\test\classical\classical.00039__03000ms__0006.npy
cnn,classical__classical.00039,classical,7,classical,jazz,0,0.5046533346176147,E:\dl\mel_cache\lm3_base_v1\test\classical\classical.00039__03000ms__0007.npy
cnn,classical__classical.00039,classical,8,classical,classical,1,0.7504541873931885,E:\dl\mel_cache\lm3_base_v1\test\classical\classical.00039__03000ms__0008.npy
cnn,classical__classical.00039,classical,9,classical,classical,1,0.6271998286247253,E:\dl\mel_cache\lm3_base_v1\test\classical\classical.00039__03000ms__0009.npy
cnn,classical__classical.00039,classical,10,classical,classical,1,0.5474115610122681,E:\dl\mel_cache\lm3_base_v1\test\classical\classical.00039__03000ms__0010.npy
cnn,classical__classical.00039,classical,11,classical,jazz,0,0.6637808084487915,E:\dl\mel_cache\lm3_base_v1\test\classical\classical.00039__03000ms__0011.npy
cnn,classical__classical.00039,classical,12,classical,jazz,0,0.797886073589325,E:\dl\mel_cache\lm3_base_v1\test\classical\classical.00039__03000ms__0012.npy
cnn,classical__classical.00039,classical,13,classical,classical,1,0.8949627876281738,E:\dl\mel_cache\lm3_base_v1\test\classical\classical.00039__03000ms__0013.npy
cnn,classical__classical.00039,classical,14,classical,classical,1,0.9385907649993896,E:\dl\mel_cache\lm3_base_v1\test\classical\classical.00039__03000ms__0014.npy
cnn,classical__classical.00039,classical,15,classical,classical,1,0.9366997480392456,E:\dl\mel_cache\lm3_base_v1\test\classical\classical.00039__03000ms__0015.npy
cnn,classical__classical.00039,classical,16,classical,classical,1,0.9352173805236816,E:\dl\mel_cache\lm3_base_v1\test\classical\classical.00039__03000ms__0016.npy
cnn,classical__classical.00039,classical,17,classical,classical,1,0.9363258481025696,E:\dl\mel_cache\lm3_base_v1\test\classical\classical.00039__03000ms__0017.npy
cnn,classical__classical.00039,classical,18,classical,classical,1,0.9435453414916992,E:\dl\mel_cache\lm3_base_v1\test\classical\classical.00039__03000ms__0018.npy
cnn,classical__classical.00039,classical,19,classical,classical,1,0.9434490203857422,E:\dl\mel_cache\lm3_base_v1\test\classical\classical.00039__03000ms__0019.npy
cnn,classical__classical.00047,classical,0,classical,classical,1,0.9454980492591858,E:\dl\mel_cache\lm3_base_v1\test\classical\classical.00047__03000ms__0000.npy
cnn,classical__classical.00047,classical,1,classical,classical,1,0.9472717046737671,E:\dl\mel_cache\lm3_base_v1\test\classical\classical.00047__03000ms__0001.npy
cnn,classical__classical.00047,classical,2,classical,classical,1,0.9466589093208313,E:\dl\mel_cache\lm3_base_v1\test\classical\classical.00047__03000ms__0002.npy
cnn,classical__classical.00047,classical,3,classical,classical,1,0.945454478263855,E:\dl\mel_cache\lm3_base_v1\test\classical\classical.00047__03000ms__0003.npy
cnn,classical__classical.00047,classical,4,classical,classical,1,0.9476667046546936,E:\dl\mel_cache\lm3_base_v1\test\classical\classical.00047__03000ms__0004.npy
cnn,classical__classical.00047,classical,5,classical,classical,1,0.9462751150131226,E:\dl\mel_cache\lm3_base_v1\test\classical\classical.00047__03000ms__0005.npy
cnn,classical__classical.00047,classical,6,classical,classical,1,0.9433134198188782,E:\dl\mel_cache\lm3_base_v1\test\classical\classical.00047__03000ms__0006.npy
cnn,classical__classical.00047,classical,7,classical,classical,1,0.9378396272659302,E:\dl\mel_cache\lm3_base_v1\test\classical\classical.00047__03000ms__0007.npy
cnn,classical__classical.00047,classical,8,classical,classical,1,0.9223343729972839,E:\dl\mel_cache\lm3_base_v1\test\classical\classical.00047__03000ms__0008.npy
cnn,classical__classical.00047,classical,9,classical,classical,1,0.9128298759460449,E:\dl\mel_cache\lm3_base_v1\test\classical\classical.00047__03000ms__0009.npy
cnn,classical__classical.00047,classical,10,classical,classical,1,0.9248266816139221,E:\dl\mel_cache\lm3_base_v1\test\classical\classical.00047__03000ms__0010.npy
cnn,classical__classical.00047,classical,11,classical,classical,1,0.9385892152786255,E:\dl\mel_cache\lm3_base_v1\test\classical\classical.00047__03000ms__0011.npy
cnn,classical__classical.00047,classical,12,classical,classical,1,0.9393677711486816,E:\dl\mel_cache\lm3_base_v1\test\classical\classical.00047__03000ms__0012.npy
cnn,classical__classical.00047,classical,13,classical,classical,1,0.9391539692878723,E:\dl\mel_cache\lm3_base_v1\test\classical\classical.00047__03000ms__0013.npy
cnn,classical__classical.00047,classical,14,classical,classical,1,0.9389742612838745,E:\dl\mel_cache\lm3_base_v1\test\classical\classical.00047__03000ms__0014.npy
cnn,classical__classical.00047,classical,15,classical,classical,1,0.9395605325698853,E:\dl\mel_cache\lm3_base_v1\test\classical\classical.00047__03000ms__0015.npy
cnn,classical__classical.00047,classical,16,classical,classical,1,0.9456450343132019,E:\dl\mel_cache\lm3_base_v1\test\classical\classical.00047__03000ms__0016.npy
cnn,classical__classical.00047,classical,17,classical,classical,1,0.9470286965370178,E:\dl\mel_cache\lm3_base_v1\test\classical\classical.00047__03000ms__0017.npy
cnn,classical__classical.00047,classical,18,classical,classical,1,0.9468355774879456,E:\dl\mel_cache\lm3_base_v1\test\classical\classical.00047__03000ms__0018.npy
cnn,classical__classical.00047,classical,19,classical,classical,1,0.9467500448226929,E:\dl\mel_cache\lm3_base_v1\test\classical\classical.00047__03000ms__0019.npy
cnn,classical__classical.00053,classical,0,classical,classical,1,0.8619861006736755,E:\dl\mel_cache\lm3_base_v1\test\classical\classical.00053__03000ms__0000.npy
cnn,classical__classical.00053,classical,1,classical,classical,1,0.6769952178001404,E:\dl\mel_cache\lm3_base_v1\test\classical\classical.00053__03000ms__0001.npy
cnn,classical__classical.00053,classical,2,classical,classical,1,0.6104139089584351,E:\dl\mel_cache\lm3_base_v1\test\classical\classical.00053__03000ms__0002.npy
cnn,classical__classical.00053,classical,3,classical,classical,1,0.9212301969528198,E:\dl\mel_cache\lm3_base_v1\test\classical\classical.00053__03000ms__0003.npy
cnn,classical__classical.00053,classical,4,classical,classical,1,0.9192822575569153,E:\dl\mel_cache\lm3_base_v1\test\classical\classical.00053__03000ms__0004.npy
cnn,classical__classical.00053,classical,5,classical,classical,1,0.9080593585968018,E:\dl\mel_cache\lm3_base_v1\test\classical\classical.00053__03000ms__0005.npy
cnn,classical__classical.00053,classical,6,classical,classical,1,0.9189279079437256,E:\dl\mel_cache\lm3_base_v1\test\classical\classical.00053__03000ms__0006.npy
cnn,classical__classical.00053,classical,7,classical,classical,1,0.9096879363059998,E:\dl\mel_cache\lm3_base_v1\test\classical\classical.00053__03000ms__0007.npy
cnn,classical__classical.00053,classical,8,classical,classical,1,0.9313303828239441,E:\dl\mel_cache\lm3_base_v1\test\classical\classical.00053__03000ms__0008.npy
cnn,classical__classical.00053,classical,9,classical,classical,1,0.8945950269699097,E:\dl\mel_cache\lm3_base_v1\test\classical\classical.00053__03000ms__0009.npy
cnn,classical__classical.00053,classical,10,classical,classical,1,0.8763745427131653,E:\dl\mel_cache\lm3_base_v1\test\classical\classical.00053__03000ms__0010.npy
cnn,classical__classical.00053,classical,11,classical,classical,1,0.8857722878456116,E:\dl\mel_cache\lm3_base_v1\test\classical\classical.00053__03000ms__0011.npy
cnn,classical__classical.00053,classical,12,classical,classical,1,0.8844402432441711,E:\dl\mel_cache\lm3_base_v1\test\classical\classical.00053__03000ms__0012.npy
cnn,classical__classical.00053,classical,13,classical,classical,1,0.8835060596466064,E:\dl\mel_cache\lm3_base_v1\test\classical\classical.00053__03000ms__0013.npy
cnn,classical__classical.00053,classical,14,classical,classical,1,0.9060805439949036,E:\dl\mel_cache\lm3_base_v1\test\classical\classical.00053__03000ms__0014.npy
cnn,classical__classical.00053,classical,15,classical,classical,1,0.90461266040802,E:\dl\mel_cache\lm3_base_v1\test\classical\classical.00053__03000ms__0015.npy
cnn,classical__classical.00053,classical,16,classical,classical,1,0.7970130443572998,E:\dl\mel_cache\lm3_base_v1\test\classical\classical.00053__03000ms__0016.npy
cnn,classical__classical.00053,classical,17,classical,classical,1,0.8730708360671997,E:\dl\mel_cache\lm3_base_v1\test\classical\classical.00053__03000ms__0017.npy
cnn,classical__classical.00053,classical,18,classical,classical,1,0.8765394687652588,E:\dl\mel_cache\lm3_base_v1\test\classical\classical.00053__03000ms__0018.npy
cnn,classical__classical.00053,classical,19,classical,classical,1,0.7726802825927734,E:\dl\mel_cache\lm3_base_v1\test\classical\classical.00053__03000ms__0019.npy
cnn,classical__classical.00056,classical,0,classical,classical,1,0.7425037026405334,E:\dl\mel_cache\lm3_base_v1\test\classical\classical.00056__03000ms__0000.npy
cnn,classical__classical.00056,classical,1,classical,classical,1,0.7960484623908997,E:\dl\mel_cache\lm3_base_v1\test\classical\classical.00056__03000ms__0001.npy
cnn,classical__classical.00056,classical,2,classical,classical,1,0.6030668616294861,E:\dl\mel_cache\lm3_base_v1\test\classical\classical.00056__03000ms__0002.npy
cnn,classical__classical.00056,classical,3,classical,classical,1,0.5439900159835815,E:\dl\mel_cache\lm3_base_v1\test\classical\classical.00056__03000ms__0003.npy
cnn,classical__classical.00056,classical,4,classical,classical,1,0.49177947640419006,E:\dl\mel_cache\lm3_base_v1\test\classical\classical.00056__03000ms__0004.npy
cnn,classical__classical.00056,classical,5,classical,classical,1,0.44729185104370117,E:\dl\mel_cache\lm3_base_v1\test\classical\classical.00056__03000ms__0005.npy
cnn,classical__classical.00056,classical,6,classical,classical,1,0.5010278224945068,E:\dl\mel_cache\lm3_base_v1\test\classical\classical.00056__03000ms__0006.npy
cnn,classical__classical.00056,classical,7,classical,classical,1,0.6855849623680115,E:\dl\mel_cache\lm3_base_v1\test\classical\classical.00056__03000ms__0007.npy
cnn,classical__classical.00056,classical,8,classical,classical,1,0.622254490852356,E:\dl\mel_cache\lm3_base_v1\test\classical\classical.00056__03000ms__0008.npy
cnn,classical__classical.00056,classical,9,classical,pop,0,0.39250436425209045,E:\dl\mel_cache\lm3_base_v1\test\classical\classical.00056__03000ms__0009.npy
cnn,classical__classical.00056,classical,10,classical,pop,0,0.4033925533294678,E:\dl\mel_cache\lm3_base_v1\test\classical\classical.00056__03000ms__0010.npy
cnn,classical__classical.00056,classical,11,classical,classical,1,0.4255964457988739,E:\dl\mel_cache\lm3_base_v1\test\classical\classical.00056__03000ms__0011.npy
cnn,classical__classical.00056,classical,12,classical,classical,1,0.5286802053451538,E:\dl\mel_cache\lm3_base_v1\test\classical\classical.00056__03000ms__0012.npy
cnn,classical__classical.00056,classical,13,classical,classical,1,0.6845544576644897,E:\dl\mel_cache\lm3_base_v1\test\classical\classical.00056__03000ms__0013.npy
cnn,classical__classical.00056,classical,14,classical,classical,1,0.6965107321739197,E:\dl\mel_cache\lm3_base_v1\test\classical\classical.00056__03000ms__0014.npy
cnn,classical__classical.00056,classical,15,classical,classical,1,0.42405402660369873,E:\dl\mel_cache\lm3_base_v1\test\classical\classical.00056__03000ms__0015.npy
cnn,classical__classical.00056,classical,16,classical,classical,1,0.5060743689537048,E:\dl\mel_cache\lm3_base_v1\test\classical\classical.00056__03000ms__0016.npy
cnn,classical__classical.00056,classical,17,classical,classical,1,0.5388856530189514,E:\dl\mel_cache\lm3_base_v1\test\classical\classical.00056__03000ms__0017.npy
cnn,classical__classical.00056,classical,18,classical,classical,1,0.6469653248786926,E:\dl\mel_cache\lm3_base_v1\test\classical\classical.00056__03000ms__0018.npy
cnn,classical__classical.00056,classical,19,classical,classical,1,0.5806268453598022,E:\dl\mel_cache\lm3_base_v1\test\classical\classical.00056__03000ms__0019.npy
cnn,classical__classical.00057,classical,0,classical,jazz,0,0.7856610417366028,E:\dl\mel_cache\lm3_base_v1\test\classical\classical.00057__03000ms__0000.npy
cnn,classical__classical.00057,classical,1,classical,jazz,0,0.5394403338432312,E:\dl\mel_cache\lm3_base_v1\test\classical\classical.00057__03000ms__0001.npy
cnn,classical__classical.00057,classical,2,classical,classical,1,0.8661684989929199,E:\dl\mel_cache\lm3_base_v1\test\classical\classical.00057__03000ms__0002.npy
cnn,classical__classical.00057,classical,3,classical,classical,1,0.9375138878822327,E:\dl\mel_cache\lm3_base_v1\test\classical\classical.00057__03000ms__0003.npy
cnn,classical__classical.00057,classical,4,classical,classical,1,0.8991584777832031,E:\dl\mel_cache\lm3_base_v1\test\classical\classical.00057__03000ms__0004.npy
cnn,classical__classical.00057,classical,5,classical,classical,1,0.8168165683746338,E:\dl\mel_cache\lm3_base_v1\test\classical\classical.00057__03000ms__0005.npy
cnn,classical__classical.00057,classical,6,classical,classical,1,0.6160524487495422,E:\dl\mel_cache\lm3_base_v1\test\classical\classical.00057__03000ms__0006.npy
cnn,classical__classical.00057,classical,7,classical,classical,1,0.7305198907852173,E:\dl\mel_cache\lm3_base_v1\test\classical\classical.00057__03000ms__0007.npy
cnn,classical__classical.00057,classical,8,classical,classical,1,0.9369518756866455,E:\dl\mel_cache\lm3_base_v1\test\classical\classical.00057__03000ms__0008.npy
cnn,classical__classical.00057,classical,9,classical,classical,1,0.8684312105178833,E:\dl\mel_cache\lm3_base_v1\test\classical\classical.00057__03000ms__0009.npy
cnn,classical__classical.00057,classical,10,classical,classical,1,0.854048490524292,E:\dl\mel_cache\lm3_base_v1\test\classical\classical.00057__03000ms__0010.npy
cnn,classical__classical.00057,classical,11,classical,classical,1,0.6289908289909363,E:\dl\mel_cache\lm3_base_v1\test\classical\classical.00057__03000ms__0011.npy
cnn,classical__classical.00057,classical,12,classical,classical,1,0.7076377272605896,E:\dl\mel_cache\lm3_base_v1\test\classical\classical.00057__03000ms__0012.npy
cnn,classical__classical.00057,classical,13,classical,classical,1,0.5707681179046631,E:\dl\mel_cache\lm3_base_v1\test\classical\classical.00057__03000ms__0013.npy
cnn,classical__classical.00057,classical,14,classical,jazz,0,0.4732637107372284,E:\dl\mel_cache\lm3_base_v1\test\classical\classical.00057__03000ms__0014.npy
cnn,classical__classical.00057,classical,15,classical,jazz,0,0.616310715675354,E:\dl\mel_cache\lm3_base_v1\test\classical\classical.00057__03000ms__0015.npy
cnn,classical__classical.00057,classical,16,classical,classical,1,0.7657524347305298,E:\dl\mel_cache\lm3_base_v1\test\classical\classical.00057__03000ms__0016.npy
cnn,classical__classical.00057,classical,17,classical,classical,1,0.9304494857788086,E:\dl\mel_cache\lm3_base_v1\test\classical\classical.00057__03000ms__0017.npy
cnn,classical__classical.00057,classical,18,classical,classical,1,0.9338955283164978,E:\dl\mel_cache\lm3_base_v1\test\classical\classical.00057__03000ms__0018.npy
cnn,classical__classical.00057,classical,19,classical,classical,1,0.9333660006523132,E:\dl\mel_cache\lm3_base_v1\test\classical\classical.00057__03000ms__0019.npy
cnn,classical__classical.00065,classical,0,classical,classical,1,0.9154552817344666,E:\dl\mel_cache\lm3_base_v1\test\classical\classical.00065__03000ms__0000.npy
cnn,classical__classical.00065,classical,1,classical,classical,1,0.9201984405517578,E:\dl\mel_cache\lm3_base_v1\test\classical\classical.00065__03000ms__0001.npy
cnn,classical__classical.00065,classical,2,classical,classical,1,0.8159650564193726,E:\dl\mel_cache\lm3_base_v1\test\classical\classical.00065__03000ms__0002.npy
cnn,classical__classical.00065,classical,3,classical,classical,1,0.852563202381134,E:\dl\mel_cache\lm3_base_v1\test\classical\classical.00065__03000ms__0003.npy
cnn,classical__classical.00065,classical,4,classical,classical,1,0.9153719544410706,E:\dl\mel_cache\lm3_base_v1\test\classical\classical.00065__03000ms__0004.npy
cnn,classical__classical.00065,classical,5,classical,classical,1,0.9409905672073364,E:\dl\mel_cache\lm3_base_v1\test\classical\classical.00065__03000ms__0005.npy
cnn,classical__classical.00065,classical,6,classical,classical,1,0.9385002255439758,E:\dl\mel_cache\lm3_base_v1\test\classical\classical.00065__03000ms__0006.npy
cnn,classical__classical.00065,classical,7,classical,classical,1,0.883553683757782,E:\dl\mel_cache\lm3_base_v1\test\classical\classical.00065__03000ms__0007.npy
cnn,classical__classical.00065,classical,8,classical,classical,1,0.8633843064308167,E:\dl\mel_cache\lm3_base_v1\test\classical\classical.00065__03000ms__0008.npy
cnn,classical__classical.00065,classical,9,classical,classical,1,0.8549478650093079,E:\dl\mel_cache\lm3_base_v1\test\classical\classical.00065__03000ms__0009.npy
cnn,classical__classical.00065,classical,10,classical,classical,1,0.9366329908370972,E:\dl\mel_cache\lm3_base_v1\test\classical\classical.00065__03000ms__0010.npy
cnn,classical__classical.00065,classical,11,classical,classical,1,0.9407559633255005,E:\dl\mel_cache\lm3_base_v1\test\classical\classical.00065__03000ms__0011.npy
cnn,classical__classical.00065,classical,12,classical,classical,1,0.9291160702705383,E:\dl\mel_cache\lm3_base_v1\test\classical\classical.00065__03000ms__0012.npy
cnn,classical__classical.00065,classical,13,classical,classical,1,0.9263882637023926,E:\dl\mel_cache\lm3_base_v1\test\classical\classical.00065__03000ms__0013.npy
cnn,classical__classical.00065,classical,14,classical,classical,1,0.9302341938018799,E:\dl\mel_cache\lm3_base_v1\test\classical\classical.00065__03000ms__0014.npy
cnn,classical__classical.00065,classical,15,classical,classical,1,0.9004854559898376,E:\dl\mel_cache\lm3_base_v1\test\classical\classical.00065__03000ms__0015.npy
cnn,classical__classical.00065,classical,16,classical,classical,1,0.8840429782867432,E:\dl\mel_cache\lm3_base_v1\test\classical\classical.00065__03000ms__0016.npy
cnn,classical__classical.00065,classical,17,classical,classical,1,0.9018828272819519,E:\dl\mel_cache\lm3_base_v1\test\classical\classical.00065__03000ms__0017.npy
cnn,classical__classical.00065,classical,18,classical,classical,1,0.6765794157981873,E:\dl\mel_cache\lm3_base_v1\test\classical\classical.00065__03000ms__0018.npy
cnn,classical__classical.00065,classical,19,classical,classical,1,0.6927687525749207,E:\dl\mel_cache\lm3_base_v1\test\classical\classical.00065__03000ms__0019.npy
cnn,classical__classical.00082,classical,0,classical,classical,1,0.9297662973403931,E:\dl\mel_cache\lm3_base_v1\test\classical\classical.00082__03000ms__0000.npy
cnn,classical__classical.00082,classical,1,classical,classical,1,0.9149202108383179,E:\dl\mel_cache\lm3_base_v1\test\classical\classical.00082__03000ms__0001.npy
cnn,classical__classical.00082,classical,2,classical,classical,1,0.869140088558197,E:\dl\mel_cache\lm3_base_v1\test\classical\classical.00082__03000ms__0002.npy
cnn,classical__classical.00082,classical,3,classical,classical,1,0.878470778465271,E:\dl\mel_cache\lm3_base_v1\test\classical\classical.00082__03000ms__0003.npy
cnn,classical__classical.00082,classical,4,classical,classical,1,0.9088566899299622,E:\dl\mel_cache\lm3_base_v1\test\classical\classical.00082__03000ms__0004.npy
cnn,classical__classical.00082,classical,5,classical,classical,1,0.900270402431488,E:\dl\mel_cache\lm3_base_v1\test\classical\classical.00082__03000ms__0005.npy
cnn,classical__classical.00082,classical,6,classical,classical,1,0.917792797088623,E:\dl\mel_cache\lm3_base_v1\test\classical\classical.00082__03000ms__0006.npy
cnn,classical__classical.00082,classical,7,classical,classical,1,0.7736855745315552,E:\dl\mel_cache\lm3_base_v1\test\classical\classical.00082__03000ms__0007.npy
cnn,classical__classical.00082,classical,8,classical,classical,1,0.5428888201713562,E:\dl\mel_cache\lm3_base_v1\test\classical\classical.00082__03000ms__0008.npy
cnn,classical__classical.00082,classical,9,classical,classical,1,0.8736425042152405,E:\dl\mel_cache\lm3_base_v1\test\classical\classical.00082__03000ms__0009.npy
cnn,classical__classical.00082,classical,10,classical,classical,1,0.9296290278434753,E:\dl\mel_cache\lm3_base_v1\test\classical\classical.00082__03000ms__0010.npy
cnn,classical__classical.00082,classical,11,classical,classical,1,0.9257342219352722,E:\dl\mel_cache\lm3_base_v1\test\classical\classical.00082__03000ms__0011.npy
cnn,classical__classical.00082,classical,12,classical,classical,1,0.9075605869293213,E:\dl\mel_cache\lm3_base_v1\test\classical\classical.00082__03000ms__0012.npy
cnn,classical__classical.00082,classical,13,classical,classical,1,0.8723920583724976,E:\dl\mel_cache\lm3_base_v1\test\classical\classical.00082__03000ms__0013.npy
cnn,classical__classical.00082,classical,14,classical,classical,1,0.9117905497550964,E:\dl\mel_cache\lm3_base_v1\test\classical\classical.00082__03000ms__0014.npy
cnn,classical__classical.00082,classical,15,classical,classical,1,0.909177303314209,E:\dl\mel_cache\lm3_base_v1\test\classical\classical.00082__03000ms__0015.npy
cnn,classical__classical.00082,classical,16,classical,classical,1,0.8899283409118652,E:\dl\mel_cache\lm3_base_v1\test\classical\classical.00082__03000ms__0016.npy
cnn,classical__classical.00082,classical,17,classical,classical,1,0.9058864116668701,E:\dl\mel_cache\lm3_base_v1\test\classical\classical.00082__03000ms__0017.npy
cnn,classical__classical.00082,classical,18,classical,classical,1,0.9027209877967834,E:\dl\mel_cache\lm3_base_v1\test\classical\classical.00082__03000ms__0018.npy
cnn,classical__classical.00082,classical,19,classical,classical,1,0.8988904356956482,E:\dl\mel_cache\lm3_base_v1\test\classical\classical.00082__03000ms__0019.npy
cnn,classical__classical.00091,classical,0,classical,classical,1,0.9108848571777344,E:\dl\mel_cache\lm3_base_v1\test\classical\classical.00091__03000ms__0000.npy
cnn,classical__classical.00091,classical,1,classical,classical,1,0.8730161786079407,E:\dl\mel_cache\lm3_base_v1\test\classical\classical.00091__03000ms__0001.npy
cnn,classical__classical.00091,classical,2,classical,classical,1,0.9053303599357605,E:\dl\mel_cache\lm3_base_v1\test\classical\classical.00091__03000ms__0002.npy
cnn,classical__classical.00091,classical,3,classical,classical,1,0.8728790879249573,E:\dl\mel_cache\lm3_base_v1\test\classical\classical.00091__03000ms__0003.npy
cnn,classical__classical.00091,classical,4,classical,classical,1,0.8900747895240784,E:\dl\mel_cache\lm3_base_v1\test\classical\classical.00091__03000ms__0004.npy
cnn,classical__classical.00091,classical,5,classical,classical,1,0.9309750199317932,E:\dl\mel_cache\lm3_base_v1\test\classical\classical.00091__03000ms__0005.npy
cnn,classical__classical.00091,classical,6,classical,classical,1,0.9005361795425415,E:\dl\mel_cache\lm3_base_v1\test\classical\classical.00091__03000ms__0006.npy
cnn,classical__classical.00091,classical,7,classical,classical,1,0.8058509826660156,E:\dl\mel_cache\lm3_base_v1\test\classical\classical.00091__03000ms__0007.npy
cnn,classical__classical.00091,classical,8,classical,classical,1,0.8402172327041626,E:\dl\mel_cache\lm3_base_v1\test\classical\classical.00091__03000ms__0008.npy
cnn,classical__classical.00091,classical,9,classical,classical,1,0.8574193120002747,E:\dl\mel_cache\lm3_base_v1\test\classical\classical.00091__03000ms__0009.npy
cnn,classical__classical.00091,classical,10,classical,classical,1,0.8820690512657166,E:\dl\mel_cache\lm3_base_v1\test\classical\classical.00091__03000ms__0010.npy
cnn,classical__classical.00091,classical,11,classical,classical,1,0.8769574165344238,E:\dl\mel_cache\lm3_base_v1\test\classical\classical.00091__03000ms__0011.npy
cnn,classical__classical.00091,classical,12,classical,classical,1,0.8981145620346069,E:\dl\mel_cache\lm3_base_v1\test\classical\classical.00091__03000ms__0012.npy
cnn,classical__classical.00091,classical,13,classical,classical,1,0.888351559638977,E:\dl\mel_cache\lm3_base_v1\test\classical\classical.00091__03000ms__0013.npy
cnn,classical__classical.00091,classical,14,classical,classical,1,0.8513107895851135,E:\dl\mel_cache\lm3_base_v1\test\classical\classical.00091__03000ms__0014.npy
cnn,classical__classical.00091,classical,15,classical,classical,1,0.8807157874107361,E:\dl\mel_cache\lm3_base_v1\test\classical\classical.00091__03000ms__0015.npy
cnn,classical__classical.00091,classical,16,classical,classical,1,0.917976438999176,E:\dl\mel_cache\lm3_base_v1\test\classical\classical.00091__03000ms__0016.npy
cnn,classical__classical.00091,classical,17,classical,classical,1,0.9231427311897278,E:\dl\mel_cache\lm3_base_v1\test\classical\classical.00091__03000ms__0017.npy
cnn,classical__classical.00091,classical,18,classical,classical,1,0.8754186034202576,E:\dl\mel_cache\lm3_base_v1\test\classical\classical.00091__03000ms__0018.npy
cnn,classical__classical.00091,classical,19,classical,classical,1,0.8800986409187317,E:\dl\mel_cache\lm3_base_v1\test\classical\classical.00091__03000ms__0019.npy
cnn,country__country.00001,country,0,country,country,1,0.3951740562915802,E:\dl\mel_cache\lm3_base_v1\test\country\country.00001__03000ms__0000.npy
cnn,country__country.00001,country,1,country,country,1,0.27111199498176575,E:\dl\mel_cache\lm3_base_v1\test\country\country.00001__03000ms__0001.npy
cnn,country__country.00001,country,2,country,country,1,0.5174641609191895,E:\dl\mel_cache\lm3_base_v1\test\country\country.00001__03000ms__0002.npy
cnn,country__country.00001,country,3,country,country,1,0.6336982846260071,E:\dl\mel_cache\lm3_base_v1\test\country\country.00001__03000ms__0003.npy
cnn,country__country.00001,country,4,country,country,1,0.644696056842804,E:\dl\mel_cache\lm3_base_v1\test\country\country.00001__03000ms__0004.npy
cnn,country__country.00001,country,5,country,country,1,0.7757776379585266,E:\dl\mel_cache\lm3_base_v1\test\country\country.00001__03000ms__0005.npy
cnn,country__country.00001,country,6,country,country,1,0.5484960675239563,E:\dl\mel_cache\lm3_base_v1\test\country\country.00001__03000ms__0006.npy
cnn,country__country.00001,country,7,country,country,1,0.7215626835823059,E:\dl\mel_cache\lm3_base_v1\test\country\country.00001__03000ms__0007.npy
cnn,country__country.00001,country,8,country,country,1,0.8005151748657227,E:\dl\mel_cache\lm3_base_v1\test\country\country.00001__03000ms__0008.npy
cnn,country__country.00001,country,9,country,country,1,0.7059672474861145,E:\dl\mel_cache\lm3_base_v1\test\country\country.00001__03000ms__0009.npy
cnn,country__country.00001,country,10,country,pop,0,0.7522748112678528,E:\dl\mel_cache\lm3_base_v1\test\country\country.00001__03000ms__0010.npy
cnn,country__country.00001,country,11,country,metal,0,0.39760375022888184,E:\dl\mel_cache\lm3_base_v1\test\country\country.00001__03000ms__0011.npy
cnn,country__country.00001,country,12,country,country,1,0.407733291387558,E:\dl\mel_cache\lm3_base_v1\test\country\country.00001__03000ms__0012.npy
cnn,country__country.00001,country,13,country,country,1,0.6482319831848145,E:\dl\mel_cache\lm3_base_v1\test\country\country.00001__03000ms__0013.npy
cnn,country__country.00001,country,14,country,country,1,0.6639582514762878,E:\dl\mel_cache\lm3_base_v1\test\country\country.00001__03000ms__0014.npy
cnn,country__country.00001,country,15,country,country,1,0.5530763864517212,E:\dl\mel_cache\lm3_base_v1\test\country\country.00001__03000ms__0015.npy
cnn,country__country.00001,country,16,country,country,1,0.5162745118141174,E:\dl\mel_cache\lm3_base_v1\test\country\country.00001__03000ms__0016.npy
cnn,country__country.00001,country,17,country,country,1,0.4215145409107208,E:\dl\mel_cache\lm3_base_v1\test\country\country.00001__03000ms__0017.npy
cnn,country__country.00001,country,18,country,country,1,0.7314757704734802,E:\dl\mel_cache\lm3_base_v1\test\country\country.00001__03000ms__0018.npy
cnn,country__country.00001,country,19,country,country,1,0.7637421488761902,E:\dl\mel_cache\lm3_base_v1\test\country\country.00001__03000ms__0019.npy
cnn,country__country.00011,country,0,country,jazz,0,0.9093771576881409,E:\dl\mel_cache\lm3_base_v1\test\country\country.00011__03000ms__0000.npy
cnn,country__country.00011,country,1,country,jazz,0,0.3241385221481323,E:\dl\mel_cache\lm3_base_v1\test\country\country.00011__03000ms__0001.npy
cnn,country__country.00011,country,2,country,jazz,0,0.6509080529212952,E:\dl\mel_cache\lm3_base_v1\test\country\country.00011__03000ms__0002.npy
cnn,country__country.00011,country,3,country,jazz,0,0.4247283637523651,E:\dl\mel_cache\lm3_base_v1\test\country\country.00011__03000ms__0003.npy
cnn,country__country.00011,country,4,country,jazz,0,0.633623480796814,E:\dl\mel_cache\lm3_base_v1\test\country\country.00011__03000ms__0004.npy
cnn,country__country.00011,country,5,country,jazz,0,0.4133926331996918,E:\dl\mel_cache\lm3_base_v1\test\country\country.00011__03000ms__0005.npy
cnn,country__country.00011,country,6,country,pop,0,0.3184256851673126,E:\dl\mel_cache\lm3_base_v1\test\country\country.00011__03000ms__0006.npy
cnn,country__country.00011,country,7,country,country,1,0.8180719614028931,E:\dl\mel_cache\lm3_base_v1\test\country\country.00011__03000ms__0007.npy
cnn,country__country.00011,country,8,country,country,1,0.913123369216919,E:\dl\mel_cache\lm3_base_v1\test\country\country.00011__03000ms__0008.npy
cnn,country__country.00011,country,9,country,jazz,0,0.5049715638160706,E:\dl\mel_cache\lm3_base_v1\test\country\country.00011__03000ms__0009.npy
cnn,country__country.00011,country,10,country,jazz,0,0.8775670528411865,E:\dl\mel_cache\lm3_base_v1\test\country\country.00011__03000ms__0010.npy
cnn,country__country.00011,country,11,country,jazz,0,0.9099317193031311,E:\dl\mel_cache\lm3_base_v1\test\country\country.00011__03000ms__0011.npy
cnn,country__country.00011,country,12,country,jazz,0,0.7822120785713196,E:\dl\mel_cache\lm3_base_v1\test\country\country.00011__03000ms__0012.npy
cnn,country__country.00011,country,13,country,jazz,0,0.5143276453018188,E:\dl\mel_cache\lm3_base_v1\test\country\country.00011__03000ms__0013.npy
cnn,country__country.00011,country,14,country,rock,0,0.34862279891967773,E:\dl\mel_cache\lm3_base_v1\test\country\country.00011__03000ms__0014.npy
cnn,country__country.00011,country,15,country,jazz,0,0.5453545451164246,E:\dl\mel_cache\lm3_base_v1\test\country\country.00011__03000ms__0015.npy
cnn,country__country.00011,country,16,country,jazz,0,0.9146109819412231,E:\dl\mel_cache\lm3_base_v1\test\country\country.00011__03000ms__0016.npy
cnn,country__country.00011,country,17,country,jazz,0,0.7994406223297119,E:\dl\mel_cache\lm3_base_v1\test\country\country.00011__03000ms__0017.npy
cnn,country__country.00011,country,18,country,country,1,0.7688183784484863,E:\dl\mel_cache\lm3_base_v1\test\country\country.00011__03000ms__0018.npy
cnn,country__country.00011,country,19,country,country,1,0.7245664596557617,E:\dl\mel_cache\lm3_base_v1\test\country\country.00011__03000ms__0019.npy
cnn,country__country.00013,country,0,country,country,1,0.5879031419754028,E:\dl\mel_cache\lm3_base_v1\test\country\country.00013__03000ms__0000.npy
cnn,country__country.00013,country,1,country,country,1,0.5917150974273682,E:\dl\mel_cache\lm3_base_v1\test\country\country.00013__03000ms__0001.npy
cnn,country__country.00013,country,2,country,rock,0,0.7356988787651062,E:\dl\mel_cache\lm3_base_v1\test\country\country.00013__03000ms__0002.npy
cnn,country__country.00013,country,3,country,country,1,0.5638744831085205,E:\dl\mel_cache\lm3_base_v1\test\country\country.00013__03000ms__0003.npy
cnn,country__country.00013,country,4,country,rock,0,0.47999271750450134,E:\dl\mel_cache\lm3_base_v1\test\country\country.00013__03000ms__0004.npy
cnn,country__country.00013,country,5,country,rock,0,0.897304892539978,E:\dl\mel_cache\lm3_base_v1\test\country\country.00013__03000ms__0005.npy
cnn,country__country.00013,country,6,country,rock,0,0.8324117064476013,E:\dl\mel_cache\lm3_base_v1\test\country\country.00013__03000ms__0006.npy
cnn,country__country.00013,country,7,country,rock,0,0.635233998298645,E:\dl\mel_cache\lm3_base_v1\test\country\country.00013__03000ms__0007.npy
cnn,country__country.00013,country,8,country,country,1,0.8535231947898865,E:\dl\mel_cache\lm3_base_v1\test\country\country.00013__03000ms__0008.npy
cnn,country__country.00013,country,9,country,country,1,0.8004584908485413,E:\dl\mel_cache\lm3_base_v1\test\country\country.00013__03000ms__0009.npy
cnn,country__country.00013,country,10,country,rock,0,0.8207177519798279,E:\dl\mel_cache\lm3_base_v1\test\country\country.00013__03000ms__0010.npy
cnn,country__country.00013,country,11,country,rock,0,0.7958686947822571,E:\dl\mel_cache\lm3_base_v1\test\country\country.00013__03000ms__0011.npy
cnn,country__country.00013,country,12,country,rock,0,0.782864511013031,E:\dl\mel_cache\lm3_base_v1\test\country\country.00013__03000ms__0012.npy
cnn,country__country.00013,country,13,country,rock,0,0.598444938659668,E:\dl\mel_cache\lm3_base_v1\test\country\country.00013__03000ms__0013.npy
cnn,country__country.00013,country,14,country,rock,0,0.5198057293891907,E:\dl\mel_cache\lm3_base_v1\test\country\country.00013__03000ms__0014.npy
cnn,country__country.00013,country,15,country,rock,0,0.6971055269241333,E:\dl\mel_cache\lm3_base_v1\test\country\country.00013__03000ms__0015.npy
cnn,country__country.00013,country,16,country,disco,0,0.5615682601928711,E:\dl\mel_cache\lm3_base_v1\test\country\country.00013__03000ms__0016.npy
cnn,country__country.00013,country,17,country,country,1,0.49164873361587524,E:\dl\mel_cache\lm3_base_v1\test\country\country.00013__03000ms__0017.npy
cnn,country__country.00013,country,18,country,country,1,0.8593758344650269,E:\dl\mel_cache\lm3_base_v1\test\country\country.00013__03000ms__0018.npy
cnn,country__country.00013,country,19,country,country,1,0.8703071475028992,E:\dl\mel_cache\lm3_base_v1\test\country\country.00013__03000ms__0019.npy
cnn,country__country.00029,country,0,country,country,1,0.8668082356452942,E:\dl\mel_cache\lm3_base_v1\test\country\country.00029__03000ms__0000.npy
cnn,country__country.00029,country,1,country,country,1,0.8519402146339417,E:\dl\mel_cache\lm3_base_v1\test\country\country.00029__03000ms__0001.npy
cnn,country__country.00029,country,2,country,country,1,0.6115320920944214,E:\dl\mel_cache\lm3_base_v1\test\country\country.00029__03000ms__0002.npy
cnn,country__country.00029,country,3,country,jazz,0,0.8332411050796509,E:\dl\mel_cache\lm3_base_v1\test\country\country.00029__03000ms__0003.npy
cnn,country__country.00029,country,4,country,country,1,0.8348665237426758,E:\dl\mel_cache\lm3_base_v1\test\country\country.00029__03000ms__0004.npy
cnn,country__country.00029,country,5,country,country,1,0.531408965587616,E:\dl\mel_cache\lm3_base_v1\test\country\country.00029__03000ms__0005.npy
cnn,country__country.00029,country,6,country,country,1,0.893970787525177,E:\dl\mel_cache\lm3_base_v1\test\country\country.00029__03000ms__0006.npy
cnn,country__country.00029,country,7,country,country,1,0.9158008098602295,E:\dl\mel_cache\lm3_base_v1\test\country\country.00029__03000ms__0007.npy
cnn,country__country.00029,country,8,country,country,1,0.8052950501441956,E:\dl\mel_cache\lm3_base_v1\test\country\country.00029__03000ms__0008.npy
cnn,country__country.00029,country,9,country,country,1,0.8957922458648682,E:\dl\mel_cache\lm3_base_v1\test\country\country.00029__03000ms__0009.npy
cnn,country__country.00029,country,10,country,country,1,0.8534678816795349,E:\dl\mel_cache\lm3_base_v1\test\country\country.00029__03000ms__0010.npy
cnn,country__country.00029,country,11,country,country,1,0.4850495457649231,E:\dl\mel_cache\lm3_base_v1\test\country\country.00029__03000ms__0011.npy
cnn,country__country.00029,country,12,country,country,1,0.5928165316581726,E:\dl\mel_cache\lm3_base_v1\test\country\country.00029__03000ms__0012.npy
cnn,country__country.00029,country,13,country,country,1,0.8229131698608398,E:\dl\mel_cache\lm3_base_v1\test\country\country.00029__03000ms__0013.npy
cnn,country__country.00029,country,14,country,country,1,0.48744359612464905,E:\dl\mel_cache\lm3_base_v1\test\country\country.00029__03000ms__0014.npy
cnn,country__country.00029,country,15,country,country,1,0.8378303647041321,E:\dl\mel_cache\lm3_base_v1\test\country\country.00029__03000ms__0015.npy
cnn,country__country.00029,country,16,country,country,1,0.9056648015975952,E:\dl\mel_cache\lm3_base_v1\test\country\country.00029__03000ms__0016.npy
cnn,country__country.00029,country,17,country,country,1,0.8561248183250427,E:\dl\mel_cache\lm3_base_v1\test\country\country.00029__03000ms__0017.npy
cnn,country__country.00029,country,18,country,jazz,0,0.5660462975502014,E:\dl\mel_cache\lm3_base_v1\test\country\country.00029__03000ms__0018.npy
cnn,country__country.00029,country,19,country,country,1,0.46503880620002747,E:\dl\mel_cache\lm3_base_v1\test\country\country.00029__03000ms__0019.npy
cnn,country__country.00047,country,0,country,country,1,0.9233653545379639,E:\dl\mel_cache\lm3_base_v1\test\country\country.00047__03000ms__0000.npy
cnn,country__country.00047,country,1,country,country,1,0.9140915274620056,E:\dl\mel_cache\lm3_base_v1\test\country\country.00047__03000ms__0001.npy
cnn,country__country.00047,country,2,country,country,1,0.8245460987091064,E:\dl\mel_cache\lm3_base_v1\test\country\country.00047__03000ms__0002.npy
cnn,country__country.00047,country,3,country,country,1,0.8714084029197693,E:\dl\mel_cache\lm3_base_v1\test\country\country.00047__03000ms__0003.npy
cnn,country__country.00047,country,4,country,country,1,0.7745394706726074,E:\dl\mel_cache\lm3_base_v1\test\country\country.00047__03000ms__0004.npy
cnn,country__country.00047,country,5,country,country,1,0.838593065738678,E:\dl\mel_cache\lm3_base_v1\test\country\country.00047__03000ms__0005.npy
cnn,country__country.00047,country,6,country,country,1,0.9143760800361633,E:\dl\mel_cache\lm3_base_v1\test\country\country.00047__03000ms__0006.npy
cnn,country__country.00047,country,7,country,country,1,0.9238777160644531,E:\dl\mel_cache\lm3_base_v1\test\country\country.00047__03000ms__0007.npy
cnn,country__country.00047,country,8,country,country,1,0.9221049547195435,E:\dl\mel_cache\lm3_base_v1\test\country\country.00047__03000ms__0008.npy
cnn,country__country.00047,country,9,country,country,1,0.9298088550567627,E:\dl\mel_cache\lm3_base_v1\test\country\country.00047__03000ms__0009.npy
cnn,country__country.00047,country,10,country,country,1,0.9342153072357178,E:\dl\mel_cache\lm3_base_v1\test\country\country.00047__03000ms__0010.npy
cnn,country__country.00047,country,11,country,country,1,0.8373121023178101,E:\dl\mel_cache\lm3_base_v1\test\country\country.00047__03000ms__0011.npy
cnn,country__country.00047,country,12,country,country,1,0.8874303102493286,E:\dl\mel_cache\lm3_base_v1\test\country\country.00047__03000ms__0012.npy
cnn,country__country.00047,country,13,country,country,1,0.9187241196632385,E:\dl\mel_cache\lm3_base_v1\test\country\country.00047__03000ms__0013.npy
cnn,country__country.00047,country,14,country,country,1,0.8933359980583191,E:\dl\mel_cache\lm3_base_v1\test\country\country.00047__03000ms__0014.npy
cnn,country__country.00047,country,15,country,country,1,0.9315212965011597,E:\dl\mel_cache\lm3_base_v1\test\country\country.00047__03000ms__0015.npy
cnn,country__country.00047,country,16,country,country,1,0.9253547191619873,E:\dl\mel_cache\lm3_base_v1\test\country\country.00047__03000ms__0016.npy
cnn,country__country.00047,country,17,country,country,1,0.9168005585670471,E:\dl\mel_cache\lm3_base_v1\test\country\country.00047__03000ms__0017.npy
cnn,country__country.00047,country,18,country,country,1,0.9410909414291382,E:\dl\mel_cache\lm3_base_v1\test\country\country.00047__03000ms__0018.npy
cnn,country__country.00047,country,19,country,country,1,0.9414626359939575,E:\dl\mel_cache\lm3_base_v1\test\country\country.00047__03000ms__0019.npy
cnn,country__country.00057,country,0,country,country,1,0.6115943193435669,E:\dl\mel_cache\lm3_base_v1\test\country\country.00057__03000ms__0000.npy
cnn,country__country.00057,country,1,country,country,1,0.8798971772193909,E:\dl\mel_cache\lm3_base_v1\test\country\country.00057__03000ms__0001.npy
cnn,country__country.00057,country,2,country,country,1,0.9452465772628784,E:\dl\mel_cache\lm3_base_v1\test\country\country.00057__03000ms__0002.npy
cnn,country__country.00057,country,3,country,country,1,0.4902040362358093,E:\dl\mel_cache\lm3_base_v1\test\country\country.00057__03000ms__0003.npy
cnn,country__country.00057,country,4,country,blues,0,0.6167796850204468,E:\dl\mel_cache\lm3_base_v1\test\country\country.00057__03000ms__0004.npy
cnn,country__country.00057,country,5,country,country,1,0.7108516097068787,E:\dl\mel_cache\lm3_base_v1\test\country\country.00057__03000ms__0005.npy
cnn,country__country.00057,country,6,country,country,1,0.8943019509315491,E:\dl\mel_cache\lm3_base_v1\test\country\country.00057__03000ms__0006.npy
cnn,country__country.00057,country,7,country,country,1,0.9069881439208984,E:\dl\mel_cache\lm3_base_v1\test\country\country.00057__03000ms__0007.npy
cnn,country__country.00057,country,8,country,country,1,0.8846773505210876,E:\dl\mel_cache\lm3_base_v1\test\country\country.00057__03000ms__0008.npy
cnn,country__country.00057,country,9,country,country,1,0.9116036891937256,E:\dl\mel_cache\lm3_base_v1\test\country\country.00057__03000ms__0009.npy
cnn,country__country.00057,country,10,country,country,1,0.8788517117500305,E:\dl\mel_cache\lm3_base_v1\test\country\country.00057__03000ms__0010.npy
cnn,country__country.00057,country,11,country,country,1,0.8884996771812439,E:\dl\mel_cache\lm3_base_v1\test\country\country.00057__03000ms__0011.npy
cnn,country__country.00057,country,12,country,country,1,0.9271546602249146,E:\dl\mel_cache\lm3_base_v1\test\country\country.00057__03000ms__0012.npy
cnn,country__country.00057,country,13,country,country,1,0.5428568124771118,E:\dl\mel_cache\lm3_base_v1\test\country\country.00057__03000ms__0013.npy
cnn,country__country.00057,country,14,country,rock,0,0.9185923337936401,E:\dl\mel_cache\lm3_base_v1\test\country\country.00057__03000ms__0014.npy
cnn,country__country.00057,country,15,country,rock,0,0.6301215887069702,E:\dl\mel_cache\lm3_base_v1\test\country\country.00057__03000ms__0015.npy
cnn,country__country.00057,country,16,country,blues,0,0.585429310798645,E:\dl\mel_cache\lm3_base_v1\test\country\country.00057__03000ms__0016.npy
cnn,country__country.00057,country,17,country,blues,0,0.3770733177661896,E:\dl\mel_cache\lm3_base_v1\test\country\country.00057__03000ms__0017.npy
cnn,country__country.00057,country,18,country,country,1,0.7305777072906494,E:\dl\mel_cache\lm3_base_v1\test\country\country.00057__03000ms__0018.npy
cnn,country__country.00057,country,19,country,country,1,0.7022429704666138,E:\dl\mel_cache\lm3_base_v1\test\country\country.00057__03000ms__0019.npy
cnn,country__country.00059,country,0,country,blues,0,0.46597298979759216,E:\dl\mel_cache\lm3_base_v1\test\country\country.00059__03000ms__0000.npy
cnn,country__country.00059,country,1,country,blues,0,0.5272501707077026,E:\dl\mel_cache\lm3_base_v1\test\country\country.00059__03000ms__0001.npy
cnn,country__country.00059,country,2,country,blues,0,0.49745407700538635,E:\dl\mel_cache\lm3_base_v1\test\country\country.00059__03000ms__0002.npy
cnn,country__country.00059,country,3,country,blues,0,0.4374467730522156,E:\dl\mel_cache\lm3_base_v1\test\country\country.00059__03000ms__0003.npy
cnn,country__country.00059,country,4,country,blues,0,0.5526019334793091,E:\dl\mel_cache\lm3_base_v1\test\country\country.00059__03000ms__0004.npy
cnn,country__country.00059,country,5,country,blues,0,0.7466673254966736,E:\dl\mel_cache\lm3_base_v1\test\country\country.00059__03000ms__0005.npy
cnn,country__country.00059,country,6,country,blues,0,0.6976243853569031,E:\dl\mel_cache\lm3_base_v1\test\country\country.00059__03000ms__0006.npy
cnn,country__country.00059,country,7,country,blues,0,0.6353693008422852,E:\dl\mel_cache\lm3_base_v1\test\country\country.00059__03000ms__0007.npy
cnn,country__country.00059,country,8,country,country,1,0.5096069574356079,E:\dl\mel_cache\lm3_base_v1\test\country\country.00059__03000ms__0008.npy
cnn,country__country.00059,country,9,country,country,1,0.7594329714775085,E:\dl\mel_cache\lm3_base_v1\test\country\country.00059__03000ms__0009.npy
cnn,country__country.00059,country,10,country,rock,0,0.2813282012939453,E:\dl\mel_cache\lm3_base_v1\test\country\country.00059__03000ms__0010.npy
cnn,country__country.00059,country,11,country,blues,0,0.8075659871101379,E:\dl\mel_cache\lm3_base_v1\test\country\country.00059__03000ms__0011.npy
cnn,country__country.00059,country,12,country,blues,0,0.8030727505683899,E:\dl\mel_cache\lm3_base_v1\test\country\country.00059__03000ms__0012.npy
cnn,country__country.00059,country,13,country,country,1,0.8131565451622009,E:\dl\mel_cache\lm3_base_v1\test\country\country.00059__03000ms__0013.npy
cnn,country__country.00059,country,14,country,country,1,0.8828058242797852,E:\dl\mel_cache\lm3_base_v1\test\country\country.00059__03000ms__0014.npy
cnn,country__country.00059,country,15,country,country,1,0.4107261300086975,E:\dl\mel_cache\lm3_base_v1\test\country\country.00059__03000ms__0015.npy
cnn,country__country.00059,country,16,country,country,1,0.551360547542572,E:\dl\mel_cache\lm3_base_v1\test\country\country.00059__03000ms__0016.npy
cnn,country__country.00059,country,17,country,country,1,0.7638595700263977,E:\dl\mel_cache\lm3_base_v1\test\country\country.00059__03000ms__0017.npy
cnn,country__country.00059,country,18,country,country,1,0.878143846988678,E:\dl\mel_cache\lm3_base_v1\test\country\country.00059__03000ms__0018.npy
cnn,country__country.00059,country,19,country,country,1,0.8769950866699219,E:\dl\mel_cache\lm3_base_v1\test\country\country.00059__03000ms__0019.npy
cnn,country__country.00067,country,0,country,rock,0,0.494868665933609,E:\dl\mel_cache\lm3_base_v1\test\country\country.00067__03000ms__0000.npy
cnn,country__country.00067,country,1,country,blues,0,0.5934550762176514,E:\dl\mel_cache\lm3_base_v1\test\country\country.00067__03000ms__0001.npy
cnn,country__country.00067,country,2,country,blues,0,0.7425355315208435,E:\dl\mel_cache\lm3_base_v1\test\country\country.00067__03000ms__0002.npy
cnn,country__country.00067,country,3,country,blues,0,0.7029573321342468,E:\dl\mel_cache\lm3_base_v1\test\country\country.00067__03000ms__0003.npy
cnn,country__country.00067,country,4,country,blues,0,0.838493287563324,E:\dl\mel_cache\lm3_base_v1\test\country\country.00067__03000ms__0004.npy
cnn,country__country.00067,country,5,country,country,1,0.7159540057182312,E:\dl\mel_cache\lm3_base_v1\test\country\country.00067__03000ms__0005.npy
cnn,country__country.00067,country,6,country,country,1,0.811795711517334,E:\dl\mel_cache\lm3_base_v1\test\country\country.00067__03000ms__0006.npy
cnn,country__country.00067,country,7,country,country,1,0.4830668270587921,E:\dl\mel_cache\lm3_base_v1\test\country\country.00067__03000ms__0007.npy
cnn,country__country.00067,country,8,country,jazz,0,0.9257774353027344,E:\dl\mel_cache\lm3_base_v1\test\country\country.00067__03000ms__0008.npy
cnn,country__country.00067,country,9,country,jazz,0,0.8790919184684753,E:\dl\mel_cache\lm3_base_v1\test\country\country.00067__03000ms__0009.npy
cnn,country__country.00067,country,10,country,jazz,0,0.39097917079925537,E:\dl\mel_cache\lm3_base_v1\test\country\country.00067__03000ms__0010.npy
cnn,country__country.00067,country,11,country,country,1,0.9167270660400391,E:\dl\mel_cache\lm3_base_v1\test\country\country.00067__03000ms__0011.npy
cnn,country__country.00067,country,12,country,country,1,0.7161492109298706,E:\dl\mel_cache\lm3_base_v1\test\country\country.00067__03000ms__0012.npy
cnn,country__country.00067,country,13,country,blues,0,0.7411261796951294,E:\dl\mel_cache\lm3_base_v1\test\country\country.00067__03000ms__0013.npy
cnn,country__country.00067,country,14,country,blues,0,0.6319194436073303,E:\dl\mel_cache\lm3_base_v1\test\country\country.00067__03000ms__0014.npy
cnn,country__country.00067,country,15,country,country,1,0.6230703592300415,E:\dl\mel_cache\lm3_base_v1\test\country\country.00067__03000ms__0015.npy
cnn,country__country.00067,country,16,country,blues,0,0.5101107954978943,E:\dl\mel_cache\lm3_base_v1\test\country\country.00067__03000ms__0016.npy
cnn,country__country.00067,country,17,country,blues,0,0.9099922776222229,E:\dl\mel_cache\lm3_base_v1\test\country\country.00067__03000ms__0017.npy
cnn,country__country.00067,country,18,country,blues,0,0.9476301670074463,E:\dl\mel_cache\lm3_base_v1\test\country\country.00067__03000ms__0018.npy
cnn,country__country.00067,country,19,country,blues,0,0.9476165771484375,E:\dl\mel_cache\lm3_base_v1\test\country\country.00067__03000ms__0019.npy
cnn,country__country.00068,country,0,country,rock,0,0.3442694842815399,E:\dl\mel_cache\lm3_base_v1\test\country\country.00068__03000ms__0000.npy
cnn,country__country.00068,country,1,country,rock,0,0.44837793707847595,E:\dl\mel_cache\lm3_base_v1\test\country\country.00068__03000ms__0001.npy
cnn,country__country.00068,country,2,country,rock,0,0.8147969245910645,E:\dl\mel_cache\lm3_base_v1\test\country\country.00068__03000ms__0002.npy
cnn,country__country.00068,country,3,country,country,1,0.7712706327438354,E:\dl\mel_cache\lm3_base_v1\test\country\country.00068__03000ms__0003.npy
cnn,country__country.00068,country,4,country,country,1,0.5201182961463928,E:\dl\mel_cache\lm3_base_v1\test\country\country.00068__03000ms__0004.npy
cnn,country__country.00068,country,5,country,rock,0,0.5402208566665649,E:\dl\mel_cache\lm3_base_v1\test\country\country.00068__03000ms__0005.npy
cnn,country__country.00068,country,6,country,country,1,0.43126168847084045,E:\dl\mel_cache\lm3_base_v1\test\country\country.00068__03000ms__0006.npy
cnn,country__country.00068,country,7,country,country,1,0.9178791046142578,E:\dl\mel_cache\lm3_base_v1\test\country\country.00068__03000ms__0007.npy
cnn,country__country.00068,country,8,country,country,1,0.8429561257362366,E:\dl\mel_cache\lm3_base_v1\test\country\country.00068__03000ms__0008.npy
cnn,country__country.00068,country,9,country,jazz,0,0.3501005470752716,E:\dl\mel_cache\lm3_base_v1\test\country\country.00068__03000ms__0009.npy
cnn,country__country.00068,country,10,country,blues,0,0.6757151484489441,E:\dl\mel_cache\lm3_base_v1\test\country\country.00068__03000ms__0010.npy
cnn,country__country.00068,country,11,country,blues,0,0.6525233387947083,E:\dl\mel_cache\lm3_base_v1\test\country\country.00068__03000ms__0011.npy
cnn,country__country.00068,country,12,country,country,1,0.8497235774993896,E:\dl\mel_cache\lm3_base_v1\test\country\country.00068__03000ms__0012.npy
cnn,country__country.00068,country,13,country,country,1,0.4201350510120392,E:\dl\mel_cache\lm3_base_v1\test\country\country.00068__03000ms__0013.npy
cnn,country__country.00068,country,14,country,blues,0,0.4676608741283417,E:\dl\mel_cache\lm3_base_v1\test\country\country.00068__03000ms__0014.npy
cnn,country__country.00068,country,15,country,blues,0,0.4707871079444885,E:\dl\mel_cache\lm3_base_v1\test\country\country.00068__03000ms__0015.npy
cnn,country__country.00068,country,16,country,country,1,0.38103362917900085,E:\dl\mel_cache\lm3_base_v1\test\country\country.00068__03000ms__0016.npy
cnn,country__country.00068,country,17,country,rock,0,0.5684004426002502,E:\dl\mel_cache\lm3_base_v1\test\country\country.00068__03000ms__0017.npy
cnn,country__country.00068,country,18,country,blues,0,0.5828006863594055,E:\dl\mel_cache\lm3_base_v1\test\country\country.00068__03000ms__0018.npy
cnn,country__country.00068,country,19,country,blues,0,0.6192038059234619,E:\dl\mel_cache\lm3_base_v1\test\country\country.00068__03000ms__0019.npy
cnn,country__country.00069,country,0,country,classical,0,0.7078207731246948,E:\dl\mel_cache\lm3_base_v1\test\country\country.00069__03000ms__0000.npy
cnn,country__country.00069,country,1,country,classical,0,0.7860476970672607,E:\dl\mel_cache\lm3_base_v1\test\country\country.00069__03000ms__0001.npy
cnn,country__country.00069,country,2,country,blues,0,0.655881941318512,E:\dl\mel_cache\lm3_base_v1\test\country\country.00069__03000ms__0002.npy
cnn,country__country.00069,country,3,country,country,1,0.9267651438713074,E:\dl\mel_cache\lm3_base_v1\test\country\country.00069__03000ms__0003.npy
cnn,country__country.00069,country,4,country,country,1,0.9205977320671082,E:\dl\mel_cache\lm3_base_v1\test\country\country.00069__03000ms__0004.npy
cnn,country__country.00069,country,5,country,rock,0,0.3207622766494751,E:\dl\mel_cache\lm3_base_v1\test\country\country.00069__03000ms__0005.npy
cnn,country__country.00069,country,6,country,reggae,0,0.47193580865859985,E:\dl\mel_cache\lm3_base_v1\test\country\country.00069__03000ms__0006.npy
cnn,country__country.00069,country,7,country,blues,0,0.7591142058372498,E:\dl\mel_cache\lm3_base_v1\test\country\country.00069__03000ms__0007.npy
cnn,country__country.00069,country,8,country,country,1,0.4833987355232239,E:\dl\mel_cache\lm3_base_v1\test\country\country.00069__03000ms__0008.npy
cnn,country__country.00069,country,9,country,country,1,0.877959668636322,E:\dl\mel_cache\lm3_base_v1\test\country\country.00069__03000ms__0009.npy
cnn,country__country.00069,country,10,country,country,1,0.35597488284111023,E:\dl\mel_cache\lm3_base_v1\test\country\country.00069__03000ms__0010.npy
cnn,country__country.00069,country,11,country,country,1,0.6095452308654785,E:\dl\mel_cache\lm3_base_v1\test\country\country.00069__03000ms__0011.npy
cnn,country__country.00069,country,12,country,country,1,0.9286134243011475,E:\dl\mel_cache\lm3_base_v1\test\country\country.00069__03000ms__0012.npy
cnn,country__country.00069,country,13,country,country,1,0.9525658488273621,E:\dl\mel_cache\lm3_base_v1\test\country\country.00069__03000ms__0013.npy
cnn,country__country.00069,country,14,country,country,1,0.9329472184181213,E:\dl\mel_cache\lm3_base_v1\test\country\country.00069__03000ms__0014.npy
cnn,country__country.00069,country,15,country,country,1,0.717870831489563,E:\dl\mel_cache\lm3_base_v1\test\country\country.00069__03000ms__0015.npy
cnn,country__country.00069,country,16,country,country,1,0.8585129380226135,E:\dl\mel_cache\lm3_base_v1\test\country\country.00069__03000ms__0016.npy
cnn,country__country.00069,country,17,country,classical,0,0.329368531703949,E:\dl\mel_cache\lm3_base_v1\test\country\country.00069__03000ms__0017.npy
cnn,country__country.00069,country,18,country,blues,0,0.6524615287780762,E:\dl\mel_cache\lm3_base_v1\test\country\country.00069__03000ms__0018.npy
cnn,country__country.00069,country,19,country,blues,0,0.7219588756561279,E:\dl\mel_cache\lm3_base_v1\test\country\country.00069__03000ms__0019.npy
cnn,country__country.00075,country,0,country,rock,0,0.851837694644928,E:\dl\mel_cache\lm3_base_v1\test\country\country.00075__03000ms__0000.npy
cnn,country__country.00075,country,1,country,rock,0,0.7850736975669861,E:\dl\mel_cache\lm3_base_v1\test\country\country.00075__03000ms__0001.npy
cnn,country__country.00075,country,2,country,blues,0,0.52101731300354,E:\dl\mel_cache\lm3_base_v1\test\country\country.00075__03000ms__0002.npy
cnn,country__country.00075,country,3,country,blues,0,0.698602557182312,E:\dl\mel_cache\lm3_base_v1\test\country\country.00075__03000ms__0003.npy
cnn,country__country.00075,country,4,country,blues,0,0.7351073026657104,E:\dl\mel_cache\lm3_base_v1\test\country\country.00075__03000ms__0004.npy
cnn,country__country.00075,country,5,country,rock,0,0.603578507900238,E:\dl\mel_cache\lm3_base_v1\test\country\country.00075__03000ms__0005.npy
cnn,country__country.00075,country,6,country,rock,0,0.4606857895851135,E:\dl\mel_cache\lm3_base_v1\test\country\country.00075__03000ms__0006.npy
cnn,country__country.00075,country,7,country,jazz,0,0.6489977836608887,E:\dl\mel_cache\lm3_base_v1\test\country\country.00075__03000ms__0007.npy
cnn,country__country.00075,country,8,country,rock,0,0.5308732986450195,E:\dl\mel_cache\lm3_base_v1\test\country\country.00075__03000ms__0008.npy
cnn,country__country.00075,country,9,country,rock,0,0.8747726678848267,E:\dl\mel_cache\lm3_base_v1\test\country\country.00075__03000ms__0009.npy
cnn,country__country.00075,country,10,country,blues,0,0.49732649326324463,E:\dl\mel_cache\lm3_base_v1\test\country\country.00075__03000ms__0010.npy
cnn,country__country.00075,country,11,country,blues,0,0.5012025833129883,E:\dl\mel_cache\lm3_base_v1\test\country\country.00075__03000ms__0011.npy
cnn,country__country.00075,country,12,country,jazz,0,0.8477976322174072,E:\dl\mel_cache\lm3_base_v1\test\country\country.00075__03000ms__0012.npy
cnn,country__country.00075,country,13,country,jazz,0,0.43341854214668274,E:\dl\mel_cache\lm3_base_v1\test\country\country.00075__03000ms__0013.npy
cnn,country__country.00075,country,14,country,blues,0,0.5405891537666321,E:\dl\mel_cache\lm3_base_v1\test\country\country.00075__03000ms__0014.npy
cnn,country__country.00075,country,15,country,hiphop,0,0.493095338344574,E:\dl\mel_cache\lm3_base_v1\test\country\country.00075__03000ms__0015.npy
cnn,country__country.00075,country,16,country,rock,0,0.3086642026901245,E:\dl\mel_cache\lm3_base_v1\test\country\country.00075__03000ms__0016.npy
cnn,country__country.00075,country,17,country,rock,0,0.3576732575893402,E:\dl\mel_cache\lm3_base_v1\test\country\country.00075__03000ms__0017.npy
cnn,country__country.00075,country,18,country,blues,0,0.7710633873939514,E:\dl\mel_cache\lm3_base_v1\test\country\country.00075__03000ms__0018.npy
cnn,country__country.00075,country,19,country,blues,0,0.8154507875442505,E:\dl\mel_cache\lm3_base_v1\test\country\country.00075__03000ms__0019.npy
cnn,country__country.00076,country,0,country,country,1,0.6676962375640869,E:\dl\mel_cache\lm3_base_v1\test\country\country.00076__03000ms__0000.npy
cnn,country__country.00076,country,1,country,blues,0,0.4787251949310303,E:\dl\mel_cache\lm3_base_v1\test\country\country.00076__03000ms__0001.npy
cnn,country__country.00076,country,2,country,blues,0,0.4641178846359253,E:\dl\mel_cache\lm3_base_v1\test\country\country.00076__03000ms__0002.npy
cnn,country__country.00076,country,3,country,country,1,0.8485735058784485,E:\dl\mel_cache\lm3_base_v1\test\country\country.00076__03000ms__0003.npy
cnn,country__country.00076,country,4,country,country,1,0.9391027688980103,E:\dl\mel_cache\lm3_base_v1\test\country\country.00076__03000ms__0004.npy
cnn,country__country.00076,country,5,country,country,1,0.9156160950660706,E:\dl\mel_cache\lm3_base_v1\test\country\country.00076__03000ms__0005.npy
cnn,country__country.00076,country,6,country,blues,0,0.6610528826713562,E:\dl\mel_cache\lm3_base_v1\test\country\country.00076__03000ms__0006.npy
cnn,country__country.00076,country,7,country,country,1,0.6868451237678528,E:\dl\mel_cache\lm3_base_v1\test\country\country.00076__03000ms__0007.npy
cnn,country__country.00076,country,8,country,country,1,0.7583749294281006,E:\dl\mel_cache\lm3_base_v1\test\country\country.00076__03000ms__0008.npy
cnn,country__country.00076,country,9,country,country,1,0.8410910964012146,E:\dl\mel_cache\lm3_base_v1\test\country\country.00076__03000ms__0009.npy
cnn,country__country.00076,country,10,country,rock,0,0.5678388476371765,E:\dl\mel_cache\lm3_base_v1\test\country\country.00076__03000ms__0010.npy
cnn,country__country.00076,country,11,country,country,1,0.4282238185405731,E:\dl\mel_cache\lm3_base_v1\test\country\country.00076__03000ms__0011.npy
cnn,country__country.00076,country,12,country,country,1,0.7846642732620239,E:\dl\mel_cache\lm3_base_v1\test\country\country.00076__03000ms__0012.npy
cnn,country__country.00076,country,13,country,rock,0,0.6982395052909851,E:\dl\mel_cache\lm3_base_v1\test\country\country.00076__03000ms__0013.npy
cnn,country__country.00076,country,14,country,rock,0,0.7859933376312256,E:\dl\mel_cache\lm3_base_v1\test\country\country.00076__03000ms__0014.npy
cnn,country__country.00076,country,15,country,blues,0,0.587723970413208,E:\dl\mel_cache\lm3_base_v1\test\country\country.00076__03000ms__0015.npy
cnn,country__country.00076,country,16,country,blues,0,0.8930519819259644,E:\dl\mel_cache\lm3_base_v1\test\country\country.00076__03000ms__0016.npy
cnn,country__country.00076,country,17,country,blues,0,0.5807686448097229,E:\dl\mel_cache\lm3_base_v1\test\country\country.00076__03000ms__0017.npy
cnn,country__country.00076,country,18,country,blues,0,0.4586191773414612,E:\dl\mel_cache\lm3_base_v1\test\country\country.00076__03000ms__0018.npy
cnn,country__country.00076,country,19,country,blues,0,0.46977755427360535,E:\dl\mel_cache\lm3_base_v1\test\country\country.00076__03000ms__0019.npy
cnn,country__country.00077,country,0,country,country,1,0.47527891397476196,E:\dl\mel_cache\lm3_base_v1\test\country\country.00077__03000ms__0000.npy
cnn,country__country.00077,country,1,country,country,1,0.6986237168312073,E:\dl\mel_cache\lm3_base_v1\test\country\country.00077__03000ms__0001.npy
cnn,country__country.00077,country,2,country,country,1,0.906818687915802,E:\dl\mel_cache\lm3_base_v1\test\country\country.00077__03000ms__0002.npy
cnn,country__country.00077,country,3,country,country,1,0.8819921612739563,E:\dl\mel_cache\lm3_base_v1\test\country\country.00077__03000ms__0003.npy
cnn,country__country.00077,country,4,country,country,1,0.7366185188293457,E:\dl\mel_cache\lm3_base_v1\test\country\country.00077__03000ms__0004.npy
cnn,country__country.00077,country,5,country,rock,0,0.6371960043907166,E:\dl\mel_cache\lm3_base_v1\test\country\country.00077__03000ms__0005.npy
cnn,country__country.00077,country,6,country,country,1,0.8698599934577942,E:\dl\mel_cache\lm3_base_v1\test\country\country.00077__03000ms__0006.npy
cnn,country__country.00077,country,7,country,country,1,0.9320125579833984,E:\dl\mel_cache\lm3_base_v1\test\country\country.00077__03000ms__0007.npy
cnn,country__country.00077,country,8,country,country,1,0.8788674473762512,E:\dl\mel_cache\lm3_base_v1\test\country\country.00077__03000ms__0008.npy
cnn,country__country.00077,country,9,country,rock,0,0.6328763961791992,E:\dl\mel_cache\lm3_base_v1\test\country\country.00077__03000ms__0009.npy
cnn,country__country.00077,country,10,country,rock,0,0.782170832157135,E:\dl\mel_cache\lm3_base_v1\test\country\country.00077__03000ms__0010.npy
cnn,country__country.00077,country,11,country,country,1,0.6221951842308044,E:\dl\mel_cache\lm3_base_v1\test\country\country.00077__03000ms__0011.npy
cnn,country__country.00077,country,12,country,country,1,0.8965572118759155,E:\dl\mel_cache\lm3_base_v1\test\country\country.00077__03000ms__0012.npy
cnn,country__country.00077,country,13,country,country,1,0.8870176076889038,E:\dl\mel_cache\lm3_base_v1\test\country\country.00077__03000ms__0013.npy
cnn,country__country.00077,country,14,country,country,1,0.9310913681983948,E:\dl\mel_cache\lm3_base_v1\test\country\country.00077__03000ms__0014.npy
cnn,country__country.00077,country,15,country,country,1,0.9321709275245667,E:\dl\mel_cache\lm3_base_v1\test\country\country.00077__03000ms__0015.npy
cnn,country__country.00077,country,16,country,country,1,0.9247204661369324,E:\dl\mel_cache\lm3_base_v1\test\country\country.00077__03000ms__0016.npy
cnn,country__country.00077,country,17,country,country,1,0.9239124655723572,E:\dl\mel_cache\lm3_base_v1\test\country\country.00077__03000ms__0017.npy
cnn,country__country.00077,country,18,country,country,1,0.9389263987541199,E:\dl\mel_cache\lm3_base_v1\test\country\country.00077__03000ms__0018.npy
cnn,country__country.00077,country,19,country,country,1,0.9387096762657166,E:\dl\mel_cache\lm3_base_v1\test\country\country.00077__03000ms__0019.npy
cnn,country__country.00097,country,0,country,country,1,0.9325217008590698,E:\dl\mel_cache\lm3_base_v1\test\country\country.00097__03000ms__0000.npy
cnn,country__country.00097,country,1,country,country,1,0.9466283917427063,E:\dl\mel_cache\lm3_base_v1\test\country\country.00097__03000ms__0001.npy
cnn,country__country.00097,country,2,country,country,1,0.9469361305236816,E:\dl\mel_cache\lm3_base_v1\test\country\country.00097__03000ms__0002.npy
cnn,country__country.00097,country,3,country,country,1,0.9411107897758484,E:\dl\mel_cache\lm3_base_v1\test\country\country.00097__03000ms__0003.npy
cnn,country__country.00097,country,4,country,country,1,0.9236496090888977,E:\dl\mel_cache\lm3_base_v1\test\country\country.00097__03000ms__0004.npy
cnn,country__country.00097,country,5,country,country,1,0.5470436215400696,E:\dl\mel_cache\lm3_base_v1\test\country\country.00097__03000ms__0005.npy
cnn,country__country.00097,country,6,country,country,1,0.3716460168361664,E:\dl\mel_cache\lm3_base_v1\test\country\country.00097__03000ms__0006.npy
cnn,country__country.00097,country,7,country,country,1,0.7844100594520569,E:\dl\mel_cache\lm3_base_v1\test\country\country.00097__03000ms__0007.npy
cnn,country__country.00097,country,8,country,country,1,0.906986653804779,E:\dl\mel_cache\lm3_base_v1\test\country\country.00097__03000ms__0008.npy
cnn,country__country.00097,country,9,country,country,1,0.9214099049568176,E:\dl\mel_cache\lm3_base_v1\test\country\country.00097__03000ms__0009.npy
cnn,country__country.00097,country,10,country,country,1,0.812742292881012,E:\dl\mel_cache\lm3_base_v1\test\country\country.00097__03000ms__0010.npy
cnn,country__country.00097,country,11,country,country,1,0.9118826389312744,E:\dl\mel_cache\lm3_base_v1\test\country\country.00097__03000ms__0011.npy
cnn,country__country.00097,country,12,country,country,1,0.9393888115882874,E:\dl\mel_cache\lm3_base_v1\test\country\country.00097__03000ms__0012.npy
cnn,country__country.00097,country,13,country,country,1,0.9463985562324524,E:\dl\mel_cache\lm3_base_v1\test\country\country.00097__03000ms__0013.npy
cnn,country__country.00097,country,14,country,country,1,0.9294575452804565,E:\dl\mel_cache\lm3_base_v1\test\country\country.00097__03000ms__0014.npy
cnn,country__country.00097,country,15,country,country,1,0.9126445651054382,E:\dl\mel_cache\lm3_base_v1\test\country\country.00097__03000ms__0015.npy
cnn,country__country.00097,country,16,country,country,1,0.9375448226928711,E:\dl\mel_cache\lm3_base_v1\test\country\country.00097__03000ms__0016.npy
cnn,country__country.00097,country,17,country,country,1,0.9366742372512817,E:\dl\mel_cache\lm3_base_v1\test\country\country.00097__03000ms__0017.npy
cnn,country__country.00097,country,18,country,country,1,0.9262471199035645,E:\dl\mel_cache\lm3_base_v1\test\country\country.00097__03000ms__0018.npy
cnn,country__country.00097,country,19,country,country,1,0.924911618232727,E:\dl\mel_cache\lm3_base_v1\test\country\country.00097__03000ms__0019.npy
cnn,country__country.00099,country,0,country,blues,0,0.8446782827377319,E:\dl\mel_cache\lm3_base_v1\test\country\country.00099__03000ms__0000.npy
cnn,country__country.00099,country,1,country,blues,0,0.5142771601676941,E:\dl\mel_cache\lm3_base_v1\test\country\country.00099__03000ms__0001.npy
cnn,country__country.00099,country,2,country,reggae,0,0.500369668006897,E:\dl\mel_cache\lm3_base_v1\test\country\country.00099__03000ms__0002.npy
cnn,country__country.00099,country,3,country,country,1,0.7559219002723694,E:\dl\mel_cache\lm3_base_v1\test\country\country.00099__03000ms__0003.npy
cnn,country__country.00099,country,4,country,country,1,0.8046585321426392,E:\dl\mel_cache\lm3_base_v1\test\country\country.00099__03000ms__0004.npy
cnn,country__country.00099,country,5,country,blues,0,0.4046998620033264,E:\dl\mel_cache\lm3_base_v1\test\country\country.00099__03000ms__0005.npy
cnn,country__country.00099,country,6,country,blues,0,0.7804220914840698,E:\dl\mel_cache\lm3_base_v1\test\country\country.00099__03000ms__0006.npy
cnn,country__country.00099,country,7,country,country,1,0.7726352214813232,E:\dl\mel_cache\lm3_base_v1\test\country\country.00099__03000ms__0007.npy
cnn,country__country.00099,country,8,country,blues,0,0.46257495880126953,E:\dl\mel_cache\lm3_base_v1\test\country\country.00099__03000ms__0008.npy
cnn,country__country.00099,country,9,country,blues,0,0.8617597222328186,E:\dl\mel_cache\lm3_base_v1\test\country\country.00099__03000ms__0009.npy
cnn,country__country.00099,country,10,country,blues,0,0.5320281386375427,E:\dl\mel_cache\lm3_base_v1\test\country\country.00099__03000ms__0010.npy
cnn,country__country.00099,country,11,country,country,1,0.46720823645591736,E:\dl\mel_cache\lm3_base_v1\test\country\country.00099__03000ms__0011.npy
cnn,country__country.00099,country,12,country,blues,0,0.8106076121330261,E:\dl\mel_cache\lm3_base_v1\test\country\country.00099__03000ms__0012.npy
cnn,country__country.00099,country,13,country,blues,0,0.5975189805030823,E:\dl\mel_cache\lm3_base_v1\test\country\country.00099__03000ms__0013.npy
cnn,country__country.00099,country,14,country,country,1,0.4163258671760559,E:\dl\mel_cache\lm3_base_v1\test\country\country.00099__03000ms__0014.npy
cnn,country__country.00099,country,15,country,blues,0,0.8616765141487122,E:\dl\mel_cache\lm3_base_v1\test\country\country.00099__03000ms__0015.npy
cnn,country__country.00099,country,16,country,blues,0,0.9032780528068542,E:\dl\mel_cache\lm3_base_v1\test\country\country.00099__03000ms__0016.npy
cnn,country__country.00099,country,17,country,blues,0,0.9152554273605347,E:\dl\mel_cache\lm3_base_v1\test\country\country.00099__03000ms__0017.npy
cnn,country__country.00099,country,18,country,blues,0,0.9474737048149109,E:\dl\mel_cache\lm3_base_v1\test\country\country.00099__03000ms__0018.npy
cnn,country__country.00099,country,19,country,blues,0,0.946607768535614,E:\dl\mel_cache\lm3_base_v1\test\country\country.00099__03000ms__0019.npy
cnn,disco__disco.00000,disco,0,disco,disco,1,0.9298861622810364,E:\dl\mel_cache\lm3_base_v1\test\disco\disco.00000__03000ms__0000.npy
cnn,disco__disco.00000,disco,1,disco,disco,1,0.9099303483963013,E:\dl\mel_cache\lm3_base_v1\test\disco\disco.00000__03000ms__0001.npy
cnn,disco__disco.00000,disco,2,disco,disco,1,0.8870877623558044,E:\dl\mel_cache\lm3_base_v1\test\disco\disco.00000__03000ms__0002.npy
cnn,disco__disco.00000,disco,3,disco,disco,1,0.9042289853096008,E:\dl\mel_cache\lm3_base_v1\test\disco\disco.00000__03000ms__0003.npy
cnn,disco__disco.00000,disco,4,disco,disco,1,0.7991141676902771,E:\dl\mel_cache\lm3_base_v1\test\disco\disco.00000__03000ms__0004.npy
cnn,disco__disco.00000,disco,5,disco,disco,1,0.9145666360855103,E:\dl\mel_cache\lm3_base_v1\test\disco\disco.00000__03000ms__0005.npy
cnn,disco__disco.00000,disco,6,disco,disco,1,0.8681867718696594,E:\dl\mel_cache\lm3_base_v1\test\disco\disco.00000__03000ms__0006.npy
cnn,disco__disco.00000,disco,7,disco,disco,1,0.8993055820465088,E:\dl\mel_cache\lm3_base_v1\test\disco\disco.00000__03000ms__0007.npy
cnn,disco__disco.00000,disco,8,disco,disco,1,0.9041512608528137,E:\dl\mel_cache\lm3_base_v1\test\disco\disco.00000__03000ms__0008.npy
cnn,disco__disco.00000,disco,9,disco,disco,1,0.9380502104759216,E:\dl\mel_cache\lm3_base_v1\test\disco\disco.00000__03000ms__0009.npy
cnn,disco__disco.00000,disco,10,disco,disco,1,0.926790714263916,E:\dl\mel_cache\lm3_base_v1\test\disco\disco.00000__03000ms__0010.npy
cnn,disco__disco.00000,disco,11,disco,disco,1,0.8019548654556274,E:\dl\mel_cache\lm3_base_v1\test\disco\disco.00000__03000ms__0011.npy
cnn,disco__disco.00000,disco,12,disco,hiphop,0,0.5095860958099365,E:\dl\mel_cache\lm3_base_v1\test\disco\disco.00000__03000ms__0012.npy
cnn,disco__disco.00000,disco,13,disco,hiphop,0,0.5285196304321289,E:\dl\mel_cache\lm3_base_v1\test\disco\disco.00000__03000ms__0013.npy
cnn,disco__disco.00000,disco,14,disco,disco,1,0.850853681564331,E:\dl\mel_cache\lm3_base_v1\test\disco\disco.00000__03000ms__0014.npy
cnn,disco__disco.00000,disco,15,disco,disco,1,0.6682194471359253,E:\dl\mel_cache\lm3_base_v1\test\disco\disco.00000__03000ms__0015.npy
cnn,disco__disco.00000,disco,16,disco,disco,1,0.634872317314148,E:\dl\mel_cache\lm3_base_v1\test\disco\disco.00000__03000ms__0016.npy
cnn,disco__disco.00000,disco,17,disco,disco,1,0.6557173132896423,E:\dl\mel_cache\lm3_base_v1\test\disco\disco.00000__03000ms__0017.npy
cnn,disco__disco.00000,disco,18,disco,disco,1,0.7601427435874939,E:\dl\mel_cache\lm3_base_v1\test\disco\disco.00000__03000ms__0018.npy
cnn,disco__disco.00000,disco,19,disco,disco,1,0.6630379557609558,E:\dl\mel_cache\lm3_base_v1\test\disco\disco.00000__03000ms__0019.npy
cnn,disco__disco.00003,disco,0,disco,country,0,0.39748817682266235,E:\dl\mel_cache\lm3_base_v1\test\disco\disco.00003__03000ms__0000.npy
cnn,disco__disco.00003,disco,1,disco,rock,0,0.5429334044456482,E:\dl\mel_cache\lm3_base_v1\test\disco\disco.00003__03000ms__0001.npy
cnn,disco__disco.00003,disco,2,disco,rock,0,0.33526748418807983,E:\dl\mel_cache\lm3_base_v1\test\disco\disco.00003__03000ms__0002.npy
cnn,disco__disco.00003,disco,3,disco,hiphop,0,0.48267441987991333,E:\dl\mel_cache\lm3_base_v1\test\disco\disco.00003__03000ms__0003.npy
cnn,disco__disco.00003,disco,4,disco,hiphop,0,0.6514203548431396,E:\dl\mel_cache\lm3_base_v1\test\disco\disco.00003__03000ms__0004.npy
cnn,disco__disco.00003,disco,5,disco,hiphop,0,0.3396446704864502,E:\dl\mel_cache\lm3_base_v1\test\disco\disco.00003__03000ms__0005.npy
cnn,disco__disco.00003,disco,6,disco,disco,1,0.25441503524780273,E:\dl\mel_cache\lm3_base_v1\test\disco\disco.00003__03000ms__0006.npy
cnn,disco__disco.00003,disco,7,disco,disco,1,0.6875434517860413,E:\dl\mel_cache\lm3_base_v1\test\disco\disco.00003__03000ms__0007.npy
cnn,disco__disco.00003,disco,8,disco,reggae,0,0.5843302011489868,E:\dl\mel_cache\lm3_base_v1\test\disco\disco.00003__03000ms__0008.npy
cnn,disco__disco.00003,disco,9,disco,disco,1,0.37414711713790894,E:\dl\mel_cache\lm3_base_v1\test\disco\disco.00003__03000ms__0009.npy
cnn,disco__disco.00003,disco,10,disco,disco,1,0.7611985206604004,E:\dl\mel_cache\lm3_base_v1\test\disco\disco.00003__03000ms__0010.npy
cnn,disco__disco.00003,disco,11,disco,disco,1,0.8615378737449646,E:\dl\mel_cache\lm3_base_v1\test\disco\disco.00003__03000ms__0011.npy
cnn,disco__disco.00003,disco,12,disco,disco,1,0.896333634853363,E:\dl\mel_cache\lm3_base_v1\test\disco\disco.00003__03000ms__0012.npy
cnn,disco__disco.00003,disco,13,disco,disco,1,0.8715348839759827,E:\dl\mel_cache\lm3_base_v1\test\disco\disco.00003__03000ms__0013.npy
cnn,disco__disco.00003,disco,14,disco,disco,1,0.8239902257919312,E:\dl\mel_cache\lm3_base_v1\test\disco\disco.00003__03000ms__0014.npy
cnn,disco__disco.00003,disco,15,disco,hiphop,0,0.4557991623878479,E:\dl\mel_cache\lm3_base_v1\test\disco\disco.00003__03000ms__0015.npy
cnn,disco__disco.00003,disco,16,disco,disco,1,0.4454200267791748,E:\dl\mel_cache\lm3_base_v1\test\disco\disco.00003__03000ms__0016.npy
cnn,disco__disco.00003,disco,17,disco,disco,1,0.7461740970611572,E:\dl\mel_cache\lm3_base_v1\test\disco\disco.00003__03000ms__0017.npy
cnn,disco__disco.00003,disco,18,disco,reggae,0,0.42322632670402527,E:\dl\mel_cache\lm3_base_v1\test\disco\disco.00003__03000ms__0018.npy
cnn,disco__disco.00003,disco,19,disco,disco,1,0.4292584955692291,E:\dl\mel_cache\lm3_base_v1\test\disco\disco.00003__03000ms__0019.npy
cnn,disco__disco.00010,disco,0,disco,pop,0,0.5201154351234436,E:\dl\mel_cache\lm3_base_v1\test\disco\disco.00010__03000ms__0000.npy
cnn,disco__disco.00010,disco,1,disco,pop,0,0.6873422861099243,E:\dl\mel_cache\lm3_base_v1\test\disco\disco.00010__03000ms__0001.npy
cnn,disco__disco.00010,disco,2,disco,pop,0,0.823869526386261,E:\dl\mel_cache\lm3_base_v1\test\disco\disco.00010__03000ms__0002.npy
cnn,disco__disco.00010,disco,3,disco,pop,0,0.4397261440753937,E:\dl\mel_cache\lm3_base_v1\test\disco\disco.00010__03000ms__0003.npy
cnn,disco__disco.00010,disco,4,disco,pop,0,0.44595375657081604,E:\dl\mel_cache\lm3_base_v1\test\disco\disco.00010__03000ms__0004.npy
cnn,disco__disco.00010,disco,5,disco,pop,0,0.3891153931617737,E:\dl\mel_cache\lm3_base_v1\test\disco\disco.00010__03000ms__0005.npy
cnn,disco__disco.00010,disco,6,disco,hiphop,0,0.4718443751335144,E:\dl\mel_cache\lm3_base_v1\test\disco\disco.00010__03000ms__0006.npy
cnn,disco__disco.00010,disco,7,disco,hiphop,0,0.6242777705192566,E:\dl\mel_cache\lm3_base_v1\test\disco\disco.00010__03000ms__0007.npy
cnn,disco__disco.00010,disco,8,disco,hiphop,0,0.5960062742233276,E:\dl\mel_cache\lm3_base_v1\test\disco\disco.00010__03000ms__0008.npy
cnn,disco__disco.00010,disco,9,disco,hiphop,0,0.5187188982963562,E:\dl\mel_cache\lm3_base_v1\test\disco\disco.00010__03000ms__0009.npy
cnn,disco__disco.00010,disco,10,disco,hiphop,0,0.6495340466499329,E:\dl\mel_cache\lm3_base_v1\test\disco\disco.00010__03000ms__0010.npy
cnn,disco__disco.00010,disco,11,disco,pop,0,0.5717563629150391,E:\dl\mel_cache\lm3_base_v1\test\disco\disco.00010__03000ms__0011.npy
cnn,disco__disco.00010,disco,12,disco,pop,0,0.36659568548202515,E:\dl\mel_cache\lm3_base_v1\test\disco\disco.00010__03000ms__0012.npy
cnn,disco__disco.00010,disco,13,disco,hiphop,0,0.41167396306991577,E:\dl\mel_cache\lm3_base_v1\test\disco\disco.00010__03000ms__0013.npy
cnn,disco__disco.00010,disco,14,disco,pop,0,0.5207611918449402,E:\dl\mel_cache\lm3_base_v1\test\disco\disco.00010__03000ms__0014.npy
cnn,disco__disco.00010,disco,15,disco,hiphop,0,0.633453369140625,E:\dl\mel_cache\lm3_base_v1\test\disco\disco.00010__03000ms__0015.npy
cnn,disco__disco.00010,disco,16,disco,hiphop,0,0.7066823840141296,E:\dl\mel_cache\lm3_base_v1\test\disco\disco.00010__03000ms__0016.npy
cnn,disco__disco.00010,disco,17,disco,hiphop,0,0.5197010636329651,E:\dl\mel_cache\lm3_base_v1\test\disco\disco.00010__03000ms__0017.npy
cnn,disco__disco.00010,disco,18,disco,hiphop,0,0.7168895602226257,E:\dl\mel_cache\lm3_base_v1\test\disco\disco.00010__03000ms__0018.npy
cnn,disco__disco.00010,disco,19,disco,hiphop,0,0.7755078673362732,E:\dl\mel_cache\lm3_base_v1\test\disco\disco.00010__03000ms__0019.npy
cnn,disco__disco.00020,disco,0,disco,reggae,0,0.8882384896278381,E:\dl\mel_cache\lm3_base_v1\test\disco\disco.00020__03000ms__0000.npy
cnn,disco__disco.00020,disco,1,disco,reggae,0,0.6530338525772095,E:\dl\mel_cache\lm3_base_v1\test\disco\disco.00020__03000ms__0001.npy
cnn,disco__disco.00020,disco,2,disco,country,0,0.5865523815155029,E:\dl\mel_cache\lm3_base_v1\test\disco\disco.00020__03000ms__0002.npy
cnn,disco__disco.00020,disco,3,disco,country,0,0.9070585370063782,E:\dl\mel_cache\lm3_base_v1\test\disco\disco.00020__03000ms__0003.npy
cnn,disco__disco.00020,disco,4,disco,country,0,0.9018393754959106,E:\dl\mel_cache\lm3_base_v1\test\disco\disco.00020__03000ms__0004.npy
cnn,disco__disco.00020,disco,5,disco,country,0,0.7296618223190308,E:\dl\mel_cache\lm3_base_v1\test\disco\disco.00020__03000ms__0005.npy
cnn,disco__disco.00020,disco,6,disco,rock,0,0.49992048740386963,E:\dl\mel_cache\lm3_base_v1\test\disco\disco.00020__03000ms__0006.npy
cnn,disco__disco.00020,disco,7,disco,country,0,0.9358474612236023,E:\dl\mel_cache\lm3_base_v1\test\disco\disco.00020__03000ms__0007.npy
cnn,disco__disco.00020,disco,8,disco,country,0,0.9069893956184387,E:\dl\mel_cache\lm3_base_v1\test\disco\disco.00020__03000ms__0008.npy
cnn,disco__disco.00020,disco,9,disco,rock,0,0.6619729995727539,E:\dl\mel_cache\lm3_base_v1\test\disco\disco.00020__03000ms__0009.npy
cnn,disco__disco.00020,disco,10,disco,reggae,0,0.8871954083442688,E:\dl\mel_cache\lm3_base_v1\test\disco\disco.00020__03000ms__0010.npy
cnn,disco__disco.00020,disco,11,disco,reggae,0,0.8478875160217285,E:\dl\mel_cache\lm3_base_v1\test\disco\disco.00020__03000ms__0011.npy
cnn,disco__disco.00020,disco,12,disco,reggae,0,0.9098686575889587,E:\dl\mel_cache\lm3_base_v1\test\disco\disco.00020__03000ms__0012.npy
cnn,disco__disco.00020,disco,13,disco,reggae,0,0.8823132514953613,E:\dl\mel_cache\lm3_base_v1\test\disco\disco.00020__03000ms__0013.npy
cnn,disco__disco.00020,disco,14,disco,country,0,0.6559855341911316,E:\dl\mel_cache\lm3_base_v1\test\disco\disco.00020__03000ms__0014.npy
cnn,disco__disco.00020,disco,15,disco,reggae,0,0.4534379243850708,E:\dl\mel_cache\lm3_base_v1\test\disco\disco.00020__03000ms__0015.npy
cnn,disco__disco.00020,disco,16,disco,country,0,0.5525875687599182,E:\dl\mel_cache\lm3_base_v1\test\disco\disco.00020__03000ms__0016.npy
cnn,disco__disco.00020,disco,17,disco,reggae,0,0.9058393836021423,E:\dl\mel_cache\lm3_base_v1\test\disco\disco.00020__03000ms__0017.npy
cnn,disco__disco.00020,disco,18,disco,reggae,0,0.8388568758964539,E:\dl\mel_cache\lm3_base_v1\test\disco\disco.00020__03000ms__0018.npy
cnn,disco__disco.00020,disco,19,disco,reggae,0,0.8125324845314026,E:\dl\mel_cache\lm3_base_v1\test\disco\disco.00020__03000ms__0019.npy
cnn,disco__disco.00021,disco,0,disco,classical,0,0.39420878887176514,E:\dl\mel_cache\lm3_base_v1\test\disco\disco.00021__03000ms__0000.npy
cnn,disco__disco.00021,disco,1,disco,pop,0,0.41770175099372864,E:\dl\mel_cache\lm3_base_v1\test\disco\disco.00021__03000ms__0001.npy
cnn,disco__disco.00021,disco,2,disco,disco,1,0.8863626718521118,E:\dl\mel_cache\lm3_base_v1\test\disco\disco.00021__03000ms__0002.npy
cnn,disco__disco.00021,disco,3,disco,disco,1,0.8546819090843201,E:\dl\mel_cache\lm3_base_v1\test\disco\disco.00021__03000ms__0003.npy
cnn,disco__disco.00021,disco,4,disco,disco,1,0.847092866897583,E:\dl\mel_cache\lm3_base_v1\test\disco\disco.00021__03000ms__0004.npy
cnn,disco__disco.00021,disco,5,disco,disco,1,0.8603553175926208,E:\dl\mel_cache\lm3_base_v1\test\disco\disco.00021__03000ms__0005.npy
cnn,disco__disco.00021,disco,6,disco,disco,1,0.6673372983932495,E:\dl\mel_cache\lm3_base_v1\test\disco\disco.00021__03000ms__0006.npy
cnn,disco__disco.00021,disco,7,disco,disco,1,0.7368823885917664,E:\dl\mel_cache\lm3_base_v1\test\disco\disco.00021__03000ms__0007.npy
cnn,disco__disco.00021,disco,8,disco,disco,1,0.5924626588821411,E:\dl\mel_cache\lm3_base_v1\test\disco\disco.00021__03000ms__0008.npy
cnn,disco__disco.00021,disco,9,disco,disco,1,0.655027449131012,E:\dl\mel_cache\lm3_base_v1\test\disco\disco.00021__03000ms__0009.npy
cnn,disco__disco.00021,disco,10,disco,disco,1,0.6303291320800781,E:\dl\mel_cache\lm3_base_v1\test\disco\disco.00021__03000ms__0010.npy
cnn,disco__disco.00021,disco,11,disco,disco,1,0.8751996755599976,E:\dl\mel_cache\lm3_base_v1\test\disco\disco.00021__03000ms__0011.npy
cnn,disco__disco.00021,disco,12,disco,disco,1,0.9005320072174072,E:\dl\mel_cache\lm3_base_v1\test\disco\disco.00021__03000ms__0012.npy
cnn,disco__disco.00021,disco,13,disco,disco,1,0.9028082489967346,E:\dl\mel_cache\lm3_base_v1\test\disco\disco.00021__03000ms__0013.npy
cnn,disco__disco.00021,disco,14,disco,pop,0,0.5101897120475769,E:\dl\mel_cache\lm3_base_v1\test\disco\disco.00021__03000ms__0014.npy
cnn,disco__disco.00021,disco,15,disco,pop,0,0.45866531133651733,E:\dl\mel_cache\lm3_base_v1\test\disco\disco.00021__03000ms__0015.npy
cnn,disco__disco.00021,disco,16,disco,pop,0,0.9053415656089783,E:\dl\mel_cache\lm3_base_v1\test\disco\disco.00021__03000ms__0016.npy
cnn,disco__disco.00021,disco,17,disco,pop,0,0.6570450067520142,E:\dl\mel_cache\lm3_base_v1\test\disco\disco.00021__03000ms__0017.npy
cnn,disco__disco.00021,disco,18,disco,pop,0,0.5693372488021851,E:\dl\mel_cache\lm3_base_v1\test\disco\disco.00021__03000ms__0018.npy
cnn,disco__disco.00021,disco,19,disco,pop,0,0.46321210265159607,E:\dl\mel_cache\lm3_base_v1\test\disco\disco.00021__03000ms__0019.npy
cnn,disco__disco.00030,disco,0,disco,disco,1,0.5531679391860962,E:\dl\mel_cache\lm3_base_v1\test\disco\disco.00030__03000ms__0000.npy
cnn,disco__disco.00030,disco,1,disco,pop,0,0.41804125905036926,E:\dl\mel_cache\lm3_base_v1\test\disco\disco.00030__03000ms__0001.npy
cnn,disco__disco.00030,disco,2,disco,disco,1,0.8985894918441772,E:\dl\mel_cache\lm3_base_v1\test\disco\disco.00030__03000ms__0002.npy
cnn,disco__disco.00030,disco,3,disco,disco,1,0.9037125706672668,E:\dl\mel_cache\lm3_base_v1\test\disco\disco.00030__03000ms__0003.npy
cnn,disco__disco.00030,disco,4,disco,disco,1,0.6479873657226562,E:\dl\mel_cache\lm3_base_v1\test\disco\disco.00030__03000ms__0004.npy
cnn,disco__disco.00030,disco,5,disco,pop,0,0.3881661891937256,E:\dl\mel_cache\lm3_base_v1\test\disco\disco.00030__03000ms__0005.npy
cnn,disco__disco.00030,disco,6,disco,rock,0,0.4786127805709839,E:\dl\mel_cache\lm3_base_v1\test\disco\disco.00030__03000ms__0006.npy
cnn,disco__disco.00030,disco,7,disco,disco,1,0.7365759015083313,E:\dl\mel_cache\lm3_base_v1\test\disco\disco.00030__03000ms__0007.npy
cnn,disco__disco.00030,disco,8,disco,hiphop,0,0.7111860513687134,E:\dl\mel_cache\lm3_base_v1\test\disco\disco.00030__03000ms__0008.npy
cnn,disco__disco.00030,disco,9,disco,hiphop,0,0.5969634652137756,E:\dl\mel_cache\lm3_base_v1\test\disco\disco.00030__03000ms__0009.npy
cnn,disco__disco.00030,disco,10,disco,hiphop,0,0.8528437614440918,E:\dl\mel_cache\lm3_base_v1\test\disco\disco.00030__03000ms__0010.npy
cnn,disco__disco.00030,disco,11,disco,hiphop,0,0.8081765174865723,E:\dl\mel_cache\lm3_base_v1\test\disco\disco.00030__03000ms__0011.npy
cnn,disco__disco.00030,disco,12,disco,rock,0,0.4815182685852051,E:\dl\mel_cache\lm3_base_v1\test\disco\disco.00030__03000ms__0012.npy
cnn,disco__disco.00030,disco,13,disco,disco,1,0.49512535333633423,E:\dl\mel_cache\lm3_base_v1\test\disco\disco.00030__03000ms__0013.npy
cnn,disco__disco.00030,disco,14,disco,rock,0,0.6078357696533203,E:\dl\mel_cache\lm3_base_v1\test\disco\disco.00030__03000ms__0014.npy
cnn,disco__disco.00030,disco,15,disco,pop,0,0.39593034982681274,E:\dl\mel_cache\lm3_base_v1\test\disco\disco.00030__03000ms__0015.npy
cnn,disco__disco.00030,disco,16,disco,pop,0,0.3956851065158844,E:\dl\mel_cache\lm3_base_v1\test\disco\disco.00030__03000ms__0016.npy
cnn,disco__disco.00030,disco,17,disco,hiphop,0,0.5631905794143677,E:\dl\mel_cache\lm3_base_v1\test\disco\disco.00030__03000ms__0017.npy
cnn,disco__disco.00030,disco,18,disco,disco,1,0.5578256845474243,E:\dl\mel_cache\lm3_base_v1\test\disco\disco.00030__03000ms__0018.npy
cnn,disco__disco.00030,disco,19,disco,disco,1,0.4937640130519867,E:\dl\mel_cache\lm3_base_v1\test\disco\disco.00030__03000ms__0019.npy
cnn,disco__disco.00040,disco,0,disco,reggae,0,0.8375654220581055,E:\dl\mel_cache\lm3_base_v1\test\disco\disco.00040__03000ms__0000.npy
cnn,disco__disco.00040,disco,1,disco,reggae,0,0.8011060953140259,E:\dl\mel_cache\lm3_base_v1\test\disco\disco.00040__03000ms__0001.npy
cnn,disco__disco.00040,disco,2,disco,reggae,0,0.9037571549415588,E:\dl\mel_cache\lm3_base_v1\test\disco\disco.00040__03000ms__0002.npy
cnn,disco__disco.00040,disco,3,disco,reggae,0,0.6532750129699707,E:\dl\mel_cache\lm3_base_v1\test\disco\disco.00040__03000ms__0003.npy
cnn,disco__disco.00040,disco,4,disco,reggae,0,0.6134396195411682,E:\dl\mel_cache\lm3_base_v1\test\disco\disco.00040__03000ms__0004.npy
cnn,disco__disco.00040,disco,5,disco,reggae,0,0.8104720115661621,E:\dl\mel_cache\lm3_base_v1\test\disco\disco.00040__03000ms__0005.npy
cnn,disco__disco.00040,disco,6,disco,reggae,0,0.872321367263794,E:\dl\mel_cache\lm3_base_v1\test\disco\disco.00040__03000ms__0006.npy
cnn,disco__disco.00040,disco,7,disco,reggae,0,0.888314962387085,E:\dl\mel_cache\lm3_base_v1\test\disco\disco.00040__03000ms__0007.npy
cnn,disco__disco.00040,disco,8,disco,reggae,0,0.8616936206817627,E:\dl\mel_cache\lm3_base_v1\test\disco\disco.00040__03000ms__0008.npy
cnn,disco__disco.00040,disco,9,disco,reggae,0,0.7803862690925598,E:\dl\mel_cache\lm3_base_v1\test\disco\disco.00040__03000ms__0009.npy
cnn,disco__disco.00040,disco,10,disco,reggae,0,0.5711527466773987,E:\dl\mel_cache\lm3_base_v1\test\disco\disco.00040__03000ms__0010.npy
cnn,disco__disco.00040,disco,11,disco,reggae,0,0.7767030596733093,E:\dl\mel_cache\lm3_base_v1\test\disco\disco.00040__03000ms__0011.npy
cnn,disco__disco.00040,disco,12,disco,reggae,0,0.769927978515625,E:\dl\mel_cache\lm3_base_v1\test\disco\disco.00040__03000ms__0012.npy
cnn,disco__disco.00040,disco,13,disco,reggae,0,0.7807614803314209,E:\dl\mel_cache\lm3_base_v1\test\disco\disco.00040__03000ms__0013.npy
cnn,disco__disco.00040,disco,14,disco,reggae,0,0.772653341293335,E:\dl\mel_cache\lm3_base_v1\test\disco\disco.00040__03000ms__0014.npy
cnn,disco__disco.00040,disco,15,disco,reggae,0,0.8331222534179688,E:\dl\mel_cache\lm3_base_v1\test\disco\disco.00040__03000ms__0015.npy
cnn,disco__disco.00040,disco,16,disco,reggae,0,0.841562807559967,E:\dl\mel_cache\lm3_base_v1\test\disco\disco.00040__03000ms__0016.npy
cnn,disco__disco.00040,disco,17,disco,reggae,0,0.6501891613006592,E:\dl\mel_cache\lm3_base_v1\test\disco\disco.00040__03000ms__0017.npy
cnn,disco__disco.00040,disco,18,disco,reggae,0,0.7067054510116577,E:\dl\mel_cache\lm3_base_v1\test\disco\disco.00040__03000ms__0018.npy
cnn,disco__disco.00040,disco,19,disco,reggae,0,0.648359477519989,E:\dl\mel_cache\lm3_base_v1\test\disco\disco.00040__03000ms__0019.npy
cnn,disco__disco.00044,disco,0,disco,disco,1,0.6617027521133423,E:\dl\mel_cache\lm3_base_v1\test\disco\disco.00044__03000ms__0000.npy
cnn,disco__disco.00044,disco,1,disco,disco,1,0.8549767732620239,E:\dl\mel_cache\lm3_base_v1\test\disco\disco.00044__03000ms__0001.npy
cnn,disco__disco.00044,disco,2,disco,disco,1,0.7703931927680969,E:\dl\mel_cache\lm3_base_v1\test\disco\disco.00044__03000ms__0002.npy
cnn,disco__disco.00044,disco,3,disco,disco,1,0.9334210157394409,E:\dl\mel_cache\lm3_base_v1\test\disco\disco.00044__03000ms__0003.npy
cnn,disco__disco.00044,disco,4,disco,disco,1,0.9520742297172546,E:\dl\mel_cache\lm3_base_v1\test\disco\disco.00044__03000ms__0004.npy
cnn,disco__disco.00044,disco,5,disco,disco,1,0.867632269859314,E:\dl\mel_cache\lm3_base_v1\test\disco\disco.00044__03000ms__0005.npy
cnn,disco__disco.00044,disco,6,disco,disco,1,0.484237939119339,E:\dl\mel_cache\lm3_base_v1\test\disco\disco.00044__03000ms__0006.npy
cnn,disco__disco.00044,disco,7,disco,disco,1,0.5749135613441467,E:\dl\mel_cache\lm3_base_v1\test\disco\disco.00044__03000ms__0007.npy
cnn,disco__disco.00044,disco,8,disco,pop,0,0.5674892067909241,E:\dl\mel_cache\lm3_base_v1\test\disco\disco.00044__03000ms__0008.npy
cnn,disco__disco.00044,disco,9,disco,disco,1,0.9237746000289917,E:\dl\mel_cache\lm3_base_v1\test\disco\disco.00044__03000ms__0009.npy
cnn,disco__disco.00044,disco,10,disco,disco,1,0.9483237266540527,E:\dl\mel_cache\lm3_base_v1\test\disco\disco.00044__03000ms__0010.npy
cnn,disco__disco.00044,disco,11,disco,disco,1,0.9271180033683777,E:\dl\mel_cache\lm3_base_v1\test\disco\disco.00044__03000ms__0011.npy
cnn,disco__disco.00044,disco,12,disco,disco,1,0.884956419467926,E:\dl\mel_cache\lm3_base_v1\test\disco\disco.00044__03000ms__0012.npy
cnn,disco__disco.00044,disco,13,disco,disco,1,0.7831704616546631,E:\dl\mel_cache\lm3_base_v1\test\disco\disco.00044__03000ms__0013.npy
cnn,disco__disco.00044,disco,14,disco,disco,1,0.9114534258842468,E:\dl\mel_cache\lm3_base_v1\test\disco\disco.00044__03000ms__0014.npy
cnn,disco__disco.00044,disco,15,disco,disco,1,0.9361190795898438,E:\dl\mel_cache\lm3_base_v1\test\disco\disco.00044__03000ms__0015.npy
cnn,disco__disco.00044,disco,16,disco,disco,1,0.9134196639060974,E:\dl\mel_cache\lm3_base_v1\test\disco\disco.00044__03000ms__0016.npy
cnn,disco__disco.00044,disco,17,disco,disco,1,0.937716543674469,E:\dl\mel_cache\lm3_base_v1\test\disco\disco.00044__03000ms__0017.npy
cnn,disco__disco.00044,disco,18,disco,disco,1,0.9444271922111511,E:\dl\mel_cache\lm3_base_v1\test\disco\disco.00044__03000ms__0018.npy
cnn,disco__disco.00044,disco,19,disco,disco,1,0.9462125897407532,E:\dl\mel_cache\lm3_base_v1\test\disco\disco.00044__03000ms__0019.npy
cnn,disco__disco.00055,disco,0,disco,disco,1,0.8658649921417236,E:\dl\mel_cache\lm3_base_v1\test\disco\disco.00055__03000ms__0000.npy
cnn,disco__disco.00055,disco,1,disco,disco,1,0.9465746283531189,E:\dl\mel_cache\lm3_base_v1\test\disco\disco.00055__03000ms__0001.npy
cnn,disco__disco.00055,disco,2,disco,disco,1,0.9497100114822388,E:\dl\mel_cache\lm3_base_v1\test\disco\disco.00055__03000ms__0002.npy
cnn,disco__disco.00055,disco,3,disco,disco,1,0.9351884722709656,E:\dl\mel_cache\lm3_base_v1\test\disco\disco.00055__03000ms__0003.npy
cnn,disco__disco.00055,disco,4,disco,disco,1,0.8904836773872375,E:\dl\mel_cache\lm3_base_v1\test\disco\disco.00055__03000ms__0004.npy
cnn,disco__disco.00055,disco,5,disco,disco,1,0.9349417686462402,E:\dl\mel_cache\lm3_base_v1\test\disco\disco.00055__03000ms__0005.npy
cnn,disco__disco.00055,disco,6,disco,disco,1,0.9475996494293213,E:\dl\mel_cache\lm3_base_v1\test\disco\disco.00055__03000ms__0006.npy
cnn,disco__disco.00055,disco,7,disco,disco,1,0.9487399458885193,E:\dl\mel_cache\lm3_base_v1\test\disco\disco.00055__03000ms__0007.npy
cnn,disco__disco.00055,disco,8,disco,disco,1,0.9365313649177551,E:\dl\mel_cache\lm3_base_v1\test\disco\disco.00055__03000ms__0008.npy
cnn,disco__disco.00055,disco,9,disco,disco,1,0.9426053762435913,E:\dl\mel_cache\lm3_base_v1\test\disco\disco.00055__03000ms__0009.npy
cnn,disco__disco.00055,disco,10,disco,disco,1,0.9535514116287231,E:\dl\mel_cache\lm3_base_v1\test\disco\disco.00055__03000ms__0010.npy
cnn,disco__disco.00055,disco,11,disco,disco,1,0.9471323490142822,E:\dl\mel_cache\lm3_base_v1\test\disco\disco.00055__03000ms__0011.npy
cnn,disco__disco.00055,disco,12,disco,disco,1,0.9514639973640442,E:\dl\mel_cache\lm3_base_v1\test\disco\disco.00055__03000ms__0012.npy
cnn,disco__disco.00055,disco,13,disco,disco,1,0.9429540634155273,E:\dl\mel_cache\lm3_base_v1\test\disco\disco.00055__03000ms__0013.npy
cnn,disco__disco.00055,disco,14,disco,disco,1,0.9433850049972534,E:\dl\mel_cache\lm3_base_v1\test\disco\disco.00055__03000ms__0014.npy
cnn,disco__disco.00055,disco,15,disco,disco,1,0.9448855519294739,E:\dl\mel_cache\lm3_base_v1\test\disco\disco.00055__03000ms__0015.npy
cnn,disco__disco.00055,disco,16,disco,disco,1,0.9313094615936279,E:\dl\mel_cache\lm3_base_v1\test\disco\disco.00055__03000ms__0016.npy
cnn,disco__disco.00055,disco,17,disco,disco,1,0.912261962890625,E:\dl\mel_cache\lm3_base_v1\test\disco\disco.00055__03000ms__0017.npy
cnn,disco__disco.00055,disco,18,disco,disco,1,0.9120276570320129,E:\dl\mel_cache\lm3_base_v1\test\disco\disco.00055__03000ms__0018.npy
cnn,disco__disco.00055,disco,19,disco,disco,1,0.9123906493186951,E:\dl\mel_cache\lm3_base_v1\test\disco\disco.00055__03000ms__0019.npy
cnn,disco__disco.00064,disco,0,disco,disco,1,0.9407170414924622,E:\dl\mel_cache\lm3_base_v1\test\disco\disco.00064__03000ms__0000.npy
cnn,disco__disco.00064,disco,1,disco,disco,1,0.9395326375961304,E:\dl\mel_cache\lm3_base_v1\test\disco\disco.00064__03000ms__0001.npy
cnn,disco__disco.00064,disco,2,disco,disco,1,0.9242101311683655,E:\dl\mel_cache\lm3_base_v1\test\disco\disco.00064__03000ms__0002.npy
cnn,disco__disco.00064,disco,3,disco,disco,1,0.9314176440238953,E:\dl\mel_cache\lm3_base_v1\test\disco\disco.00064__03000ms__0003.npy
cnn,disco__disco.00064,disco,4,disco,disco,1,0.9328010678291321,E:\dl\mel_cache\lm3_base_v1\test\disco\disco.00064__03000ms__0004.npy
cnn,disco__disco.00064,disco,5,disco,disco,1,0.9446108341217041,E:\dl\mel_cache\lm3_base_v1\test\disco\disco.00064__03000ms__0005.npy
cnn,disco__disco.00064,disco,6,disco,disco,1,0.9459323883056641,E:\dl\mel_cache\lm3_base_v1\test\disco\disco.00064__03000ms__0006.npy
cnn,disco__disco.00064,disco,7,disco,disco,1,0.9389792680740356,E:\dl\mel_cache\lm3_base_v1\test\disco\disco.00064__03000ms__0007.npy
cnn,disco__disco.00064,disco,8,disco,disco,1,0.9424629211425781,E:\dl\mel_cache\lm3_base_v1\test\disco\disco.00064__03000ms__0008.npy
cnn,disco__disco.00064,disco,9,disco,disco,1,0.9399789571762085,E:\dl\mel_cache\lm3_base_v1\test\disco\disco.00064__03000ms__0009.npy
cnn,disco__disco.00064,disco,10,disco,disco,1,0.9445237517356873,E:\dl\mel_cache\lm3_base_v1\test\disco\disco.00064__03000ms__0010.npy
cnn,disco__disco.00064,disco,11,disco,disco,1,0.9470676183700562,E:\dl\mel_cache\lm3_base_v1\test\disco\disco.00064__03000ms__0011.npy
cnn,disco__disco.00064,disco,12,disco,disco,1,0.9462923407554626,E:\dl\mel_cache\lm3_base_v1\test\disco\disco.00064__03000ms__0012.npy
cnn,disco__disco.00064,disco,13,disco,disco,1,0.9453116655349731,E:\dl\mel_cache\lm3_base_v1\test\disco\disco.00064__03000ms__0013.npy
cnn,disco__disco.00064,disco,14,disco,disco,1,0.9443598389625549,E:\dl\mel_cache\lm3_base_v1\test\disco\disco.00064__03000ms__0014.npy
cnn,disco__disco.00064,disco,15,disco,disco,1,0.936385452747345,E:\dl\mel_cache\lm3_base_v1\test\disco\disco.00064__03000ms__0015.npy
cnn,disco__disco.00064,disco,16,disco,disco,1,0.9204345941543579,E:\dl\mel_cache\lm3_base_v1\test\disco\disco.00064__03000ms__0016.npy
cnn,disco__disco.00064,disco,17,disco,disco,1,0.8804225325584412,E:\dl\mel_cache\lm3_base_v1\test\disco\disco.00064__03000ms__0017.npy
cnn,disco__disco.00064,disco,18,disco,disco,1,0.8578508496284485,E:\dl\mel_cache\lm3_base_v1\test\disco\disco.00064__03000ms__0018.npy
cnn,disco__disco.00064,disco,19,disco,disco,1,0.8575259447097778,E:\dl\mel_cache\lm3_base_v1\test\disco\disco.00064__03000ms__0019.npy
cnn,disco__disco.00075,disco,0,disco,disco,1,0.8772911429405212,E:\dl\mel_cache\lm3_base_v1\test\disco\disco.00075__03000ms__0000.npy
cnn,disco__disco.00075,disco,1,disco,disco,1,0.4512477517127991,E:\dl\mel_cache\lm3_base_v1\test\disco\disco.00075__03000ms__0001.npy
cnn,disco__disco.00075,disco,2,disco,disco,1,0.5900012850761414,E:\dl\mel_cache\lm3_base_v1\test\disco\disco.00075__03000ms__0002.npy
cnn,disco__disco.00075,disco,3,disco,disco,1,0.5037950873374939,E:\dl\mel_cache\lm3_base_v1\test\disco\disco.00075__03000ms__0003.npy
cnn,disco__disco.00075,disco,4,disco,disco,1,0.5316768884658813,E:\dl\mel_cache\lm3_base_v1\test\disco\disco.00075__03000ms__0004.npy
cnn,disco__disco.00075,disco,5,disco,disco,1,0.770918071269989,E:\dl\mel_cache\lm3_base_v1\test\disco\disco.00075__03000ms__0005.npy
cnn,disco__disco.00075,disco,6,disco,metal,0,0.6642940044403076,E:\dl\mel_cache\lm3_base_v1\test\disco\disco.00075__03000ms__0006.npy
cnn,disco__disco.00075,disco,7,disco,metal,0,0.7392137050628662,E:\dl\mel_cache\lm3_base_v1\test\disco\disco.00075__03000ms__0007.npy
cnn,disco__disco.00075,disco,8,disco,disco,1,0.6563739776611328,E:\dl\mel_cache\lm3_base_v1\test\disco\disco.00075__03000ms__0008.npy
cnn,disco__disco.00075,disco,9,disco,metal,0,0.6672916412353516,E:\dl\mel_cache\lm3_base_v1\test\disco\disco.00075__03000ms__0009.npy
cnn,disco__disco.00075,disco,10,disco,metal,0,0.8623999953269958,E:\dl\mel_cache\lm3_base_v1\test\disco\disco.00075__03000ms__0010.npy
cnn,disco__disco.00075,disco,11,disco,metal,0,0.8933874368667603,E:\dl\mel_cache\lm3_base_v1\test\disco\disco.00075__03000ms__0011.npy
cnn,disco__disco.00075,disco,12,disco,disco,1,0.4532548189163208,E:\dl\mel_cache\lm3_base_v1\test\disco\disco.00075__03000ms__0012.npy
cnn,disco__disco.00075,disco,13,disco,disco,1,0.7435356378555298,E:\dl\mel_cache\lm3_base_v1\test\disco\disco.00075__03000ms__0013.npy
cnn,disco__disco.00075,disco,14,disco,disco,1,0.801325798034668,E:\dl\mel_cache\lm3_base_v1\test\disco\disco.00075__03000ms__0014.npy
cnn,disco__disco.00075,disco,15,disco,disco,1,0.7605078220367432,E:\dl\mel_cache\lm3_base_v1\test\disco\disco.00075__03000ms__0015.npy
cnn,disco__disco.00075,disco,16,disco,disco,1,0.6293648481369019,E:\dl\mel_cache\lm3_base_v1\test\disco\disco.00075__03000ms__0016.npy
cnn,disco__disco.00075,disco,17,disco,disco,1,0.7965594530105591,E:\dl\mel_cache\lm3_base_v1\test\disco\disco.00075__03000ms__0017.npy
cnn,disco__disco.00075,disco,18,disco,metal,0,0.4839434027671814,E:\dl\mel_cache\lm3_base_v1\test\disco\disco.00075__03000ms__0018.npy
cnn,disco__disco.00075,disco,19,disco,metal,0,0.4845080077648163,E:\dl\mel_cache\lm3_base_v1\test\disco\disco.00075__03000ms__0019.npy
cnn,disco__disco.00084,disco,0,disco,disco,1,0.655446469783783,E:\dl\mel_cache\lm3_base_v1\test\disco\disco.00084__03000ms__0000.npy
cnn,disco__disco.00084,disco,1,disco,disco,1,0.9289752244949341,E:\dl\mel_cache\lm3_base_v1\test\disco\disco.00084__03000ms__0001.npy
cnn,disco__disco.00084,disco,2,disco,disco,1,0.8618638515472412,E:\dl\mel_cache\lm3_base_v1\test\disco\disco.00084__03000ms__0002.npy
cnn,disco__disco.00084,disco,3,disco,hiphop,0,0.5242514610290527,E:\dl\mel_cache\lm3_base_v1\test\disco\disco.00084__03000ms__0003.npy
cnn,disco__disco.00084,disco,4,disco,disco,1,0.655743420124054,E:\dl\mel_cache\lm3_base_v1\test\disco\disco.00084__03000ms__0004.npy
cnn,disco__disco.00084,disco,5,disco,disco,1,0.8639891743659973,E:\dl\mel_cache\lm3_base_v1\test\disco\disco.00084__03000ms__0005.npy
cnn,disco__disco.00084,disco,6,disco,disco,1,0.908574640750885,E:\dl\mel_cache\lm3_base_v1\test\disco\disco.00084__03000ms__0006.npy
cnn,disco__disco.00084,disco,7,disco,disco,1,0.9241517782211304,E:\dl\mel_cache\lm3_base_v1\test\disco\disco.00084__03000ms__0007.npy
cnn,disco__disco.00084,disco,8,disco,disco,1,0.8495802879333496,E:\dl\mel_cache\lm3_base_v1\test\disco\disco.00084__03000ms__0008.npy
cnn,disco__disco.00084,disco,9,disco,disco,1,0.8266385197639465,E:\dl\mel_cache\lm3_base_v1\test\disco\disco.00084__03000ms__0009.npy
cnn,disco__disco.00084,disco,10,disco,disco,1,0.9467228055000305,E:\dl\mel_cache\lm3_base_v1\test\disco\disco.00084__03000ms__0010.npy
cnn,disco__disco.00084,disco,11,disco,disco,1,0.921962559223175,E:\dl\mel_cache\lm3_base_v1\test\disco\disco.00084__03000ms__0011.npy
cnn,disco__disco.00084,disco,12,disco,disco,1,0.9379537105560303,E:\dl\mel_cache\lm3_base_v1\test\disco\disco.00084__03000ms__0012.npy
cnn,disco__disco.00084,disco,13,disco,disco,1,0.9362217783927917,E:\dl\mel_cache\lm3_base_v1\test\disco\disco.00084__03000ms__0013.npy
cnn,disco__disco.00084,disco,14,disco,disco,1,0.8710550665855408,E:\dl\mel_cache\lm3_base_v1\test\disco\disco.00084__03000ms__0014.npy
cnn,disco__disco.00084,disco,15,disco,disco,1,0.9433897137641907,E:\dl\mel_cache\lm3_base_v1\test\disco\disco.00084__03000ms__0015.npy
cnn,disco__disco.00084,disco,16,disco,disco,1,0.9123490452766418,E:\dl\mel_cache\lm3_base_v1\test\disco\disco.00084__03000ms__0016.npy
cnn,disco__disco.00084,disco,17,disco,hiphop,0,0.5804491639137268,E:\dl\mel_cache\lm3_base_v1\test\disco\disco.00084__03000ms__0017.npy
cnn,disco__disco.00084,disco,18,disco,disco,1,0.6572423577308655,E:\dl\mel_cache\lm3_base_v1\test\disco\disco.00084__03000ms__0018.npy
cnn,disco__disco.00084,disco,19,disco,disco,1,0.6556282043457031,E:\dl\mel_cache\lm3_base_v1\test\disco\disco.00084__03000ms__0019.npy
cnn,disco__disco.00093,disco,0,disco,disco,1,0.8342200517654419,E:\dl\mel_cache\lm3_base_v1\test\disco\disco.00093__03000ms__0000.npy
cnn,disco__disco.00093,disco,1,disco,disco,1,0.8191221952438354,E:\dl\mel_cache\lm3_base_v1\test\disco\disco.00093__03000ms__0001.npy
cnn,disco__disco.00093,disco,2,disco,disco,1,0.40802904963493347,E:\dl\mel_cache\lm3_base_v1\test\disco\disco.00093__03000ms__0002.npy
cnn,disco__disco.00093,disco,3,disco,disco,1,0.7390062212944031,E:\dl\mel_cache\lm3_base_v1\test\disco\disco.00093__03000ms__0003.npy
cnn,disco__disco.00093,disco,4,disco,disco,1,0.7025434374809265,E:\dl\mel_cache\lm3_base_v1\test\disco\disco.00093__03000ms__0004.npy
cnn,disco__disco.00093,disco,5,disco,disco,1,0.7299216985702515,E:\dl\mel_cache\lm3_base_v1\test\disco\disco.00093__03000ms__0005.npy
cnn,disco__disco.00093,disco,6,disco,disco,1,0.8107190132141113,E:\dl\mel_cache\lm3_base_v1\test\disco\disco.00093__03000ms__0006.npy
cnn,disco__disco.00093,disco,7,disco,disco,1,0.6692441701889038,E:\dl\mel_cache\lm3_base_v1\test\disco\disco.00093__03000ms__0007.npy
cnn,disco__disco.00093,disco,8,disco,disco,1,0.9133738279342651,E:\dl\mel_cache\lm3_base_v1\test\disco\disco.00093__03000ms__0008.npy
cnn,disco__disco.00093,disco,9,disco,disco,1,0.9276658892631531,E:\dl\mel_cache\lm3_base_v1\test\disco\disco.00093__03000ms__0009.npy
cnn,disco__disco.00093,disco,10,disco,disco,1,0.9194687008857727,E:\dl\mel_cache\lm3_base_v1\test\disco\disco.00093__03000ms__0010.npy
cnn,disco__disco.00093,disco,11,disco,disco,1,0.8937481045722961,E:\dl\mel_cache\lm3_base_v1\test\disco\disco.00093__03000ms__0011.npy
cnn,disco__disco.00093,disco,12,disco,disco,1,0.9054419994354248,E:\dl\mel_cache\lm3_base_v1\test\disco\disco.00093__03000ms__0012.npy
cnn,disco__disco.00093,disco,13,disco,disco,1,0.6370359659194946,E:\dl\mel_cache\lm3_base_v1\test\disco\disco.00093__03000ms__0013.npy
cnn,disco__disco.00093,disco,14,disco,disco,1,0.7173905372619629,E:\dl\mel_cache\lm3_base_v1\test\disco\disco.00093__03000ms__0014.npy
cnn,disco__disco.00093,disco,15,disco,disco,1,0.8020474910736084,E:\dl\mel_cache\lm3_base_v1\test\disco\disco.00093__03000ms__0015.npy
cnn,disco__disco.00093,disco,16,disco,disco,1,0.5741633772850037,E:\dl\mel_cache\lm3_base_v1\test\disco\disco.00093__03000ms__0016.npy
cnn,disco__disco.00093,disco,17,disco,disco,1,0.8080103993415833,E:\dl\mel_cache\lm3_base_v1\test\disco\disco.00093__03000ms__0017.npy
cnn,disco__disco.00093,disco,18,disco,disco,1,0.8845566511154175,E:\dl\mel_cache\lm3_base_v1\test\disco\disco.00093__03000ms__0018.npy
cnn,disco__disco.00093,disco,19,disco,disco,1,0.8833402395248413,E:\dl\mel_cache\lm3_base_v1\test\disco\disco.00093__03000ms__0019.npy
cnn,disco__disco.00094,disco,0,disco,blues,0,0.8557692766189575,E:\dl\mel_cache\lm3_base_v1\test\disco\disco.00094__03000ms__0000.npy
cnn,disco__disco.00094,disco,1,disco,blues,0,0.8026614189147949,E:\dl\mel_cache\lm3_base_v1\test\disco\disco.00094__03000ms__0001.npy
cnn,disco__disco.00094,disco,2,disco,blues,0,0.7566683888435364,E:\dl\mel_cache\lm3_base_v1\test\disco\disco.00094__03000ms__0002.npy
cnn,disco__disco.00094,disco,3,disco,metal,0,0.5647376775741577,E:\dl\mel_cache\lm3_base_v1\test\disco\disco.00094__03000ms__0003.npy
cnn,disco__disco.00094,disco,4,disco,metal,0,0.6966175436973572,E:\dl\mel_cache\lm3_base_v1\test\disco\disco.00094__03000ms__0004.npy
cnn,disco__disco.00094,disco,5,disco,metal,0,0.7337813973426819,E:\dl\mel_cache\lm3_base_v1\test\disco\disco.00094__03000ms__0005.npy
cnn,disco__disco.00094,disco,6,disco,metal,0,0.541725754737854,E:\dl\mel_cache\lm3_base_v1\test\disco\disco.00094__03000ms__0006.npy
cnn,disco__disco.00094,disco,7,disco,metal,0,0.43622636795043945,E:\dl\mel_cache\lm3_base_v1\test\disco\disco.00094__03000ms__0007.npy
cnn,disco__disco.00094,disco,8,disco,metal,0,0.4679207503795624,E:\dl\mel_cache\lm3_base_v1\test\disco\disco.00094__03000ms__0008.npy
cnn,disco__disco.00094,disco,9,disco,metal,0,0.6316883563995361,E:\dl\mel_cache\lm3_base_v1\test\disco\disco.00094__03000ms__0009.npy
cnn,disco__disco.00094,disco,10,disco,metal,0,0.5438292622566223,E:\dl\mel_cache\lm3_base_v1\test\disco\disco.00094__03000ms__0010.npy
cnn,disco__disco.00094,disco,11,disco,metal,0,0.7324668169021606,E:\dl\mel_cache\lm3_base_v1\test\disco\disco.00094__03000ms__0011.npy
cnn,disco__disco.00094,disco,12,disco,rock,0,0.49476325511932373,E:\dl\mel_cache\lm3_base_v1\test\disco\disco.00094__03000ms__0012.npy
cnn,disco__disco.00094,disco,13,disco,blues,0,0.754946231842041,E:\dl\mel_cache\lm3_base_v1\test\disco\disco.00094__03000ms__0013.npy
cnn,disco__disco.00094,disco,14,disco,blues,0,0.641424834728241,E:\dl\mel_cache\lm3_base_v1\test\disco\disco.00094__03000ms__0014.npy
cnn,disco__disco.00094,disco,15,disco,blues,0,0.523038387298584,E:\dl\mel_cache\lm3_base_v1\test\disco\disco.00094__03000ms__0015.npy
cnn,disco__disco.00094,disco,16,disco,blues,0,0.5937617421150208,E:\dl\mel_cache\lm3_base_v1\test\disco\disco.00094__03000ms__0016.npy
cnn,disco__disco.00094,disco,17,disco,metal,0,0.3220454752445221,E:\dl\mel_cache\lm3_base_v1\test\disco\disco.00094__03000ms__0017.npy
cnn,disco__disco.00094,disco,18,disco,metal,0,0.3539537787437439,E:\dl\mel_cache\lm3_base_v1\test\disco\disco.00094__03000ms__0018.npy
cnn,disco__disco.00094,disco,19,disco,metal,0,0.35287073254585266,E:\dl\mel_cache\lm3_base_v1\test\disco\disco.00094__03000ms__0019.npy
cnn,disco__disco.00095,disco,0,disco,disco,1,0.9369680881500244,E:\dl\mel_cache\lm3_base_v1\test\disco\disco.00095__03000ms__0000.npy
cnn,disco__disco.00095,disco,1,disco,disco,1,0.9422996640205383,E:\dl\mel_cache\lm3_base_v1\test\disco\disco.00095__03000ms__0001.npy
cnn,disco__disco.00095,disco,2,disco,disco,1,0.9012857675552368,E:\dl\mel_cache\lm3_base_v1\test\disco\disco.00095__03000ms__0002.npy
cnn,disco__disco.00095,disco,3,disco,disco,1,0.9341679811477661,E:\dl\mel_cache\lm3_base_v1\test\disco\disco.00095__03000ms__0003.npy
cnn,disco__disco.00095,disco,4,disco,disco,1,0.9341021180152893,E:\dl\mel_cache\lm3_base_v1\test\disco\disco.00095__03000ms__0004.npy
cnn,disco__disco.00095,disco,5,disco,disco,1,0.933617889881134,E:\dl\mel_cache\lm3_base_v1\test\disco\disco.00095__03000ms__0005.npy
cnn,disco__disco.00095,disco,6,disco,disco,1,0.9469076991081238,E:\dl\mel_cache\lm3_base_v1\test\disco\disco.00095__03000ms__0006.npy
cnn,disco__disco.00095,disco,7,disco,disco,1,0.9303760528564453,E:\dl\mel_cache\lm3_base_v1\test\disco\disco.00095__03000ms__0007.npy
cnn,disco__disco.00095,disco,8,disco,disco,1,0.9316307306289673,E:\dl\mel_cache\lm3_base_v1\test\disco\disco.00095__03000ms__0008.npy
cnn,disco__disco.00095,disco,9,disco,disco,1,0.93891841173172,E:\dl\mel_cache\lm3_base_v1\test\disco\disco.00095__03000ms__0009.npy
cnn,disco__disco.00095,disco,10,disco,disco,1,0.921405553817749,E:\dl\mel_cache\lm3_base_v1\test\disco\disco.00095__03000ms__0010.npy
cnn,disco__disco.00095,disco,11,disco,disco,1,0.9364021420478821,E:\dl\mel_cache\lm3_base_v1\test\disco\disco.00095__03000ms__0011.npy
cnn,disco__disco.00095,disco,12,disco,disco,1,0.9431694149971008,E:\dl\mel_cache\lm3_base_v1\test\disco\disco.00095__03000ms__0012.npy
cnn,disco__disco.00095,disco,13,disco,disco,1,0.9404875040054321,E:\dl\mel_cache\lm3_base_v1\test\disco\disco.00095__03000ms__0013.npy
cnn,disco__disco.00095,disco,14,disco,disco,1,0.9412863850593567,E:\dl\mel_cache\lm3_base_v1\test\disco\disco.00095__03000ms__0014.npy
cnn,disco__disco.00095,disco,15,disco,disco,1,0.9333369731903076,E:\dl\mel_cache\lm3_base_v1\test\disco\disco.00095__03000ms__0015.npy
cnn,disco__disco.00095,disco,16,disco,disco,1,0.9425601363182068,E:\dl\mel_cache\lm3_base_v1\test\disco\disco.00095__03000ms__0016.npy
cnn,disco__disco.00095,disco,17,disco,disco,1,0.9361489415168762,E:\dl\mel_cache\lm3_base_v1\test\disco\disco.00095__03000ms__0017.npy
cnn,disco__disco.00095,disco,18,disco,disco,1,0.8658486008644104,E:\dl\mel_cache\lm3_base_v1\test\disco\disco.00095__03000ms__0018.npy
cnn,disco__disco.00095,disco,19,disco,disco,1,0.8663051724433899,E:\dl\mel_cache\lm3_base_v1\test\disco\disco.00095__03000ms__0019.npy
cnn,hiphop__hiphop.00002,hiphop,0,hiphop,hiphop,1,0.5126346349716187,E:\dl\mel_cache\lm3_base_v1\test\hiphop\hiphop.00002__03000ms__0000.npy
cnn,hiphop__hiphop.00002,hiphop,1,hiphop,hiphop,1,0.7993870377540588,E:\dl\mel_cache\lm3_base_v1\test\hiphop\hiphop.00002__03000ms__0001.npy
cnn,hiphop__hiphop.00002,hiphop,2,hiphop,hiphop,1,0.9074809551239014,E:\dl\mel_cache\lm3_base_v1\test\hiphop\hiphop.00002__03000ms__0002.npy
cnn,hiphop__hiphop.00002,hiphop,3,hiphop,hiphop,1,0.9367662668228149,E:\dl\mel_cache\lm3_base_v1\test\hiphop\hiphop.00002__03000ms__0003.npy
cnn,hiphop__hiphop.00002,hiphop,4,hiphop,hiphop,1,0.9370116591453552,E:\dl\mel_cache\lm3_base_v1\test\hiphop\hiphop.00002__03000ms__0004.npy
cnn,hiphop__hiphop.00002,hiphop,5,hiphop,hiphop,1,0.9103651642799377,E:\dl\mel_cache\lm3_base_v1\test\hiphop\hiphop.00002__03000ms__0005.npy
cnn,hiphop__hiphop.00002,hiphop,6,hiphop,hiphop,1,0.8921434283256531,E:\dl\mel_cache\lm3_base_v1\test\hiphop\hiphop.00002__03000ms__0006.npy
cnn,hiphop__hiphop.00002,hiphop,7,hiphop,hiphop,1,0.881863534450531,E:\dl\mel_cache\lm3_base_v1\test\hiphop\hiphop.00002__03000ms__0007.npy
cnn,hiphop__hiphop.00002,hiphop,8,hiphop,hiphop,1,0.8119120597839355,E:\dl\mel_cache\lm3_base_v1\test\hiphop\hiphop.00002__03000ms__0008.npy
cnn,hiphop__hiphop.00002,hiphop,9,hiphop,hiphop,1,0.7004446983337402,E:\dl\mel_cache\lm3_base_v1\test\hiphop\hiphop.00002__03000ms__0009.npy
cnn,hiphop__hiphop.00002,hiphop,10,hiphop,hiphop,1,0.8446140289306641,E:\dl\mel_cache\lm3_base_v1\test\hiphop\hiphop.00002__03000ms__0010.npy
cnn,hiphop__hiphop.00002,hiphop,11,hiphop,hiphop,1,0.8365435600280762,E:\dl\mel_cache\lm3_base_v1\test\hiphop\hiphop.00002__03000ms__0011.npy
cnn,hiphop__hiphop.00002,hiphop,12,hiphop,hiphop,1,0.9212619662284851,E:\dl\mel_cache\lm3_base_v1\test\hiphop\hiphop.00002__03000ms__0012.npy
cnn,hiphop__hiphop.00002,hiphop,13,hiphop,hiphop,1,0.7698464393615723,E:\dl\mel_cache\lm3_base_v1\test\hiphop\hiphop.00002__03000ms__0013.npy
cnn,hiphop__hiphop.00002,hiphop,14,hiphop,hiphop,1,0.7431669235229492,E:\dl\mel_cache\lm3_base_v1\test\hiphop\hiphop.00002__03000ms__0014.npy
cnn,hiphop__hiphop.00002,hiphop,15,hiphop,hiphop,1,0.8359689116477966,E:\dl\mel_cache\lm3_base_v1\test\hiphop\hiphop.00002__03000ms__0015.npy
cnn,hiphop__hiphop.00002,hiphop,16,hiphop,hiphop,1,0.7518534064292908,E:\dl\mel_cache\lm3_base_v1\test\hiphop\hiphop.00002__03000ms__0016.npy
cnn,hiphop__hiphop.00002,hiphop,17,hiphop,hiphop,1,0.8267488479614258,E:\dl\mel_cache\lm3_base_v1\test\hiphop\hiphop.00002__03000ms__0017.npy
cnn,hiphop__hiphop.00002,hiphop,18,hiphop,hiphop,1,0.8858253359794617,E:\dl\mel_cache\lm3_base_v1\test\hiphop\hiphop.00002__03000ms__0018.npy
cnn,hiphop__hiphop.00002,hiphop,19,hiphop,hiphop,1,0.8850986957550049,E:\dl\mel_cache\lm3_base_v1\test\hiphop\hiphop.00002__03000ms__0019.npy
cnn,hiphop__hiphop.00034,hiphop,0,hiphop,hiphop,1,0.9351229071617126,E:\dl\mel_cache\lm3_base_v1\test\hiphop\hiphop.00034__03000ms__0000.npy
cnn,hiphop__hiphop.00034,hiphop,1,hiphop,hiphop,1,0.9445096850395203,E:\dl\mel_cache\lm3_base_v1\test\hiphop\hiphop.00034__03000ms__0001.npy
cnn,hiphop__hiphop.00034,hiphop,2,hiphop,hiphop,1,0.945079505443573,E:\dl\mel_cache\lm3_base_v1\test\hiphop\hiphop.00034__03000ms__0002.npy
cnn,hiphop__hiphop.00034,hiphop,3,hiphop,hiphop,1,0.9441320896148682,E:\dl\mel_cache\lm3_base_v1\test\hiphop\hiphop.00034__03000ms__0003.npy
cnn,hiphop__hiphop.00034,hiphop,4,hiphop,hiphop,1,0.9420463442802429,E:\dl\mel_cache\lm3_base_v1\test\hiphop\hiphop.00034__03000ms__0004.npy
cnn,hiphop__hiphop.00034,hiphop,5,hiphop,hiphop,1,0.9322534799575806,E:\dl\mel_cache\lm3_base_v1\test\hiphop\hiphop.00034__03000ms__0005.npy
cnn,hiphop__hiphop.00034,hiphop,6,hiphop,hiphop,1,0.9050490260124207,E:\dl\mel_cache\lm3_base_v1\test\hiphop\hiphop.00034__03000ms__0006.npy
cnn,hiphop__hiphop.00034,hiphop,7,hiphop,hiphop,1,0.9359281659126282,E:\dl\mel_cache\lm3_base_v1\test\hiphop\hiphop.00034__03000ms__0007.npy
cnn,hiphop__hiphop.00034,hiphop,8,hiphop,hiphop,1,0.9336064457893372,E:\dl\mel_cache\lm3_base_v1\test\hiphop\hiphop.00034__03000ms__0008.npy
cnn,hiphop__hiphop.00034,hiphop,9,hiphop,hiphop,1,0.9389331340789795,E:\dl\mel_cache\lm3_base_v1\test\hiphop\hiphop.00034__03000ms__0009.npy
cnn,hiphop__hiphop.00034,hiphop,10,hiphop,hiphop,1,0.9498257040977478,E:\dl\mel_cache\lm3_base_v1\test\hiphop\hiphop.00034__03000ms__0010.npy
cnn,hiphop__hiphop.00034,hiphop,11,hiphop,hiphop,1,0.9310177564620972,E:\dl\mel_cache\lm3_base_v1\test\hiphop\hiphop.00034__03000ms__0011.npy
cnn,hiphop__hiphop.00034,hiphop,12,hiphop,hiphop,1,0.8850243091583252,E:\dl\mel_cache\lm3_base_v1\test\hiphop\hiphop.00034__03000ms__0012.npy
cnn,hiphop__hiphop.00034,hiphop,13,hiphop,hiphop,1,0.8882197737693787,E:\dl\mel_cache\lm3_base_v1\test\hiphop\hiphop.00034__03000ms__0013.npy
cnn,hiphop__hiphop.00034,hiphop,14,hiphop,hiphop,1,0.9408606290817261,E:\dl\mel_cache\lm3_base_v1\test\hiphop\hiphop.00034__03000ms__0014.npy
cnn,hiphop__hiphop.00034,hiphop,15,hiphop,hiphop,1,0.9436721205711365,E:\dl\mel_cache\lm3_base_v1\test\hiphop\hiphop.00034__03000ms__0015.npy
cnn,hiphop__hiphop.00034,hiphop,16,hiphop,hiphop,1,0.9322136044502258,E:\dl\mel_cache\lm3_base_v1\test\hiphop\hiphop.00034__03000ms__0016.npy
cnn,hiphop__hiphop.00034,hiphop,17,hiphop,hiphop,1,0.9476290941238403,E:\dl\mel_cache\lm3_base_v1\test\hiphop\hiphop.00034__03000ms__0017.npy
cnn,hiphop__hiphop.00034,hiphop,18,hiphop,hiphop,1,0.9424493908882141,E:\dl\mel_cache\lm3_base_v1\test\hiphop\hiphop.00034__03000ms__0018.npy
cnn,hiphop__hiphop.00034,hiphop,19,hiphop,hiphop,1,0.9479930996894836,E:\dl\mel_cache\lm3_base_v1\test\hiphop\hiphop.00034__03000ms__0019.npy
cnn,hiphop__hiphop.00038,hiphop,0,hiphop,hiphop,1,0.37549400329589844,E:\dl\mel_cache\lm3_base_v1\test\hiphop\hiphop.00038__03000ms__0000.npy
cnn,hiphop__hiphop.00038,hiphop,1,hiphop,hiphop,1,0.5877264738082886,E:\dl\mel_cache\lm3_base_v1\test\hiphop\hiphop.00038__03000ms__0001.npy
cnn,hiphop__hiphop.00038,hiphop,2,hiphop,hiphop,1,0.904918909072876,E:\dl\mel_cache\lm3_base_v1\test\hiphop\hiphop.00038__03000ms__0002.npy
cnn,hiphop__hiphop.00038,hiphop,3,hiphop,hiphop,1,0.9329912066459656,E:\dl\mel_cache\lm3_base_v1\test\hiphop\hiphop.00038__03000ms__0003.npy
cnn,hiphop__hiphop.00038,hiphop,4,hiphop,hiphop,1,0.9062080979347229,E:\dl\mel_cache\lm3_base_v1\test\hiphop\hiphop.00038__03000ms__0004.npy
cnn,hiphop__hiphop.00038,hiphop,5,hiphop,hiphop,1,0.8967579007148743,E:\dl\mel_cache\lm3_base_v1\test\hiphop\hiphop.00038__03000ms__0005.npy
cnn,hiphop__hiphop.00038,hiphop,6,hiphop,hiphop,1,0.8092098236083984,E:\dl\mel_cache\lm3_base_v1\test\hiphop\hiphop.00038__03000ms__0006.npy
cnn,hiphop__hiphop.00038,hiphop,7,hiphop,hiphop,1,0.7427013516426086,E:\dl\mel_cache\lm3_base_v1\test\hiphop\hiphop.00038__03000ms__0007.npy
cnn,hiphop__hiphop.00038,hiphop,8,hiphop,hiphop,1,0.47249600291252136,E:\dl\mel_cache\lm3_base_v1\test\hiphop\hiphop.00038__03000ms__0008.npy
cnn,hiphop__hiphop.00038,hiphop,9,hiphop,hiphop,1,0.5782807469367981,E:\dl\mel_cache\lm3_base_v1\test\hiphop\hiphop.00038__03000ms__0009.npy
cnn,hiphop__hiphop.00038,hiphop,10,hiphop,hiphop,1,0.44458261132240295,E:\dl\mel_cache\lm3_base_v1\test\hiphop\hiphop.00038__03000ms__0010.npy
cnn,hiphop__hiphop.00038,hiphop,11,hiphop,hiphop,1,0.6972984671592712,E:\dl\mel_cache\lm3_base_v1\test\hiphop\hiphop.00038__03000ms__0011.npy
cnn,hiphop__hiphop.00038,hiphop,12,hiphop,hiphop,1,0.736481249332428,E:\dl\mel_cache\lm3_base_v1\test\hiphop\hiphop.00038__03000ms__0012.npy
cnn,hiphop__hiphop.00038,hiphop,13,hiphop,hiphop,1,0.5523262023925781,E:\dl\mel_cache\lm3_base_v1\test\hiphop\hiphop.00038__03000ms__0013.npy
cnn,hiphop__hiphop.00038,hiphop,14,hiphop,hiphop,1,0.6271584033966064,E:\dl\mel_cache\lm3_base_v1\test\hiphop\hiphop.00038__03000ms__0014.npy
cnn,hiphop__hiphop.00038,hiphop,15,hiphop,hiphop,1,0.4998959004878998,E:\dl\mel_cache\lm3_base_v1\test\hiphop\hiphop.00038__03000ms__0015.npy
cnn,hiphop__hiphop.00038,hiphop,16,hiphop,hiphop,1,0.8611977696418762,E:\dl\mel_cache\lm3_base_v1\test\hiphop\hiphop.00038__03000ms__0016.npy
cnn,hiphop__hiphop.00038,hiphop,17,hiphop,hiphop,1,0.8485838770866394,E:\dl\mel_cache\lm3_base_v1\test\hiphop\hiphop.00038__03000ms__0017.npy
cnn,hiphop__hiphop.00038,hiphop,18,hiphop,hiphop,1,0.7722327709197998,E:\dl\mel_cache\lm3_base_v1\test\hiphop\hiphop.00038__03000ms__0018.npy
cnn,hiphop__hiphop.00040,hiphop,0,hiphop,pop,0,0.38959091901779175,E:\dl\mel_cache\lm3_base_v1\test\hiphop\hiphop.00040__03000ms__0000.npy
cnn,hiphop__hiphop.00040,hiphop,1,hiphop,blues,0,0.5562561750411987,E:\dl\mel_cache\lm3_base_v1\test\hiphop\hiphop.00040__03000ms__0001.npy
cnn,hiphop__hiphop.00040,hiphop,2,hiphop,pop,0,0.3190668523311615,E:\dl\mel_cache\lm3_base_v1\test\hiphop\hiphop.00040__03000ms__0002.npy
cnn,hiphop__hiphop.00040,hiphop,3,hiphop,pop,0,0.4843665063381195,E:\dl\mel_cache\lm3_base_v1\test\hiphop\hiphop.00040__03000ms__0003.npy
cnn,hiphop__hiphop.00040,hiphop,4,hiphop,country,0,0.5593547224998474,E:\dl\mel_cache\lm3_base_v1\test\hiphop\hiphop.00040__03000ms__0004.npy
cnn,hiphop__hiphop.00040,hiphop,5,hiphop,country,0,0.541926383972168,E:\dl\mel_cache\lm3_base_v1\test\hiphop\hiphop.00040__03000ms__0005.npy
cnn,hiphop__hiphop.00040,hiphop,6,hiphop,pop,0,0.31730911135673523,E:\dl\mel_cache\lm3_base_v1\test\hiphop\hiphop.00040__03000ms__0006.npy
cnn,hiphop__hiphop.00040,hiphop,7,hiphop,reggae,0,0.7357848286628723,E:\dl\mel_cache\lm3_base_v1\test\hiphop\hiphop.00040__03000ms__0007.npy
cnn,hiphop__hiphop.00040,hiphop,8,hiphop,pop,0,0.31002703309059143,E:\dl\mel_cache\lm3_base_v1\test\hiphop\hiphop.00040__03000ms__0008.npy
cnn,hiphop__hiphop.00040,hiphop,9,hiphop,pop,0,0.4504036605358124,E:\dl\mel_cache\lm3_base_v1\test\hiphop\hiphop.00040__03000ms__0009.npy
cnn,hiphop__hiphop.00040,hiphop,10,hiphop,pop,0,0.7744308114051819,E:\dl\mel_cache\lm3_base_v1\test\hiphop\hiphop.00040__03000ms__0010.npy
cnn,hiphop__hiphop.00040,hiphop,11,hiphop,pop,0,0.8547792434692383,E:\dl\mel_cache\lm3_base_v1\test\hiphop\hiphop.00040__03000ms__0011.npy
cnn,hiphop__hiphop.00040,hiphop,12,hiphop,hiphop,1,0.31207403540611267,E:\dl\mel_cache\lm3_base_v1\test\hiphop\hiphop.00040__03000ms__0012.npy
cnn,hiphop__hiphop.00040,hiphop,13,hiphop,hiphop,1,0.7083562612533569,E:\dl\mel_cache\lm3_base_v1\test\hiphop\hiphop.00040__03000ms__0013.npy
cnn,hiphop__hiphop.00040,hiphop,14,hiphop,pop,0,0.8815356492996216,E:\dl\mel_cache\lm3_base_v1\test\hiphop\hiphop.00040__03000ms__0014.npy
cnn,hiphop__hiphop.00040,hiphop,15,hiphop,pop,0,0.9322624206542969,E:\dl\mel_cache\lm3_base_v1\test\hiphop\hiphop.00040__03000ms__0015.npy
cnn,hiphop__hiphop.00040,hiphop,16,hiphop,pop,0,0.5166719555854797,E:\dl\mel_cache\lm3_base_v1\test\hiphop\hiphop.00040__03000ms__0016.npy
cnn,hiphop__hiphop.00040,hiphop,17,hiphop,pop,0,0.5073869228363037,E:\dl\mel_cache\lm3_base_v1\test\hiphop\hiphop.00040__03000ms__0017.npy
cnn,hiphop__hiphop.00040,hiphop,18,hiphop,pop,0,0.8928819298744202,E:\dl\mel_cache\lm3_base_v1\test\hiphop\hiphop.00040__03000ms__0018.npy
cnn,hiphop__hiphop.00040,hiphop,19,hiphop,pop,0,0.8808687329292297,E:\dl\mel_cache\lm3_base_v1\test\hiphop\hiphop.00040__03000ms__0019.npy
cnn,hiphop__hiphop.00042,hiphop,0,hiphop,reggae,0,0.5032177567481995,E:\dl\mel_cache\lm3_base_v1\test\hiphop\hiphop.00042__03000ms__0000.npy
cnn,hiphop__hiphop.00042,hiphop,1,hiphop,hiphop,1,0.7597687244415283,E:\dl\mel_cache\lm3_base_v1\test\hiphop\hiphop.00042__03000ms__0001.npy
cnn,hiphop__hiphop.00042,hiphop,2,hiphop,hiphop,1,0.9342082142829895,E:\dl\mel_cache\lm3_base_v1\test\hiphop\hiphop.00042__03000ms__0002.npy
cnn,hiphop__hiphop.00042,hiphop,3,hiphop,hiphop,1,0.9364268183708191,E:\dl\mel_cache\lm3_base_v1\test\hiphop\hiphop.00042__03000ms__0003.npy
cnn,hiphop__hiphop.00042,hiphop,4,hiphop,hiphop,1,0.9237142205238342,E:\dl\mel_cache\lm3_base_v1\test\hiphop\hiphop.00042__03000ms__0004.npy
cnn,hiphop__hiphop.00042,hiphop,5,hiphop,hiphop,1,0.879081666469574,E:\dl\mel_cache\lm3_base_v1\test\hiphop\hiphop.00042__03000ms__0005.npy
cnn,hiphop__hiphop.00042,hiphop,6,hiphop,hiphop,1,0.7476917505264282,E:\dl\mel_cache\lm3_base_v1\test\hiphop\hiphop.00042__03000ms__0006.npy
cnn,hiphop__hiphop.00042,hiphop,7,hiphop,hiphop,1,0.8725509643554688,E:\dl\mel_cache\lm3_base_v1\test\hiphop\hiphop.00042__03000ms__0007.npy
cnn,hiphop__hiphop.00042,hiphop,8,hiphop,hiphop,1,0.9483640193939209,E:\dl\mel_cache\lm3_base_v1\test\hiphop\hiphop.00042__03000ms__0008.npy
cnn,hiphop__hiphop.00042,hiphop,9,hiphop,hiphop,1,0.9467095732688904,E:\dl\mel_cache\lm3_base_v1\test\hiphop\hiphop.00042__03000ms__0009.npy
cnn,hiphop__hiphop.00042,hiphop,10,hiphop,hiphop,1,0.9085600972175598,E:\dl\mel_cache\lm3_base_v1\test\hiphop\hiphop.00042__03000ms__0010.npy
cnn,hiphop__hiphop.00042,hiphop,11,hiphop,hiphop,1,0.9485400915145874,E:\dl\mel_cache\lm3_base_v1\test\hiphop\hiphop.00042__03000ms__0011.npy
cnn,hiphop__hiphop.00042,hiphop,12,hiphop,hiphop,1,0.9421053528785706,E:\dl\mel_cache\lm3_base_v1\test\hiphop\hiphop.00042__03000ms__0012.npy
cnn,hiphop__hiphop.00042,hiphop,13,hiphop,hiphop,1,0.9406828284263611,E:\dl\mel_cache\lm3_base_v1\test\hiphop\hiphop.00042__03000ms__0013.npy
cnn,hiphop__hiphop.00042,hiphop,14,hiphop,hiphop,1,0.9371185302734375,E:\dl\mel_cache\lm3_base_v1\test\hiphop\hiphop.00042__03000ms__0014.npy
cnn,hiphop__hiphop.00042,hiphop,15,hiphop,hiphop,1,0.9480706453323364,E:\dl\mel_cache\lm3_base_v1\test\hiphop\hiphop.00042__03000ms__0015.npy
cnn,hiphop__hiphop.00042,hiphop,16,hiphop,hiphop,1,0.945651650428772,E:\dl\mel_cache\lm3_base_v1\test\hiphop\hiphop.00042__03000ms__0016.npy
cnn,hiphop__hiphop.00042,hiphop,17,hiphop,hiphop,1,0.9367716908454895,E:\dl\mel_cache\lm3_base_v1\test\hiphop\hiphop.00042__03000ms__0017.npy
cnn,hiphop__hiphop.00042,hiphop,18,hiphop,hiphop,1,0.9473473429679871,E:\dl\mel_cache\lm3_base_v1\test\hiphop\hiphop.00042__03000ms__0018.npy
cnn,hiphop__hiphop.00042,hiphop,19,hiphop,hiphop,1,0.9457516074180603,E:\dl\mel_cache\lm3_base_v1\test\hiphop\hiphop.00042__03000ms__0019.npy
cnn,hiphop__hiphop.00044,hiphop,0,hiphop,hiphop,1,0.9533970355987549,E:\dl\mel_cache\lm3_base_v1\test\hiphop\hiphop.00044__03000ms__0000.npy
cnn,hiphop__hiphop.00044,hiphop,1,hiphop,hiphop,1,0.8114297389984131,E:\dl\mel_cache\lm3_base_v1\test\hiphop\hiphop.00044__03000ms__0001.npy
cnn,hiphop__hiphop.00044,hiphop,2,hiphop,hiphop,1,0.8101968169212341,E:\dl\mel_cache\lm3_base_v1\test\hiphop\hiphop.00044__03000ms__0002.npy
cnn,hiphop__hiphop.00044,hiphop,3,hiphop,hiphop,1,0.8594869375228882,E:\dl\mel_cache\lm3_base_v1\test\hiphop\hiphop.00044__03000ms__0003.npy
cnn,hiphop__hiphop.00044,hiphop,4,hiphop,pop,0,0.6101101636886597,E:\dl\mel_cache\lm3_base_v1\test\hiphop\hiphop.00044__03000ms__0004.npy
cnn,hiphop__hiphop.00044,hiphop,5,hiphop,reggae,0,0.3526836931705475,E:\dl\mel_cache\lm3_base_v1\test\hiphop\hiphop.00044__03000ms__0005.npy
cnn,hiphop__hiphop.00044,hiphop,6,hiphop,pop,0,0.4905552268028259,E:\dl\mel_cache\lm3_base_v1\test\hiphop\hiphop.00044__03000ms__0006.npy
cnn,hiphop__hiphop.00044,hiphop,7,hiphop,pop,0,0.575786828994751,E:\dl\mel_cache\lm3_base_v1\test\hiphop\hiphop.00044__03000ms__0007.npy
cnn,hiphop__hiphop.00044,hiphop,8,hiphop,reggae,0,0.43476706743240356,E:\dl\mel_cache\lm3_base_v1\test\hiphop\hiphop.00044__03000ms__0008.npy
cnn,hiphop__hiphop.00044,hiphop,9,hiphop,rock,0,0.5604738593101501,E:\dl\mel_cache\lm3_base_v1\test\hiphop\hiphop.00044__03000ms__0009.npy
cnn,hiphop__hiphop.00044,hiphop,10,hiphop,rock,0,0.6468859910964966,E:\dl\mel_cache\lm3_base_v1\test\hiphop\hiphop.00044__03000ms__0010.npy
cnn,hiphop__hiphop.00044,hiphop,11,hiphop,rock,0,0.5155039429664612,E:\dl\mel_cache\lm3_base_v1\test\hiphop\hiphop.00044__03000ms__0011.npy
cnn,hiphop__hiphop.00044,hiphop,12,hiphop,rock,0,0.3765689432621002,E:\dl\mel_cache\lm3_base_v1\test\hiphop\hiphop.00044__03000ms__0012.npy
cnn,hiphop__hiphop.00044,hiphop,13,hiphop,rock,0,0.41655656695365906,E:\dl\mel_cache\lm3_base_v1\test\hiphop\hiphop.00044__03000ms__0013.npy
cnn,hiphop__hiphop.00044,hiphop,14,hiphop,rock,0,0.7933698296546936,E:\dl\mel_cache\lm3_base_v1\test\hiphop\hiphop.00044__03000ms__0014.npy
cnn,hiphop__hiphop.00044,hiphop,15,hiphop,rock,0,0.8523550033569336,E:\dl\mel_cache\lm3_base_v1\test\hiphop\hiphop.00044__03000ms__0015.npy
cnn,hiphop__hiphop.00044,hiphop,16,hiphop,rock,0,0.6628866195678711,E:\dl\mel_cache\lm3_base_v1\test\hiphop\hiphop.00044__03000ms__0016.npy
cnn,hiphop__hiphop.00044,hiphop,17,hiphop,country,0,0.504094660282135,E:\dl\mel_cache\lm3_base_v1\test\hiphop\hiphop.00044__03000ms__0017.npy
cnn,hiphop__hiphop.00044,hiphop,18,hiphop,rock,0,0.48527806997299194,E:\dl\mel_cache\lm3_base_v1\test\hiphop\hiphop.00044__03000ms__0018.npy
cnn,hiphop__hiphop.00044,hiphop,19,hiphop,rock,0,0.3648225963115692,E:\dl\mel_cache\lm3_base_v1\test\hiphop\hiphop.00044__03000ms__0019.npy
cnn,hiphop__hiphop.00053,hiphop,0,hiphop,pop,0,0.6226542592048645,E:\dl\mel_cache\lm3_base_v1\test\hiphop\hiphop.00053__03000ms__0000.npy
cnn,hiphop__hiphop.00053,hiphop,1,hiphop,pop,0,0.8609633445739746,E:\dl\mel_cache\lm3_base_v1\test\hiphop\hiphop.00053__03000ms__0001.npy
cnn,hiphop__hiphop.00053,hiphop,2,hiphop,pop,0,0.8920705914497375,E:\dl\mel_cache\lm3_base_v1\test\hiphop\hiphop.00053__03000ms__0002.npy
cnn,hiphop__hiphop.00053,hiphop,3,hiphop,pop,0,0.8763337135314941,E:\dl\mel_cache\lm3_base_v1\test\hiphop\hiphop.00053__03000ms__0003.npy
cnn,hiphop__hiphop.00053,hiphop,4,hiphop,pop,0,0.8986420631408691,E:\dl\mel_cache\lm3_base_v1\test\hiphop\hiphop.00053__03000ms__0004.npy
cnn,hiphop__hiphop.00053,hiphop,5,hiphop,pop,0,0.8117951154708862,E:\dl\mel_cache\lm3_base_v1\test\hiphop\hiphop.00053__03000ms__0005.npy
cnn,hiphop__hiphop.00053,hiphop,6,hiphop,pop,0,0.7714343070983887,E:\dl\mel_cache\lm3_base_v1\test\hiphop\hiphop.00053__03000ms__0006.npy
cnn,hiphop__hiphop.00053,hiphop,7,hiphop,pop,0,0.8454131484031677,E:\dl\mel_cache\lm3_base_v1\test\hiphop\hiphop.00053__03000ms__0007.npy
cnn,hiphop__hiphop.00053,hiphop,8,hiphop,pop,0,0.5891983509063721,E:\dl\mel_cache\lm3_base_v1\test\hiphop\hiphop.00053__03000ms__0008.npy
cnn,hiphop__hiphop.00053,hiphop,9,hiphop,hiphop,1,0.8759538531303406,E:\dl\mel_cache\lm3_base_v1\test\hiphop\hiphop.00053__03000ms__0009.npy
cnn,hiphop__hiphop.00053,hiphop,10,hiphop,hiphop,1,0.804384708404541,E:\dl\mel_cache\lm3_base_v1\test\hiphop\hiphop.00053__03000ms__0010.npy
cnn,hiphop__hiphop.00053,hiphop,11,hiphop,hiphop,1,0.6246702671051025,E:\dl\mel_cache\lm3_base_v1\test\hiphop\hiphop.00053__03000ms__0011.npy
cnn,hiphop__hiphop.00053,hiphop,12,hiphop,hiphop,1,0.7588027715682983,E:\dl\mel_cache\lm3_base_v1\test\hiphop\hiphop.00053__03000ms__0012.npy
cnn,hiphop__hiphop.00053,hiphop,13,hiphop,pop,0,0.45232632756233215,E:\dl\mel_cache\lm3_base_v1\test\hiphop\hiphop.00053__03000ms__0013.npy
cnn,hiphop__hiphop.00053,hiphop,14,hiphop,hiphop,1,0.8052203059196472,E:\dl\mel_cache\lm3_base_v1\test\hiphop\hiphop.00053__03000ms__0014.npy
cnn,hiphop__hiphop.00053,hiphop,15,hiphop,hiphop,1,0.6478187441825867,E:\dl\mel_cache\lm3_base_v1\test\hiphop\hiphop.00053__03000ms__0015.npy
cnn,hiphop__hiphop.00053,hiphop,16,hiphop,pop,0,0.5173302292823792,E:\dl\mel_cache\lm3_base_v1\test\hiphop\hiphop.00053__03000ms__0016.npy
cnn,hiphop__hiphop.00053,hiphop,17,hiphop,hiphop,1,0.8136614561080933,E:\dl\mel_cache\lm3_base_v1\test\hiphop\hiphop.00053__03000ms__0017.npy
cnn,hiphop__hiphop.00053,hiphop,18,hiphop,hiphop,1,0.654663622379303,E:\dl\mel_cache\lm3_base_v1\test\hiphop\hiphop.00053__03000ms__0018.npy
cnn,hiphop__hiphop.00053,hiphop,19,hiphop,hiphop,1,0.8720964789390564,E:\dl\mel_cache\lm3_base_v1\test\hiphop\hiphop.00053__03000ms__0019.npy
cnn,hiphop__hiphop.00076,hiphop,0,hiphop,hiphop,1,0.9530191421508789,E:\dl\mel_cache\lm3_base_v1\test\hiphop\hiphop.00076__03000ms__0000.npy
cnn,hiphop__hiphop.00076,hiphop,1,hiphop,hiphop,1,0.9557244181632996,E:\dl\mel_cache\lm3_base_v1\test\hiphop\hiphop.00076__03000ms__0001.npy
cnn,hiphop__hiphop.00076,hiphop,2,hiphop,hiphop,1,0.9521042704582214,E:\dl\mel_cache\lm3_base_v1\test\hiphop\hiphop.00076__03000ms__0002.npy
cnn,hiphop__hiphop.00076,hiphop,3,hiphop,hiphop,1,0.9551824331283569,E:\dl\mel_cache\lm3_base_v1\test\hiphop\hiphop.00076__03000ms__0003.npy
cnn,hiphop__hiphop.00076,hiphop,4,hiphop,hiphop,1,0.9430248737335205,E:\dl\mel_cache\lm3_base_v1\test\hiphop\hiphop.00076__03000ms__0004.npy
cnn,hiphop__hiphop.00076,hiphop,5,hiphop,hiphop,1,0.9504789710044861,E:\dl\mel_cache\lm3_base_v1\test\hiphop\hiphop.00076__03000ms__0005.npy
cnn,hiphop__hiphop.00076,hiphop,6,hiphop,hiphop,1,0.9576374292373657,E:\dl\mel_cache\lm3_base_v1\test\hiphop\hiphop.00076__03000ms__0006.npy
cnn,hiphop__hiphop.00076,hiphop,7,hiphop,hiphop,1,0.9467253684997559,E:\dl\mel_cache\lm3_base_v1\test\hiphop\hiphop.00076__03000ms__0007.npy
cnn,hiphop__hiphop.00076,hiphop,8,hiphop,hiphop,1,0.9537648558616638,E:\dl\mel_cache\lm3_base_v1\test\hiphop\hiphop.00076__03000ms__0008.npy
cnn,hiphop__hiphop.00076,hiphop,9,hiphop,hiphop,1,0.9576650857925415,E:\dl\mel_cache\lm3_base_v1\test\hiphop\hiphop.00076__03000ms__0009.npy
cnn,hiphop__hiphop.00076,hiphop,10,hiphop,hiphop,1,0.9564289450645447,E:\dl\mel_cache\lm3_base_v1\test\hiphop\hiphop.00076__03000ms__0010.npy
cnn,hiphop__hiphop.00076,hiphop,11,hiphop,hiphop,1,0.954281747341156,E:\dl\mel_cache\lm3_base_v1\test\hiphop\hiphop.00076__03000ms__0011.npy
cnn,hiphop__hiphop.00076,hiphop,12,hiphop,hiphop,1,0.9594336152076721,E:\dl\mel_cache\lm3_base_v1\test\hiphop\hiphop.00076__03000ms__0012.npy
cnn,hiphop__hiphop.00076,hiphop,13,hiphop,hiphop,1,0.956361711025238,E:\dl\mel_cache\lm3_base_v1\test\hiphop\hiphop.00076__03000ms__0013.npy
cnn,hiphop__hiphop.00076,hiphop,14,hiphop,hiphop,1,0.9349201917648315,E:\dl\mel_cache\lm3_base_v1\test\hiphop\hiphop.00076__03000ms__0014.npy
cnn,hiphop__hiphop.00076,hiphop,15,hiphop,hiphop,1,0.9416229128837585,E:\dl\mel_cache\lm3_base_v1\test\hiphop\hiphop.00076__03000ms__0015.npy
cnn,hiphop__hiphop.00076,hiphop,16,hiphop,hiphop,1,0.9031391143798828,E:\dl\mel_cache\lm3_base_v1\test\hiphop\hiphop.00076__03000ms__0016.npy
cnn,hiphop__hiphop.00076,hiphop,17,hiphop,hiphop,1,0.6049710512161255,E:\dl\mel_cache\lm3_base_v1\test\hiphop\hiphop.00076__03000ms__0017.npy
cnn,hiphop__hiphop.00076,hiphop,18,hiphop,hiphop,1,0.8970134854316711,E:\dl\mel_cache\lm3_base_v1\test\hiphop\hiphop.00076__03000ms__0018.npy
cnn,hiphop__hiphop.00076,hiphop,19,hiphop,hiphop,1,0.8972370028495789,E:\dl\mel_cache\lm3_base_v1\test\hiphop\hiphop.00076__03000ms__0019.npy
cnn,hiphop__hiphop.00079,hiphop,0,hiphop,hiphop,1,0.6537216901779175,E:\dl\mel_cache\lm3_base_v1\test\hiphop\hiphop.00079__03000ms__0000.npy
cnn,hiphop__hiphop.00079,hiphop,1,hiphop,pop,0,0.6256964206695557,E:\dl\mel_cache\lm3_base_v1\test\hiphop\hiphop.00079__03000ms__0001.npy
cnn,hiphop__hiphop.00079,hiphop,2,hiphop,pop,0,0.7946853041648865,E:\dl\mel_cache\lm3_base_v1\test\hiphop\hiphop.00079__03000ms__0002.npy
cnn,hiphop__hiphop.00079,hiphop,3,hiphop,pop,0,0.8404728174209595,E:\dl\mel_cache\lm3_base_v1\test\hiphop\hiphop.00079__03000ms__0003.npy
cnn,hiphop__hiphop.00079,hiphop,4,hiphop,pop,0,0.8682845234870911,E:\dl\mel_cache\lm3_base_v1\test\hiphop\hiphop.00079__03000ms__0004.npy
cnn,hiphop__hiphop.00079,hiphop,5,hiphop,pop,0,0.7431012988090515,E:\dl\mel_cache\lm3_base_v1\test\hiphop\hiphop.00079__03000ms__0005.npy
cnn,hiphop__hiphop.00079,hiphop,6,hiphop,pop,0,0.5462890267372131,E:\dl\mel_cache\lm3_base_v1\test\hiphop\hiphop.00079__03000ms__0006.npy
cnn,hiphop__hiphop.00079,hiphop,7,hiphop,pop,0,0.8755080699920654,E:\dl\mel_cache\lm3_base_v1\test\hiphop\hiphop.00079__03000ms__0007.npy
cnn,hiphop__hiphop.00079,hiphop,8,hiphop,pop,0,0.8102749586105347,E:\dl\mel_cache\lm3_base_v1\test\hiphop\hiphop.00079__03000ms__0008.npy
cnn,hiphop__hiphop.00079,hiphop,9,hiphop,pop,0,0.8398383855819702,E:\dl\mel_cache\lm3_base_v1\test\hiphop\hiphop.00079__03000ms__0009.npy
cnn,hiphop__hiphop.00079,hiphop,10,hiphop,pop,0,0.7855979800224304,E:\dl\mel_cache\lm3_base_v1\test\hiphop\hiphop.00079__03000ms__0010.npy
cnn,hiphop__hiphop.00079,hiphop,11,hiphop,pop,0,0.5359448194503784,E:\dl\mel_cache\lm3_base_v1\test\hiphop\hiphop.00079__03000ms__0011.npy
cnn,hiphop__hiphop.00079,hiphop,12,hiphop,pop,0,0.8063732981681824,E:\dl\mel_cache\lm3_base_v1\test\hiphop\hiphop.00079__03000ms__0012.npy
cnn,hiphop__hiphop.00079,hiphop,13,hiphop,pop,0,0.7655022144317627,E:\dl\mel_cache\lm3_base_v1\test\hiphop\hiphop.00079__03000ms__0013.npy
cnn,hiphop__hiphop.00079,hiphop,14,hiphop,pop,0,0.5600828528404236,E:\dl\mel_cache\lm3_base_v1\test\hiphop\hiphop.00079__03000ms__0014.npy
cnn,hiphop__hiphop.00079,hiphop,15,hiphop,pop,0,0.9136105179786682,E:\dl\mel_cache\lm3_base_v1\test\hiphop\hiphop.00079__03000ms__0015.npy
cnn,hiphop__hiphop.00079,hiphop,16,hiphop,pop,0,0.826467752456665,E:\dl\mel_cache\lm3_base_v1\test\hiphop\hiphop.00079__03000ms__0016.npy
cnn,hiphop__hiphop.00079,hiphop,17,hiphop,pop,0,0.8343040943145752,E:\dl\mel_cache\lm3_base_v1\test\hiphop\hiphop.00079__03000ms__0017.npy
cnn,hiphop__hiphop.00079,hiphop,18,hiphop,pop,0,0.6220313906669617,E:\dl\mel_cache\lm3_base_v1\test\hiphop\hiphop.00079__03000ms__0018.npy
cnn,hiphop__hiphop.00079,hiphop,19,hiphop,pop,0,0.6233413815498352,E:\dl\mel_cache\lm3_base_v1\test\hiphop\hiphop.00079__03000ms__0019.npy
cnn,hiphop__hiphop.00082,hiphop,0,hiphop,hiphop,1,0.8859983086585999,E:\dl\mel_cache\lm3_base_v1\test\hiphop\hiphop.00082__03000ms__0000.npy
cnn,hiphop__hiphop.00082,hiphop,1,hiphop,hiphop,1,0.9056609272956848,E:\dl\mel_cache\lm3_base_v1\test\hiphop\hiphop.00082__03000ms__0001.npy
cnn,hiphop__hiphop.00082,hiphop,2,hiphop,hiphop,1,0.8932032585144043,E:\dl\mel_cache\lm3_base_v1\test\hiphop\hiphop.00082__03000ms__0002.npy
cnn,hiphop__hiphop.00082,hiphop,3,hiphop,hiphop,1,0.90057772397995,E:\dl\mel_cache\lm3_base_v1\test\hiphop\hiphop.00082__03000ms__0003.npy
cnn,hiphop__hiphop.00082,hiphop,4,hiphop,hiphop,1,0.915582001209259,E:\dl\mel_cache\lm3_base_v1\test\hiphop\hiphop.00082__03000ms__0004.npy
cnn,hiphop__hiphop.00082,hiphop,5,hiphop,hiphop,1,0.8534760475158691,E:\dl\mel_cache\lm3_base_v1\test\hiphop\hiphop.00082__03000ms__0005.npy
cnn,hiphop__hiphop.00082,hiphop,6,hiphop,hiphop,1,0.8737891912460327,E:\dl\mel_cache\lm3_base_v1\test\hiphop\hiphop.00082__03000ms__0006.npy
cnn,hiphop__hiphop.00082,hiphop,7,hiphop,hiphop,1,0.9426753520965576,E:\dl\mel_cache\lm3_base_v1\test\hiphop\hiphop.00082__03000ms__0007.npy
cnn,hiphop__hiphop.00082,hiphop,8,hiphop,hiphop,1,0.9399725198745728,E:\dl\mel_cache\lm3_base_v1\test\hiphop\hiphop.00082__03000ms__0008.npy
cnn,hiphop__hiphop.00082,hiphop,9,hiphop,hiphop,1,0.9404160380363464,E:\dl\mel_cache\lm3_base_v1\test\hiphop\hiphop.00082__03000ms__0009.npy
cnn,hiphop__hiphop.00082,hiphop,10,hiphop,hiphop,1,0.9078617691993713,E:\dl\mel_cache\lm3_base_v1\test\hiphop\hiphop.00082__03000ms__0010.npy
cnn,hiphop__hiphop.00082,hiphop,11,hiphop,hiphop,1,0.7817517518997192,E:\dl\mel_cache\lm3_base_v1\test\hiphop\hiphop.00082__03000ms__0011.npy
cnn,hiphop__hiphop.00082,hiphop,12,hiphop,hiphop,1,0.7886861562728882,E:\dl\mel_cache\lm3_base_v1\test\hiphop\hiphop.00082__03000ms__0012.npy
cnn,hiphop__hiphop.00082,hiphop,13,hiphop,hiphop,1,0.8361386656761169,E:\dl\mel_cache\lm3_base_v1\test\hiphop\hiphop.00082__03000ms__0013.npy
cnn,hiphop__hiphop.00082,hiphop,14,hiphop,hiphop,1,0.8744642734527588,E:\dl\mel_cache\lm3_base_v1\test\hiphop\hiphop.00082__03000ms__0014.npy
cnn,hiphop__hiphop.00082,hiphop,15,hiphop,hiphop,1,0.8849872946739197,E:\dl\mel_cache\lm3_base_v1\test\hiphop\hiphop.00082__03000ms__0015.npy
cnn,hiphop__hiphop.00082,hiphop,16,hiphop,hiphop,1,0.9116972088813782,E:\dl\mel_cache\lm3_base_v1\test\hiphop\hiphop.00082__03000ms__0016.npy
cnn,hiphop__hiphop.00082,hiphop,17,hiphop,hiphop,1,0.9195138216018677,E:\dl\mel_cache\lm3_base_v1\test\hiphop\hiphop.00082__03000ms__0017.npy
cnn,hiphop__hiphop.00082,hiphop,18,hiphop,hiphop,1,0.9471476078033447,E:\dl\mel_cache\lm3_base_v1\test\hiphop\hiphop.00082__03000ms__0018.npy
cnn,hiphop__hiphop.00082,hiphop,19,hiphop,hiphop,1,0.946967363357544,E:\dl\mel_cache\lm3_base_v1\test\hiphop\hiphop.00082__03000ms__0019.npy
cnn,hiphop__hiphop.00087,hiphop,0,hiphop,hiphop,1,0.9367867708206177,E:\dl\mel_cache\lm3_base_v1\test\hiphop\hiphop.00087__03000ms__0000.npy
cnn,hiphop__hiphop.00087,hiphop,1,hiphop,hiphop,1,0.9417297840118408,E:\dl\mel_cache\lm3_base_v1\test\hiphop\hiphop.00087__03000ms__0001.npy
cnn,hiphop__hiphop.00087,hiphop,2,hiphop,hiphop,1,0.9394282102584839,E:\dl\mel_cache\lm3_base_v1\test\hiphop\hiphop.00087__03000ms__0002.npy
cnn,hiphop__hiphop.00087,hiphop,3,hiphop,hiphop,1,0.9446424245834351,E:\dl\mel_cache\lm3_base_v1\test\hiphop\hiphop.00087__03000ms__0003.npy
cnn,hiphop__hiphop.00087,hiphop,4,hiphop,hiphop,1,0.9436971545219421,E:\dl\mel_cache\lm3_base_v1\test\hiphop\hiphop.00087__03000ms__0004.npy
cnn,hiphop__hiphop.00087,hiphop,5,hiphop,hiphop,1,0.9398864507675171,E:\dl\mel_cache\lm3_base_v1\test\hiphop\hiphop.00087__03000ms__0005.npy
cnn,hiphop__hiphop.00087,hiphop,6,hiphop,hiphop,1,0.9416008591651917,E:\dl\mel_cache\lm3_base_v1\test\hiphop\hiphop.00087__03000ms__0006.npy
cnn,hiphop__hiphop.00087,hiphop,7,hiphop,hiphop,1,0.9415069818496704,E:\dl\mel_cache\lm3_base_v1\test\hiphop\hiphop.00087__03000ms__0007.npy
cnn,hiphop__hiphop.00087,hiphop,8,hiphop,hiphop,1,0.9427809119224548,E:\dl\mel_cache\lm3_base_v1\test\hiphop\hiphop.00087__03000ms__0008.npy
cnn,hiphop__hiphop.00087,hiphop,9,hiphop,hiphop,1,0.9408726692199707,E:\dl\mel_cache\lm3_base_v1\test\hiphop\hiphop.00087__03000ms__0009.npy
cnn,hiphop__hiphop.00087,hiphop,10,hiphop,hiphop,1,0.937418520450592,E:\dl\mel_cache\lm3_base_v1\test\hiphop\hiphop.00087__03000ms__0010.npy
cnn,hiphop__hiphop.00087,hiphop,11,hiphop,hiphop,1,0.9271395206451416,E:\dl\mel_cache\lm3_base_v1\test\hiphop\hiphop.00087__03000ms__0011.npy
cnn,hiphop__hiphop.00087,hiphop,12,hiphop,hiphop,1,0.9249196648597717,E:\dl\mel_cache\lm3_base_v1\test\hiphop\hiphop.00087__03000ms__0012.npy
cnn,hiphop__hiphop.00087,hiphop,13,hiphop,hiphop,1,0.9297587871551514,E:\dl\mel_cache\lm3_base_v1\test\hiphop\hiphop.00087__03000ms__0013.npy
cnn,hiphop__hiphop.00087,hiphop,14,hiphop,hiphop,1,0.9149211049079895,E:\dl\mel_cache\lm3_base_v1\test\hiphop\hiphop.00087__03000ms__0014.npy
cnn,hiphop__hiphop.00087,hiphop,15,hiphop,hiphop,1,0.9199514985084534,E:\dl\mel_cache\lm3_base_v1\test\hiphop\hiphop.00087__03000ms__0015.npy
cnn,hiphop__hiphop.00087,hiphop,16,hiphop,hiphop,1,0.9335288405418396,E:\dl\mel_cache\lm3_base_v1\test\hiphop\hiphop.00087__03000ms__0016.npy
cnn,hiphop__hiphop.00087,hiphop,17,hiphop,hiphop,1,0.9109423160552979,E:\dl\mel_cache\lm3_base_v1\test\hiphop\hiphop.00087__03000ms__0017.npy
cnn,hiphop__hiphop.00087,hiphop,18,hiphop,hiphop,1,0.9101924896240234,E:\dl\mel_cache\lm3_base_v1\test\hiphop\hiphop.00087__03000ms__0018.npy
cnn,hiphop__hiphop.00087,hiphop,19,hiphop,hiphop,1,0.9112524390220642,E:\dl\mel_cache\lm3_base_v1\test\hiphop\hiphop.00087__03000ms__0019.npy
cnn,hiphop__hiphop.00089,hiphop,0,hiphop,hiphop,1,0.8101736307144165,E:\dl\mel_cache\lm3_base_v1\test\hiphop\hiphop.00089__03000ms__0000.npy
cnn,hiphop__hiphop.00089,hiphop,1,hiphop,hiphop,1,0.9152503609657288,E:\dl\mel_cache\lm3_base_v1\test\hiphop\hiphop.00089__03000ms__0001.npy
cnn,hiphop__hiphop.00089,hiphop,2,hiphop,hiphop,1,0.8705310821533203,E:\dl\mel_cache\lm3_base_v1\test\hiphop\hiphop.00089__03000ms__0002.npy
cnn,hiphop__hiphop.00089,hiphop,3,hiphop,hiphop,1,0.9031323790550232,E:\dl\mel_cache\lm3_base_v1\test\hiphop\hiphop.00089__03000ms__0003.npy
cnn,hiphop__hiphop.00089,hiphop,4,hiphop,hiphop,1,0.9418922066688538,E:\dl\mel_cache\lm3_base_v1\test\hiphop\hiphop.00089__03000ms__0004.npy
cnn,hiphop__hiphop.00089,hiphop,5,hiphop,hiphop,1,0.9238138794898987,E:\dl\mel_cache\lm3_base_v1\test\hiphop\hiphop.00089__03000ms__0005.npy
cnn,hiphop__hiphop.00089,hiphop,6,hiphop,hiphop,1,0.9189552068710327,E:\dl\mel_cache\lm3_base_v1\test\hiphop\hiphop.00089__03000ms__0006.npy
cnn,hiphop__hiphop.00089,hiphop,7,hiphop,hiphop,1,0.9261047840118408,E:\dl\mel_cache\lm3_base_v1\test\hiphop\hiphop.00089__03000ms__0007.npy
cnn,hiphop__hiphop.00089,hiphop,8,hiphop,hiphop,1,0.8703438639640808,E:\dl\mel_cache\lm3_base_v1\test\hiphop\hiphop.00089__03000ms__0008.npy
cnn,hiphop__hiphop.00089,hiphop,9,hiphop,hiphop,1,0.9216151833534241,E:\dl\mel_cache\lm3_base_v1\test\hiphop\hiphop.00089__03000ms__0009.npy
cnn,hiphop__hiphop.00089,hiphop,10,hiphop,hiphop,1,0.9213700294494629,E:\dl\mel_cache\lm3_base_v1\test\hiphop\hiphop.00089__03000ms__0010.npy
cnn,hiphop__hiphop.00089,hiphop,11,hiphop,hiphop,1,0.9294021129608154,E:\dl\mel_cache\lm3_base_v1\test\hiphop\hiphop.00089__03000ms__0011.npy
cnn,hiphop__hiphop.00089,hiphop,12,hiphop,hiphop,1,0.9292412400245667,E:\dl\mel_cache\lm3_base_v1\test\hiphop\hiphop.00089__03000ms__0012.npy
cnn,hiphop__hiphop.00089,hiphop,13,hiphop,hiphop,1,0.9366957545280457,E:\dl\mel_cache\lm3_base_v1\test\hiphop\hiphop.00089__03000ms__0013.npy
cnn,hiphop__hiphop.00089,hiphop,14,hiphop,hiphop,1,0.9061508178710938,E:\dl\mel_cache\lm3_base_v1\test\hiphop\hiphop.00089__03000ms__0014.npy
cnn,hiphop__hiphop.00089,hiphop,15,hiphop,hiphop,1,0.8409290909767151,E:\dl\mel_cache\lm3_base_v1\test\hiphop\hiphop.00089__03000ms__0015.npy
cnn,hiphop__hiphop.00089,hiphop,16,hiphop,hiphop,1,0.8785164952278137,E:\dl\mel_cache\lm3_base_v1\test\hiphop\hiphop.00089__03000ms__0016.npy
cnn,hiphop__hiphop.00089,hiphop,17,hiphop,hiphop,1,0.816070556640625,E:\dl\mel_cache\lm3_base_v1\test\hiphop\hiphop.00089__03000ms__0017.npy
cnn,hiphop__hiphop.00089,hiphop,18,hiphop,hiphop,1,0.9241093397140503,E:\dl\mel_cache\lm3_base_v1\test\hiphop\hiphop.00089__03000ms__0018.npy
cnn,hiphop__hiphop.00089,hiphop,19,hiphop,hiphop,1,0.9235959053039551,E:\dl\mel_cache\lm3_base_v1\test\hiphop\hiphop.00089__03000ms__0019.npy
cnn,hiphop__hiphop.00093,hiphop,0,hiphop,metal,0,0.5185368061065674,E:\dl\mel_cache\lm3_base_v1\test\hiphop\hiphop.00093__03000ms__0000.npy
cnn,hiphop__hiphop.00093,hiphop,1,hiphop,metal,0,0.6650999188423157,E:\dl\mel_cache\lm3_base_v1\test\hiphop\hiphop.00093__03000ms__0001.npy
cnn,hiphop__hiphop.00093,hiphop,2,hiphop,metal,0,0.7521626949310303,E:\dl\mel_cache\lm3_base_v1\test\hiphop\hiphop.00093__03000ms__0002.npy
cnn,hiphop__hiphop.00093,hiphop,3,hiphop,metal,0,0.8094805479049683,E:\dl\mel_cache\lm3_base_v1\test\hiphop\hiphop.00093__03000ms__0003.npy
cnn,hiphop__hiphop.00093,hiphop,4,hiphop,metal,0,0.8680310845375061,E:\dl\mel_cache\lm3_base_v1\test\hiphop\hiphop.00093__03000ms__0004.npy
cnn,hiphop__hiphop.00093,hiphop,5,hiphop,metal,0,0.6078245043754578,E:\dl\mel_cache\lm3_base_v1\test\hiphop\hiphop.00093__03000ms__0005.npy
cnn,hiphop__hiphop.00093,hiphop,6,hiphop,metal,0,0.6758389472961426,E:\dl\mel_cache\lm3_base_v1\test\hiphop\hiphop.00093__03000ms__0006.npy
cnn,hiphop__hiphop.00093,hiphop,7,hiphop,hiphop,1,0.4758765995502472,E:\dl\mel_cache\lm3_base_v1\test\hiphop\hiphop.00093__03000ms__0007.npy
cnn,hiphop__hiphop.00093,hiphop,8,hiphop,hiphop,1,0.602271318435669,E:\dl\mel_cache\lm3_base_v1\test\hiphop\hiphop.00093__03000ms__0008.npy
cnn,hiphop__hiphop.00093,hiphop,9,hiphop,hiphop,1,0.5175240635871887,E:\dl\mel_cache\lm3_base_v1\test\hiphop\hiphop.00093__03000ms__0009.npy
cnn,hiphop__hiphop.00093,hiphop,10,hiphop,metal,0,0.5282957553863525,E:\dl\mel_cache\lm3_base_v1\test\hiphop\hiphop.00093__03000ms__0010.npy
cnn,hiphop__hiphop.00093,hiphop,11,hiphop,hiphop,1,0.5726039409637451,E:\dl\mel_cache\lm3_base_v1\test\hiphop\hiphop.00093__03000ms__0011.npy
cnn,hiphop__hiphop.00093,hiphop,12,hiphop,metal,0,0.6917433142662048,E:\dl\mel_cache\lm3_base_v1\test\hiphop\hiphop.00093__03000ms__0012.npy
cnn,hiphop__hiphop.00093,hiphop,13,hiphop,metal,0,0.5909122228622437,E:\dl\mel_cache\lm3_base_v1\test\hiphop\hiphop.00093__03000ms__0013.npy
cnn,hiphop__hiphop.00093,hiphop,14,hiphop,metal,0,0.8272902965545654,E:\dl\mel_cache\lm3_base_v1\test\hiphop\hiphop.00093__03000ms__0014.npy
cnn,hiphop__hiphop.00093,hiphop,15,hiphop,metal,0,0.7172234058380127,E:\dl\mel_cache\lm3_base_v1\test\hiphop\hiphop.00093__03000ms__0015.npy
cnn,hiphop__hiphop.00093,hiphop,16,hiphop,metal,0,0.7117136716842651,E:\dl\mel_cache\lm3_base_v1\test\hiphop\hiphop.00093__03000ms__0016.npy
cnn,hiphop__hiphop.00093,hiphop,17,hiphop,metal,0,0.8516336679458618,E:\dl\mel_cache\lm3_base_v1\test\hiphop\hiphop.00093__03000ms__0017.npy
cnn,hiphop__hiphop.00093,hiphop,18,hiphop,metal,0,0.7545610666275024,E:\dl\mel_cache\lm3_base_v1\test\hiphop\hiphop.00093__03000ms__0018.npy
cnn,hiphop__hiphop.00093,hiphop,19,hiphop,metal,0,0.7721244692802429,E:\dl\mel_cache\lm3_base_v1\test\hiphop\hiphop.00093__03000ms__0019.npy
cnn,hiphop__hiphop.00094,hiphop,0,hiphop,hiphop,1,0.8168393969535828,E:\dl\mel_cache\lm3_base_v1\test\hiphop\hiphop.00094__03000ms__0000.npy
cnn,hiphop__hiphop.00094,hiphop,1,hiphop,hiphop,1,0.7739875912666321,E:\dl\mel_cache\lm3_base_v1\test\hiphop\hiphop.00094__03000ms__0001.npy
cnn,hiphop__hiphop.00094,hiphop,2,hiphop,hiphop,1,0.9132649302482605,E:\dl\mel_cache\lm3_base_v1\test\hiphop\hiphop.00094__03000ms__0002.npy
cnn,hiphop__hiphop.00094,hiphop,3,hiphop,hiphop,1,0.9131578803062439,E:\dl\mel_cache\lm3_base_v1\test\hiphop\hiphop.00094__03000ms__0003.npy
cnn,hiphop__hiphop.00094,hiphop,4,hiphop,hiphop,1,0.8292648792266846,E:\dl\mel_cache\lm3_base_v1\test\hiphop\hiphop.00094__03000ms__0004.npy
cnn,hiphop__hiphop.00094,hiphop,5,hiphop,hiphop,1,0.8217796087265015,E:\dl\mel_cache\lm3_base_v1\test\hiphop\hiphop.00094__03000ms__0005.npy
cnn,hiphop__hiphop.00094,hiphop,6,hiphop,hiphop,1,0.819570779800415,E:\dl\mel_cache\lm3_base_v1\test\hiphop\hiphop.00094__03000ms__0006.npy
cnn,hiphop__hiphop.00094,hiphop,7,hiphop,hiphop,1,0.9044445157051086,E:\dl\mel_cache\lm3_base_v1\test\hiphop\hiphop.00094__03000ms__0007.npy
cnn,hiphop__hiphop.00094,hiphop,8,hiphop,hiphop,1,0.9076676368713379,E:\dl\mel_cache\lm3_base_v1\test\hiphop\hiphop.00094__03000ms__0008.npy
cnn,hiphop__hiphop.00094,hiphop,9,hiphop,hiphop,1,0.9257879257202148,E:\dl\mel_cache\lm3_base_v1\test\hiphop\hiphop.00094__03000ms__0009.npy
cnn,hiphop__hiphop.00094,hiphop,10,hiphop,hiphop,1,0.9212228059768677,E:\dl\mel_cache\lm3_base_v1\test\hiphop\hiphop.00094__03000ms__0010.npy
cnn,hiphop__hiphop.00094,hiphop,11,hiphop,hiphop,1,0.8899857401847839,E:\dl\mel_cache\lm3_base_v1\test\hiphop\hiphop.00094__03000ms__0011.npy
cnn,hiphop__hiphop.00094,hiphop,12,hiphop,hiphop,1,0.8755263686180115,E:\dl\mel_cache\lm3_base_v1\test\hiphop\hiphop.00094__03000ms__0012.npy
cnn,hiphop__hiphop.00094,hiphop,13,hiphop,metal,0,0.4783029854297638,E:\dl\mel_cache\lm3_base_v1\test\hiphop\hiphop.00094__03000ms__0013.npy
cnn,hiphop__hiphop.00094,hiphop,14,hiphop,metal,0,0.4830772280693054,E:\dl\mel_cache\lm3_base_v1\test\hiphop\hiphop.00094__03000ms__0014.npy
cnn,hiphop__hiphop.00094,hiphop,15,hiphop,hiphop,1,0.8807211518287659,E:\dl\mel_cache\lm3_base_v1\test\hiphop\hiphop.00094__03000ms__0015.npy
cnn,hiphop__hiphop.00094,hiphop,16,hiphop,hiphop,1,0.8766111731529236,E:\dl\mel_cache\lm3_base_v1\test\hiphop\hiphop.00094__03000ms__0016.npy
cnn,hiphop__hiphop.00094,hiphop,17,hiphop,hiphop,1,0.8151594400405884,E:\dl\mel_cache\lm3_base_v1\test\hiphop\hiphop.00094__03000ms__0017.npy
cnn,hiphop__hiphop.00094,hiphop,18,hiphop,hiphop,1,0.8922772407531738,E:\dl\mel_cache\lm3_base_v1\test\hiphop\hiphop.00094__03000ms__0018.npy
cnn,hiphop__hiphop.00094,hiphop,19,hiphop,hiphop,1,0.8980785608291626,E:\dl\mel_cache\lm3_base_v1\test\hiphop\hiphop.00094__03000ms__0019.npy
cnn,hiphop__hiphop.00098,hiphop,0,hiphop,hiphop,1,0.9431589841842651,E:\dl\mel_cache\lm3_base_v1\test\hiphop\hiphop.00098__03000ms__0000.npy
cnn,hiphop__hiphop.00098,hiphop,1,hiphop,hiphop,1,0.9504209160804749,E:\dl\mel_cache\lm3_base_v1\test\hiphop\hiphop.00098__03000ms__0001.npy
cnn,hiphop__hiphop.00098,hiphop,2,hiphop,hiphop,1,0.9343436360359192,E:\dl\mel_cache\lm3_base_v1\test\hiphop\hiphop.00098__03000ms__0002.npy
cnn,hiphop__hiphop.00098,hiphop,3,hiphop,hiphop,1,0.9396660923957825,E:\dl\mel_cache\lm3_base_v1\test\hiphop\hiphop.00098__03000ms__0003.npy
cnn,hiphop__hiphop.00098,hiphop,4,hiphop,hiphop,1,0.9470844268798828,E:\dl\mel_cache\lm3_base_v1\test\hiphop\hiphop.00098__03000ms__0004.npy
cnn,hiphop__hiphop.00098,hiphop,5,hiphop,hiphop,1,0.9315605759620667,E:\dl\mel_cache\lm3_base_v1\test\hiphop\hiphop.00098__03000ms__0005.npy
cnn,hiphop__hiphop.00098,hiphop,6,hiphop,hiphop,1,0.9351855516433716,E:\dl\mel_cache\lm3_base_v1\test\hiphop\hiphop.00098__03000ms__0006.npy
cnn,hiphop__hiphop.00098,hiphop,7,hiphop,hiphop,1,0.9276432394981384,E:\dl\mel_cache\lm3_base_v1\test\hiphop\hiphop.00098__03000ms__0007.npy
cnn,hiphop__hiphop.00098,hiphop,8,hiphop,hiphop,1,0.9310832023620605,E:\dl\mel_cache\lm3_base_v1\test\hiphop\hiphop.00098__03000ms__0008.npy
cnn,hiphop__hiphop.00098,hiphop,9,hiphop,hiphop,1,0.9332137703895569,E:\dl\mel_cache\lm3_base_v1\test\hiphop\hiphop.00098__03000ms__0009.npy
cnn,hiphop__hiphop.00098,hiphop,10,hiphop,hiphop,1,0.9412646293640137,E:\dl\mel_cache\lm3_base_v1\test\hiphop\hiphop.00098__03000ms__0010.npy
cnn,hiphop__hiphop.00098,hiphop,11,hiphop,hiphop,1,0.9372565150260925,E:\dl\mel_cache\lm3_base_v1\test\hiphop\hiphop.00098__03000ms__0011.npy
cnn,hiphop__hiphop.00098,hiphop,12,hiphop,hiphop,1,0.9504261016845703,E:\dl\mel_cache\lm3_base_v1\test\hiphop\hiphop.00098__03000ms__0012.npy
cnn,hiphop__hiphop.00098,hiphop,13,hiphop,hiphop,1,0.9480363726615906,E:\dl\mel_cache\lm3_base_v1\test\hiphop\hiphop.00098__03000ms__0013.npy
cnn,hiphop__hiphop.00098,hiphop,14,hiphop,hiphop,1,0.9378820061683655,E:\dl\mel_cache\lm3_base_v1\test\hiphop\hiphop.00098__03000ms__0014.npy
cnn,hiphop__hiphop.00098,hiphop,15,hiphop,hiphop,1,0.9465757012367249,E:\dl\mel_cache\lm3_base_v1\test\hiphop\hiphop.00098__03000ms__0015.npy
cnn,hiphop__hiphop.00098,hiphop,16,hiphop,hiphop,1,0.942087709903717,E:\dl\mel_cache\lm3_base_v1\test\hiphop\hiphop.00098__03000ms__0016.npy
cnn,hiphop__hiphop.00098,hiphop,17,hiphop,hiphop,1,0.9523544907569885,E:\dl\mel_cache\lm3_base_v1\test\hiphop\hiphop.00098__03000ms__0017.npy
cnn,hiphop__hiphop.00098,hiphop,18,hiphop,hiphop,1,0.9528775811195374,E:\dl\mel_cache\lm3_base_v1\test\hiphop\hiphop.00098__03000ms__0018.npy
cnn,hiphop__hiphop.00098,hiphop,19,hiphop,hiphop,1,0.9537145495414734,E:\dl\mel_cache\lm3_base_v1\test\hiphop\hiphop.00098__03000ms__0019.npy
cnn,jazz__jazz.00033,jazz,0,jazz,jazz,1,0.9488054513931274,E:\dl\mel_cache\lm3_base_v1\test\jazz\jazz.00033__03000ms__0000.npy
cnn,jazz__jazz.00033,jazz,1,jazz,jazz,1,0.951962947845459,E:\dl\mel_cache\lm3_base_v1\test\jazz\jazz.00033__03000ms__0001.npy
cnn,jazz__jazz.00033,jazz,2,jazz,jazz,1,0.951323390007019,E:\dl\mel_cache\lm3_base_v1\test\jazz\jazz.00033__03000ms__0002.npy
cnn,jazz__jazz.00033,jazz,3,jazz,jazz,1,0.8920224905014038,E:\dl\mel_cache\lm3_base_v1\test\jazz\jazz.00033__03000ms__0003.npy
cnn,jazz__jazz.00033,jazz,4,jazz,jazz,1,0.921764612197876,E:\dl\mel_cache\lm3_base_v1\test\jazz\jazz.00033__03000ms__0004.npy
cnn,jazz__jazz.00033,jazz,5,jazz,jazz,1,0.9519049525260925,E:\dl\mel_cache\lm3_base_v1\test\jazz\jazz.00033__03000ms__0005.npy
cnn,jazz__jazz.00033,jazz,6,jazz,jazz,1,0.9543989896774292,E:\dl\mel_cache\lm3_base_v1\test\jazz\jazz.00033__03000ms__0006.npy
cnn,jazz__jazz.00033,jazz,7,jazz,jazz,1,0.95084148645401,E:\dl\mel_cache\lm3_base_v1\test\jazz\jazz.00033__03000ms__0007.npy
cnn,jazz__jazz.00033,jazz,8,jazz,jazz,1,0.952196478843689,E:\dl\mel_cache\lm3_base_v1\test\jazz\jazz.00033__03000ms__0008.npy
cnn,jazz__jazz.00033,jazz,9,jazz,jazz,1,0.9528504014015198,E:\dl\mel_cache\lm3_base_v1\test\jazz\jazz.00033__03000ms__0009.npy
cnn,jazz__jazz.00033,jazz,10,jazz,jazz,1,0.9513296484947205,E:\dl\mel_cache\lm3_base_v1\test\jazz\jazz.00033__03000ms__0010.npy
cnn,jazz__jazz.00033,jazz,11,jazz,jazz,1,0.9539052248001099,E:\dl\mel_cache\lm3_base_v1\test\jazz\jazz.00033__03000ms__0011.npy
cnn,jazz__jazz.00033,jazz,12,jazz,jazz,1,0.9514434933662415,E:\dl\mel_cache\lm3_base_v1\test\jazz\jazz.00033__03000ms__0012.npy
cnn,jazz__jazz.00033,jazz,13,jazz,jazz,1,0.9520271420478821,E:\dl\mel_cache\lm3_base_v1\test\jazz\jazz.00033__03000ms__0013.npy
cnn,jazz__jazz.00033,jazz,14,jazz,jazz,1,0.9529353380203247,E:\dl\mel_cache\lm3_base_v1\test\jazz\jazz.00033__03000ms__0014.npy
cnn,jazz__jazz.00033,jazz,15,jazz,jazz,1,0.9522790312767029,E:\dl\mel_cache\lm3_base_v1\test\jazz\jazz.00033__03000ms__0015.npy
cnn,jazz__jazz.00033,jazz,16,jazz,jazz,1,0.952573835849762,E:\dl\mel_cache\lm3_base_v1\test\jazz\jazz.00033__03000ms__0016.npy
cnn,jazz__jazz.00033,jazz,17,jazz,jazz,1,0.9499344229698181,E:\dl\mel_cache\lm3_base_v1\test\jazz\jazz.00033__03000ms__0017.npy
cnn,jazz__jazz.00033,jazz,18,jazz,jazz,1,0.9472558498382568,E:\dl\mel_cache\lm3_base_v1\test\jazz\jazz.00033__03000ms__0018.npy
cnn,jazz__jazz.00033,jazz,19,jazz,jazz,1,0.9463371634483337,E:\dl\mel_cache\lm3_base_v1\test\jazz\jazz.00033__03000ms__0019.npy
cnn,jazz__jazz.00041,jazz,0,jazz,jazz,1,0.9476437568664551,E:\dl\mel_cache\lm3_base_v1\test\jazz\jazz.00041__03000ms__0000.npy
cnn,jazz__jazz.00041,jazz,1,jazz,jazz,1,0.9307356476783752,E:\dl\mel_cache\lm3_base_v1\test\jazz\jazz.00041__03000ms__0001.npy
cnn,jazz__jazz.00041,jazz,2,jazz,jazz,1,0.9196982383728027,E:\dl\mel_cache\lm3_base_v1\test\jazz\jazz.00041__03000ms__0002.npy
cnn,jazz__jazz.00041,jazz,3,jazz,jazz,1,0.9422568082809448,E:\dl\mel_cache\lm3_base_v1\test\jazz\jazz.00041__03000ms__0003.npy
cnn,jazz__jazz.00041,jazz,4,jazz,jazz,1,0.9475972056388855,E:\dl\mel_cache\lm3_base_v1\test\jazz\jazz.00041__03000ms__0004.npy
cnn,jazz__jazz.00041,jazz,5,jazz,jazz,1,0.9460678696632385,E:\dl\mel_cache\lm3_base_v1\test\jazz\jazz.00041__03000ms__0005.npy
cnn,jazz__jazz.00041,jazz,6,jazz,jazz,1,0.9462299942970276,E:\dl\mel_cache\lm3_base_v1\test\jazz\jazz.00041__03000ms__0006.npy
cnn,jazz__jazz.00041,jazz,7,jazz,jazz,1,0.9462050199508667,E:\dl\mel_cache\lm3_base_v1\test\jazz\jazz.00041__03000ms__0007.npy
cnn,jazz__jazz.00041,jazz,8,jazz,jazz,1,0.9534611105918884,E:\dl\mel_cache\lm3_base_v1\test\jazz\jazz.00041__03000ms__0008.npy
cnn,jazz__jazz.00041,jazz,9,jazz,jazz,1,0.9475860595703125,E:\dl\mel_cache\lm3_base_v1\test\jazz\jazz.00041__03000ms__0009.npy
cnn,jazz__jazz.00041,jazz,10,jazz,jazz,1,0.9432255029678345,E:\dl\mel_cache\lm3_base_v1\test\jazz\jazz.00041__03000ms__0010.npy
cnn,jazz__jazz.00041,jazz,11,jazz,jazz,1,0.9470307230949402,E:\dl\mel_cache\lm3_base_v1\test\jazz\jazz.00041__03000ms__0011.npy
cnn,jazz__jazz.00041,jazz,12,jazz,jazz,1,0.9436936378479004,E:\dl\mel_cache\lm3_base_v1\test\jazz\jazz.00041__03000ms__0012.npy
cnn,jazz__jazz.00041,jazz,13,jazz,jazz,1,0.9489790797233582,E:\dl\mel_cache\lm3_base_v1\test\jazz\jazz.00041__03000ms__0013.npy
cnn,jazz__jazz.00041,jazz,14,jazz,jazz,1,0.949681282043457,E:\dl\mel_cache\lm3_base_v1\test\jazz\jazz.00041__03000ms__0014.npy
cnn,jazz__jazz.00041,jazz,15,jazz,jazz,1,0.9467272162437439,E:\dl\mel_cache\lm3_base_v1\test\jazz\jazz.00041__03000ms__0015.npy
cnn,jazz__jazz.00041,jazz,16,jazz,jazz,1,0.9343507885932922,E:\dl\mel_cache\lm3_base_v1\test\jazz\jazz.00041__03000ms__0016.npy
cnn,jazz__jazz.00041,jazz,17,jazz,jazz,1,0.9433032274246216,E:\dl\mel_cache\lm3_base_v1\test\jazz\jazz.00041__03000ms__0017.npy
cnn,jazz__jazz.00041,jazz,18,jazz,jazz,1,0.9473125338554382,E:\dl\mel_cache\lm3_base_v1\test\jazz\jazz.00041__03000ms__0018.npy
cnn,jazz__jazz.00041,jazz,19,jazz,jazz,1,0.947405219078064,E:\dl\mel_cache\lm3_base_v1\test\jazz\jazz.00041__03000ms__0019.npy
cnn,jazz__jazz.00046,jazz,0,jazz,jazz,1,0.9534711837768555,E:\dl\mel_cache\lm3_base_v1\test\jazz\jazz.00046__03000ms__0000.npy
cnn,jazz__jazz.00046,jazz,1,jazz,jazz,1,0.9414231181144714,E:\dl\mel_cache\lm3_base_v1\test\jazz\jazz.00046__03000ms__0001.npy
cnn,jazz__jazz.00046,jazz,2,jazz,jazz,1,0.9361822009086609,E:\dl\mel_cache\lm3_base_v1\test\jazz\jazz.00046__03000ms__0002.npy
cnn,jazz__jazz.00046,jazz,3,jazz,jazz,1,0.9239934086799622,E:\dl\mel_cache\lm3_base_v1\test\jazz\jazz.00046__03000ms__0003.npy
cnn,jazz__jazz.00046,jazz,4,jazz,jazz,1,0.9489258527755737,E:\dl\mel_cache\lm3_base_v1\test\jazz\jazz.00046__03000ms__0004.npy
cnn,jazz__jazz.00046,jazz,5,jazz,jazz,1,0.9345391988754272,E:\dl\mel_cache\lm3_base_v1\test\jazz\jazz.00046__03000ms__0005.npy
cnn,jazz__jazz.00046,jazz,6,jazz,jazz,1,0.863519012928009,E:\dl\mel_cache\lm3_base_v1\test\jazz\jazz.00046__03000ms__0006.npy
cnn,jazz__jazz.00046,jazz,7,jazz,jazz,1,0.9372802972793579,E:\dl\mel_cache\lm3_base_v1\test\jazz\jazz.00046__03000ms__0007.npy
cnn,jazz__jazz.00046,jazz,8,jazz,jazz,1,0.9461109042167664,E:\dl\mel_cache\lm3_base_v1\test\jazz\jazz.00046__03000ms__0008.npy
cnn,jazz__jazz.00046,jazz,9,jazz,jazz,1,0.9475135803222656,E:\dl\mel_cache\lm3_base_v1\test\jazz\jazz.00046__03000ms__0009.npy
cnn,jazz__jazz.00046,jazz,10,jazz,jazz,1,0.9521254301071167,E:\dl\mel_cache\lm3_base_v1\test\jazz\jazz.00046__03000ms__0010.npy
cnn,jazz__jazz.00046,jazz,11,jazz,jazz,1,0.9521846771240234,E:\dl\mel_cache\lm3_base_v1\test\jazz\jazz.00046__03000ms__0011.npy
cnn,jazz__jazz.00046,jazz,12,jazz,jazz,1,0.9422252774238586,E:\dl\mel_cache\lm3_base_v1\test\jazz\jazz.00046__03000ms__0012.npy
cnn,jazz__jazz.00046,jazz,13,jazz,jazz,1,0.9462113380432129,E:\dl\mel_cache\lm3_base_v1\test\jazz\jazz.00046__03000ms__0013.npy
cnn,jazz__jazz.00046,jazz,14,jazz,jazz,1,0.9477254748344421,E:\dl\mel_cache\lm3_base_v1\test\jazz\jazz.00046__03000ms__0014.npy
cnn,jazz__jazz.00046,jazz,15,jazz,jazz,1,0.9484650492668152,E:\dl\mel_cache\lm3_base_v1\test\jazz\jazz.00046__03000ms__0015.npy
cnn,jazz__jazz.00046,jazz,16,jazz,jazz,1,0.949633002281189,E:\dl\mel_cache\lm3_base_v1\test\jazz\jazz.00046__03000ms__0016.npy
cnn,jazz__jazz.00046,jazz,17,jazz,jazz,1,0.9400681853294373,E:\dl\mel_cache\lm3_base_v1\test\jazz\jazz.00046__03000ms__0017.npy
cnn,jazz__jazz.00046,jazz,18,jazz,jazz,1,0.945510745048523,E:\dl\mel_cache\lm3_base_v1\test\jazz\jazz.00046__03000ms__0018.npy
cnn,jazz__jazz.00046,jazz,19,jazz,jazz,1,0.9434500932693481,E:\dl\mel_cache\lm3_base_v1\test\jazz\jazz.00046__03000ms__0019.npy
cnn,jazz__jazz.00048,jazz,0,jazz,jazz,1,0.9118180871009827,E:\dl\mel_cache\lm3_base_v1\test\jazz\jazz.00048__03000ms__0000.npy
cnn,jazz__jazz.00048,jazz,1,jazz,jazz,1,0.9363660216331482,E:\dl\mel_cache\lm3_base_v1\test\jazz\jazz.00048__03000ms__0001.npy
cnn,jazz__jazz.00048,jazz,2,jazz,jazz,1,0.9437364339828491,E:\dl\mel_cache\lm3_base_v1\test\jazz\jazz.00048__03000ms__0002.npy
cnn,jazz__jazz.00048,jazz,3,jazz,jazz,1,0.9474548697471619,E:\dl\mel_cache\lm3_base_v1\test\jazz\jazz.00048__03000ms__0003.npy
cnn,jazz__jazz.00048,jazz,4,jazz,jazz,1,0.9367254972457886,E:\dl\mel_cache\lm3_base_v1\test\jazz\jazz.00048__03000ms__0004.npy
cnn,jazz__jazz.00048,jazz,5,jazz,jazz,1,0.9213108420372009,E:\dl\mel_cache\lm3_base_v1\test\jazz\jazz.00048__03000ms__0005.npy
cnn,jazz__jazz.00048,jazz,6,jazz,jazz,1,0.9251315593719482,E:\dl\mel_cache\lm3_base_v1\test\jazz\jazz.00048__03000ms__0006.npy
cnn,jazz__jazz.00048,jazz,7,jazz,jazz,1,0.9370914101600647,E:\dl\mel_cache\lm3_base_v1\test\jazz\jazz.00048__03000ms__0007.npy
cnn,jazz__jazz.00048,jazz,8,jazz,jazz,1,0.9336686730384827,E:\dl\mel_cache\lm3_base_v1\test\jazz\jazz.00048__03000ms__0008.npy
cnn,jazz__jazz.00048,jazz,9,jazz,jazz,1,0.8962214589118958,E:\dl\mel_cache\lm3_base_v1\test\jazz\jazz.00048__03000ms__0009.npy
cnn,jazz__jazz.00048,jazz,10,jazz,jazz,1,0.9380289316177368,E:\dl\mel_cache\lm3_base_v1\test\jazz\jazz.00048__03000ms__0010.npy
cnn,jazz__jazz.00048,jazz,11,jazz,jazz,1,0.9498428106307983,E:\dl\mel_cache\lm3_base_v1\test\jazz\jazz.00048__03000ms__0011.npy
cnn,jazz__jazz.00048,jazz,12,jazz,jazz,1,0.9472883939743042,E:\dl\mel_cache\lm3_base_v1\test\jazz\jazz.00048__03000ms__0012.npy
cnn,jazz__jazz.00048,jazz,13,jazz,jazz,1,0.9368314743041992,E:\dl\mel_cache\lm3_base_v1\test\jazz\jazz.00048__03000ms__0013.npy
cnn,jazz__jazz.00048,jazz,14,jazz,jazz,1,0.8025179505348206,E:\dl\mel_cache\lm3_base_v1\test\jazz\jazz.00048__03000ms__0014.npy
cnn,jazz__jazz.00048,jazz,15,jazz,jazz,1,0.5076984167098999,E:\dl\mel_cache\lm3_base_v1\test\jazz\jazz.00048__03000ms__0015.npy
cnn,jazz__jazz.00048,jazz,16,jazz,jazz,1,0.8756554126739502,E:\dl\mel_cache\lm3_base_v1\test\jazz\jazz.00048__03000ms__0016.npy
cnn,jazz__jazz.00048,jazz,17,jazz,jazz,1,0.8579249978065491,E:\dl\mel_cache\lm3_base_v1\test\jazz\jazz.00048__03000ms__0017.npy
cnn,jazz__jazz.00048,jazz,18,jazz,jazz,1,0.9239970445632935,E:\dl\mel_cache\lm3_base_v1\test\jazz\jazz.00048__03000ms__0018.npy
cnn,jazz__jazz.00048,jazz,19,jazz,jazz,1,0.9252832531929016,E:\dl\mel_cache\lm3_base_v1\test\jazz\jazz.00048__03000ms__0019.npy
cnn,jazz__jazz.00050,jazz,0,jazz,jazz,1,0.6255885362625122,E:\dl\mel_cache\lm3_base_v1\test\jazz\jazz.00050__03000ms__0000.npy
cnn,jazz__jazz.00050,jazz,1,jazz,hiphop,0,0.5037028193473816,E:\dl\mel_cache\lm3_base_v1\test\jazz\jazz.00050__03000ms__0001.npy
cnn,jazz__jazz.00050,jazz,2,jazz,hiphop,0,0.7272142767906189,E:\dl\mel_cache\lm3_base_v1\test\jazz\jazz.00050__03000ms__0002.npy
cnn,jazz__jazz.00050,jazz,3,jazz,hiphop,0,0.7419627904891968,E:\dl\mel_cache\lm3_base_v1\test\jazz\jazz.00050__03000ms__0003.npy
cnn,jazz__jazz.00050,jazz,4,jazz,hiphop,0,0.5205680131912231,E:\dl\mel_cache\lm3_base_v1\test\jazz\jazz.00050__03000ms__0004.npy
cnn,jazz__jazz.00050,jazz,5,jazz,reggae,0,0.4995063543319702,E:\dl\mel_cache\lm3_base_v1\test\jazz\jazz.00050__03000ms__0005.npy
cnn,jazz__jazz.00050,jazz,6,jazz,hiphop,0,0.30959659814834595,E:\dl\mel_cache\lm3_base_v1\test\jazz\jazz.00050__03000ms__0006.npy
cnn,jazz__jazz.00050,jazz,7,jazz,jazz,1,0.45000866055488586,E:\dl\mel_cache\lm3_base_v1\test\jazz\jazz.00050__03000ms__0007.npy
cnn,jazz__jazz.00050,jazz,8,jazz,jazz,1,0.38608092069625854,E:\dl\mel_cache\lm3_base_v1\test\jazz\jazz.00050__03000ms__0008.npy
cnn,jazz__jazz.00050,jazz,9,jazz,pop,0,0.8540711998939514,E:\dl\mel_cache\lm3_base_v1\test\jazz\jazz.00050__03000ms__0009.npy
cnn,jazz__jazz.00050,jazz,10,jazz,pop,0,0.5948843359947205,E:\dl\mel_cache\lm3_base_v1\test\jazz\jazz.00050__03000ms__0010.npy
cnn,jazz__jazz.00050,jazz,11,jazz,hiphop,0,0.7631422281265259,E:\dl\mel_cache\lm3_base_v1\test\jazz\jazz.00050__03000ms__0011.npy
cnn,jazz__jazz.00050,jazz,12,jazz,hiphop,0,0.8459599018096924,E:\dl\mel_cache\lm3_base_v1\test\jazz\jazz.00050__03000ms__0012.npy
cnn,jazz__jazz.00050,jazz,13,jazz,pop,0,0.4149817228317261,E:\dl\mel_cache\lm3_base_v1\test\jazz\jazz.00050__03000ms__0013.npy
cnn,jazz__jazz.00050,jazz,14,jazz,disco,0,0.3663654327392578,E:\dl\mel_cache\lm3_base_v1\test\jazz\jazz.00050__03000ms__0014.npy
cnn,jazz__jazz.00050,jazz,15,jazz,hiphop,0,0.4459209442138672,E:\dl\mel_cache\lm3_base_v1\test\jazz\jazz.00050__03000ms__0015.npy
cnn,jazz__jazz.00050,jazz,16,jazz,pop,0,0.5460752248764038,E:\dl\mel_cache\lm3_base_v1\test\jazz\jazz.00050__03000ms__0016.npy
cnn,jazz__jazz.00050,jazz,17,jazz,pop,0,0.5209829211235046,E:\dl\mel_cache\lm3_base_v1\test\jazz\jazz.00050__03000ms__0017.npy
cnn,jazz__jazz.00050,jazz,18,jazz,pop,0,0.34749189019203186,E:\dl\mel_cache\lm3_base_v1\test\jazz\jazz.00050__03000ms__0018.npy
cnn,jazz__jazz.00050,jazz,19,jazz,pop,0,0.5763396620750427,E:\dl\mel_cache\lm3_base_v1\test\jazz\jazz.00050__03000ms__0019.npy
cnn,jazz__jazz.00059,jazz,0,jazz,jazz,1,0.9204180240631104,E:\dl\mel_cache\lm3_base_v1\test\jazz\jazz.00059__03000ms__0000.npy
cnn,jazz__jazz.00059,jazz,1,jazz,jazz,1,0.9092108011245728,E:\dl\mel_cache\lm3_base_v1\test\jazz\jazz.00059__03000ms__0001.npy
cnn,jazz__jazz.00059,jazz,2,jazz,jazz,1,0.8156040906906128,E:\dl\mel_cache\lm3_base_v1\test\jazz\jazz.00059__03000ms__0002.npy
cnn,jazz__jazz.00059,jazz,3,jazz,jazz,1,0.6532517671585083,E:\dl\mel_cache\lm3_base_v1\test\jazz\jazz.00059__03000ms__0003.npy
cnn,jazz__jazz.00059,jazz,4,jazz,jazz,1,0.5868860483169556,E:\dl\mel_cache\lm3_base_v1\test\jazz\jazz.00059__03000ms__0004.npy
cnn,jazz__jazz.00059,jazz,5,jazz,jazz,1,0.5264662504196167,E:\dl\mel_cache\lm3_base_v1\test\jazz\jazz.00059__03000ms__0005.npy
cnn,jazz__jazz.00059,jazz,6,jazz,jazz,1,0.8987745642662048,E:\dl\mel_cache\lm3_base_v1\test\jazz\jazz.00059__03000ms__0006.npy
cnn,jazz__jazz.00059,jazz,7,jazz,jazz,1,0.8190996646881104,E:\dl\mel_cache\lm3_base_v1\test\jazz\jazz.00059__03000ms__0007.npy
cnn,jazz__jazz.00059,jazz,8,jazz,blues,0,0.360090047121048,E:\dl\mel_cache\lm3_base_v1\test\jazz\jazz.00059__03000ms__0008.npy
cnn,jazz__jazz.00059,jazz,9,jazz,hiphop,0,0.874174177646637,E:\dl\mel_cache\lm3_base_v1\test\jazz\jazz.00059__03000ms__0009.npy
cnn,jazz__jazz.00059,jazz,10,jazz,hiphop,0,0.8644079566001892,E:\dl\mel_cache\lm3_base_v1\test\jazz\jazz.00059__03000ms__0010.npy
cnn,jazz__jazz.00059,jazz,11,jazz,jazz,1,0.43911027908325195,E:\dl\mel_cache\lm3_base_v1\test\jazz\jazz.00059__03000ms__0011.npy
cnn,jazz__jazz.00059,jazz,12,jazz,jazz,1,0.6625089645385742,E:\dl\mel_cache\lm3_base_v1\test\jazz\jazz.00059__03000ms__0012.npy
cnn,jazz__jazz.00059,jazz,13,jazz,jazz,1,0.890502393245697,E:\dl\mel_cache\lm3_base_v1\test\jazz\jazz.00059__03000ms__0013.npy
cnn,jazz__jazz.00059,jazz,14,jazz,jazz,1,0.8609622120857239,E:\dl\mel_cache\lm3_base_v1\test\jazz\jazz.00059__03000ms__0014.npy
cnn,jazz__jazz.00059,jazz,15,jazz,jazz,1,0.6164808869361877,E:\dl\mel_cache\lm3_base_v1\test\jazz\jazz.00059__03000ms__0015.npy
cnn,jazz__jazz.00059,jazz,16,jazz,jazz,1,0.7899565100669861,E:\dl\mel_cache\lm3_base_v1\test\jazz\jazz.00059__03000ms__0016.npy
cnn,jazz__jazz.00059,jazz,17,jazz,jazz,1,0.3698635399341583,E:\dl\mel_cache\lm3_base_v1\test\jazz\jazz.00059__03000ms__0017.npy
cnn,jazz__jazz.00059,jazz,18,jazz,jazz,1,0.6991625428199768,E:\dl\mel_cache\lm3_base_v1\test\jazz\jazz.00059__03000ms__0018.npy
cnn,jazz__jazz.00059,jazz,19,jazz,jazz,1,0.6746804118156433,E:\dl\mel_cache\lm3_base_v1\test\jazz\jazz.00059__03000ms__0019.npy
cnn,jazz__jazz.00060,jazz,0,jazz,jazz,1,0.9313339591026306,E:\dl\mel_cache\lm3_base_v1\test\jazz\jazz.00060__03000ms__0000.npy
cnn,jazz__jazz.00060,jazz,1,jazz,jazz,1,0.9271619319915771,E:\dl\mel_cache\lm3_base_v1\test\jazz\jazz.00060__03000ms__0001.npy
cnn,jazz__jazz.00060,jazz,2,jazz,jazz,1,0.9201009273529053,E:\dl\mel_cache\lm3_base_v1\test\jazz\jazz.00060__03000ms__0002.npy
cnn,jazz__jazz.00060,jazz,3,jazz,jazz,1,0.9370824098587036,E:\dl\mel_cache\lm3_base_v1\test\jazz\jazz.00060__03000ms__0003.npy
cnn,jazz__jazz.00060,jazz,4,jazz,jazz,1,0.94284987449646,E:\dl\mel_cache\lm3_base_v1\test\jazz\jazz.00060__03000ms__0004.npy
cnn,jazz__jazz.00060,jazz,5,jazz,jazz,1,0.9360703229904175,E:\dl\mel_cache\lm3_base_v1\test\jazz\jazz.00060__03000ms__0005.npy
cnn,jazz__jazz.00060,jazz,6,jazz,jazz,1,0.9170017242431641,E:\dl\mel_cache\lm3_base_v1\test\jazz\jazz.00060__03000ms__0006.npy
cnn,jazz__jazz.00060,jazz,7,jazz,jazz,1,0.9100700616836548,E:\dl\mel_cache\lm3_base_v1\test\jazz\jazz.00060__03000ms__0007.npy
cnn,jazz__jazz.00060,jazz,8,jazz,jazz,1,0.9387062788009644,E:\dl\mel_cache\lm3_base_v1\test\jazz\jazz.00060__03000ms__0008.npy
cnn,jazz__jazz.00060,jazz,9,jazz,jazz,1,0.9447009563446045,E:\dl\mel_cache\lm3_base_v1\test\jazz\jazz.00060__03000ms__0009.npy
cnn,jazz__jazz.00060,jazz,10,jazz,jazz,1,0.94184809923172,E:\dl\mel_cache\lm3_base_v1\test\jazz\jazz.00060__03000ms__0010.npy
cnn,jazz__jazz.00060,jazz,11,jazz,jazz,1,0.9447248578071594,E:\dl\mel_cache\lm3_base_v1\test\jazz\jazz.00060__03000ms__0011.npy
cnn,jazz__jazz.00060,jazz,12,jazz,jazz,1,0.9404630661010742,E:\dl\mel_cache\lm3_base_v1\test\jazz\jazz.00060__03000ms__0012.npy
cnn,jazz__jazz.00060,jazz,13,jazz,jazz,1,0.9383025765419006,E:\dl\mel_cache\lm3_base_v1\test\jazz\jazz.00060__03000ms__0013.npy
cnn,jazz__jazz.00060,jazz,14,jazz,jazz,1,0.9263213872909546,E:\dl\mel_cache\lm3_base_v1\test\jazz\jazz.00060__03000ms__0014.npy
cnn,jazz__jazz.00060,jazz,15,jazz,jazz,1,0.9382565021514893,E:\dl\mel_cache\lm3_base_v1\test\jazz\jazz.00060__03000ms__0015.npy
cnn,jazz__jazz.00060,jazz,16,jazz,jazz,1,0.9490692019462585,E:\dl\mel_cache\lm3_base_v1\test\jazz\jazz.00060__03000ms__0016.npy
cnn,jazz__jazz.00060,jazz,17,jazz,jazz,1,0.9527562260627747,E:\dl\mel_cache\lm3_base_v1\test\jazz\jazz.00060__03000ms__0017.npy
cnn,jazz__jazz.00060,jazz,18,jazz,jazz,1,0.9453576803207397,E:\dl\mel_cache\lm3_base_v1\test\jazz\jazz.00060__03000ms__0018.npy
cnn,jazz__jazz.00060,jazz,19,jazz,jazz,1,0.9444803595542908,E:\dl\mel_cache\lm3_base_v1\test\jazz\jazz.00060__03000ms__0019.npy
cnn,jazz__jazz.00071,jazz,0,jazz,jazz,1,0.9396898150444031,E:\dl\mel_cache\lm3_base_v1\test\jazz\jazz.00071__03000ms__0000.npy
cnn,jazz__jazz.00071,jazz,1,jazz,jazz,1,0.9350830912590027,E:\dl\mel_cache\lm3_base_v1\test\jazz\jazz.00071__03000ms__0001.npy
cnn,jazz__jazz.00071,jazz,2,jazz,jazz,1,0.8949031233787537,E:\dl\mel_cache\lm3_base_v1\test\jazz\jazz.00071__03000ms__0002.npy
cnn,jazz__jazz.00071,jazz,3,jazz,jazz,1,0.9400625824928284,E:\dl\mel_cache\lm3_base_v1\test\jazz\jazz.00071__03000ms__0003.npy
cnn,jazz__jazz.00071,jazz,4,jazz,jazz,1,0.9464366436004639,E:\dl\mel_cache\lm3_base_v1\test\jazz\jazz.00071__03000ms__0004.npy
cnn,jazz__jazz.00071,jazz,5,jazz,jazz,1,0.9520241022109985,E:\dl\mel_cache\lm3_base_v1\test\jazz\jazz.00071__03000ms__0005.npy
cnn,jazz__jazz.00071,jazz,6,jazz,jazz,1,0.9330114722251892,E:\dl\mel_cache\lm3_base_v1\test\jazz\jazz.00071__03000ms__0006.npy
cnn,jazz__jazz.00071,jazz,7,jazz,jazz,1,0.92570960521698,E:\dl\mel_cache\lm3_base_v1\test\jazz\jazz.00071__03000ms__0007.npy
cnn,jazz__jazz.00071,jazz,8,jazz,jazz,1,0.9499846696853638,E:\dl\mel_cache\lm3_base_v1\test\jazz\jazz.00071__03000ms__0008.npy
cnn,jazz__jazz.00071,jazz,9,jazz,jazz,1,0.9350085854530334,E:\dl\mel_cache\lm3_base_v1\test\jazz\jazz.00071__03000ms__0009.npy
cnn,jazz__jazz.00071,jazz,10,jazz,jazz,1,0.932334840297699,E:\dl\mel_cache\lm3_base_v1\test\jazz\jazz.00071__03000ms__0010.npy
cnn,jazz__jazz.00071,jazz,11,jazz,jazz,1,0.92671138048172,E:\dl\mel_cache\lm3_base_v1\test\jazz\jazz.00071__03000ms__0011.npy
cnn,jazz__jazz.00071,jazz,12,jazz,jazz,1,0.9288081526756287,E:\dl\mel_cache\lm3_base_v1\test\jazz\jazz.00071__03000ms__0012.npy
cnn,jazz__jazz.00071,jazz,13,jazz,jazz,1,0.9321436882019043,E:\dl\mel_cache\lm3_base_v1\test\jazz\jazz.00071__03000ms__0013.npy
cnn,jazz__jazz.00071,jazz,14,jazz,jazz,1,0.9226261973381042,E:\dl\mel_cache\lm3_base_v1\test\jazz\jazz.00071__03000ms__0014.npy
cnn,jazz__jazz.00071,jazz,15,jazz,jazz,1,0.9431664347648621,E:\dl\mel_cache\lm3_base_v1\test\jazz\jazz.00071__03000ms__0015.npy
cnn,jazz__jazz.00071,jazz,16,jazz,jazz,1,0.9473513960838318,E:\dl\mel_cache\lm3_base_v1\test\jazz\jazz.00071__03000ms__0016.npy
cnn,jazz__jazz.00071,jazz,17,jazz,jazz,1,0.9481770992279053,E:\dl\mel_cache\lm3_base_v1\test\jazz\jazz.00071__03000ms__0017.npy
cnn,jazz__jazz.00071,jazz,18,jazz,jazz,1,0.906937837600708,E:\dl\mel_cache\lm3_base_v1\test\jazz\jazz.00071__03000ms__0018.npy
cnn,jazz__jazz.00071,jazz,19,jazz,jazz,1,0.9146840572357178,E:\dl\mel_cache\lm3_base_v1\test\jazz\jazz.00071__03000ms__0019.npy
cnn,jazz__jazz.00081,jazz,0,jazz,jazz,1,0.753170907497406,E:\dl\mel_cache\lm3_base_v1\test\jazz\jazz.00081__03000ms__0000.npy
cnn,jazz__jazz.00081,jazz,1,jazz,jazz,1,0.8531981110572815,E:\dl\mel_cache\lm3_base_v1\test\jazz\jazz.00081__03000ms__0001.npy
cnn,jazz__jazz.00081,jazz,2,jazz,jazz,1,0.8648374676704407,E:\dl\mel_cache\lm3_base_v1\test\jazz\jazz.00081__03000ms__0002.npy
cnn,jazz__jazz.00081,jazz,3,jazz,jazz,1,0.8735617995262146,E:\dl\mel_cache\lm3_base_v1\test\jazz\jazz.00081__03000ms__0003.npy
cnn,jazz__jazz.00081,jazz,4,jazz,jazz,1,0.8988701105117798,E:\dl\mel_cache\lm3_base_v1\test\jazz\jazz.00081__03000ms__0004.npy
cnn,jazz__jazz.00081,jazz,5,jazz,jazz,1,0.9012808203697205,E:\dl\mel_cache\lm3_base_v1\test\jazz\jazz.00081__03000ms__0005.npy
cnn,jazz__jazz.00081,jazz,6,jazz,jazz,1,0.8389833569526672,E:\dl\mel_cache\lm3_base_v1\test\jazz\jazz.00081__03000ms__0006.npy
cnn,jazz__jazz.00081,jazz,7,jazz,jazz,1,0.8636522889137268,E:\dl\mel_cache\lm3_base_v1\test\jazz\jazz.00081__03000ms__0007.npy
cnn,jazz__jazz.00081,jazz,8,jazz,jazz,1,0.8459068536758423,E:\dl\mel_cache\lm3_base_v1\test\jazz\jazz.00081__03000ms__0008.npy
cnn,jazz__jazz.00081,jazz,9,jazz,jazz,1,0.8632726073265076,E:\dl\mel_cache\lm3_base_v1\test\jazz\jazz.00081__03000ms__0009.npy
cnn,jazz__jazz.00081,jazz,10,jazz,jazz,1,0.8054700493812561,E:\dl\mel_cache\lm3_base_v1\test\jazz\jazz.00081__03000ms__0010.npy
cnn,jazz__jazz.00081,jazz,11,jazz,jazz,1,0.8475507497787476,E:\dl\mel_cache\lm3_base_v1\test\jazz\jazz.00081__03000ms__0011.npy
cnn,jazz__jazz.00081,jazz,12,jazz,jazz,1,0.8721544146537781,E:\dl\mel_cache\lm3_base_v1\test\jazz\jazz.00081__03000ms__0012.npy
cnn,jazz__jazz.00081,jazz,13,jazz,jazz,1,0.8925461173057556,E:\dl\mel_cache\lm3_base_v1\test\jazz\jazz.00081__03000ms__0013.npy
cnn,jazz__jazz.00081,jazz,14,jazz,jazz,1,0.9210625886917114,E:\dl\mel_cache\lm3_base_v1\test\jazz\jazz.00081__03000ms__0014.npy
cnn,jazz__jazz.00081,jazz,15,jazz,jazz,1,0.9088100790977478,E:\dl\mel_cache\lm3_base_v1\test\jazz\jazz.00081__03000ms__0015.npy
cnn,jazz__jazz.00081,jazz,16,jazz,jazz,1,0.9192575812339783,E:\dl\mel_cache\lm3_base_v1\test\jazz\jazz.00081__03000ms__0016.npy
cnn,jazz__jazz.00081,jazz,17,jazz,jazz,1,0.8865139484405518,E:\dl\mel_cache\lm3_base_v1\test\jazz\jazz.00081__03000ms__0017.npy
cnn,jazz__jazz.00081,jazz,18,jazz,jazz,1,0.8686829209327698,E:\dl\mel_cache\lm3_base_v1\test\jazz\jazz.00081__03000ms__0018.npy
cnn,jazz__jazz.00081,jazz,19,jazz,jazz,1,0.8515390157699585,E:\dl\mel_cache\lm3_base_v1\test\jazz\jazz.00081__03000ms__0019.npy
cnn,jazz__jazz.00084,jazz,0,jazz,jazz,1,0.9261569976806641,E:\dl\mel_cache\lm3_base_v1\test\jazz\jazz.00084__03000ms__0000.npy
cnn,jazz__jazz.00084,jazz,1,jazz,jazz,1,0.927534818649292,E:\dl\mel_cache\lm3_base_v1\test\jazz\jazz.00084__03000ms__0001.npy
cnn,jazz__jazz.00084,jazz,2,jazz,jazz,1,0.9287141561508179,E:\dl\mel_cache\lm3_base_v1\test\jazz\jazz.00084__03000ms__0002.npy
cnn,jazz__jazz.00084,jazz,3,jazz,jazz,1,0.9197274446487427,E:\dl\mel_cache\lm3_base_v1\test\jazz\jazz.00084__03000ms__0003.npy
cnn,jazz__jazz.00084,jazz,4,jazz,jazz,1,0.9329596757888794,E:\dl\mel_cache\lm3_base_v1\test\jazz\jazz.00084__03000ms__0004.npy
cnn,jazz__jazz.00084,jazz,5,jazz,jazz,1,0.9404928088188171,E:\dl\mel_cache\lm3_base_v1\test\jazz\jazz.00084__03000ms__0005.npy
cnn,jazz__jazz.00084,jazz,6,jazz,jazz,1,0.938965380191803,E:\dl\mel_cache\lm3_base_v1\test\jazz\jazz.00084__03000ms__0006.npy
cnn,jazz__jazz.00084,jazz,7,jazz,jazz,1,0.9370766282081604,E:\dl\mel_cache\lm3_base_v1\test\jazz\jazz.00084__03000ms__0007.npy
cnn,jazz__jazz.00084,jazz,8,jazz,jazz,1,0.932935893535614,E:\dl\mel_cache\lm3_base_v1\test\jazz\jazz.00084__03000ms__0008.npy
cnn,jazz__jazz.00084,jazz,9,jazz,jazz,1,0.9093438386917114,E:\dl\mel_cache\lm3_base_v1\test\jazz\jazz.00084__03000ms__0009.npy
cnn,jazz__jazz.00084,jazz,10,jazz,jazz,1,0.9330465197563171,E:\dl\mel_cache\lm3_base_v1\test\jazz\jazz.00084__03000ms__0010.npy
cnn,jazz__jazz.00084,jazz,11,jazz,jazz,1,0.9412516355514526,E:\dl\mel_cache\lm3_base_v1\test\jazz\jazz.00084__03000ms__0011.npy
cnn,jazz__jazz.00084,jazz,12,jazz,jazz,1,0.9372003078460693,E:\dl\mel_cache\lm3_base_v1\test\jazz\jazz.00084__03000ms__0012.npy
cnn,jazz__jazz.00084,jazz,13,jazz,jazz,1,0.9369887113571167,E:\dl\mel_cache\lm3_base_v1\test\jazz\jazz.00084__03000ms__0013.npy
cnn,jazz__jazz.00084,jazz,14,jazz,jazz,1,0.9316966533660889,E:\dl\mel_cache\lm3_base_v1\test\jazz\jazz.00084__03000ms__0014.npy
cnn,jazz__jazz.00084,jazz,15,jazz,jazz,1,0.927423357963562,E:\dl\mel_cache\lm3_base_v1\test\jazz\jazz.00084__03000ms__0015.npy
cnn,jazz__jazz.00084,jazz,16,jazz,jazz,1,0.9312061071395874,E:\dl\mel_cache\lm3_base_v1\test\jazz\jazz.00084__03000ms__0016.npy
cnn,jazz__jazz.00084,jazz,17,jazz,jazz,1,0.9282922744750977,E:\dl\mel_cache\lm3_base_v1\test\jazz\jazz.00084__03000ms__0017.npy
cnn,jazz__jazz.00084,jazz,18,jazz,jazz,1,0.9163799285888672,E:\dl\mel_cache\lm3_base_v1\test\jazz\jazz.00084__03000ms__0018.npy
cnn,jazz__jazz.00084,jazz,19,jazz,jazz,1,0.912469208240509,E:\dl\mel_cache\lm3_base_v1\test\jazz\jazz.00084__03000ms__0019.npy
cnn,jazz__jazz.00086,jazz,0,jazz,jazz,1,0.4204545021057129,E:\dl\mel_cache\lm3_base_v1\test\jazz\jazz.00086__03000ms__0000.npy
cnn,jazz__jazz.00086,jazz,1,jazz,jazz,1,0.911331832408905,E:\dl\mel_cache\lm3_base_v1\test\jazz\jazz.00086__03000ms__0001.npy
cnn,jazz__jazz.00086,jazz,2,jazz,jazz,1,0.888916015625,E:\dl\mel_cache\lm3_base_v1\test\jazz\jazz.00086__03000ms__0002.npy
cnn,jazz__jazz.00086,jazz,3,jazz,jazz,1,0.9282942414283752,E:\dl\mel_cache\lm3_base_v1\test\jazz\jazz.00086__03000ms__0003.npy
cnn,jazz__jazz.00086,jazz,4,jazz,jazz,1,0.9337396621704102,E:\dl\mel_cache\lm3_base_v1\test\jazz\jazz.00086__03000ms__0004.npy
cnn,jazz__jazz.00086,jazz,5,jazz,jazz,1,0.9328967928886414,E:\dl\mel_cache\lm3_base_v1\test\jazz\jazz.00086__03000ms__0005.npy
cnn,jazz__jazz.00086,jazz,6,jazz,jazz,1,0.9219222068786621,E:\dl\mel_cache\lm3_base_v1\test\jazz\jazz.00086__03000ms__0006.npy
cnn,jazz__jazz.00086,jazz,7,jazz,jazz,1,0.9043143391609192,E:\dl\mel_cache\lm3_base_v1\test\jazz\jazz.00086__03000ms__0007.npy
cnn,jazz__jazz.00086,jazz,8,jazz,jazz,1,0.9170315265655518,E:\dl\mel_cache\lm3_base_v1\test\jazz\jazz.00086__03000ms__0008.npy
cnn,jazz__jazz.00086,jazz,9,jazz,jazz,1,0.9369867444038391,E:\dl\mel_cache\lm3_base_v1\test\jazz\jazz.00086__03000ms__0009.npy
cnn,jazz__jazz.00086,jazz,10,jazz,jazz,1,0.9408013224601746,E:\dl\mel_cache\lm3_base_v1\test\jazz\jazz.00086__03000ms__0010.npy
cnn,jazz__jazz.00086,jazz,11,jazz,jazz,1,0.9382070899009705,E:\dl\mel_cache\lm3_base_v1\test\jazz\jazz.00086__03000ms__0011.npy
cnn,jazz__jazz.00086,jazz,12,jazz,jazz,1,0.9284639954566956,E:\dl\mel_cache\lm3_base_v1\test\jazz\jazz.00086__03000ms__0012.npy
cnn,jazz__jazz.00086,jazz,13,jazz,jazz,1,0.9288259744644165,E:\dl\mel_cache\lm3_base_v1\test\jazz\jazz.00086__03000ms__0013.npy
cnn,jazz__jazz.00086,jazz,14,jazz,jazz,1,0.9298919439315796,E:\dl\mel_cache\lm3_base_v1\test\jazz\jazz.00086__03000ms__0014.npy
cnn,jazz__jazz.00086,jazz,15,jazz,jazz,1,0.9268132448196411,E:\dl\mel_cache\lm3_base_v1\test\jazz\jazz.00086__03000ms__0015.npy
cnn,jazz__jazz.00086,jazz,16,jazz,jazz,1,0.9176121950149536,E:\dl\mel_cache\lm3_base_v1\test\jazz\jazz.00086__03000ms__0016.npy
cnn,jazz__jazz.00086,jazz,17,jazz,jazz,1,0.8822508454322815,E:\dl\mel_cache\lm3_base_v1\test\jazz\jazz.00086__03000ms__0017.npy
cnn,jazz__jazz.00086,jazz,18,jazz,jazz,1,0.9106337428092957,E:\dl\mel_cache\lm3_base_v1\test\jazz\jazz.00086__03000ms__0018.npy
cnn,jazz__jazz.00086,jazz,19,jazz,jazz,1,0.9022226333618164,E:\dl\mel_cache\lm3_base_v1\test\jazz\jazz.00086__03000ms__0019.npy
cnn,jazz__jazz.00091,jazz,0,jazz,jazz,1,0.9338064193725586,E:\dl\mel_cache\lm3_base_v1\test\jazz\jazz.00091__03000ms__0000.npy
cnn,jazz__jazz.00091,jazz,1,jazz,jazz,1,0.9065709710121155,E:\dl\mel_cache\lm3_base_v1\test\jazz\jazz.00091__03000ms__0001.npy
cnn,jazz__jazz.00091,jazz,2,jazz,jazz,1,0.4792982041835785,E:\dl\mel_cache\lm3_base_v1\test\jazz\jazz.00091__03000ms__0002.npy
cnn,jazz__jazz.00091,jazz,3,jazz,jazz,1,0.5349079966545105,E:\dl\mel_cache\lm3_base_v1\test\jazz\jazz.00091__03000ms__0003.npy
cnn,jazz__jazz.00091,jazz,4,jazz,jazz,1,0.7011883854866028,E:\dl\mel_cache\lm3_base_v1\test\jazz\jazz.00091__03000ms__0004.npy
cnn,jazz__jazz.00091,jazz,5,jazz,jazz,1,0.7898156642913818,E:\dl\mel_cache\lm3_base_v1\test\jazz\jazz.00091__03000ms__0005.npy
cnn,jazz__jazz.00091,jazz,6,jazz,jazz,1,0.924527645111084,E:\dl\mel_cache\lm3_base_v1\test\jazz\jazz.00091__03000ms__0006.npy
cnn,jazz__jazz.00091,jazz,7,jazz,jazz,1,0.931792140007019,E:\dl\mel_cache\lm3_base_v1\test\jazz\jazz.00091__03000ms__0007.npy
cnn,jazz__jazz.00091,jazz,8,jazz,jazz,1,0.6360832452774048,E:\dl\mel_cache\lm3_base_v1\test\jazz\jazz.00091__03000ms__0008.npy
cnn,jazz__jazz.00091,jazz,9,jazz,jazz,1,0.7494995594024658,E:\dl\mel_cache\lm3_base_v1\test\jazz\jazz.00091__03000ms__0009.npy
cnn,jazz__jazz.00091,jazz,10,jazz,jazz,1,0.9359792470932007,E:\dl\mel_cache\lm3_base_v1\test\jazz\jazz.00091__03000ms__0010.npy
cnn,jazz__jazz.00091,jazz,11,jazz,jazz,1,0.9424092173576355,E:\dl\mel_cache\lm3_base_v1\test\jazz\jazz.00091__03000ms__0011.npy
cnn,jazz__jazz.00091,jazz,12,jazz,jazz,1,0.9425139427185059,E:\dl\mel_cache\lm3_base_v1\test\jazz\jazz.00091__03000ms__0012.npy
cnn,jazz__jazz.00091,jazz,13,jazz,jazz,1,0.901259183883667,E:\dl\mel_cache\lm3_base_v1\test\jazz\jazz.00091__03000ms__0013.npy
cnn,jazz__jazz.00091,jazz,14,jazz,jazz,1,0.9301667213439941,E:\dl\mel_cache\lm3_base_v1\test\jazz\jazz.00091__03000ms__0014.npy
cnn,jazz__jazz.00091,jazz,15,jazz,jazz,1,0.9263460040092468,E:\dl\mel_cache\lm3_base_v1\test\jazz\jazz.00091__03000ms__0015.npy
cnn,jazz__jazz.00091,jazz,16,jazz,jazz,1,0.914922833442688,E:\dl\mel_cache\lm3_base_v1\test\jazz\jazz.00091__03000ms__0016.npy
cnn,jazz__jazz.00091,jazz,17,jazz,jazz,1,0.9147109985351562,E:\dl\mel_cache\lm3_base_v1\test\jazz\jazz.00091__03000ms__0017.npy
cnn,jazz__jazz.00091,jazz,18,jazz,jazz,1,0.9187571406364441,E:\dl\mel_cache\lm3_base_v1\test\jazz\jazz.00091__03000ms__0018.npy
cnn,jazz__jazz.00091,jazz,19,jazz,jazz,1,0.9210501313209534,E:\dl\mel_cache\lm3_base_v1\test\jazz\jazz.00091__03000ms__0019.npy
cnn,jazz__jazz.00092,jazz,0,jazz,jazz,1,0.874266505241394,E:\dl\mel_cache\lm3_base_v1\test\jazz\jazz.00092__03000ms__0000.npy
cnn,jazz__jazz.00092,jazz,1,jazz,jazz,1,0.8723310828208923,E:\dl\mel_cache\lm3_base_v1\test\jazz\jazz.00092__03000ms__0001.npy
cnn,jazz__jazz.00092,jazz,2,jazz,jazz,1,0.9435139298439026,E:\dl\mel_cache\lm3_base_v1\test\jazz\jazz.00092__03000ms__0002.npy
cnn,jazz__jazz.00092,jazz,3,jazz,jazz,1,0.9457146525382996,E:\dl\mel_cache\lm3_base_v1\test\jazz\jazz.00092__03000ms__0003.npy
cnn,jazz__jazz.00092,jazz,4,jazz,jazz,1,0.8939698338508606,E:\dl\mel_cache\lm3_base_v1\test\jazz\jazz.00092__03000ms__0004.npy
cnn,jazz__jazz.00092,jazz,5,jazz,jazz,1,0.6349740028381348,E:\dl\mel_cache\lm3_base_v1\test\jazz\jazz.00092__03000ms__0005.npy
cnn,jazz__jazz.00092,jazz,6,jazz,jazz,1,0.6438009142875671,E:\dl\mel_cache\lm3_base_v1\test\jazz\jazz.00092__03000ms__0006.npy
cnn,jazz__jazz.00092,jazz,7,jazz,jazz,1,0.9323870539665222,E:\dl\mel_cache\lm3_base_v1\test\jazz\jazz.00092__03000ms__0007.npy
cnn,jazz__jazz.00092,jazz,8,jazz,jazz,1,0.9410107135772705,E:\dl\mel_cache\lm3_base_v1\test\jazz\jazz.00092__03000ms__0008.npy
cnn,jazz__jazz.00092,jazz,9,jazz,jazz,1,0.9354967474937439,E:\dl\mel_cache\lm3_base_v1\test\jazz\jazz.00092__03000ms__0009.npy
cnn,jazz__jazz.00092,jazz,10,jazz,jazz,1,0.9283273220062256,E:\dl\mel_cache\lm3_base_v1\test\jazz\jazz.00092__03000ms__0010.npy
cnn,jazz__jazz.00092,jazz,11,jazz,jazz,1,0.8371651768684387,E:\dl\mel_cache\lm3_base_v1\test\jazz\jazz.00092__03000ms__0011.npy
cnn,jazz__jazz.00092,jazz,12,jazz,jazz,1,0.692094624042511,E:\dl\mel_cache\lm3_base_v1\test\jazz\jazz.00092__03000ms__0012.npy
cnn,jazz__jazz.00092,jazz,13,jazz,jazz,1,0.8266862034797668,E:\dl\mel_cache\lm3_base_v1\test\jazz\jazz.00092__03000ms__0013.npy
cnn,jazz__jazz.00092,jazz,14,jazz,jazz,1,0.6736162900924683,E:\dl\mel_cache\lm3_base_v1\test\jazz\jazz.00092__03000ms__0014.npy
cnn,jazz__jazz.00092,jazz,15,jazz,jazz,1,0.6205607056617737,E:\dl\mel_cache\lm3_base_v1\test\jazz\jazz.00092__03000ms__0015.npy
cnn,jazz__jazz.00092,jazz,16,jazz,jazz,1,0.8225409388542175,E:\dl\mel_cache\lm3_base_v1\test\jazz\jazz.00092__03000ms__0016.npy
cnn,jazz__jazz.00092,jazz,17,jazz,jazz,1,0.9115452170372009,E:\dl\mel_cache\lm3_base_v1\test\jazz\jazz.00092__03000ms__0017.npy
cnn,jazz__jazz.00092,jazz,18,jazz,jazz,1,0.9086402058601379,E:\dl\mel_cache\lm3_base_v1\test\jazz\jazz.00092__03000ms__0018.npy
cnn,jazz__jazz.00092,jazz,19,jazz,jazz,1,0.9091768860816956,E:\dl\mel_cache\lm3_base_v1\test\jazz\jazz.00092__03000ms__0019.npy
cnn,jazz__jazz.00096,jazz,0,jazz,jazz,1,0.9313426613807678,E:\dl\mel_cache\lm3_base_v1\test\jazz\jazz.00096__03000ms__0000.npy
cnn,jazz__jazz.00096,jazz,1,jazz,jazz,1,0.9352499842643738,E:\dl\mel_cache\lm3_base_v1\test\jazz\jazz.00096__03000ms__0001.npy
cnn,jazz__jazz.00096,jazz,2,jazz,jazz,1,0.9450656771659851,E:\dl\mel_cache\lm3_base_v1\test\jazz\jazz.00096__03000ms__0002.npy
cnn,jazz__jazz.00096,jazz,3,jazz,jazz,1,0.9478065967559814,E:\dl\mel_cache\lm3_base_v1\test\jazz\jazz.00096__03000ms__0003.npy
cnn,jazz__jazz.00096,jazz,4,jazz,jazz,1,0.9446380734443665,E:\dl\mel_cache\lm3_base_v1\test\jazz\jazz.00096__03000ms__0004.npy
cnn,jazz__jazz.00096,jazz,5,jazz,jazz,1,0.9471307396888733,E:\dl\mel_cache\lm3_base_v1\test\jazz\jazz.00096__03000ms__0005.npy
cnn,jazz__jazz.00096,jazz,6,jazz,jazz,1,0.944560706615448,E:\dl\mel_cache\lm3_base_v1\test\jazz\jazz.00096__03000ms__0006.npy
cnn,jazz__jazz.00096,jazz,7,jazz,jazz,1,0.9489465951919556,E:\dl\mel_cache\lm3_base_v1\test\jazz\jazz.00096__03000ms__0007.npy
cnn,jazz__jazz.00096,jazz,8,jazz,jazz,1,0.9496300220489502,E:\dl\mel_cache\lm3_base_v1\test\jazz\jazz.00096__03000ms__0008.npy
cnn,jazz__jazz.00096,jazz,9,jazz,jazz,1,0.9458741545677185,E:\dl\mel_cache\lm3_base_v1\test\jazz\jazz.00096__03000ms__0009.npy
cnn,jazz__jazz.00096,jazz,10,jazz,jazz,1,0.9165526628494263,E:\dl\mel_cache\lm3_base_v1\test\jazz\jazz.00096__03000ms__0010.npy
cnn,jazz__jazz.00096,jazz,11,jazz,jazz,1,0.9476141929626465,E:\dl\mel_cache\lm3_base_v1\test\jazz\jazz.00096__03000ms__0011.npy
cnn,jazz__jazz.00096,jazz,12,jazz,jazz,1,0.9494726657867432,E:\dl\mel_cache\lm3_base_v1\test\jazz\jazz.00096__03000ms__0012.npy
cnn,jazz__jazz.00096,jazz,13,jazz,jazz,1,0.949752151966095,E:\dl\mel_cache\lm3_base_v1\test\jazz\jazz.00096__03000ms__0013.npy
cnn,jazz__jazz.00096,jazz,14,jazz,jazz,1,0.9374127984046936,E:\dl\mel_cache\lm3_base_v1\test\jazz\jazz.00096__03000ms__0014.npy
cnn,jazz__jazz.00096,jazz,15,jazz,jazz,1,0.9482559561729431,E:\dl\mel_cache\lm3_base_v1\test\jazz\jazz.00096__03000ms__0015.npy
cnn,jazz__jazz.00096,jazz,16,jazz,jazz,1,0.9504474401473999,E:\dl\mel_cache\lm3_base_v1\test\jazz\jazz.00096__03000ms__0016.npy
cnn,jazz__jazz.00096,jazz,17,jazz,jazz,1,0.9489353895187378,E:\dl\mel_cache\lm3_base_v1\test\jazz\jazz.00096__03000ms__0017.npy
cnn,jazz__jazz.00096,jazz,18,jazz,jazz,1,0.9496943950653076,E:\dl\mel_cache\lm3_base_v1\test\jazz\jazz.00096__03000ms__0018.npy
cnn,jazz__jazz.00096,jazz,19,jazz,jazz,1,0.9498268961906433,E:\dl\mel_cache\lm3_base_v1\test\jazz\jazz.00096__03000ms__0019.npy
cnn,jazz__jazz.00099,jazz,0,jazz,jazz,1,0.9511452913284302,E:\dl\mel_cache\lm3_base_v1\test\jazz\jazz.00099__03000ms__0000.npy
cnn,jazz__jazz.00099,jazz,1,jazz,jazz,1,0.951372504234314,E:\dl\mel_cache\lm3_base_v1\test\jazz\jazz.00099__03000ms__0001.npy
cnn,jazz__jazz.00099,jazz,2,jazz,jazz,1,0.9505429267883301,E:\dl\mel_cache\lm3_base_v1\test\jazz\jazz.00099__03000ms__0002.npy
cnn,jazz__jazz.00099,jazz,3,jazz,jazz,1,0.9529165029525757,E:\dl\mel_cache\lm3_base_v1\test\jazz\jazz.00099__03000ms__0003.npy
cnn,jazz__jazz.00099,jazz,4,jazz,jazz,1,0.9498656988143921,E:\dl\mel_cache\lm3_base_v1\test\jazz\jazz.00099__03000ms__0004.npy
cnn,jazz__jazz.00099,jazz,5,jazz,jazz,1,0.9410492181777954,E:\dl\mel_cache\lm3_base_v1\test\jazz\jazz.00099__03000ms__0005.npy
cnn,jazz__jazz.00099,jazz,6,jazz,jazz,1,0.9317793250083923,E:\dl\mel_cache\lm3_base_v1\test\jazz\jazz.00099__03000ms__0006.npy
cnn,jazz__jazz.00099,jazz,7,jazz,jazz,1,0.9413830637931824,E:\dl\mel_cache\lm3_base_v1\test\jazz\jazz.00099__03000ms__0007.npy
cnn,jazz__jazz.00099,jazz,8,jazz,jazz,1,0.9390358328819275,E:\dl\mel_cache\lm3_base_v1\test\jazz\jazz.00099__03000ms__0008.npy
cnn,jazz__jazz.00099,jazz,9,jazz,jazz,1,0.9433709383010864,E:\dl\mel_cache\lm3_base_v1\test\jazz\jazz.00099__03000ms__0009.npy
cnn,jazz__jazz.00099,jazz,10,jazz,jazz,1,0.9463154673576355,E:\dl\mel_cache\lm3_base_v1\test\jazz\jazz.00099__03000ms__0010.npy
cnn,jazz__jazz.00099,jazz,11,jazz,jazz,1,0.9504384994506836,E:\dl\mel_cache\lm3_base_v1\test\jazz\jazz.00099__03000ms__0011.npy
cnn,jazz__jazz.00099,jazz,12,jazz,jazz,1,0.9519206285476685,E:\dl\mel_cache\lm3_base_v1\test\jazz\jazz.00099__03000ms__0012.npy
cnn,jazz__jazz.00099,jazz,13,jazz,jazz,1,0.9527211785316467,E:\dl\mel_cache\lm3_base_v1\test\jazz\jazz.00099__03000ms__0013.npy
cnn,jazz__jazz.00099,jazz,14,jazz,jazz,1,0.9525179266929626,E:\dl\mel_cache\lm3_base_v1\test\jazz\jazz.00099__03000ms__0014.npy
cnn,jazz__jazz.00099,jazz,15,jazz,jazz,1,0.9518426060676575,E:\dl\mel_cache\lm3_base_v1\test\jazz\jazz.00099__03000ms__0015.npy
cnn,jazz__jazz.00099,jazz,16,jazz,jazz,1,0.950067937374115,E:\dl\mel_cache\lm3_base_v1\test\jazz\jazz.00099__03000ms__0016.npy
cnn,jazz__jazz.00099,jazz,17,jazz,jazz,1,0.9415952563285828,E:\dl\mel_cache\lm3_base_v1\test\jazz\jazz.00099__03000ms__0017.npy
cnn,jazz__jazz.00099,jazz,18,jazz,jazz,1,0.9359633326530457,E:\dl\mel_cache\lm3_base_v1\test\jazz\jazz.00099__03000ms__0018.npy
cnn,jazz__jazz.00099,jazz,19,jazz,jazz,1,0.9380323886871338,E:\dl\mel_cache\lm3_base_v1\test\jazz\jazz.00099__03000ms__0019.npy
cnn,metal__metal.00002,metal,0,metal,metal,1,0.9021096229553223,E:\dl\mel_cache\lm3_base_v1\test\metal\metal.00002__03000ms__0000.npy
cnn,metal__metal.00002,metal,1,metal,metal,1,0.89430171251297,E:\dl\mel_cache\lm3_base_v1\test\metal\metal.00002__03000ms__0001.npy
cnn,metal__metal.00002,metal,2,metal,metal,1,0.8485949635505676,E:\dl\mel_cache\lm3_base_v1\test\metal\metal.00002__03000ms__0002.npy
cnn,metal__metal.00002,metal,3,metal,metal,1,0.8931235671043396,E:\dl\mel_cache\lm3_base_v1\test\metal\metal.00002__03000ms__0003.npy
cnn,metal__metal.00002,metal,4,metal,metal,1,0.8919201493263245,E:\dl\mel_cache\lm3_base_v1\test\metal\metal.00002__03000ms__0004.npy
cnn,metal__metal.00002,metal,5,metal,metal,1,0.9050059914588928,E:\dl\mel_cache\lm3_base_v1\test\metal\metal.00002__03000ms__0005.npy
cnn,metal__metal.00002,metal,6,metal,metal,1,0.9118660688400269,E:\dl\mel_cache\lm3_base_v1\test\metal\metal.00002__03000ms__0006.npy
cnn,metal__metal.00002,metal,7,metal,metal,1,0.9111500978469849,E:\dl\mel_cache\lm3_base_v1\test\metal\metal.00002__03000ms__0007.npy
cnn,metal__metal.00002,metal,8,metal,metal,1,0.9239610433578491,E:\dl\mel_cache\lm3_base_v1\test\metal\metal.00002__03000ms__0008.npy
cnn,metal__metal.00002,metal,9,metal,metal,1,0.9022713303565979,E:\dl\mel_cache\lm3_base_v1\test\metal\metal.00002__03000ms__0009.npy
cnn,metal__metal.00002,metal,10,metal,metal,1,0.8748971819877625,E:\dl\mel_cache\lm3_base_v1\test\metal\metal.00002__03000ms__0010.npy
cnn,metal__metal.00002,metal,11,metal,metal,1,0.871188759803772,E:\dl\mel_cache\lm3_base_v1\test\metal\metal.00002__03000ms__0011.npy
cnn,metal__metal.00002,metal,12,metal,metal,1,0.9007360339164734,E:\dl\mel_cache\lm3_base_v1\test\metal\metal.00002__03000ms__0012.npy
cnn,metal__metal.00002,metal,13,metal,metal,1,0.9324944019317627,E:\dl\mel_cache\lm3_base_v1\test\metal\metal.00002__03000ms__0013.npy
cnn,metal__metal.00002,metal,14,metal,metal,1,0.911798894405365,E:\dl\mel_cache\lm3_base_v1\test\metal\metal.00002__03000ms__0014.npy
cnn,metal__metal.00002,metal,15,metal,metal,1,0.6557047367095947,E:\dl\mel_cache\lm3_base_v1\test\metal\metal.00002__03000ms__0015.npy
cnn,metal__metal.00002,metal,16,metal,metal,1,0.732072651386261,E:\dl\mel_cache\lm3_base_v1\test\metal\metal.00002__03000ms__0016.npy
cnn,metal__metal.00002,metal,17,metal,metal,1,0.8530758619308472,E:\dl\mel_cache\lm3_base_v1\test\metal\metal.00002__03000ms__0017.npy
cnn,metal__metal.00002,metal,18,metal,metal,1,0.4769185483455658,E:\dl\mel_cache\lm3_base_v1\test\metal\metal.00002__03000ms__0018.npy
cnn,metal__metal.00002,metal,19,metal,metal,1,0.47880738973617554,E:\dl\mel_cache\lm3_base_v1\test\metal\metal.00002__03000ms__0019.npy
cnn,metal__metal.00004,metal,0,metal,metal,1,0.9018949866294861,E:\dl\mel_cache\lm3_base_v1\test\metal\metal.00004__03000ms__0000.npy
cnn,metal__metal.00004,metal,1,metal,metal,1,0.9245525002479553,E:\dl\mel_cache\lm3_base_v1\test\metal\metal.00004__03000ms__0001.npy
cnn,metal__metal.00004,metal,2,metal,metal,1,0.9351531267166138,E:\dl\mel_cache\lm3_base_v1\test\metal\metal.00004__03000ms__0002.npy
cnn,metal__metal.00004,metal,3,metal,metal,1,0.9378774166107178,E:\dl\mel_cache\lm3_base_v1\test\metal\metal.00004__03000ms__0003.npy
cnn,metal__metal.00004,metal,4,metal,metal,1,0.9218003153800964,E:\dl\mel_cache\lm3_base_v1\test\metal\metal.00004__03000ms__0004.npy
cnn,metal__metal.00004,metal,5,metal,metal,1,0.911635160446167,E:\dl\mel_cache\lm3_base_v1\test\metal\metal.00004__03000ms__0005.npy
cnn,metal__metal.00004,metal,6,metal,metal,1,0.9067284464836121,E:\dl\mel_cache\lm3_base_v1\test\metal\metal.00004__03000ms__0006.npy
cnn,metal__metal.00004,metal,7,metal,metal,1,0.9255845546722412,E:\dl\mel_cache\lm3_base_v1\test\metal\metal.00004__03000ms__0007.npy
cnn,metal__metal.00004,metal,8,metal,metal,1,0.8928304314613342,E:\dl\mel_cache\lm3_base_v1\test\metal\metal.00004__03000ms__0008.npy
cnn,metal__metal.00004,metal,9,metal,metal,1,0.8914833664894104,E:\dl\mel_cache\lm3_base_v1\test\metal\metal.00004__03000ms__0009.npy
cnn,metal__metal.00004,metal,10,metal,metal,1,0.8825003504753113,E:\dl\mel_cache\lm3_base_v1\test\metal\metal.00004__03000ms__0010.npy
cnn,metal__metal.00004,metal,11,metal,metal,1,0.9049566388130188,E:\dl\mel_cache\lm3_base_v1\test\metal\metal.00004__03000ms__0011.npy
cnn,metal__metal.00004,metal,12,metal,metal,1,0.9364792108535767,E:\dl\mel_cache\lm3_base_v1\test\metal\metal.00004__03000ms__0012.npy
cnn,metal__metal.00004,metal,13,metal,metal,1,0.9353955984115601,E:\dl\mel_cache\lm3_base_v1\test\metal\metal.00004__03000ms__0013.npy
cnn,metal__metal.00004,metal,14,metal,metal,1,0.9388657808303833,E:\dl\mel_cache\lm3_base_v1\test\metal\metal.00004__03000ms__0014.npy
cnn,metal__metal.00004,metal,15,metal,metal,1,0.93791663646698,E:\dl\mel_cache\lm3_base_v1\test\metal\metal.00004__03000ms__0015.npy
cnn,metal__metal.00004,metal,16,metal,metal,1,0.9300985336303711,E:\dl\mel_cache\lm3_base_v1\test\metal\metal.00004__03000ms__0016.npy
cnn,metal__metal.00004,metal,17,metal,metal,1,0.9332950711250305,E:\dl\mel_cache\lm3_base_v1\test\metal\metal.00004__03000ms__0017.npy
cnn,metal__metal.00004,metal,18,metal,metal,1,0.9303539395332336,E:\dl\mel_cache\lm3_base_v1\test\metal\metal.00004__03000ms__0018.npy
cnn,metal__metal.00004,metal,19,metal,metal,1,0.9303113222122192,E:\dl\mel_cache\lm3_base_v1\test\metal\metal.00004__03000ms__0019.npy
cnn,metal__metal.00012,metal,0,metal,metal,1,0.9552847743034363,E:\dl\mel_cache\lm3_base_v1\test\metal\metal.00012__03000ms__0000.npy
cnn,metal__metal.00012,metal,1,metal,metal,1,0.9513391256332397,E:\dl\mel_cache\lm3_base_v1\test\metal\metal.00012__03000ms__0001.npy
cnn,metal__metal.00012,metal,2,metal,metal,1,0.9449546337127686,E:\dl\mel_cache\lm3_base_v1\test\metal\metal.00012__03000ms__0002.npy
cnn,metal__metal.00012,metal,3,metal,metal,1,0.9495101571083069,E:\dl\mel_cache\lm3_base_v1\test\metal\metal.00012__03000ms__0003.npy
cnn,metal__metal.00012,metal,4,metal,metal,1,0.9530008435249329,E:\dl\mel_cache\lm3_base_v1\test\metal\metal.00012__03000ms__0004.npy
cnn,metal__metal.00012,metal,5,metal,metal,1,0.9542767405509949,E:\dl\mel_cache\lm3_base_v1\test\metal\metal.00012__03000ms__0005.npy
cnn,metal__metal.00012,metal,6,metal,metal,1,0.9518111944198608,E:\dl\mel_cache\lm3_base_v1\test\metal\metal.00012__03000ms__0006.npy
cnn,metal__metal.00012,metal,7,metal,metal,1,0.9507912993431091,E:\dl\mel_cache\lm3_base_v1\test\metal\metal.00012__03000ms__0007.npy
cnn,metal__metal.00012,metal,8,metal,metal,1,0.9460743069648743,E:\dl\mel_cache\lm3_base_v1\test\metal\metal.00012__03000ms__0008.npy
cnn,metal__metal.00012,metal,9,metal,metal,1,0.9521380066871643,E:\dl\mel_cache\lm3_base_v1\test\metal\metal.00012__03000ms__0009.npy
cnn,metal__metal.00012,metal,10,metal,metal,1,0.953187108039856,E:\dl\mel_cache\lm3_base_v1\test\metal\metal.00012__03000ms__0010.npy
cnn,metal__metal.00012,metal,11,metal,metal,1,0.9480909109115601,E:\dl\mel_cache\lm3_base_v1\test\metal\metal.00012__03000ms__0011.npy
cnn,metal__metal.00012,metal,12,metal,metal,1,0.9496273398399353,E:\dl\mel_cache\lm3_base_v1\test\metal\metal.00012__03000ms__0012.npy
cnn,metal__metal.00012,metal,13,metal,metal,1,0.9501447081565857,E:\dl\mel_cache\lm3_base_v1\test\metal\metal.00012__03000ms__0013.npy
cnn,metal__metal.00012,metal,14,metal,metal,1,0.9432668685913086,E:\dl\mel_cache\lm3_base_v1\test\metal\metal.00012__03000ms__0014.npy
cnn,metal__metal.00012,metal,15,metal,metal,1,0.9443166255950928,E:\dl\mel_cache\lm3_base_v1\test\metal\metal.00012__03000ms__0015.npy
cnn,metal__metal.00012,metal,16,metal,metal,1,0.9522889852523804,E:\dl\mel_cache\lm3_base_v1\test\metal\metal.00012__03000ms__0016.npy
cnn,metal__metal.00012,metal,17,metal,metal,1,0.9502024054527283,E:\dl\mel_cache\lm3_base_v1\test\metal\metal.00012__03000ms__0017.npy
cnn,metal__metal.00012,metal,18,metal,metal,1,0.9554193615913391,E:\dl\mel_cache\lm3_base_v1\test\metal\metal.00012__03000ms__0018.npy
cnn,metal__metal.00012,metal,19,metal,metal,1,0.9554234147071838,E:\dl\mel_cache\lm3_base_v1\test\metal\metal.00012__03000ms__0019.npy
cnn,metal__metal.00022,metal,0,metal,metal,1,0.9103776216506958,E:\dl\mel_cache\lm3_base_v1\test\metal\metal.00022__03000ms__0000.npy
cnn,metal__metal.00022,metal,1,metal,metal,1,0.8648921251296997,E:\dl\mel_cache\lm3_base_v1\test\metal\metal.00022__03000ms__0001.npy
cnn,metal__metal.00022,metal,2,metal,metal,1,0.9243297576904297,E:\dl\mel_cache\lm3_base_v1\test\metal\metal.00022__03000ms__0002.npy
cnn,metal__metal.00022,metal,3,metal,metal,1,0.7769570350646973,E:\dl\mel_cache\lm3_base_v1\test\metal\metal.00022__03000ms__0003.npy
cnn,metal__metal.00022,metal,4,metal,metal,1,0.7896307706832886,E:\dl\mel_cache\lm3_base_v1\test\metal\metal.00022__03000ms__0004.npy
cnn,metal__metal.00022,metal,5,metal,metal,1,0.9180742502212524,E:\dl\mel_cache\lm3_base_v1\test\metal\metal.00022__03000ms__0005.npy
cnn,metal__metal.00022,metal,6,metal,metal,1,0.8602272272109985,E:\dl\mel_cache\lm3_base_v1\test\metal\metal.00022__03000ms__0006.npy
cnn,metal__metal.00022,metal,7,metal,metal,1,0.8247133493423462,E:\dl\mel_cache\lm3_base_v1\test\metal\metal.00022__03000ms__0007.npy
cnn,metal__metal.00022,metal,8,metal,metal,1,0.7905784249305725,E:\dl\mel_cache\lm3_base_v1\test\metal\metal.00022__03000ms__0008.npy
cnn,metal__metal.00022,metal,9,metal,metal,1,0.7434853911399841,E:\dl\mel_cache\lm3_base_v1\test\metal\metal.00022__03000ms__0009.npy
cnn,metal__metal.00022,metal,10,metal,rock,0,0.5547335147857666,E:\dl\mel_cache\lm3_base_v1\test\metal\metal.00022__03000ms__0010.npy
cnn,metal__metal.00022,metal,11,metal,rock,0,0.7528003454208374,E:\dl\mel_cache\lm3_base_v1\test\metal\metal.00022__03000ms__0011.npy
cnn,metal__metal.00022,metal,12,metal,metal,1,0.5050690770149231,E:\dl\mel_cache\lm3_base_v1\test\metal\metal.00022__03000ms__0012.npy
cnn,metal__metal.00022,metal,13,metal,metal,1,0.715391993522644,E:\dl\mel_cache\lm3_base_v1\test\metal\metal.00022__03000ms__0013.npy
cnn,metal__metal.00022,metal,14,metal,metal,1,0.8013435006141663,E:\dl\mel_cache\lm3_base_v1\test\metal\metal.00022__03000ms__0014.npy
cnn,metal__metal.00022,metal,15,metal,metal,1,0.498718798160553,E:\dl\mel_cache\lm3_base_v1\test\metal\metal.00022__03000ms__0015.npy
cnn,metal__metal.00022,metal,16,metal,metal,1,0.8023940920829773,E:\dl\mel_cache\lm3_base_v1\test\metal\metal.00022__03000ms__0016.npy
cnn,metal__metal.00022,metal,17,metal,metal,1,0.6608498096466064,E:\dl\mel_cache\lm3_base_v1\test\metal\metal.00022__03000ms__0017.npy
cnn,metal__metal.00022,metal,18,metal,metal,1,0.7178730368614197,E:\dl\mel_cache\lm3_base_v1\test\metal\metal.00022__03000ms__0018.npy
cnn,metal__metal.00022,metal,19,metal,metal,1,0.718838095664978,E:\dl\mel_cache\lm3_base_v1\test\metal\metal.00022__03000ms__0019.npy
cnn,metal__metal.00024,metal,0,metal,metal,1,0.8647311329841614,E:\dl\mel_cache\lm3_base_v1\test\metal\metal.00024__03000ms__0000.npy
cnn,metal__metal.00024,metal,1,metal,metal,1,0.9082282781600952,E:\dl\mel_cache\lm3_base_v1\test\metal\metal.00024__03000ms__0001.npy
cnn,metal__metal.00024,metal,2,metal,metal,1,0.9182952642440796,E:\dl\mel_cache\lm3_base_v1\test\metal\metal.00024__03000ms__0002.npy
cnn,metal__metal.00024,metal,3,metal,metal,1,0.915758490562439,E:\dl\mel_cache\lm3_base_v1\test\metal\metal.00024__03000ms__0003.npy
cnn,metal__metal.00024,metal,4,metal,metal,1,0.9158045053482056,E:\dl\mel_cache\lm3_base_v1\test\metal\metal.00024__03000ms__0004.npy
cnn,metal__metal.00024,metal,5,metal,metal,1,0.8993957042694092,E:\dl\mel_cache\lm3_base_v1\test\metal\metal.00024__03000ms__0005.npy
cnn,metal__metal.00024,metal,6,metal,metal,1,0.8789542317390442,E:\dl\mel_cache\lm3_base_v1\test\metal\metal.00024__03000ms__0006.npy
cnn,metal__metal.00024,metal,7,metal,metal,1,0.8866199254989624,E:\dl\mel_cache\lm3_base_v1\test\metal\metal.00024__03000ms__0007.npy
cnn,metal__metal.00024,metal,8,metal,metal,1,0.8979439735412598,E:\dl\mel_cache\lm3_base_v1\test\metal\metal.00024__03000ms__0008.npy
cnn,metal__metal.00024,metal,9,metal,metal,1,0.9217160940170288,E:\dl\mel_cache\lm3_base_v1\test\metal\metal.00024__03000ms__0009.npy
cnn,metal__metal.00024,metal,10,metal,metal,1,0.8884707093238831,E:\dl\mel_cache\lm3_base_v1\test\metal\metal.00024__03000ms__0010.npy
cnn,metal__metal.00024,metal,11,metal,metal,1,0.8469259142875671,E:\dl\mel_cache\lm3_base_v1\test\metal\metal.00024__03000ms__0011.npy
cnn,metal__metal.00024,metal,12,metal,metal,1,0.9004421234130859,E:\dl\mel_cache\lm3_base_v1\test\metal\metal.00024__03000ms__0012.npy
cnn,metal__metal.00024,metal,13,metal,metal,1,0.8982874751091003,E:\dl\mel_cache\lm3_base_v1\test\metal\metal.00024__03000ms__0013.npy
cnn,metal__metal.00024,metal,14,metal,metal,1,0.8892607092857361,E:\dl\mel_cache\lm3_base_v1\test\metal\metal.00024__03000ms__0014.npy
cnn,metal__metal.00024,metal,15,metal,metal,1,0.8701589107513428,E:\dl\mel_cache\lm3_base_v1\test\metal\metal.00024__03000ms__0015.npy
cnn,metal__metal.00024,metal,16,metal,metal,1,0.8244065046310425,E:\dl\mel_cache\lm3_base_v1\test\metal\metal.00024__03000ms__0016.npy
cnn,metal__metal.00024,metal,17,metal,metal,1,0.8451240062713623,E:\dl\mel_cache\lm3_base_v1\test\metal\metal.00024__03000ms__0017.npy
cnn,metal__metal.00024,metal,18,metal,metal,1,0.9069516658782959,E:\dl\mel_cache\lm3_base_v1\test\metal\metal.00024__03000ms__0018.npy
cnn,metal__metal.00024,metal,19,metal,metal,1,0.907114565372467,E:\dl\mel_cache\lm3_base_v1\test\metal\metal.00024__03000ms__0019.npy
cnn,metal__metal.00030,metal,0,metal,rock,0,0.5344584584236145,E:\dl\mel_cache\lm3_base_v1\test\metal\metal.00030__03000ms__0000.npy
cnn,metal__metal.00030,metal,1,metal,rock,0,0.6356778144836426,E:\dl\mel_cache\lm3_base_v1\test\metal\metal.00030__03000ms__0001.npy
cnn,metal__metal.00030,metal,2,metal,rock,0,0.45405784249305725,E:\dl\mel_cache\lm3_base_v1\test\metal\metal.00030__03000ms__0002.npy
cnn,metal__metal.00030,metal,3,metal,rock,0,0.4647437632083893,E:\dl\mel_cache\lm3_base_v1\test\metal\metal.00030__03000ms__0003.npy
cnn,metal__metal.00030,metal,4,metal,rock,0,0.35673511028289795,E:\dl\mel_cache\lm3_base_v1\test\metal\metal.00030__03000ms__0004.npy
cnn,metal__metal.00030,metal,5,metal,rock,0,0.4855070412158966,E:\dl\mel_cache\lm3_base_v1\test\metal\metal.00030__03000ms__0005.npy
cnn,metal__metal.00030,metal,6,metal,rock,0,0.6579698920249939,E:\dl\mel_cache\lm3_base_v1\test\metal\metal.00030__03000ms__0006.npy
cnn,metal__metal.00030,metal,7,metal,rock,0,0.6216946244239807,E:\dl\mel_cache\lm3_base_v1\test\metal\metal.00030__03000ms__0007.npy
cnn,metal__metal.00030,metal,8,metal,rock,0,0.41460171341896057,E:\dl\mel_cache\lm3_base_v1\test\metal\metal.00030__03000ms__0008.npy
cnn,metal__metal.00030,metal,9,metal,metal,1,0.26028940081596375,E:\dl\mel_cache\lm3_base_v1\test\metal\metal.00030__03000ms__0009.npy
cnn,metal__metal.00030,metal,10,metal,pop,0,0.2970426678657532,E:\dl\mel_cache\lm3_base_v1\test\metal\metal.00030__03000ms__0010.npy
cnn,metal__metal.00030,metal,11,metal,metal,1,0.6001830101013184,E:\dl\mel_cache\lm3_base_v1\test\metal\metal.00030__03000ms__0011.npy
cnn,metal__metal.00030,metal,12,metal,metal,1,0.8388649821281433,E:\dl\mel_cache\lm3_base_v1\test\metal\metal.00030__03000ms__0012.npy
cnn,metal__metal.00030,metal,13,metal,metal,1,0.8699695467948914,E:\dl\mel_cache\lm3_base_v1\test\metal\metal.00030__03000ms__0013.npy
cnn,metal__metal.00030,metal,14,metal,metal,1,0.8403475284576416,E:\dl\mel_cache\lm3_base_v1\test\metal\metal.00030__03000ms__0014.npy
cnn,metal__metal.00030,metal,15,metal,metal,1,0.8269804120063782,E:\dl\mel_cache\lm3_base_v1\test\metal\metal.00030__03000ms__0015.npy
cnn,metal__metal.00030,metal,16,metal,metal,1,0.7129892110824585,E:\dl\mel_cache\lm3_base_v1\test\metal\metal.00030__03000ms__0016.npy
cnn,metal__metal.00030,metal,17,metal,metal,1,0.4345587491989136,E:\dl\mel_cache\lm3_base_v1\test\metal\metal.00030__03000ms__0017.npy
cnn,metal__metal.00030,metal,18,metal,pop,0,0.39084041118621826,E:\dl\mel_cache\lm3_base_v1\test\metal\metal.00030__03000ms__0018.npy
cnn,metal__metal.00030,metal,19,metal,pop,0,0.3861845135688782,E:\dl\mel_cache\lm3_base_v1\test\metal\metal.00030__03000ms__0019.npy
cnn,metal__metal.00049,metal,0,metal,metal,1,0.9105739593505859,E:\dl\mel_cache\lm3_base_v1\test\metal\metal.00049__03000ms__0000.npy
cnn,metal__metal.00049,metal,1,metal,metal,1,0.9395058155059814,E:\dl\mel_cache\lm3_base_v1\test\metal\metal.00049__03000ms__0001.npy
cnn,metal__metal.00049,metal,2,metal,metal,1,0.9390758872032166,E:\dl\mel_cache\lm3_base_v1\test\metal\metal.00049__03000ms__0002.npy
cnn,metal__metal.00049,metal,3,metal,metal,1,0.9295876026153564,E:\dl\mel_cache\lm3_base_v1\test\metal\metal.00049__03000ms__0003.npy
cnn,metal__metal.00049,metal,4,metal,metal,1,0.929841935634613,E:\dl\mel_cache\lm3_base_v1\test\metal\metal.00049__03000ms__0004.npy
cnn,metal__metal.00049,metal,5,metal,metal,1,0.9201011061668396,E:\dl\mel_cache\lm3_base_v1\test\metal\metal.00049__03000ms__0005.npy
cnn,metal__metal.00049,metal,6,metal,metal,1,0.9242808818817139,E:\dl\mel_cache\lm3_base_v1\test\metal\metal.00049__03000ms__0006.npy
cnn,metal__metal.00049,metal,7,metal,metal,1,0.9374353885650635,E:\dl\mel_cache\lm3_base_v1\test\metal\metal.00049__03000ms__0007.npy
cnn,metal__metal.00049,metal,8,metal,metal,1,0.9368025660514832,E:\dl\mel_cache\lm3_base_v1\test\metal\metal.00049__03000ms__0008.npy
cnn,metal__metal.00049,metal,9,metal,metal,1,0.9303419589996338,E:\dl\mel_cache\lm3_base_v1\test\metal\metal.00049__03000ms__0009.npy
cnn,metal__metal.00049,metal,10,metal,metal,1,0.9385812878608704,E:\dl\mel_cache\lm3_base_v1\test\metal\metal.00049__03000ms__0010.npy
cnn,metal__metal.00049,metal,11,metal,metal,1,0.916857123374939,E:\dl\mel_cache\lm3_base_v1\test\metal\metal.00049__03000ms__0011.npy
cnn,metal__metal.00049,metal,12,metal,metal,1,0.9125881791114807,E:\dl\mel_cache\lm3_base_v1\test\metal\metal.00049__03000ms__0012.npy
cnn,metal__metal.00049,metal,13,metal,metal,1,0.9272927045822144,E:\dl\mel_cache\lm3_base_v1\test\metal\metal.00049__03000ms__0013.npy
cnn,metal__metal.00049,metal,14,metal,metal,1,0.9289895296096802,E:\dl\mel_cache\lm3_base_v1\test\metal\metal.00049__03000ms__0014.npy
cnn,metal__metal.00049,metal,15,metal,metal,1,0.9161880016326904,E:\dl\mel_cache\lm3_base_v1\test\metal\metal.00049__03000ms__0015.npy
cnn,metal__metal.00049,metal,16,metal,metal,1,0.9058787226676941,E:\dl\mel_cache\lm3_base_v1\test\metal\metal.00049__03000ms__0016.npy
cnn,metal__metal.00049,metal,17,metal,metal,1,0.9324007630348206,E:\dl\mel_cache\lm3_base_v1\test\metal\metal.00049__03000ms__0017.npy
cnn,metal__metal.00049,metal,18,metal,metal,1,0.9153411388397217,E:\dl\mel_cache\lm3_base_v1\test\metal\metal.00049__03000ms__0018.npy
cnn,metal__metal.00049,metal,19,metal,metal,1,0.9152583479881287,E:\dl\mel_cache\lm3_base_v1\test\metal\metal.00049__03000ms__0019.npy
cnn,metal__metal.00051,metal,0,metal,metal,1,0.9297041296958923,E:\dl\mel_cache\lm3_base_v1\test\metal\metal.00051__03000ms__0000.npy
cnn,metal__metal.00051,metal,1,metal,metal,1,0.9308980107307434,E:\dl\mel_cache\lm3_base_v1\test\metal\metal.00051__03000ms__0001.npy
cnn,metal__metal.00051,metal,2,metal,metal,1,0.9272038340568542,E:\dl\mel_cache\lm3_base_v1\test\metal\metal.00051__03000ms__0002.npy
cnn,metal__metal.00051,metal,3,metal,metal,1,0.9378852844238281,E:\dl\mel_cache\lm3_base_v1\test\metal\metal.00051__03000ms__0003.npy
cnn,metal__metal.00051,metal,4,metal,metal,1,0.9391346573829651,E:\dl\mel_cache\lm3_base_v1\test\metal\metal.00051__03000ms__0004.npy
cnn,metal__metal.00051,metal,5,metal,metal,1,0.9297682642936707,E:\dl\mel_cache\lm3_base_v1\test\metal\metal.00051__03000ms__0005.npy
cnn,metal__metal.00051,metal,6,metal,metal,1,0.8951735496520996,E:\dl\mel_cache\lm3_base_v1\test\metal\metal.00051__03000ms__0006.npy
cnn,metal__metal.00051,metal,7,metal,metal,1,0.8640556931495667,E:\dl\mel_cache\lm3_base_v1\test\metal\metal.00051__03000ms__0007.npy
cnn,metal__metal.00051,metal,8,metal,metal,1,0.9186150431632996,E:\dl\mel_cache\lm3_base_v1\test\metal\metal.00051__03000ms__0008.npy
cnn,metal__metal.00051,metal,9,metal,metal,1,0.9255906939506531,E:\dl\mel_cache\lm3_base_v1\test\metal\metal.00051__03000ms__0009.npy
cnn,metal__metal.00051,metal,10,metal,metal,1,0.9422546625137329,E:\dl\mel_cache\lm3_base_v1\test\metal\metal.00051__03000ms__0010.npy
cnn,metal__metal.00051,metal,11,metal,metal,1,0.9447726607322693,E:\dl\mel_cache\lm3_base_v1\test\metal\metal.00051__03000ms__0011.npy
cnn,metal__metal.00051,metal,12,metal,metal,1,0.9444370865821838,E:\dl\mel_cache\lm3_base_v1\test\metal\metal.00051__03000ms__0012.npy
cnn,metal__metal.00051,metal,13,metal,metal,1,0.9427781701087952,E:\dl\mel_cache\lm3_base_v1\test\metal\metal.00051__03000ms__0013.npy
cnn,metal__metal.00051,metal,14,metal,metal,1,0.9514147043228149,E:\dl\mel_cache\lm3_base_v1\test\metal\metal.00051__03000ms__0014.npy
cnn,metal__metal.00051,metal,15,metal,metal,1,0.9469757080078125,E:\dl\mel_cache\lm3_base_v1\test\metal\metal.00051__03000ms__0015.npy
cnn,metal__metal.00051,metal,16,metal,metal,1,0.9443119168281555,E:\dl\mel_cache\lm3_base_v1\test\metal\metal.00051__03000ms__0016.npy
cnn,metal__metal.00051,metal,17,metal,metal,1,0.9477443099021912,E:\dl\mel_cache\lm3_base_v1\test\metal\metal.00051__03000ms__0017.npy
cnn,metal__metal.00051,metal,18,metal,metal,1,0.9503031373023987,E:\dl\mel_cache\lm3_base_v1\test\metal\metal.00051__03000ms__0018.npy
cnn,metal__metal.00051,metal,19,metal,metal,1,0.9496533274650574,E:\dl\mel_cache\lm3_base_v1\test\metal\metal.00051__03000ms__0019.npy
cnn,metal__metal.00052,metal,0,metal,metal,1,0.9243416786193848,E:\dl\mel_cache\lm3_base_v1\test\metal\metal.00052__03000ms__0000.npy
cnn,metal__metal.00052,metal,1,metal,metal,1,0.948840856552124,E:\dl\mel_cache\lm3_base_v1\test\metal\metal.00052__03000ms__0001.npy
cnn,metal__metal.00052,metal,2,metal,metal,1,0.9479641914367676,E:\dl\mel_cache\lm3_base_v1\test\metal\metal.00052__03000ms__0002.npy
cnn,metal__metal.00052,metal,3,metal,metal,1,0.9512823820114136,E:\dl\mel_cache\lm3_base_v1\test\metal\metal.00052__03000ms__0003.npy
cnn,metal__metal.00052,metal,4,metal,metal,1,0.9484302997589111,E:\dl\mel_cache\lm3_base_v1\test\metal\metal.00052__03000ms__0004.npy
cnn,metal__metal.00052,metal,5,metal,metal,1,0.9433141946792603,E:\dl\mel_cache\lm3_base_v1\test\metal\metal.00052__03000ms__0005.npy
cnn,metal__metal.00052,metal,6,metal,metal,1,0.9194874167442322,E:\dl\mel_cache\lm3_base_v1\test\metal\metal.00052__03000ms__0006.npy
cnn,metal__metal.00052,metal,7,metal,metal,1,0.8817282915115356,E:\dl\mel_cache\lm3_base_v1\test\metal\metal.00052__03000ms__0007.npy
cnn,metal__metal.00052,metal,8,metal,metal,1,0.8796902298927307,E:\dl\mel_cache\lm3_base_v1\test\metal\metal.00052__03000ms__0008.npy
cnn,metal__metal.00052,metal,9,metal,metal,1,0.8751930594444275,E:\dl\mel_cache\lm3_base_v1\test\metal\metal.00052__03000ms__0009.npy
cnn,metal__metal.00052,metal,10,metal,metal,1,0.886942982673645,E:\dl\mel_cache\lm3_base_v1\test\metal\metal.00052__03000ms__0010.npy
cnn,metal__metal.00052,metal,11,metal,metal,1,0.8900532722473145,E:\dl\mel_cache\lm3_base_v1\test\metal\metal.00052__03000ms__0011.npy
cnn,metal__metal.00052,metal,12,metal,metal,1,0.8348947763442993,E:\dl\mel_cache\lm3_base_v1\test\metal\metal.00052__03000ms__0012.npy
cnn,metal__metal.00052,metal,13,metal,metal,1,0.6477119326591492,E:\dl\mel_cache\lm3_base_v1\test\metal\metal.00052__03000ms__0013.npy
cnn,metal__metal.00052,metal,14,metal,metal,1,0.5144106149673462,E:\dl\mel_cache\lm3_base_v1\test\metal\metal.00052__03000ms__0014.npy
cnn,metal__metal.00052,metal,15,metal,metal,1,0.6571671962738037,E:\dl\mel_cache\lm3_base_v1\test\metal\metal.00052__03000ms__0015.npy
cnn,metal__metal.00052,metal,16,metal,metal,1,0.7928106784820557,E:\dl\mel_cache\lm3_base_v1\test\metal\metal.00052__03000ms__0016.npy
cnn,metal__metal.00052,metal,17,metal,metal,1,0.6954740881919861,E:\dl\mel_cache\lm3_base_v1\test\metal\metal.00052__03000ms__0017.npy
cnn,metal__metal.00052,metal,18,metal,metal,1,0.6786489486694336,E:\dl\mel_cache\lm3_base_v1\test\metal\metal.00052__03000ms__0018.npy
cnn,metal__metal.00052,metal,19,metal,metal,1,0.7108273506164551,E:\dl\mel_cache\lm3_base_v1\test\metal\metal.00052__03000ms__0019.npy
cnn,metal__metal.00056,metal,0,metal,metal,1,0.9194195866584778,E:\dl\mel_cache\lm3_base_v1\test\metal\metal.00056__03000ms__0000.npy
cnn,metal__metal.00056,metal,1,metal,metal,1,0.8886218667030334,E:\dl\mel_cache\lm3_base_v1\test\metal\metal.00056__03000ms__0001.npy
cnn,metal__metal.00056,metal,2,metal,metal,1,0.9037900567054749,E:\dl\mel_cache\lm3_base_v1\test\metal\metal.00056__03000ms__0002.npy
cnn,metal__metal.00056,metal,3,metal,metal,1,0.898531973361969,E:\dl\mel_cache\lm3_base_v1\test\metal\metal.00056__03000ms__0003.npy
cnn,metal__metal.00056,metal,4,metal,metal,1,0.8979488015174866,E:\dl\mel_cache\lm3_base_v1\test\metal\metal.00056__03000ms__0004.npy
cnn,metal__metal.00056,metal,5,metal,metal,1,0.8708091974258423,E:\dl\mel_cache\lm3_base_v1\test\metal\metal.00056__03000ms__0005.npy
cnn,metal__metal.00056,metal,6,metal,metal,1,0.8933098316192627,E:\dl\mel_cache\lm3_base_v1\test\metal\metal.00056__03000ms__0006.npy
cnn,metal__metal.00056,metal,7,metal,metal,1,0.9297361969947815,E:\dl\mel_cache\lm3_base_v1\test\metal\metal.00056__03000ms__0007.npy
cnn,metal__metal.00056,metal,8,metal,metal,1,0.9251170754432678,E:\dl\mel_cache\lm3_base_v1\test\metal\metal.00056__03000ms__0008.npy
cnn,metal__metal.00056,metal,9,metal,metal,1,0.9216170310974121,E:\dl\mel_cache\lm3_base_v1\test\metal\metal.00056__03000ms__0009.npy
cnn,metal__metal.00056,metal,10,metal,metal,1,0.9266306161880493,E:\dl\mel_cache\lm3_base_v1\test\metal\metal.00056__03000ms__0010.npy
cnn,metal__metal.00056,metal,11,metal,metal,1,0.9287586212158203,E:\dl\mel_cache\lm3_base_v1\test\metal\metal.00056__03000ms__0011.npy
cnn,metal__metal.00056,metal,12,metal,metal,1,0.9270247220993042,E:\dl\mel_cache\lm3_base_v1\test\metal\metal.00056__03000ms__0012.npy
cnn,metal__metal.00056,metal,13,metal,metal,1,0.9106478095054626,E:\dl\mel_cache\lm3_base_v1\test\metal\metal.00056__03000ms__0013.npy
cnn,metal__metal.00056,metal,14,metal,metal,1,0.8876285552978516,E:\dl\mel_cache\lm3_base_v1\test\metal\metal.00056__03000ms__0014.npy
cnn,metal__metal.00056,metal,15,metal,metal,1,0.9071094393730164,E:\dl\mel_cache\lm3_base_v1\test\metal\metal.00056__03000ms__0015.npy
cnn,metal__metal.00056,metal,16,metal,metal,1,0.922516942024231,E:\dl\mel_cache\lm3_base_v1\test\metal\metal.00056__03000ms__0016.npy
cnn,metal__metal.00056,metal,17,metal,metal,1,0.9329574108123779,E:\dl\mel_cache\lm3_base_v1\test\metal\metal.00056__03000ms__0017.npy
cnn,metal__metal.00056,metal,18,metal,metal,1,0.9439886808395386,E:\dl\mel_cache\lm3_base_v1\test\metal\metal.00056__03000ms__0018.npy
cnn,metal__metal.00056,metal,19,metal,metal,1,0.9445267915725708,E:\dl\mel_cache\lm3_base_v1\test\metal\metal.00056__03000ms__0019.npy
cnn,metal__metal.00069,metal,0,metal,metal,1,0.9129407405853271,E:\dl\mel_cache\lm3_base_v1\test\metal\metal.00069__03000ms__0000.npy
cnn,metal__metal.00069,metal,1,metal,metal,1,0.8936357498168945,E:\dl\mel_cache\lm3_base_v1\test\metal\metal.00069__03000ms__0001.npy
cnn,metal__metal.00069,metal,2,metal,metal,1,0.5778745412826538,E:\dl\mel_cache\lm3_base_v1\test\metal\metal.00069__03000ms__0002.npy
cnn,metal__metal.00069,metal,3,metal,metal,1,0.553473711013794,E:\dl\mel_cache\lm3_base_v1\test\metal\metal.00069__03000ms__0003.npy
cnn,metal__metal.00069,metal,4,metal,reggae,0,0.5568204522132874,E:\dl\mel_cache\lm3_base_v1\test\metal\metal.00069__03000ms__0004.npy
cnn,metal__metal.00069,metal,5,metal,metal,1,0.824218213558197,E:\dl\mel_cache\lm3_base_v1\test\metal\metal.00069__03000ms__0005.npy
cnn,metal__metal.00069,metal,6,metal,metal,1,0.8974330425262451,E:\dl\mel_cache\lm3_base_v1\test\metal\metal.00069__03000ms__0006.npy
cnn,metal__metal.00069,metal,7,metal,metal,1,0.8770205974578857,E:\dl\mel_cache\lm3_base_v1\test\metal\metal.00069__03000ms__0007.npy
cnn,metal__metal.00069,metal,8,metal,metal,1,0.6327926516532898,E:\dl\mel_cache\lm3_base_v1\test\metal\metal.00069__03000ms__0008.npy
cnn,metal__metal.00069,metal,9,metal,metal,1,0.5693308115005493,E:\dl\mel_cache\lm3_base_v1\test\metal\metal.00069__03000ms__0009.npy
cnn,metal__metal.00069,metal,10,metal,metal,1,0.6734105348587036,E:\dl\mel_cache\lm3_base_v1\test\metal\metal.00069__03000ms__0010.npy
cnn,metal__metal.00069,metal,11,metal,metal,1,0.8321553468704224,E:\dl\mel_cache\lm3_base_v1\test\metal\metal.00069__03000ms__0011.npy
cnn,metal__metal.00069,metal,12,metal,metal,1,0.788449227809906,E:\dl\mel_cache\lm3_base_v1\test\metal\metal.00069__03000ms__0012.npy
cnn,metal__metal.00069,metal,13,metal,metal,1,0.9249325394630432,E:\dl\mel_cache\lm3_base_v1\test\metal\metal.00069__03000ms__0013.npy
cnn,metal__metal.00069,metal,14,metal,metal,1,0.9170376062393188,E:\dl\mel_cache\lm3_base_v1\test\metal\metal.00069__03000ms__0014.npy
cnn,metal__metal.00069,metal,15,metal,metal,1,0.9142014980316162,E:\dl\mel_cache\lm3_base_v1\test\metal\metal.00069__03000ms__0015.npy
cnn,metal__metal.00069,metal,16,metal,metal,1,0.9108580350875854,E:\dl\mel_cache\lm3_base_v1\test\metal\metal.00069__03000ms__0016.npy
cnn,metal__metal.00069,metal,17,metal,metal,1,0.8904659748077393,E:\dl\mel_cache\lm3_base_v1\test\metal\metal.00069__03000ms__0017.npy
cnn,metal__metal.00069,metal,18,metal,metal,1,0.9199889302253723,E:\dl\mel_cache\lm3_base_v1\test\metal\metal.00069__03000ms__0018.npy
cnn,metal__metal.00069,metal,19,metal,metal,1,0.9210363030433655,E:\dl\mel_cache\lm3_base_v1\test\metal\metal.00069__03000ms__0019.npy
cnn,metal__metal.00091,metal,0,metal,rock,0,0.9515742063522339,E:\dl\mel_cache\lm3_base_v1\test\metal\metal.00091__03000ms__0000.npy
cnn,metal__metal.00091,metal,1,metal,rock,0,0.9389495253562927,E:\dl\mel_cache\lm3_base_v1\test\metal\metal.00091__03000ms__0001.npy
cnn,metal__metal.00091,metal,2,metal,rock,0,0.8139832615852356,E:\dl\mel_cache\lm3_base_v1\test\metal\metal.00091__03000ms__0002.npy
cnn,metal__metal.00091,metal,3,metal,rock,0,0.8804048299789429,E:\dl\mel_cache\lm3_base_v1\test\metal\metal.00091__03000ms__0003.npy
cnn,metal__metal.00091,metal,4,metal,rock,0,0.9165522456169128,E:\dl\mel_cache\lm3_base_v1\test\metal\metal.00091__03000ms__0004.npy
cnn,metal__metal.00091,metal,5,metal,rock,0,0.9268326163291931,E:\dl\mel_cache\lm3_base_v1\test\metal\metal.00091__03000ms__0005.npy
cnn,metal__metal.00091,metal,6,metal,rock,0,0.8409119248390198,E:\dl\mel_cache\lm3_base_v1\test\metal\metal.00091__03000ms__0006.npy
cnn,metal__metal.00091,metal,7,metal,rock,0,0.6077318787574768,E:\dl\mel_cache\lm3_base_v1\test\metal\metal.00091__03000ms__0007.npy
cnn,metal__metal.00091,metal,8,metal,rock,0,0.9145522713661194,E:\dl\mel_cache\lm3_base_v1\test\metal\metal.00091__03000ms__0008.npy
cnn,metal__metal.00091,metal,9,metal,rock,0,0.8700799942016602,E:\dl\mel_cache\lm3_base_v1\test\metal\metal.00091__03000ms__0009.npy
cnn,metal__metal.00091,metal,10,metal,rock,0,0.8881489634513855,E:\dl\mel_cache\lm3_base_v1\test\metal\metal.00091__03000ms__0010.npy
cnn,metal__metal.00091,metal,11,metal,rock,0,0.9243752956390381,E:\dl\mel_cache\lm3_base_v1\test\metal\metal.00091__03000ms__0011.npy
cnn,metal__metal.00091,metal,12,metal,rock,0,0.9063928723335266,E:\dl\mel_cache\lm3_base_v1\test\metal\metal.00091__03000ms__0012.npy
cnn,metal__metal.00091,metal,13,metal,rock,0,0.9240418672561646,E:\dl\mel_cache\lm3_base_v1\test\metal\metal.00091__03000ms__0013.npy
cnn,metal__metal.00091,metal,14,metal,rock,0,0.9044869542121887,E:\dl\mel_cache\lm3_base_v1\test\metal\metal.00091__03000ms__0014.npy
cnn,metal__metal.00091,metal,15,metal,rock,0,0.6265738606452942,E:\dl\mel_cache\lm3_base_v1\test\metal\metal.00091__03000ms__0015.npy
cnn,metal__metal.00091,metal,16,metal,rock,0,0.9186452031135559,E:\dl\mel_cache\lm3_base_v1\test\metal\metal.00091__03000ms__0016.npy
cnn,metal__metal.00091,metal,17,metal,rock,0,0.9231520891189575,E:\dl\mel_cache\lm3_base_v1\test\metal\metal.00091__03000ms__0017.npy
cnn,metal__metal.00091,metal,18,metal,rock,0,0.9178851842880249,E:\dl\mel_cache\lm3_base_v1\test\metal\metal.00091__03000ms__0018.npy
cnn,metal__metal.00091,metal,19,metal,rock,0,0.9181596636772156,E:\dl\mel_cache\lm3_base_v1\test\metal\metal.00091__03000ms__0019.npy
cnn,metal__metal.00092,metal,0,metal,metal,1,0.8062994480133057,E:\dl\mel_cache\lm3_base_v1\test\metal\metal.00092__03000ms__0000.npy
cnn,metal__metal.00092,metal,1,metal,metal,1,0.8372339606285095,E:\dl\mel_cache\lm3_base_v1\test\metal\metal.00092__03000ms__0001.npy
cnn,metal__metal.00092,metal,2,metal,metal,1,0.8200987577438354,E:\dl\mel_cache\lm3_base_v1\test\metal\metal.00092__03000ms__0002.npy
cnn,metal__metal.00092,metal,3,metal,metal,1,0.6202338337898254,E:\dl\mel_cache\lm3_base_v1\test\metal\metal.00092__03000ms__0003.npy
cnn,metal__metal.00092,metal,4,metal,metal,1,0.6909753680229187,E:\dl\mel_cache\lm3_base_v1\test\metal\metal.00092__03000ms__0004.npy
cnn,metal__metal.00092,metal,5,metal,metal,1,0.8322556018829346,E:\dl\mel_cache\lm3_base_v1\test\metal\metal.00092__03000ms__0005.npy
cnn,metal__metal.00092,metal,6,metal,metal,1,0.6508524417877197,E:\dl\mel_cache\lm3_base_v1\test\metal\metal.00092__03000ms__0006.npy
cnn,metal__metal.00092,metal,7,metal,metal,1,0.5978105664253235,E:\dl\mel_cache\lm3_base_v1\test\metal\metal.00092__03000ms__0007.npy
cnn,metal__metal.00092,metal,8,metal,metal,1,0.6804646849632263,E:\dl\mel_cache\lm3_base_v1\test\metal\metal.00092__03000ms__0008.npy
cnn,metal__metal.00092,metal,9,metal,rock,0,0.6397205591201782,E:\dl\mel_cache\lm3_base_v1\test\metal\metal.00092__03000ms__0009.npy
cnn,metal__metal.00092,metal,10,metal,rock,0,0.6233316659927368,E:\dl\mel_cache\lm3_base_v1\test\metal\metal.00092__03000ms__0010.npy
cnn,metal__metal.00092,metal,11,metal,metal,1,0.7751205563545227,E:\dl\mel_cache\lm3_base_v1\test\metal\metal.00092__03000ms__0011.npy
cnn,metal__metal.00092,metal,12,metal,metal,1,0.7359167337417603,E:\dl\mel_cache\lm3_base_v1\test\metal\metal.00092__03000ms__0012.npy
cnn,metal__metal.00092,metal,13,metal,metal,1,0.7789230346679688,E:\dl\mel_cache\lm3_base_v1\test\metal\metal.00092__03000ms__0013.npy
cnn,metal__metal.00092,metal,14,metal,metal,1,0.8505021333694458,E:\dl\mel_cache\lm3_base_v1\test\metal\metal.00092__03000ms__0014.npy
cnn,metal__metal.00092,metal,15,metal,metal,1,0.8625067472457886,E:\dl\mel_cache\lm3_base_v1\test\metal\metal.00092__03000ms__0015.npy
cnn,metal__metal.00092,metal,16,metal,metal,1,0.7775914669036865,E:\dl\mel_cache\lm3_base_v1\test\metal\metal.00092__03000ms__0016.npy
cnn,metal__metal.00092,metal,17,metal,metal,1,0.8734491467475891,E:\dl\mel_cache\lm3_base_v1\test\metal\metal.00092__03000ms__0017.npy
cnn,metal__metal.00092,metal,18,metal,metal,1,0.8169240355491638,E:\dl\mel_cache\lm3_base_v1\test\metal\metal.00092__03000ms__0018.npy
cnn,metal__metal.00092,metal,19,metal,metal,1,0.8177279233932495,E:\dl\mel_cache\lm3_base_v1\test\metal\metal.00092__03000ms__0019.npy
cnn,metal__metal.00096,metal,0,metal,metal,1,0.8566449284553528,E:\dl\mel_cache\lm3_base_v1\test\metal\metal.00096__03000ms__0000.npy
cnn,metal__metal.00096,metal,1,metal,metal,1,0.8084578514099121,E:\dl\mel_cache\lm3_base_v1\test\metal\metal.00096__03000ms__0001.npy
cnn,metal__metal.00096,metal,2,metal,metal,1,0.9049183130264282,E:\dl\mel_cache\lm3_base_v1\test\metal\metal.00096__03000ms__0002.npy
cnn,metal__metal.00096,metal,3,metal,metal,1,0.9001320600509644,E:\dl\mel_cache\lm3_base_v1\test\metal\metal.00096__03000ms__0003.npy
cnn,metal__metal.00096,metal,4,metal,metal,1,0.8613855242729187,E:\dl\mel_cache\lm3_base_v1\test\metal\metal.00096__03000ms__0004.npy
cnn,metal__metal.00096,metal,5,metal,metal,1,0.7959225177764893,E:\dl\mel_cache\lm3_base_v1\test\metal\metal.00096__03000ms__0005.npy
cnn,metal__metal.00096,metal,6,metal,hiphop,0,0.5444164872169495,E:\dl\mel_cache\lm3_base_v1\test\metal\metal.00096__03000ms__0006.npy
cnn,metal__metal.00096,metal,7,metal,metal,1,0.8986259698867798,E:\dl\mel_cache\lm3_base_v1\test\metal\metal.00096__03000ms__0007.npy
cnn,metal__metal.00096,metal,8,metal,metal,1,0.9419868588447571,E:\dl\mel_cache\lm3_base_v1\test\metal\metal.00096__03000ms__0008.npy
cnn,metal__metal.00096,metal,9,metal,metal,1,0.9320895075798035,E:\dl\mel_cache\lm3_base_v1\test\metal\metal.00096__03000ms__0009.npy
cnn,metal__metal.00096,metal,10,metal,metal,1,0.9327596426010132,E:\dl\mel_cache\lm3_base_v1\test\metal\metal.00096__03000ms__0010.npy
cnn,metal__metal.00096,metal,11,metal,metal,1,0.9335282444953918,E:\dl\mel_cache\lm3_base_v1\test\metal\metal.00096__03000ms__0011.npy
cnn,metal__metal.00096,metal,12,metal,metal,1,0.9280989170074463,E:\dl\mel_cache\lm3_base_v1\test\metal\metal.00096__03000ms__0012.npy
cnn,metal__metal.00096,metal,13,metal,metal,1,0.8878200054168701,E:\dl\mel_cache\lm3_base_v1\test\metal\metal.00096__03000ms__0013.npy
cnn,metal__metal.00096,metal,14,metal,metal,1,0.8755330443382263,E:\dl\mel_cache\lm3_base_v1\test\metal\metal.00096__03000ms__0014.npy
cnn,metal__metal.00096,metal,15,metal,hiphop,0,0.8881834745407104,E:\dl\mel_cache\lm3_base_v1\test\metal\metal.00096__03000ms__0015.npy
cnn,metal__metal.00096,metal,16,metal,hiphop,0,0.7519855499267578,E:\dl\mel_cache\lm3_base_v1\test\metal\metal.00096__03000ms__0016.npy
cnn,metal__metal.00096,metal,17,metal,hiphop,0,0.8736646175384521,E:\dl\mel_cache\lm3_base_v1\test\metal\metal.00096__03000ms__0017.npy
cnn,metal__metal.00096,metal,18,metal,hiphop,0,0.9027031064033508,E:\dl\mel_cache\lm3_base_v1\test\metal\metal.00096__03000ms__0018.npy
cnn,metal__metal.00096,metal,19,metal,hiphop,0,0.8854117393493652,E:\dl\mel_cache\lm3_base_v1\test\metal\metal.00096__03000ms__0019.npy
cnn,metal__metal.00097,metal,0,metal,blues,0,0.86424320936203,E:\dl\mel_cache\lm3_base_v1\test\metal\metal.00097__03000ms__0000.npy
cnn,metal__metal.00097,metal,1,metal,blues,0,0.9174184203147888,E:\dl\mel_cache\lm3_base_v1\test\metal\metal.00097__03000ms__0001.npy
cnn,metal__metal.00097,metal,2,metal,blues,0,0.8495069742202759,E:\dl\mel_cache\lm3_base_v1\test\metal\metal.00097__03000ms__0002.npy
cnn,metal__metal.00097,metal,3,metal,blues,0,0.503501296043396,E:\dl\mel_cache\lm3_base_v1\test\metal\metal.00097__03000ms__0003.npy
cnn,metal__metal.00097,metal,4,metal,hiphop,0,0.31302884221076965,E:\dl\mel_cache\lm3_base_v1\test\metal\metal.00097__03000ms__0004.npy
cnn,metal__metal.00097,metal,5,metal,hiphop,0,0.5434345602989197,E:\dl\mel_cache\lm3_base_v1\test\metal\metal.00097__03000ms__0005.npy
cnn,metal__metal.00097,metal,6,metal,metal,1,0.9256985187530518,E:\dl\mel_cache\lm3_base_v1\test\metal\metal.00097__03000ms__0006.npy
cnn,metal__metal.00097,metal,7,metal,metal,1,0.8993439078330994,E:\dl\mel_cache\lm3_base_v1\test\metal\metal.00097__03000ms__0007.npy
cnn,metal__metal.00097,metal,8,metal,metal,1,0.9276202321052551,E:\dl\mel_cache\lm3_base_v1\test\metal\metal.00097__03000ms__0008.npy
cnn,metal__metal.00097,metal,9,metal,metal,1,0.9366967082023621,E:\dl\mel_cache\lm3_base_v1\test\metal\metal.00097__03000ms__0009.npy
cnn,metal__metal.00097,metal,10,metal,metal,1,0.9451672434806824,E:\dl\mel_cache\lm3_base_v1\test\metal\metal.00097__03000ms__0010.npy
cnn,metal__metal.00097,metal,11,metal,metal,1,0.9471659064292908,E:\dl\mel_cache\lm3_base_v1\test\metal\metal.00097__03000ms__0011.npy
cnn,metal__metal.00097,metal,12,metal,metal,1,0.9457176327705383,E:\dl\mel_cache\lm3_base_v1\test\metal\metal.00097__03000ms__0012.npy
cnn,metal__metal.00097,metal,13,metal,metal,1,0.9453139305114746,E:\dl\mel_cache\lm3_base_v1\test\metal\metal.00097__03000ms__0013.npy
cnn,metal__metal.00097,metal,14,metal,metal,1,0.9487027525901794,E:\dl\mel_cache\lm3_base_v1\test\metal\metal.00097__03000ms__0014.npy
cnn,metal__metal.00097,metal,15,metal,metal,1,0.9398283362388611,E:\dl\mel_cache\lm3_base_v1\test\metal\metal.00097__03000ms__0015.npy
cnn,metal__metal.00097,metal,16,metal,metal,1,0.9386342167854309,E:\dl\mel_cache\lm3_base_v1\test\metal\metal.00097__03000ms__0016.npy
cnn,metal__metal.00097,metal,17,metal,metal,1,0.9097537398338318,E:\dl\mel_cache\lm3_base_v1\test\metal\metal.00097__03000ms__0017.npy
cnn,metal__metal.00097,metal,18,metal,metal,1,0.9207696914672852,E:\dl\mel_cache\lm3_base_v1\test\metal\metal.00097__03000ms__0018.npy
cnn,metal__metal.00097,metal,19,metal,metal,1,0.9281768202781677,E:\dl\mel_cache\lm3_base_v1\test\metal\metal.00097__03000ms__0019.npy
cnn,pop__pop.00003,pop,0,pop,pop,1,0.9326537847518921,E:\dl\mel_cache\lm3_base_v1\test\pop\pop.00003__03000ms__0000.npy
cnn,pop__pop.00003,pop,1,pop,pop,1,0.9452081322669983,E:\dl\mel_cache\lm3_base_v1\test\pop\pop.00003__03000ms__0001.npy
cnn,pop__pop.00003,pop,2,pop,pop,1,0.4260335862636566,E:\dl\mel_cache\lm3_base_v1\test\pop\pop.00003__03000ms__0002.npy
cnn,pop__pop.00003,pop,3,pop,pop,1,0.5434631109237671,E:\dl\mel_cache\lm3_base_v1\test\pop\pop.00003__03000ms__0003.npy
cnn,pop__pop.00003,pop,4,pop,pop,1,0.8978965878486633,E:\dl\mel_cache\lm3_base_v1\test\pop\pop.00003__03000ms__0004.npy
cnn,pop__pop.00003,pop,5,pop,pop,1,0.8517664074897766,E:\dl\mel_cache\lm3_base_v1\test\pop\pop.00003__03000ms__0005.npy
cnn,pop__pop.00003,pop,6,pop,pop,1,0.7800741791725159,E:\dl\mel_cache\lm3_base_v1\test\pop\pop.00003__03000ms__0006.npy
cnn,pop__pop.00003,pop,7,pop,pop,1,0.7062128186225891,E:\dl\mel_cache\lm3_base_v1\test\pop\pop.00003__03000ms__0007.npy
cnn,pop__pop.00003,pop,8,pop,pop,1,0.7465988993644714,E:\dl\mel_cache\lm3_base_v1\test\pop\pop.00003__03000ms__0008.npy
cnn,pop__pop.00003,pop,9,pop,pop,1,0.7103634476661682,E:\dl\mel_cache\lm3_base_v1\test\pop\pop.00003__03000ms__0009.npy
cnn,pop__pop.00003,pop,10,pop,pop,1,0.8053228855133057,E:\dl\mel_cache\lm3_base_v1\test\pop\pop.00003__03000ms__0010.npy
cnn,pop__pop.00003,pop,11,pop,pop,1,0.6537245512008667,E:\dl\mel_cache\lm3_base_v1\test\pop\pop.00003__03000ms__0011.npy
cnn,pop__pop.00003,pop,12,pop,hiphop,0,0.3414267599582672,E:\dl\mel_cache\lm3_base_v1\test\pop\pop.00003__03000ms__0012.npy
cnn,pop__pop.00003,pop,13,pop,pop,1,0.8527750372886658,E:\dl\mel_cache\lm3_base_v1\test\pop\pop.00003__03000ms__0013.npy
cnn,pop__pop.00003,pop,14,pop,pop,1,0.7549536228179932,E:\dl\mel_cache\lm3_base_v1\test\pop\pop.00003__03000ms__0014.npy
cnn,pop__pop.00003,pop,15,pop,pop,1,0.7745801210403442,E:\dl\mel_cache\lm3_base_v1\test\pop\pop.00003__03000ms__0015.npy
cnn,pop__pop.00003,pop,16,pop,pop,1,0.7708406448364258,E:\dl\mel_cache\lm3_base_v1\test\pop\pop.00003__03000ms__0016.npy
cnn,pop__pop.00003,pop,17,pop,pop,1,0.8050135374069214,E:\dl\mel_cache\lm3_base_v1\test\pop\pop.00003__03000ms__0017.npy
cnn,pop__pop.00003,pop,18,pop,pop,1,0.9228546023368835,E:\dl\mel_cache\lm3_base_v1\test\pop\pop.00003__03000ms__0018.npy
cnn,pop__pop.00003,pop,19,pop,pop,1,0.9228472113609314,E:\dl\mel_cache\lm3_base_v1\test\pop\pop.00003__03000ms__0019.npy
cnn,pop__pop.00007,pop,0,pop,pop,1,0.5484216213226318,E:\dl\mel_cache\lm3_base_v1\test\pop\pop.00007__03000ms__0000.npy
cnn,pop__pop.00007,pop,1,pop,reggae,0,0.5879360437393188,E:\dl\mel_cache\lm3_base_v1\test\pop\pop.00007__03000ms__0001.npy
cnn,pop__pop.00007,pop,2,pop,jazz,0,0.747058629989624,E:\dl\mel_cache\lm3_base_v1\test\pop\pop.00007__03000ms__0002.npy
cnn,pop__pop.00007,pop,3,pop,jazz,0,0.828292965888977,E:\dl\mel_cache\lm3_base_v1\test\pop\pop.00007__03000ms__0003.npy
cnn,pop__pop.00007,pop,4,pop,pop,1,0.7784184813499451,E:\dl\mel_cache\lm3_base_v1\test\pop\pop.00007__03000ms__0004.npy
cnn,pop__pop.00007,pop,5,pop,pop,1,0.8655188679695129,E:\dl\mel_cache\lm3_base_v1\test\pop\pop.00007__03000ms__0005.npy
cnn,pop__pop.00007,pop,6,pop,pop,1,0.8531647324562073,E:\dl\mel_cache\lm3_base_v1\test\pop\pop.00007__03000ms__0006.npy
cnn,pop__pop.00007,pop,7,pop,pop,1,0.6657634973526001,E:\dl\mel_cache\lm3_base_v1\test\pop\pop.00007__03000ms__0007.npy
cnn,pop__pop.00007,pop,8,pop,pop,1,0.44746679067611694,E:\dl\mel_cache\lm3_base_v1\test\pop\pop.00007__03000ms__0008.npy
cnn,pop__pop.00007,pop,9,pop,pop,1,0.8744267225265503,E:\dl\mel_cache\lm3_base_v1\test\pop\pop.00007__03000ms__0009.npy
cnn,pop__pop.00007,pop,10,pop,pop,1,0.8848609328269958,E:\dl\mel_cache\lm3_base_v1\test\pop\pop.00007__03000ms__0010.npy
cnn,pop__pop.00007,pop,11,pop,pop,1,0.6758528351783752,E:\dl\mel_cache\lm3_base_v1\test\pop\pop.00007__03000ms__0011.npy
cnn,pop__pop.00007,pop,12,pop,pop,1,0.5092524290084839,E:\dl\mel_cache\lm3_base_v1\test\pop\pop.00007__03000ms__0012.npy
cnn,pop__pop.00007,pop,13,pop,pop,1,0.7791405320167542,E:\dl\mel_cache\lm3_base_v1\test\pop\pop.00007__03000ms__0013.npy
cnn,pop__pop.00007,pop,14,pop,rock,0,0.4237566888332367,E:\dl\mel_cache\lm3_base_v1\test\pop\pop.00007__03000ms__0014.npy
cnn,pop__pop.00007,pop,15,pop,country,0,0.5469973683357239,E:\dl\mel_cache\lm3_base_v1\test\pop\pop.00007__03000ms__0015.npy
cnn,pop__pop.00007,pop,16,pop,reggae,0,0.7261318564414978,E:\dl\mel_cache\lm3_base_v1\test\pop\pop.00007__03000ms__0016.npy
cnn,pop__pop.00007,pop,17,pop,country,0,0.3002452850341797,E:\dl\mel_cache\lm3_base_v1\test\pop\pop.00007__03000ms__0017.npy
cnn,pop__pop.00007,pop,18,pop,country,0,0.6124064922332764,E:\dl\mel_cache\lm3_base_v1\test\pop\pop.00007__03000ms__0018.npy
cnn,pop__pop.00007,pop,19,pop,country,0,0.610007643699646,E:\dl\mel_cache\lm3_base_v1\test\pop\pop.00007__03000ms__0019.npy
cnn,pop__pop.00015,pop,0,pop,pop,1,0.9395159482955933,E:\dl\mel_cache\lm3_base_v1\test\pop\pop.00015__03000ms__0000.npy
cnn,pop__pop.00015,pop,1,pop,pop,1,0.937644362449646,E:\dl\mel_cache\lm3_base_v1\test\pop\pop.00015__03000ms__0001.npy
cnn,pop__pop.00015,pop,2,pop,pop,1,0.9377768635749817,E:\dl\mel_cache\lm3_base_v1\test\pop\pop.00015__03000ms__0002.npy
cnn,pop__pop.00015,pop,3,pop,pop,1,0.9349616765975952,E:\dl\mel_cache\lm3_base_v1\test\pop\pop.00015__03000ms__0003.npy
cnn,pop__pop.00015,pop,4,pop,pop,1,0.9392088055610657,E:\dl\mel_cache\lm3_base_v1\test\pop\pop.00015__03000ms__0004.npy
cnn,pop__pop.00015,pop,5,pop,pop,1,0.9456309676170349,E:\dl\mel_cache\lm3_base_v1\test\pop\pop.00015__03000ms__0005.npy
cnn,pop__pop.00015,pop,6,pop,pop,1,0.944053053855896,E:\dl\mel_cache\lm3_base_v1\test\pop\pop.00015__03000ms__0006.npy
cnn,pop__pop.00015,pop,7,pop,pop,1,0.9417914748191833,E:\dl\mel_cache\lm3_base_v1\test\pop\pop.00015__03000ms__0007.npy
cnn,pop__pop.00015,pop,8,pop,pop,1,0.9424231052398682,E:\dl\mel_cache\lm3_base_v1\test\pop\pop.00015__03000ms__0008.npy
cnn,pop__pop.00015,pop,9,pop,pop,1,0.9163323044776917,E:\dl\mel_cache\lm3_base_v1\test\pop\pop.00015__03000ms__0009.npy
cnn,pop__pop.00015,pop,10,pop,pop,1,0.9408712983131409,E:\dl\mel_cache\lm3_base_v1\test\pop\pop.00015__03000ms__0010.npy
cnn,pop__pop.00015,pop,11,pop,pop,1,0.9473480582237244,E:\dl\mel_cache\lm3_base_v1\test\pop\pop.00015__03000ms__0011.npy
cnn,pop__pop.00015,pop,12,pop,pop,1,0.9451229572296143,E:\dl\mel_cache\lm3_base_v1\test\pop\pop.00015__03000ms__0012.npy
cnn,pop__pop.00015,pop,13,pop,pop,1,0.9410649538040161,E:\dl\mel_cache\lm3_base_v1\test\pop\pop.00015__03000ms__0013.npy
cnn,pop__pop.00015,pop,14,pop,pop,1,0.9369122385978699,E:\dl\mel_cache\lm3_base_v1\test\pop\pop.00015__03000ms__0014.npy
cnn,pop__pop.00015,pop,15,pop,pop,1,0.9409134984016418,E:\dl\mel_cache\lm3_base_v1\test\pop\pop.00015__03000ms__0015.npy
cnn,pop__pop.00015,pop,16,pop,pop,1,0.9384967684745789,E:\dl\mel_cache\lm3_base_v1\test\pop\pop.00015__03000ms__0016.npy
cnn,pop__pop.00015,pop,17,pop,pop,1,0.937981128692627,E:\dl\mel_cache\lm3_base_v1\test\pop\pop.00015__03000ms__0017.npy
cnn,pop__pop.00015,pop,18,pop,pop,1,0.9381879568099976,E:\dl\mel_cache\lm3_base_v1\test\pop\pop.00015__03000ms__0018.npy
cnn,pop__pop.00015,pop,19,pop,pop,1,0.9381846189498901,E:\dl\mel_cache\lm3_base_v1\test\pop\pop.00015__03000ms__0019.npy
cnn,pop__pop.00021,pop,0,pop,pop,1,0.9103782773017883,E:\dl\mel_cache\lm3_base_v1\test\pop\pop.00021__03000ms__0000.npy
cnn,pop__pop.00021,pop,1,pop,pop,1,0.9068523049354553,E:\dl\mel_cache\lm3_base_v1\test\pop\pop.00021__03000ms__0001.npy
cnn,pop__pop.00021,pop,2,pop,pop,1,0.9229190945625305,E:\dl\mel_cache\lm3_base_v1\test\pop\pop.00021__03000ms__0002.npy
cnn,pop__pop.00021,pop,3,pop,pop,1,0.9261714220046997,E:\dl\mel_cache\lm3_base_v1\test\pop\pop.00021__03000ms__0003.npy
cnn,pop__pop.00021,pop,4,pop,pop,1,0.9294442534446716,E:\dl\mel_cache\lm3_base_v1\test\pop\pop.00021__03000ms__0004.npy
cnn,pop__pop.00021,pop,5,pop,pop,1,0.9091932773590088,E:\dl\mel_cache\lm3_base_v1\test\pop\pop.00021__03000ms__0005.npy
cnn,pop__pop.00021,pop,6,pop,pop,1,0.9236587882041931,E:\dl\mel_cache\lm3_base_v1\test\pop\pop.00021__03000ms__0006.npy
cnn,pop__pop.00021,pop,7,pop,pop,1,0.9063003063201904,E:\dl\mel_cache\lm3_base_v1\test\pop\pop.00021__03000ms__0007.npy
cnn,pop__pop.00021,pop,8,pop,pop,1,0.8992758393287659,E:\dl\mel_cache\lm3_base_v1\test\pop\pop.00021__03000ms__0008.npy
cnn,pop__pop.00021,pop,9,pop,pop,1,0.9266497492790222,E:\dl\mel_cache\lm3_base_v1\test\pop\pop.00021__03000ms__0009.npy
cnn,pop__pop.00021,pop,10,pop,pop,1,0.9388349652290344,E:\dl\mel_cache\lm3_base_v1\test\pop\pop.00021__03000ms__0010.npy
cnn,pop__pop.00021,pop,11,pop,pop,1,0.9313048124313354,E:\dl\mel_cache\lm3_base_v1\test\pop\pop.00021__03000ms__0011.npy
cnn,pop__pop.00021,pop,12,pop,pop,1,0.9149539470672607,E:\dl\mel_cache\lm3_base_v1\test\pop\pop.00021__03000ms__0012.npy
cnn,pop__pop.00021,pop,13,pop,pop,1,0.93495112657547,E:\dl\mel_cache\lm3_base_v1\test\pop\pop.00021__03000ms__0013.npy
cnn,pop__pop.00021,pop,14,pop,pop,1,0.935565710067749,E:\dl\mel_cache\lm3_base_v1\test\pop\pop.00021__03000ms__0014.npy
cnn,pop__pop.00021,pop,15,pop,pop,1,0.9335405826568604,E:\dl\mel_cache\lm3_base_v1\test\pop\pop.00021__03000ms__0015.npy
cnn,pop__pop.00021,pop,16,pop,pop,1,0.9235830307006836,E:\dl\mel_cache\lm3_base_v1\test\pop\pop.00021__03000ms__0016.npy
cnn,pop__pop.00021,pop,17,pop,pop,1,0.9053918719291687,E:\dl\mel_cache\lm3_base_v1\test\pop\pop.00021__03000ms__0017.npy
cnn,pop__pop.00021,pop,18,pop,pop,1,0.9212481379508972,E:\dl\mel_cache\lm3_base_v1\test\pop\pop.00021__03000ms__0018.npy
cnn,pop__pop.00021,pop,19,pop,pop,1,0.9211848974227905,E:\dl\mel_cache\lm3_base_v1\test\pop\pop.00021__03000ms__0019.npy
cnn,pop__pop.00028,pop,0,pop,pop,1,0.762351930141449,E:\dl\mel_cache\lm3_base_v1\test\pop\pop.00028__03000ms__0000.npy
cnn,pop__pop.00028,pop,1,pop,pop,1,0.7962077260017395,E:\dl\mel_cache\lm3_base_v1\test\pop\pop.00028__03000ms__0001.npy
cnn,pop__pop.00028,pop,2,pop,pop,1,0.8751412034034729,E:\dl\mel_cache\lm3_base_v1\test\pop\pop.00028__03000ms__0002.npy
cnn,pop__pop.00028,pop,3,pop,pop,1,0.9199953675270081,E:\dl\mel_cache\lm3_base_v1\test\pop\pop.00028__03000ms__0003.npy
cnn,pop__pop.00028,pop,4,pop,pop,1,0.8678861856460571,E:\dl\mel_cache\lm3_base_v1\test\pop\pop.00028__03000ms__0004.npy
cnn,pop__pop.00028,pop,5,pop,pop,1,0.9042671918869019,E:\dl\mel_cache\lm3_base_v1\test\pop\pop.00028__03000ms__0005.npy
cnn,pop__pop.00028,pop,6,pop,pop,1,0.8202309012413025,E:\dl\mel_cache\lm3_base_v1\test\pop\pop.00028__03000ms__0006.npy
cnn,pop__pop.00028,pop,7,pop,pop,1,0.6724274158477783,E:\dl\mel_cache\lm3_base_v1\test\pop\pop.00028__03000ms__0007.npy
cnn,pop__pop.00028,pop,8,pop,pop,1,0.9151750802993774,E:\dl\mel_cache\lm3_base_v1\test\pop\pop.00028__03000ms__0008.npy
cnn,pop__pop.00028,pop,9,pop,pop,1,0.9181933403015137,E:\dl\mel_cache\lm3_base_v1\test\pop\pop.00028__03000ms__0009.npy
cnn,pop__pop.00028,pop,10,pop,pop,1,0.9293230772018433,E:\dl\mel_cache\lm3_base_v1\test\pop\pop.00028__03000ms__0010.npy
cnn,pop__pop.00028,pop,11,pop,pop,1,0.8793070912361145,E:\dl\mel_cache\lm3_base_v1\test\pop\pop.00028__03000ms__0011.npy
cnn,pop__pop.00028,pop,12,pop,pop,1,0.7728782296180725,E:\dl\mel_cache\lm3_base_v1\test\pop\pop.00028__03000ms__0012.npy
cnn,pop__pop.00028,pop,13,pop,pop,1,0.8159635066986084,E:\dl\mel_cache\lm3_base_v1\test\pop\pop.00028__03000ms__0013.npy
cnn,pop__pop.00028,pop,14,pop,pop,1,0.9407708644866943,E:\dl\mel_cache\lm3_base_v1\test\pop\pop.00028__03000ms__0014.npy
cnn,pop__pop.00028,pop,15,pop,pop,1,0.9481920003890991,E:\dl\mel_cache\lm3_base_v1\test\pop\pop.00028__03000ms__0015.npy
cnn,pop__pop.00028,pop,16,pop,pop,1,0.9137625694274902,E:\dl\mel_cache\lm3_base_v1\test\pop\pop.00028__03000ms__0016.npy
cnn,pop__pop.00028,pop,17,pop,pop,1,0.915558934211731,E:\dl\mel_cache\lm3_base_v1\test\pop\pop.00028__03000ms__0017.npy
cnn,pop__pop.00028,pop,18,pop,pop,1,0.9303734302520752,E:\dl\mel_cache\lm3_base_v1\test\pop\pop.00028__03000ms__0018.npy
cnn,pop__pop.00028,pop,19,pop,pop,1,0.930274486541748,E:\dl\mel_cache\lm3_base_v1\test\pop\pop.00028__03000ms__0019.npy
cnn,pop__pop.00029,pop,0,pop,pop,1,0.922926664352417,E:\dl\mel_cache\lm3_base_v1\test\pop\pop.00029__03000ms__0000.npy
cnn,pop__pop.00029,pop,1,pop,pop,1,0.9390961527824402,E:\dl\mel_cache\lm3_base_v1\test\pop\pop.00029__03000ms__0001.npy
cnn,pop__pop.00029,pop,2,pop,pop,1,0.9110745787620544,E:\dl\mel_cache\lm3_base_v1\test\pop\pop.00029__03000ms__0002.npy
cnn,pop__pop.00029,pop,3,pop,pop,1,0.8983771204948425,E:\dl\mel_cache\lm3_base_v1\test\pop\pop.00029__03000ms__0003.npy
cnn,pop__pop.00029,pop,4,pop,pop,1,0.5955915451049805,E:\dl\mel_cache\lm3_base_v1\test\pop\pop.00029__03000ms__0004.npy
cnn,pop__pop.00029,pop,5,pop,pop,1,0.45087194442749023,E:\dl\mel_cache\lm3_base_v1\test\pop\pop.00029__03000ms__0005.npy
cnn,pop__pop.00029,pop,6,pop,pop,1,0.8804971575737,E:\dl\mel_cache\lm3_base_v1\test\pop\pop.00029__03000ms__0006.npy
cnn,pop__pop.00029,pop,7,pop,pop,1,0.9131684899330139,E:\dl\mel_cache\lm3_base_v1\test\pop\pop.00029__03000ms__0007.npy
cnn,pop__pop.00029,pop,8,pop,pop,1,0.9172972440719604,E:\dl\mel_cache\lm3_base_v1\test\pop\pop.00029__03000ms__0008.npy
cnn,pop__pop.00029,pop,9,pop,pop,1,0.9350573420524597,E:\dl\mel_cache\lm3_base_v1\test\pop\pop.00029__03000ms__0009.npy
cnn,pop__pop.00029,pop,10,pop,pop,1,0.9120782613754272,E:\dl\mel_cache\lm3_base_v1\test\pop\pop.00029__03000ms__0010.npy
cnn,pop__pop.00029,pop,11,pop,pop,1,0.9145380258560181,E:\dl\mel_cache\lm3_base_v1\test\pop\pop.00029__03000ms__0011.npy
cnn,pop__pop.00029,pop,12,pop,pop,1,0.8372503519058228,E:\dl\mel_cache\lm3_base_v1\test\pop\pop.00029__03000ms__0012.npy
cnn,pop__pop.00029,pop,13,pop,pop,1,0.9306654334068298,E:\dl\mel_cache\lm3_base_v1\test\pop\pop.00029__03000ms__0013.npy
cnn,pop__pop.00029,pop,14,pop,pop,1,0.9051937460899353,E:\dl\mel_cache\lm3_base_v1\test\pop\pop.00029__03000ms__0014.npy
cnn,pop__pop.00029,pop,15,pop,pop,1,0.8950563073158264,E:\dl\mel_cache\lm3_base_v1\test\pop\pop.00029__03000ms__0015.npy
cnn,pop__pop.00029,pop,16,pop,pop,1,0.9240626096725464,E:\dl\mel_cache\lm3_base_v1\test\pop\pop.00029__03000ms__0016.npy
cnn,pop__pop.00029,pop,17,pop,pop,1,0.9345797300338745,E:\dl\mel_cache\lm3_base_v1\test\pop\pop.00029__03000ms__0017.npy
cnn,pop__pop.00029,pop,18,pop,pop,1,0.9321821331977844,E:\dl\mel_cache\lm3_base_v1\test\pop\pop.00029__03000ms__0018.npy
cnn,pop__pop.00029,pop,19,pop,pop,1,0.9321179986000061,E:\dl\mel_cache\lm3_base_v1\test\pop\pop.00029__03000ms__0019.npy
cnn,pop__pop.00033,pop,0,pop,pop,1,0.8733760714530945,E:\dl\mel_cache\lm3_base_v1\test\pop\pop.00033__03000ms__0000.npy
cnn,pop__pop.00033,pop,1,pop,pop,1,0.6720429062843323,E:\dl\mel_cache\lm3_base_v1\test\pop\pop.00033__03000ms__0001.npy
cnn,pop__pop.00033,pop,2,pop,pop,1,0.8128572702407837,E:\dl\mel_cache\lm3_base_v1\test\pop\pop.00033__03000ms__0002.npy
cnn,pop__pop.00033,pop,3,pop,pop,1,0.8051145076751709,E:\dl\mel_cache\lm3_base_v1\test\pop\pop.00033__03000ms__0003.npy
cnn,pop__pop.00033,pop,4,pop,pop,1,0.6131653785705566,E:\dl\mel_cache\lm3_base_v1\test\pop\pop.00033__03000ms__0004.npy
cnn,pop__pop.00033,pop,5,pop,pop,1,0.3420581817626953,E:\dl\mel_cache\lm3_base_v1\test\pop\pop.00033__03000ms__0005.npy
cnn,pop__pop.00033,pop,6,pop,pop,1,0.5913029313087463,E:\dl\mel_cache\lm3_base_v1\test\pop\pop.00033__03000ms__0006.npy
cnn,pop__pop.00033,pop,7,pop,pop,1,0.683771550655365,E:\dl\mel_cache\lm3_base_v1\test\pop\pop.00033__03000ms__0007.npy
cnn,pop__pop.00033,pop,8,pop,hiphop,0,0.45561864972114563,E:\dl\mel_cache\lm3_base_v1\test\pop\pop.00033__03000ms__0008.npy
cnn,pop__pop.00033,pop,9,pop,rock,0,0.3215218186378479,E:\dl\mel_cache\lm3_base_v1\test\pop\pop.00033__03000ms__0009.npy
cnn,pop__pop.00033,pop,10,pop,pop,1,0.7942140102386475,E:\dl\mel_cache\lm3_base_v1\test\pop\pop.00033__03000ms__0010.npy
cnn,pop__pop.00033,pop,11,pop,pop,1,0.7700028419494629,E:\dl\mel_cache\lm3_base_v1\test\pop\pop.00033__03000ms__0011.npy
cnn,pop__pop.00033,pop,12,pop,pop,1,0.8019875288009644,E:\dl\mel_cache\lm3_base_v1\test\pop\pop.00033__03000ms__0012.npy
cnn,pop__pop.00033,pop,13,pop,pop,1,0.44017934799194336,E:\dl\mel_cache\lm3_base_v1\test\pop\pop.00033__03000ms__0013.npy
cnn,pop__pop.00033,pop,14,pop,hiphop,0,0.6248391270637512,E:\dl\mel_cache\lm3_base_v1\test\pop\pop.00033__03000ms__0014.npy
cnn,pop__pop.00033,pop,15,pop,pop,1,0.4877435564994812,E:\dl\mel_cache\lm3_base_v1\test\pop\pop.00033__03000ms__0015.npy
cnn,pop__pop.00033,pop,16,pop,pop,1,0.6594064235687256,E:\dl\mel_cache\lm3_base_v1\test\pop\pop.00033__03000ms__0016.npy
cnn,pop__pop.00033,pop,17,pop,pop,1,0.5298763513565063,E:\dl\mel_cache\lm3_base_v1\test\pop\pop.00033__03000ms__0017.npy
cnn,pop__pop.00033,pop,18,pop,pop,1,0.7315316200256348,E:\dl\mel_cache\lm3_base_v1\test\pop\pop.00033__03000ms__0018.npy
cnn,pop__pop.00033,pop,19,pop,pop,1,0.7320342659950256,E:\dl\mel_cache\lm3_base_v1\test\pop\pop.00033__03000ms__0019.npy
cnn,pop__pop.00034,pop,0,pop,pop,1,0.9171624183654785,E:\dl\mel_cache\lm3_base_v1\test\pop\pop.00034__03000ms__0000.npy
cnn,pop__pop.00034,pop,1,pop,pop,1,0.9039232730865479,E:\dl\mel_cache\lm3_base_v1\test\pop\pop.00034__03000ms__0001.npy
cnn,pop__pop.00034,pop,2,pop,pop,1,0.7260199189186096,E:\dl\mel_cache\lm3_base_v1\test\pop\pop.00034__03000ms__0002.npy
cnn,pop__pop.00034,pop,3,pop,pop,1,0.8501448631286621,E:\dl\mel_cache\lm3_base_v1\test\pop\pop.00034__03000ms__0003.npy
cnn,pop__pop.00034,pop,4,pop,pop,1,0.9359849691390991,E:\dl\mel_cache\lm3_base_v1\test\pop\pop.00034__03000ms__0004.npy
cnn,pop__pop.00034,pop,5,pop,pop,1,0.9341678619384766,E:\dl\mel_cache\lm3_base_v1\test\pop\pop.00034__03000ms__0005.npy
cnn,pop__pop.00034,pop,6,pop,pop,1,0.9127733707427979,E:\dl\mel_cache\lm3_base_v1\test\pop\pop.00034__03000ms__0006.npy
cnn,pop__pop.00034,pop,7,pop,pop,1,0.9369568228721619,E:\dl\mel_cache\lm3_base_v1\test\pop\pop.00034__03000ms__0007.npy
cnn,pop__pop.00034,pop,8,pop,pop,1,0.9428905844688416,E:\dl\mel_cache\lm3_base_v1\test\pop\pop.00034__03000ms__0008.npy
cnn,pop__pop.00034,pop,9,pop,pop,1,0.9421274065971375,E:\dl\mel_cache\lm3_base_v1\test\pop\pop.00034__03000ms__0009.npy
cnn,pop__pop.00034,pop,10,pop,pop,1,0.8159313201904297,E:\dl\mel_cache\lm3_base_v1\test\pop\pop.00034__03000ms__0010.npy
cnn,pop__pop.00034,pop,11,pop,pop,1,0.8485386371612549,E:\dl\mel_cache\lm3_base_v1\test\pop\pop.00034__03000ms__0011.npy
cnn,pop__pop.00034,pop,12,pop,pop,1,0.9447895884513855,E:\dl\mel_cache\lm3_base_v1\test\pop\pop.00034__03000ms__0012.npy
cnn,pop__pop.00034,pop,13,pop,pop,1,0.9244059920310974,E:\dl\mel_cache\lm3_base_v1\test\pop\pop.00034__03000ms__0013.npy
cnn,pop__pop.00034,pop,14,pop,pop,1,0.932673454284668,E:\dl\mel_cache\lm3_base_v1\test\pop\pop.00034__03000ms__0014.npy
cnn,pop__pop.00034,pop,15,pop,pop,1,0.9199497699737549,E:\dl\mel_cache\lm3_base_v1\test\pop\pop.00034__03000ms__0015.npy
cnn,pop__pop.00034,pop,16,pop,pop,1,0.9302945137023926,E:\dl\mel_cache\lm3_base_v1\test\pop\pop.00034__03000ms__0016.npy
cnn,pop__pop.00034,pop,17,pop,pop,1,0.9340478181838989,E:\dl\mel_cache\lm3_base_v1\test\pop\pop.00034__03000ms__0017.npy
cnn,pop__pop.00034,pop,18,pop,pop,1,0.9347366690635681,E:\dl\mel_cache\lm3_base_v1\test\pop\pop.00034__03000ms__0018.npy
cnn,pop__pop.00034,pop,19,pop,pop,1,0.93464195728302,E:\dl\mel_cache\lm3_base_v1\test\pop\pop.00034__03000ms__0019.npy
cnn,pop__pop.00035,pop,0,pop,pop,1,0.9442647099494934,E:\dl\mel_cache\lm3_base_v1\test\pop\pop.00035__03000ms__0000.npy
cnn,pop__pop.00035,pop,1,pop,pop,1,0.9436730742454529,E:\dl\mel_cache\lm3_base_v1\test\pop\pop.00035__03000ms__0001.npy
cnn,pop__pop.00035,pop,2,pop,pop,1,0.9443325400352478,E:\dl\mel_cache\lm3_base_v1\test\pop\pop.00035__03000ms__0002.npy
cnn,pop__pop.00035,pop,3,pop,pop,1,0.9468878507614136,E:\dl\mel_cache\lm3_base_v1\test\pop\pop.00035__03000ms__0003.npy
cnn,pop__pop.00035,pop,4,pop,pop,1,0.9463876485824585,E:\dl\mel_cache\lm3_base_v1\test\pop\pop.00035__03000ms__0004.npy
cnn,pop__pop.00035,pop,5,pop,pop,1,0.9251343011856079,E:\dl\mel_cache\lm3_base_v1\test\pop\pop.00035__03000ms__0005.npy
cnn,pop__pop.00035,pop,6,pop,pop,1,0.9296331405639648,E:\dl\mel_cache\lm3_base_v1\test\pop\pop.00035__03000ms__0006.npy
cnn,pop__pop.00035,pop,7,pop,pop,1,0.9406656622886658,E:\dl\mel_cache\lm3_base_v1\test\pop\pop.00035__03000ms__0007.npy
cnn,pop__pop.00035,pop,8,pop,pop,1,0.9405705332756042,E:\dl\mel_cache\lm3_base_v1\test\pop\pop.00035__03000ms__0008.npy
cnn,pop__pop.00035,pop,9,pop,pop,1,0.940780520439148,E:\dl\mel_cache\lm3_base_v1\test\pop\pop.00035__03000ms__0009.npy
cnn,pop__pop.00035,pop,10,pop,pop,1,0.9420387148857117,E:\dl\mel_cache\lm3_base_v1\test\pop\pop.00035__03000ms__0010.npy
cnn,pop__pop.00035,pop,11,pop,pop,1,0.9369732141494751,E:\dl\mel_cache\lm3_base_v1\test\pop\pop.00035__03000ms__0011.npy
cnn,pop__pop.00035,pop,12,pop,pop,1,0.9385125041007996,E:\dl\mel_cache\lm3_base_v1\test\pop\pop.00035__03000ms__0012.npy
cnn,pop__pop.00035,pop,13,pop,pop,1,0.9361553192138672,E:\dl\mel_cache\lm3_base_v1\test\pop\pop.00035__03000ms__0013.npy
cnn,pop__pop.00035,pop,14,pop,pop,1,0.9354187250137329,E:\dl\mel_cache\lm3_base_v1\test\pop\pop.00035__03000ms__0014.npy
cnn,pop__pop.00035,pop,15,pop,pop,1,0.9378742575645447,E:\dl\mel_cache\lm3_base_v1\test\pop\pop.00035__03000ms__0015.npy
cnn,pop__pop.00035,pop,16,pop,pop,1,0.9337069392204285,E:\dl\mel_cache\lm3_base_v1\test\pop\pop.00035__03000ms__0016.npy
cnn,pop__pop.00035,pop,17,pop,pop,1,0.926888644695282,E:\dl\mel_cache\lm3_base_v1\test\pop\pop.00035__03000ms__0017.npy
cnn,pop__pop.00035,pop,18,pop,pop,1,0.927357017993927,E:\dl\mel_cache\lm3_base_v1\test\pop\pop.00035__03000ms__0018.npy
cnn,pop__pop.00035,pop,19,pop,pop,1,0.9273164868354797,E:\dl\mel_cache\lm3_base_v1\test\pop\pop.00035__03000ms__0019.npy
cnn,pop__pop.00038,pop,0,pop,hiphop,0,0.5050287246704102,E:\dl\mel_cache\lm3_base_v1\test\pop\pop.00038__03000ms__0000.npy
cnn,pop__pop.00038,pop,1,pop,hiphop,0,0.4672352969646454,E:\dl\mel_cache\lm3_base_v1\test\pop\pop.00038__03000ms__0001.npy
cnn,pop__pop.00038,pop,2,pop,hiphop,0,0.8980101346969604,E:\dl\mel_cache\lm3_base_v1\test\pop\pop.00038__03000ms__0002.npy
cnn,pop__pop.00038,pop,3,pop,hiphop,0,0.7387363910675049,E:\dl\mel_cache\lm3_base_v1\test\pop\pop.00038__03000ms__0003.npy
cnn,pop__pop.00038,pop,4,pop,hiphop,0,0.6200829744338989,E:\dl\mel_cache\lm3_base_v1\test\pop\pop.00038__03000ms__0004.npy
cnn,pop__pop.00038,pop,5,pop,hiphop,0,0.5305607914924622,E:\dl\mel_cache\lm3_base_v1\test\pop\pop.00038__03000ms__0005.npy
cnn,pop__pop.00038,pop,6,pop,pop,1,0.7826764583587646,E:\dl\mel_cache\lm3_base_v1\test\pop\pop.00038__03000ms__0006.npy
cnn,pop__pop.00038,pop,7,pop,pop,1,0.7319550514221191,E:\dl\mel_cache\lm3_base_v1\test\pop\pop.00038__03000ms__0007.npy
cnn,pop__pop.00038,pop,8,pop,pop,1,0.7758115530014038,E:\dl\mel_cache\lm3_base_v1\test\pop\pop.00038__03000ms__0008.npy
cnn,pop__pop.00038,pop,9,pop,pop,1,0.7909202575683594,E:\dl\mel_cache\lm3_base_v1\test\pop\pop.00038__03000ms__0009.npy
cnn,pop__pop.00038,pop,10,pop,pop,1,0.8247644901275635,E:\dl\mel_cache\lm3_base_v1\test\pop\pop.00038__03000ms__0010.npy
cnn,pop__pop.00038,pop,11,pop,pop,1,0.916140079498291,E:\dl\mel_cache\lm3_base_v1\test\pop\pop.00038__03000ms__0011.npy
cnn,pop__pop.00038,pop,12,pop,pop,1,0.9256179332733154,E:\dl\mel_cache\lm3_base_v1\test\pop\pop.00038__03000ms__0012.npy
cnn,pop__pop.00038,pop,13,pop,pop,1,0.9270178079605103,E:\dl\mel_cache\lm3_base_v1\test\pop\pop.00038__03000ms__0013.npy
cnn,pop__pop.00038,pop,14,pop,pop,1,0.7810969352722168,E:\dl\mel_cache\lm3_base_v1\test\pop\pop.00038__03000ms__0014.npy
cnn,pop__pop.00038,pop,15,pop,pop,1,0.5595202445983887,E:\dl\mel_cache\lm3_base_v1\test\pop\pop.00038__03000ms__0015.npy
cnn,pop__pop.00038,pop,16,pop,pop,1,0.593936562538147,E:\dl\mel_cache\lm3_base_v1\test\pop\pop.00038__03000ms__0016.npy
cnn,pop__pop.00038,pop,17,pop,pop,1,0.7593521475791931,E:\dl\mel_cache\lm3_base_v1\test\pop\pop.00038__03000ms__0017.npy
cnn,pop__pop.00038,pop,18,pop,pop,1,0.8218640089035034,E:\dl\mel_cache\lm3_base_v1\test\pop\pop.00038__03000ms__0018.npy
cnn,pop__pop.00038,pop,19,pop,pop,1,0.8209340572357178,E:\dl\mel_cache\lm3_base_v1\test\pop\pop.00038__03000ms__0019.npy
cnn,pop__pop.00039,pop,0,pop,pop,1,0.9345404505729675,E:\dl\mel_cache\lm3_base_v1\test\pop\pop.00039__03000ms__0000.npy
cnn,pop__pop.00039,pop,1,pop,pop,1,0.8892031311988831,E:\dl\mel_cache\lm3_base_v1\test\pop\pop.00039__03000ms__0001.npy
cnn,pop__pop.00039,pop,2,pop,pop,1,0.6654040217399597,E:\dl\mel_cache\lm3_base_v1\test\pop\pop.00039__03000ms__0002.npy
cnn,pop__pop.00039,pop,3,pop,pop,1,0.9306326508522034,E:\dl\mel_cache\lm3_base_v1\test\pop\pop.00039__03000ms__0003.npy
cnn,pop__pop.00039,pop,4,pop,pop,1,0.9377199411392212,E:\dl\mel_cache\lm3_base_v1\test\pop\pop.00039__03000ms__0004.npy
cnn,pop__pop.00039,pop,5,pop,pop,1,0.9329302906990051,E:\dl\mel_cache\lm3_base_v1\test\pop\pop.00039__03000ms__0005.npy
cnn,pop__pop.00039,pop,6,pop,pop,1,0.933508038520813,E:\dl\mel_cache\lm3_base_v1\test\pop\pop.00039__03000ms__0006.npy
cnn,pop__pop.00039,pop,7,pop,pop,1,0.9329127669334412,E:\dl\mel_cache\lm3_base_v1\test\pop\pop.00039__03000ms__0007.npy
cnn,pop__pop.00039,pop,8,pop,pop,1,0.9240515232086182,E:\dl\mel_cache\lm3_base_v1\test\pop\pop.00039__03000ms__0008.npy
cnn,pop__pop.00039,pop,9,pop,pop,1,0.8455836176872253,E:\dl\mel_cache\lm3_base_v1\test\pop\pop.00039__03000ms__0009.npy
cnn,pop__pop.00039,pop,10,pop,pop,1,0.905210554599762,E:\dl\mel_cache\lm3_base_v1\test\pop\pop.00039__03000ms__0010.npy
cnn,pop__pop.00039,pop,11,pop,pop,1,0.9261571168899536,E:\dl\mel_cache\lm3_base_v1\test\pop\pop.00039__03000ms__0011.npy
cnn,pop__pop.00039,pop,12,pop,pop,1,0.9181619882583618,E:\dl\mel_cache\lm3_base_v1\test\pop\pop.00039__03000ms__0012.npy
cnn,pop__pop.00039,pop,13,pop,pop,1,0.9235019683837891,E:\dl\mel_cache\lm3_base_v1\test\pop\pop.00039__03000ms__0013.npy
cnn,pop__pop.00039,pop,14,pop,pop,1,0.9369409084320068,E:\dl\mel_cache\lm3_base_v1\test\pop\pop.00039__03000ms__0014.npy
cnn,pop__pop.00039,pop,15,pop,pop,1,0.9154152274131775,E:\dl\mel_cache\lm3_base_v1\test\pop\pop.00039__03000ms__0015.npy
cnn,pop__pop.00039,pop,16,pop,pop,1,0.9231148958206177,E:\dl\mel_cache\lm3_base_v1\test\pop\pop.00039__03000ms__0016.npy
cnn,pop__pop.00039,pop,17,pop,pop,1,0.9323768019676208,E:\dl\mel_cache\lm3_base_v1\test\pop\pop.00039__03000ms__0017.npy
cnn,pop__pop.00039,pop,18,pop,pop,1,0.9344594478607178,E:\dl\mel_cache\lm3_base_v1\test\pop\pop.00039__03000ms__0018.npy
cnn,pop__pop.00039,pop,19,pop,pop,1,0.9344672560691833,E:\dl\mel_cache\lm3_base_v1\test\pop\pop.00039__03000ms__0019.npy
cnn,pop__pop.00045,pop,0,pop,hiphop,0,0.7312473654747009,E:\dl\mel_cache\lm3_base_v1\test\pop\pop.00045__03000ms__0000.npy
cnn,pop__pop.00045,pop,1,pop,hiphop,0,0.8352921009063721,E:\dl\mel_cache\lm3_base_v1\test\pop\pop.00045__03000ms__0001.npy
cnn,pop__pop.00045,pop,2,pop,hiphop,0,0.9270704388618469,E:\dl\mel_cache\lm3_base_v1\test\pop\pop.00045__03000ms__0002.npy
cnn,pop__pop.00045,pop,3,pop,pop,1,0.9025102257728577,E:\dl\mel_cache\lm3_base_v1\test\pop\pop.00045__03000ms__0003.npy
cnn,pop__pop.00045,pop,4,pop,pop,1,0.9114704728126526,E:\dl\mel_cache\lm3_base_v1\test\pop\pop.00045__03000ms__0004.npy
cnn,pop__pop.00045,pop,5,pop,pop,1,0.5944329500198364,E:\dl\mel_cache\lm3_base_v1\test\pop\pop.00045__03000ms__0005.npy
cnn,pop__pop.00045,pop,6,pop,hiphop,0,0.45632004737854004,E:\dl\mel_cache\lm3_base_v1\test\pop\pop.00045__03000ms__0006.npy
cnn,pop__pop.00045,pop,7,pop,pop,1,0.8094013333320618,E:\dl\mel_cache\lm3_base_v1\test\pop\pop.00045__03000ms__0007.npy
cnn,pop__pop.00045,pop,8,pop,pop,1,0.905437707901001,E:\dl\mel_cache\lm3_base_v1\test\pop\pop.00045__03000ms__0008.npy
cnn,pop__pop.00045,pop,9,pop,pop,1,0.44751495122909546,E:\dl\mel_cache\lm3_base_v1\test\pop\pop.00045__03000ms__0009.npy
cnn,pop__pop.00045,pop,10,pop,pop,1,0.7165623903274536,E:\dl\mel_cache\lm3_base_v1\test\pop\pop.00045__03000ms__0010.npy
cnn,pop__pop.00045,pop,11,pop,pop,1,0.9498804807662964,E:\dl\mel_cache\lm3_base_v1\test\pop\pop.00045__03000ms__0011.npy
cnn,pop__pop.00045,pop,12,pop,pop,1,0.9479026794433594,E:\dl\mel_cache\lm3_base_v1\test\pop\pop.00045__03000ms__0012.npy
cnn,pop__pop.00045,pop,13,pop,pop,1,0.9237066507339478,E:\dl\mel_cache\lm3_base_v1\test\pop\pop.00045__03000ms__0013.npy
cnn,pop__pop.00045,pop,14,pop,pop,1,0.921358585357666,E:\dl\mel_cache\lm3_base_v1\test\pop\pop.00045__03000ms__0014.npy
cnn,pop__pop.00045,pop,15,pop,pop,1,0.931067168712616,E:\dl\mel_cache\lm3_base_v1\test\pop\pop.00045__03000ms__0015.npy
cnn,pop__pop.00045,pop,16,pop,pop,1,0.9327719807624817,E:\dl\mel_cache\lm3_base_v1\test\pop\pop.00045__03000ms__0016.npy
cnn,pop__pop.00045,pop,17,pop,pop,1,0.879078209400177,E:\dl\mel_cache\lm3_base_v1\test\pop\pop.00045__03000ms__0017.npy
cnn,pop__pop.00045,pop,18,pop,pop,1,0.9465581178665161,E:\dl\mel_cache\lm3_base_v1\test\pop\pop.00045__03000ms__0018.npy
cnn,pop__pop.00045,pop,19,pop,pop,1,0.9465177059173584,E:\dl\mel_cache\lm3_base_v1\test\pop\pop.00045__03000ms__0019.npy
cnn,pop__pop.00049,pop,0,pop,pop,1,0.9185264110565186,E:\dl\mel_cache\lm3_base_v1\test\pop\pop.00049__03000ms__0000.npy
cnn,pop__pop.00049,pop,1,pop,pop,1,0.9209578633308411,E:\dl\mel_cache\lm3_base_v1\test\pop\pop.00049__03000ms__0001.npy
cnn,pop__pop.00049,pop,2,pop,pop,1,0.9092664122581482,E:\dl\mel_cache\lm3_base_v1\test\pop\pop.00049__03000ms__0002.npy
cnn,pop__pop.00049,pop,3,pop,pop,1,0.8416278958320618,E:\dl\mel_cache\lm3_base_v1\test\pop\pop.00049__03000ms__0003.npy
cnn,pop__pop.00049,pop,4,pop,pop,1,0.8928434252738953,E:\dl\mel_cache\lm3_base_v1\test\pop\pop.00049__03000ms__0004.npy
cnn,pop__pop.00049,pop,5,pop,pop,1,0.9122615456581116,E:\dl\mel_cache\lm3_base_v1\test\pop\pop.00049__03000ms__0005.npy
cnn,pop__pop.00049,pop,6,pop,pop,1,0.8550634980201721,E:\dl\mel_cache\lm3_base_v1\test\pop\pop.00049__03000ms__0006.npy
cnn,pop__pop.00049,pop,7,pop,pop,1,0.8310052156448364,E:\dl\mel_cache\lm3_base_v1\test\pop\pop.00049__03000ms__0007.npy
cnn,pop__pop.00049,pop,8,pop,pop,1,0.8589616417884827,E:\dl\mel_cache\lm3_base_v1\test\pop\pop.00049__03000ms__0008.npy
cnn,pop__pop.00049,pop,9,pop,rock,0,0.714630663394928,E:\dl\mel_cache\lm3_base_v1\test\pop\pop.00049__03000ms__0009.npy
cnn,pop__pop.00049,pop,10,pop,pop,1,0.8884312510490417,E:\dl\mel_cache\lm3_base_v1\test\pop\pop.00049__03000ms__0010.npy
cnn,pop__pop.00049,pop,11,pop,pop,1,0.8892207741737366,E:\dl\mel_cache\lm3_base_v1\test\pop\pop.00049__03000ms__0011.npy
cnn,pop__pop.00049,pop,12,pop,pop,1,0.9161911010742188,E:\dl\mel_cache\lm3_base_v1\test\pop\pop.00049__03000ms__0012.npy
cnn,pop__pop.00049,pop,13,pop,pop,1,0.9175119400024414,E:\dl\mel_cache\lm3_base_v1\test\pop\pop.00049__03000ms__0013.npy
cnn,pop__pop.00049,pop,14,pop,pop,1,0.9128702878952026,E:\dl\mel_cache\lm3_base_v1\test\pop\pop.00049__03000ms__0014.npy
cnn,pop__pop.00049,pop,15,pop,pop,1,0.8437854647636414,E:\dl\mel_cache\lm3_base_v1\test\pop\pop.00049__03000ms__0015.npy
cnn,pop__pop.00049,pop,16,pop,pop,1,0.8631889820098877,E:\dl\mel_cache\lm3_base_v1\test\pop\pop.00049__03000ms__0016.npy
cnn,pop__pop.00049,pop,17,pop,pop,1,0.7880634069442749,E:\dl\mel_cache\lm3_base_v1\test\pop\pop.00049__03000ms__0017.npy
cnn,pop__pop.00049,pop,18,pop,pop,1,0.9084616899490356,E:\dl\mel_cache\lm3_base_v1\test\pop\pop.00049__03000ms__0018.npy
cnn,pop__pop.00049,pop,19,pop,pop,1,0.9086112380027771,E:\dl\mel_cache\lm3_base_v1\test\pop\pop.00049__03000ms__0019.npy
cnn,pop__pop.00079,pop,0,pop,jazz,0,0.8866474628448486,E:\dl\mel_cache\lm3_base_v1\test\pop\pop.00079__03000ms__0000.npy
cnn,pop__pop.00079,pop,1,pop,jazz,0,0.7758590579032898,E:\dl\mel_cache\lm3_base_v1\test\pop\pop.00079__03000ms__0001.npy
cnn,pop__pop.00079,pop,2,pop,jazz,0,0.8080430030822754,E:\dl\mel_cache\lm3_base_v1\test\pop\pop.00079__03000ms__0002.npy
cnn,pop__pop.00079,pop,3,pop,jazz,0,0.8708589673042297,E:\dl\mel_cache\lm3_base_v1\test\pop\pop.00079__03000ms__0003.npy
cnn,pop__pop.00079,pop,4,pop,jazz,0,0.8951600790023804,E:\dl\mel_cache\lm3_base_v1\test\pop\pop.00079__03000ms__0004.npy
cnn,pop__pop.00079,pop,5,pop,jazz,0,0.6244822144508362,E:\dl\mel_cache\lm3_base_v1\test\pop\pop.00079__03000ms__0005.npy
cnn,pop__pop.00079,pop,6,pop,jazz,0,0.7907349467277527,E:\dl\mel_cache\lm3_base_v1\test\pop\pop.00079__03000ms__0006.npy
cnn,pop__pop.00079,pop,7,pop,jazz,0,0.40019547939300537,E:\dl\mel_cache\lm3_base_v1\test\pop\pop.00079__03000ms__0007.npy
cnn,pop__pop.00079,pop,8,pop,rock,0,0.4789842367172241,E:\dl\mel_cache\lm3_base_v1\test\pop\pop.00079__03000ms__0008.npy
cnn,pop__pop.00079,pop,9,pop,blues,0,0.42117753624916077,E:\dl\mel_cache\lm3_base_v1\test\pop\pop.00079__03000ms__0009.npy
cnn,pop__pop.00079,pop,10,pop,blues,0,0.5710260272026062,E:\dl\mel_cache\lm3_base_v1\test\pop\pop.00079__03000ms__0010.npy
cnn,pop__pop.00079,pop,11,pop,blues,0,0.8828197717666626,E:\dl\mel_cache\lm3_base_v1\test\pop\pop.00079__03000ms__0011.npy
cnn,pop__pop.00079,pop,12,pop,blues,0,0.43148234486579895,E:\dl\mel_cache\lm3_base_v1\test\pop\pop.00079__03000ms__0012.npy
cnn,pop__pop.00079,pop,13,pop,blues,0,0.6709691882133484,E:\dl\mel_cache\lm3_base_v1\test\pop\pop.00079__03000ms__0013.npy
cnn,pop__pop.00079,pop,14,pop,blues,0,0.6993951201438904,E:\dl\mel_cache\lm3_base_v1\test\pop\pop.00079__03000ms__0014.npy
cnn,pop__pop.00079,pop,15,pop,blues,0,0.7671428322792053,E:\dl\mel_cache\lm3_base_v1\test\pop\pop.00079__03000ms__0015.npy
cnn,pop__pop.00079,pop,16,pop,blues,0,0.9315646886825562,E:\dl\mel_cache\lm3_base_v1\test\pop\pop.00079__03000ms__0016.npy
cnn,pop__pop.00079,pop,17,pop,jazz,0,0.3750420808792114,E:\dl\mel_cache\lm3_base_v1\test\pop\pop.00079__03000ms__0017.npy
cnn,pop__pop.00079,pop,18,pop,blues,0,0.7613435983657837,E:\dl\mel_cache\lm3_base_v1\test\pop\pop.00079__03000ms__0018.npy
cnn,pop__pop.00079,pop,19,pop,blues,0,0.763200581073761,E:\dl\mel_cache\lm3_base_v1\test\pop\pop.00079__03000ms__0019.npy
cnn,pop__pop.00081,pop,0,pop,pop,1,0.6469219923019409,E:\dl\mel_cache\lm3_base_v1\test\pop\pop.00081__03000ms__0000.npy
cnn,pop__pop.00081,pop,1,pop,pop,1,0.9005597829818726,E:\dl\mel_cache\lm3_base_v1\test\pop\pop.00081__03000ms__0001.npy
cnn,pop__pop.00081,pop,2,pop,pop,1,0.8167449831962585,E:\dl\mel_cache\lm3_base_v1\test\pop\pop.00081__03000ms__0002.npy
cnn,pop__pop.00081,pop,3,pop,rock,0,0.3167371451854706,E:\dl\mel_cache\lm3_base_v1\test\pop\pop.00081__03000ms__0003.npy
cnn,pop__pop.00081,pop,4,pop,rock,0,0.5792703628540039,E:\dl\mel_cache\lm3_base_v1\test\pop\pop.00081__03000ms__0004.npy
cnn,pop__pop.00081,pop,5,pop,pop,1,0.49039426445961,E:\dl\mel_cache\lm3_base_v1\test\pop\pop.00081__03000ms__0005.npy
cnn,pop__pop.00081,pop,6,pop,rock,0,0.3431273102760315,E:\dl\mel_cache\lm3_base_v1\test\pop\pop.00081__03000ms__0006.npy
cnn,pop__pop.00081,pop,7,pop,country,0,0.38951560854911804,E:\dl\mel_cache\lm3_base_v1\test\pop\pop.00081__03000ms__0007.npy
cnn,pop__pop.00081,pop,8,pop,pop,1,0.8048372864723206,E:\dl\mel_cache\lm3_base_v1\test\pop\pop.00081__03000ms__0008.npy
cnn,pop__pop.00081,pop,9,pop,pop,1,0.9049813747406006,E:\dl\mel_cache\lm3_base_v1\test\pop\pop.00081__03000ms__0009.npy
cnn,pop__pop.00081,pop,10,pop,pop,1,0.7585511803627014,E:\dl\mel_cache\lm3_base_v1\test\pop\pop.00081__03000ms__0010.npy
cnn,pop__pop.00081,pop,11,pop,country,0,0.35267868638038635,E:\dl\mel_cache\lm3_base_v1\test\pop\pop.00081__03000ms__0011.npy
cnn,pop__pop.00081,pop,12,pop,country,0,0.519034206867218,E:\dl\mel_cache\lm3_base_v1\test\pop\pop.00081__03000ms__0012.npy
cnn,pop__pop.00081,pop,13,pop,country,0,0.6767084002494812,E:\dl\mel_cache\lm3_base_v1\test\pop\pop.00081__03000ms__0013.npy
cnn,pop__pop.00081,pop,14,pop,rock,0,0.836821973323822,E:\dl\mel_cache\lm3_base_v1\test\pop\pop.00081__03000ms__0014.npy
cnn,pop__pop.00081,pop,15,pop,rock,0,0.6374307870864868,E:\dl\mel_cache\lm3_base_v1\test\pop\pop.00081__03000ms__0015.npy
cnn,pop__pop.00081,pop,16,pop,country,0,0.4688412547111511,E:\dl\mel_cache\lm3_base_v1\test\pop\pop.00081__03000ms__0016.npy
cnn,pop__pop.00081,pop,17,pop,pop,1,0.6660681962966919,E:\dl\mel_cache\lm3_base_v1\test\pop\pop.00081__03000ms__0017.npy
cnn,pop__pop.00081,pop,18,pop,pop,1,0.7563598155975342,E:\dl\mel_cache\lm3_base_v1\test\pop\pop.00081__03000ms__0018.npy
cnn,pop__pop.00081,pop,19,pop,pop,1,0.7575772404670715,E:\dl\mel_cache\lm3_base_v1\test\pop\pop.00081__03000ms__0019.npy
cnn,reggae__reggae.00029,reggae,0,reggae,reggae,1,0.9473097920417786,E:\dl\mel_cache\lm3_base_v1\test\reggae\reggae.00029__03000ms__0000.npy
cnn,reggae__reggae.00029,reggae,1,reggae,reggae,1,0.9468382596969604,E:\dl\mel_cache\lm3_base_v1\test\reggae\reggae.00029__03000ms__0001.npy
cnn,reggae__reggae.00029,reggae,2,reggae,reggae,1,0.9456887245178223,E:\dl\mel_cache\lm3_base_v1\test\reggae\reggae.00029__03000ms__0002.npy
cnn,reggae__reggae.00029,reggae,3,reggae,reggae,1,0.9473280906677246,E:\dl\mel_cache\lm3_base_v1\test\reggae\reggae.00029__03000ms__0003.npy
cnn,reggae__reggae.00029,reggae,4,reggae,reggae,1,0.9397721290588379,E:\dl\mel_cache\lm3_base_v1\test\reggae\reggae.00029__03000ms__0004.npy
cnn,reggae__reggae.00029,reggae,5,reggae,reggae,1,0.9400478601455688,E:\dl\mel_cache\lm3_base_v1\test\reggae\reggae.00029__03000ms__0005.npy
cnn,reggae__reggae.00029,reggae,6,reggae,reggae,1,0.9282066226005554,E:\dl\mel_cache\lm3_base_v1\test\reggae\reggae.00029__03000ms__0006.npy
cnn,reggae__reggae.00029,reggae,7,reggae,reggae,1,0.942298173904419,E:\dl\mel_cache\lm3_base_v1\test\reggae\reggae.00029__03000ms__0007.npy
cnn,reggae__reggae.00029,reggae,8,reggae,reggae,1,0.9383112788200378,E:\dl\mel_cache\lm3_base_v1\test\reggae\reggae.00029__03000ms__0008.npy
cnn,reggae__reggae.00029,reggae,9,reggae,reggae,1,0.9336726665496826,E:\dl\mel_cache\lm3_base_v1\test\reggae\reggae.00029__03000ms__0009.npy
cnn,reggae__reggae.00029,reggae,10,reggae,reggae,1,0.9368072748184204,E:\dl\mel_cache\lm3_base_v1\test\reggae\reggae.00029__03000ms__0010.npy
cnn,reggae__reggae.00029,reggae,11,reggae,reggae,1,0.946032702922821,E:\dl\mel_cache\lm3_base_v1\test\reggae\reggae.00029__03000ms__0011.npy
cnn,reggae__reggae.00029,reggae,12,reggae,reggae,1,0.9446969032287598,E:\dl\mel_cache\lm3_base_v1\test\reggae\reggae.00029__03000ms__0012.npy
cnn,reggae__reggae.00029,reggae,13,reggae,reggae,1,0.9006569385528564,E:\dl\mel_cache\lm3_base_v1\test\reggae\reggae.00029__03000ms__0013.npy
cnn,reggae__reggae.00029,reggae,14,reggae,reggae,1,0.9214184284210205,E:\dl\mel_cache\lm3_base_v1\test\reggae\reggae.00029__03000ms__0014.npy
cnn,reggae__reggae.00029,reggae,15,reggae,reggae,1,0.8862234950065613,E:\dl\mel_cache\lm3_base_v1\test\reggae\reggae.00029__03000ms__0015.npy
cnn,reggae__reggae.00029,reggae,16,reggae,reggae,1,0.9267781376838684,E:\dl\mel_cache\lm3_base_v1\test\reggae\reggae.00029__03000ms__0016.npy
cnn,reggae__reggae.00029,reggae,17,reggae,reggae,1,0.9125170707702637,E:\dl\mel_cache\lm3_base_v1\test\reggae\reggae.00029__03000ms__0017.npy
cnn,reggae__reggae.00029,reggae,18,reggae,reggae,1,0.7748238444328308,E:\dl\mel_cache\lm3_base_v1\test\reggae\reggae.00029__03000ms__0018.npy
cnn,reggae__reggae.00029,reggae,19,reggae,reggae,1,0.7640620470046997,E:\dl\mel_cache\lm3_base_v1\test\reggae\reggae.00029__03000ms__0019.npy
cnn,reggae__reggae.00031,reggae,0,reggae,reggae,1,0.9372205138206482,E:\dl\mel_cache\lm3_base_v1\test\reggae\reggae.00031__03000ms__0000.npy
cnn,reggae__reggae.00031,reggae,1,reggae,reggae,1,0.9287391901016235,E:\dl\mel_cache\lm3_base_v1\test\reggae\reggae.00031__03000ms__0001.npy
cnn,reggae__reggae.00031,reggae,2,reggae,reggae,1,0.9404190182685852,E:\dl\mel_cache\lm3_base_v1\test\reggae\reggae.00031__03000ms__0002.npy
cnn,reggae__reggae.00031,reggae,3,reggae,reggae,1,0.9312959313392639,E:\dl\mel_cache\lm3_base_v1\test\reggae\reggae.00031__03000ms__0003.npy
cnn,reggae__reggae.00031,reggae,4,reggae,reggae,1,0.9430634379386902,E:\dl\mel_cache\lm3_base_v1\test\reggae\reggae.00031__03000ms__0004.npy
cnn,reggae__reggae.00031,reggae,5,reggae,reggae,1,0.9372590184211731,E:\dl\mel_cache\lm3_base_v1\test\reggae\reggae.00031__03000ms__0005.npy
cnn,reggae__reggae.00031,reggae,6,reggae,reggae,1,0.9435534477233887,E:\dl\mel_cache\lm3_base_v1\test\reggae\reggae.00031__03000ms__0006.npy
cnn,reggae__reggae.00031,reggae,7,reggae,reggae,1,0.9430561661720276,E:\dl\mel_cache\lm3_base_v1\test\reggae\reggae.00031__03000ms__0007.npy
cnn,reggae__reggae.00031,reggae,8,reggae,reggae,1,0.9334180951118469,E:\dl\mel_cache\lm3_base_v1\test\reggae\reggae.00031__03000ms__0008.npy
cnn,reggae__reggae.00031,reggae,9,reggae,reggae,1,0.9300750494003296,E:\dl\mel_cache\lm3_base_v1\test\reggae\reggae.00031__03000ms__0009.npy
cnn,reggae__reggae.00031,reggae,10,reggae,reggae,1,0.9344216585159302,E:\dl\mel_cache\lm3_base_v1\test\reggae\reggae.00031__03000ms__0010.npy
cnn,reggae__reggae.00031,reggae,11,reggae,reggae,1,0.9437501430511475,E:\dl\mel_cache\lm3_base_v1\test\reggae\reggae.00031__03000ms__0011.npy
cnn,reggae__reggae.00031,reggae,12,reggae,reggae,1,0.9392341375350952,E:\dl\mel_cache\lm3_base_v1\test\reggae\reggae.00031__03000ms__0012.npy
cnn,reggae__reggae.00031,reggae,13,reggae,reggae,1,0.9476354122161865,E:\dl\mel_cache\lm3_base_v1\test\reggae\reggae.00031__03000ms__0013.npy
cnn,reggae__reggae.00031,reggae,14,reggae,reggae,1,0.9499592185020447,E:\dl\mel_cache\lm3_base_v1\test\reggae\reggae.00031__03000ms__0014.npy
cnn,reggae__reggae.00031,reggae,15,reggae,reggae,1,0.9506475329399109,E:\dl\mel_cache\lm3_base_v1\test\reggae\reggae.00031__03000ms__0015.npy
cnn,reggae__reggae.00031,reggae,16,reggae,reggae,1,0.947727620601654,E:\dl\mel_cache\lm3_base_v1\test\reggae\reggae.00031__03000ms__0016.npy
cnn,reggae__reggae.00031,reggae,17,reggae,reggae,1,0.9449197053909302,E:\dl\mel_cache\lm3_base_v1\test\reggae\reggae.00031__03000ms__0017.npy
cnn,reggae__reggae.00031,reggae,18,reggae,reggae,1,0.9469345211982727,E:\dl\mel_cache\lm3_base_v1\test\reggae\reggae.00031__03000ms__0018.npy
cnn,reggae__reggae.00031,reggae,19,reggae,reggae,1,0.9463409781455994,E:\dl\mel_cache\lm3_base_v1\test\reggae\reggae.00031__03000ms__0019.npy
cnn,reggae__reggae.00034,reggae,0,reggae,reggae,1,0.9191644191741943,E:\dl\mel_cache\lm3_base_v1\test\reggae\reggae.00034__03000ms__0000.npy
cnn,reggae__reggae.00034,reggae,1,reggae,reggae,1,0.8237106800079346,E:\dl\mel_cache\lm3_base_v1\test\reggae\reggae.00034__03000ms__0001.npy
cnn,reggae__reggae.00034,reggae,2,reggae,reggae,1,0.8400723338127136,E:\dl\mel_cache\lm3_base_v1\test\reggae\reggae.00034__03000ms__0002.npy
cnn,reggae__reggae.00034,reggae,3,reggae,reggae,1,0.8828970789909363,E:\dl\mel_cache\lm3_base_v1\test\reggae\reggae.00034__03000ms__0003.npy
cnn,reggae__reggae.00034,reggae,4,reggae,reggae,1,0.9306899309158325,E:\dl\mel_cache\lm3_base_v1\test\reggae\reggae.00034__03000ms__0004.npy
cnn,reggae__reggae.00034,reggae,5,reggae,reggae,1,0.9379445314407349,E:\dl\mel_cache\lm3_base_v1\test\reggae\reggae.00034__03000ms__0005.npy
cnn,reggae__reggae.00034,reggae,6,reggae,reggae,1,0.9277467131614685,E:\dl\mel_cache\lm3_base_v1\test\reggae\reggae.00034__03000ms__0006.npy
cnn,reggae__reggae.00034,reggae,7,reggae,reggae,1,0.9088008403778076,E:\dl\mel_cache\lm3_base_v1\test\reggae\reggae.00034__03000ms__0007.npy
cnn,reggae__reggae.00034,reggae,8,reggae,reggae,1,0.7457342147827148,E:\dl\mel_cache\lm3_base_v1\test\reggae\reggae.00034__03000ms__0008.npy
cnn,reggae__reggae.00034,reggae,9,reggae,reggae,1,0.8164367079734802,E:\dl\mel_cache\lm3_base_v1\test\reggae\reggae.00034__03000ms__0009.npy
cnn,reggae__reggae.00034,reggae,10,reggae,reggae,1,0.8922762274742126,E:\dl\mel_cache\lm3_base_v1\test\reggae\reggae.00034__03000ms__0010.npy
cnn,reggae__reggae.00034,reggae,11,reggae,reggae,1,0.9165681600570679,E:\dl\mel_cache\lm3_base_v1\test\reggae\reggae.00034__03000ms__0011.npy
cnn,reggae__reggae.00034,reggae,12,reggae,reggae,1,0.908570408821106,E:\dl\mel_cache\lm3_base_v1\test\reggae\reggae.00034__03000ms__0012.npy
cnn,reggae__reggae.00034,reggae,13,reggae,reggae,1,0.9016827344894409,E:\dl\mel_cache\lm3_base_v1\test\reggae\reggae.00034__03000ms__0013.npy
cnn,reggae__reggae.00034,reggae,14,reggae,reggae,1,0.7915570139884949,E:\dl\mel_cache\lm3_base_v1\test\reggae\reggae.00034__03000ms__0014.npy
cnn,reggae__reggae.00034,reggae,15,reggae,reggae,1,0.8124919533729553,E:\dl\mel_cache\lm3_base_v1\test\reggae\reggae.00034__03000ms__0015.npy
cnn,reggae__reggae.00034,reggae,16,reggae,reggae,1,0.9069237112998962,E:\dl\mel_cache\lm3_base_v1\test\reggae\reggae.00034__03000ms__0016.npy
cnn,reggae__reggae.00034,reggae,17,reggae,reggae,1,0.8534924983978271,E:\dl\mel_cache\lm3_base_v1\test\reggae\reggae.00034__03000ms__0017.npy
cnn,reggae__reggae.00034,reggae,18,reggae,reggae,1,0.888992965221405,E:\dl\mel_cache\lm3_base_v1\test\reggae\reggae.00034__03000ms__0018.npy
cnn,reggae__reggae.00034,reggae,19,reggae,reggae,1,0.8903570771217346,E:\dl\mel_cache\lm3_base_v1\test\reggae\reggae.00034__03000ms__0019.npy
cnn,reggae__reggae.00035,reggae,0,reggae,reggae,1,0.9033072590827942,E:\dl\mel_cache\lm3_base_v1\test\reggae\reggae.00035__03000ms__0000.npy
cnn,reggae__reggae.00035,reggae,1,reggae,reggae,1,0.9126520156860352,E:\dl\mel_cache\lm3_base_v1\test\reggae\reggae.00035__03000ms__0001.npy
cnn,reggae__reggae.00035,reggae,2,reggae,reggae,1,0.9314743280410767,E:\dl\mel_cache\lm3_base_v1\test\reggae\reggae.00035__03000ms__0002.npy
cnn,reggae__reggae.00035,reggae,3,reggae,reggae,1,0.9181225895881653,E:\dl\mel_cache\lm3_base_v1\test\reggae\reggae.00035__03000ms__0003.npy
cnn,reggae__reggae.00035,reggae,4,reggae,reggae,1,0.9133809804916382,E:\dl\mel_cache\lm3_base_v1\test\reggae\reggae.00035__03000ms__0004.npy
cnn,reggae__reggae.00035,reggae,5,reggae,reggae,1,0.8790372014045715,E:\dl\mel_cache\lm3_base_v1\test\reggae\reggae.00035__03000ms__0005.npy
cnn,reggae__reggae.00035,reggae,6,reggae,reggae,1,0.8935408592224121,E:\dl\mel_cache\lm3_base_v1\test\reggae\reggae.00035__03000ms__0006.npy
cnn,reggae__reggae.00035,reggae,7,reggae,reggae,1,0.9310411214828491,E:\dl\mel_cache\lm3_base_v1\test\reggae\reggae.00035__03000ms__0007.npy
cnn,reggae__reggae.00035,reggae,8,reggae,reggae,1,0.9313775300979614,E:\dl\mel_cache\lm3_base_v1\test\reggae\reggae.00035__03000ms__0008.npy
cnn,reggae__reggae.00035,reggae,9,reggae,reggae,1,0.9250151515007019,E:\dl\mel_cache\lm3_base_v1\test\reggae\reggae.00035__03000ms__0009.npy
cnn,reggae__reggae.00035,reggae,10,reggae,reggae,1,0.9361335039138794,E:\dl\mel_cache\lm3_base_v1\test\reggae\reggae.00035__03000ms__0010.npy
cnn,reggae__reggae.00035,reggae,11,reggae,reggae,1,0.8895610570907593,E:\dl\mel_cache\lm3_base_v1\test\reggae\reggae.00035__03000ms__0011.npy
cnn,reggae__reggae.00035,reggae,12,reggae,reggae,1,0.9053988456726074,E:\dl\mel_cache\lm3_base_v1\test\reggae\reggae.00035__03000ms__0012.npy
cnn,reggae__reggae.00035,reggae,13,reggae,reggae,1,0.9193791151046753,E:\dl\mel_cache\lm3_base_v1\test\reggae\reggae.00035__03000ms__0013.npy
cnn,reggae__reggae.00035,reggae,14,reggae,reggae,1,0.9421861171722412,E:\dl\mel_cache\lm3_base_v1\test\reggae\reggae.00035__03000ms__0014.npy
cnn,reggae__reggae.00035,reggae,15,reggae,reggae,1,0.9304349422454834,E:\dl\mel_cache\lm3_base_v1\test\reggae\reggae.00035__03000ms__0015.npy
cnn,reggae__reggae.00035,reggae,16,reggae,reggae,1,0.9095106720924377,E:\dl\mel_cache\lm3_base_v1\test\reggae\reggae.00035__03000ms__0016.npy
cnn,reggae__reggae.00035,reggae,17,reggae,reggae,1,0.9099645018577576,E:\dl\mel_cache\lm3_base_v1\test\reggae\reggae.00035__03000ms__0017.npy
cnn,reggae__reggae.00035,reggae,18,reggae,reggae,1,0.9139077067375183,E:\dl\mel_cache\lm3_base_v1\test\reggae\reggae.00035__03000ms__0018.npy
cnn,reggae__reggae.00035,reggae,19,reggae,reggae,1,0.9176526665687561,E:\dl\mel_cache\lm3_base_v1\test\reggae\reggae.00035__03000ms__0019.npy
cnn,reggae__reggae.00040,reggae,0,reggae,rock,0,0.4721624553203583,E:\dl\mel_cache\lm3_base_v1\test\reggae\reggae.00040__03000ms__0000.npy
cnn,reggae__reggae.00040,reggae,1,reggae,rock,0,0.3288567364215851,E:\dl\mel_cache\lm3_base_v1\test\reggae\reggae.00040__03000ms__0001.npy
cnn,reggae__reggae.00040,reggae,2,reggae,rock,0,0.8020792007446289,E:\dl\mel_cache\lm3_base_v1\test\reggae\reggae.00040__03000ms__0002.npy
cnn,reggae__reggae.00040,reggae,3,reggae,rock,0,0.9090573787689209,E:\dl\mel_cache\lm3_base_v1\test\reggae\reggae.00040__03000ms__0003.npy
cnn,reggae__reggae.00040,reggae,4,reggae,rock,0,0.5622349381446838,E:\dl\mel_cache\lm3_base_v1\test\reggae\reggae.00040__03000ms__0004.npy
cnn,reggae__reggae.00040,reggae,5,reggae,rock,0,0.8181990385055542,E:\dl\mel_cache\lm3_base_v1\test\reggae\reggae.00040__03000ms__0005.npy
cnn,reggae__reggae.00040,reggae,6,reggae,rock,0,0.8392069935798645,E:\dl\mel_cache\lm3_base_v1\test\reggae\reggae.00040__03000ms__0006.npy
cnn,reggae__reggae.00040,reggae,7,reggae,rock,0,0.8041355609893799,E:\dl\mel_cache\lm3_base_v1\test\reggae\reggae.00040__03000ms__0007.npy
cnn,reggae__reggae.00040,reggae,8,reggae,jazz,0,0.45418843626976013,E:\dl\mel_cache\lm3_base_v1\test\reggae\reggae.00040__03000ms__0008.npy
cnn,reggae__reggae.00040,reggae,9,reggae,rock,0,0.7718892097473145,E:\dl\mel_cache\lm3_base_v1\test\reggae\reggae.00040__03000ms__0009.npy
cnn,reggae__reggae.00040,reggae,10,reggae,rock,0,0.8661710023880005,E:\dl\mel_cache\lm3_base_v1\test\reggae\reggae.00040__03000ms__0010.npy
cnn,reggae__reggae.00040,reggae,11,reggae,rock,0,0.6392232179641724,E:\dl\mel_cache\lm3_base_v1\test\reggae\reggae.00040__03000ms__0011.npy
cnn,reggae__reggae.00040,reggae,12,reggae,rock,0,0.6769826412200928,E:\dl\mel_cache\lm3_base_v1\test\reggae\reggae.00040__03000ms__0012.npy
cnn,reggae__reggae.00040,reggae,13,reggae,rock,0,0.7586222290992737,E:\dl\mel_cache\lm3_base_v1\test\reggae\reggae.00040__03000ms__0013.npy
cnn,reggae__reggae.00040,reggae,14,reggae,jazz,0,0.455112487077713,E:\dl\mel_cache\lm3_base_v1\test\reggae\reggae.00040__03000ms__0014.npy
cnn,reggae__reggae.00040,reggae,15,reggae,reggae,1,0.31822094321250916,E:\dl\mel_cache\lm3_base_v1\test\reggae\reggae.00040__03000ms__0015.npy
cnn,reggae__reggae.00040,reggae,16,reggae,blues,0,0.4485996961593628,E:\dl\mel_cache\lm3_base_v1\test\reggae\reggae.00040__03000ms__0016.npy
cnn,reggae__reggae.00040,reggae,17,reggae,blues,0,0.5142448544502258,E:\dl\mel_cache\lm3_base_v1\test\reggae\reggae.00040__03000ms__0017.npy
cnn,reggae__reggae.00040,reggae,18,reggae,rock,0,0.8319005966186523,E:\dl\mel_cache\lm3_base_v1\test\reggae\reggae.00040__03000ms__0018.npy
cnn,reggae__reggae.00040,reggae,19,reggae,rock,0,0.7518579959869385,E:\dl\mel_cache\lm3_base_v1\test\reggae\reggae.00040__03000ms__0019.npy
cnn,reggae__reggae.00047,reggae,0,reggae,reggae,1,0.9054791927337646,E:\dl\mel_cache\lm3_base_v1\test\reggae\reggae.00047__03000ms__0000.npy
cnn,reggae__reggae.00047,reggae,1,reggae,reggae,1,0.880255401134491,E:\dl\mel_cache\lm3_base_v1\test\reggae\reggae.00047__03000ms__0001.npy
cnn,reggae__reggae.00047,reggae,2,reggae,reggae,1,0.9436702728271484,E:\dl\mel_cache\lm3_base_v1\test\reggae\reggae.00047__03000ms__0002.npy
cnn,reggae__reggae.00047,reggae,3,reggae,reggae,1,0.9404763579368591,E:\dl\mel_cache\lm3_base_v1\test\reggae\reggae.00047__03000ms__0003.npy
cnn,reggae__reggae.00047,reggae,4,reggae,reggae,1,0.9318832755088806,E:\dl\mel_cache\lm3_base_v1\test\reggae\reggae.00047__03000ms__0004.npy
cnn,reggae__reggae.00047,reggae,5,reggae,reggae,1,0.8562464714050293,E:\dl\mel_cache\lm3_base_v1\test\reggae\reggae.00047__03000ms__0005.npy
cnn,reggae__reggae.00047,reggae,6,reggae,reggae,1,0.911005437374115,E:\dl\mel_cache\lm3_base_v1\test\reggae\reggae.00047__03000ms__0006.npy
cnn,reggae__reggae.00047,reggae,7,reggae,reggae,1,0.8983619213104248,E:\dl\mel_cache\lm3_base_v1\test\reggae\reggae.00047__03000ms__0007.npy
cnn,reggae__reggae.00047,reggae,8,reggae,reggae,1,0.9322426319122314,E:\dl\mel_cache\lm3_base_v1\test\reggae\reggae.00047__03000ms__0008.npy
cnn,reggae__reggae.00047,reggae,9,reggae,reggae,1,0.9336351156234741,E:\dl\mel_cache\lm3_base_v1\test\reggae\reggae.00047__03000ms__0009.npy
cnn,reggae__reggae.00047,reggae,10,reggae,reggae,1,0.9284178614616394,E:\dl\mel_cache\lm3_base_v1\test\reggae\reggae.00047__03000ms__0010.npy
cnn,reggae__reggae.00047,reggae,11,reggae,reggae,1,0.8242197632789612,E:\dl\mel_cache\lm3_base_v1\test\reggae\reggae.00047__03000ms__0011.npy
cnn,reggae__reggae.00047,reggae,12,reggae,reggae,1,0.6137545108795166,E:\dl\mel_cache\lm3_base_v1\test\reggae\reggae.00047__03000ms__0012.npy
cnn,reggae__reggae.00047,reggae,13,reggae,reggae,1,0.6472670435905457,E:\dl\mel_cache\lm3_base_v1\test\reggae\reggae.00047__03000ms__0013.npy
cnn,reggae__reggae.00047,reggae,14,reggae,reggae,1,0.8492002487182617,E:\dl\mel_cache\lm3_base_v1\test\reggae\reggae.00047__03000ms__0014.npy
cnn,reggae__reggae.00047,reggae,15,reggae,reggae,1,0.9231873154640198,E:\dl\mel_cache\lm3_base_v1\test\reggae\reggae.00047__03000ms__0015.npy
cnn,reggae__reggae.00047,reggae,16,reggae,reggae,1,0.9289752840995789,E:\dl\mel_cache\lm3_base_v1\test\reggae\reggae.00047__03000ms__0016.npy
cnn,reggae__reggae.00047,reggae,17,reggae,reggae,1,0.9261825680732727,E:\dl\mel_cache\lm3_base_v1\test\reggae\reggae.00047__03000ms__0017.npy
cnn,reggae__reggae.00047,reggae,18,reggae,reggae,1,0.9182096123695374,E:\dl\mel_cache\lm3_base_v1\test\reggae\reggae.00047__03000ms__0018.npy
cnn,reggae__reggae.00047,reggae,19,reggae,reggae,1,0.9185855984687805,E:\dl\mel_cache\lm3_base_v1\test\reggae\reggae.00047__03000ms__0019.npy
cnn,reggae__reggae.00049,reggae,0,reggae,pop,0,0.47175687551498413,E:\dl\mel_cache\lm3_base_v1\test\reggae\reggae.00049__03000ms__0000.npy
cnn,reggae__reggae.00049,reggae,1,reggae,reggae,1,0.4079499840736389,E:\dl\mel_cache\lm3_base_v1\test\reggae\reggae.00049__03000ms__0001.npy
cnn,reggae__reggae.00049,reggae,2,reggae,rock,0,0.3821750581264496,E:\dl\mel_cache\lm3_base_v1\test\reggae\reggae.00049__03000ms__0002.npy
cnn,reggae__reggae.00049,reggae,3,reggae,pop,0,0.27020907402038574,E:\dl\mel_cache\lm3_base_v1\test\reggae\reggae.00049__03000ms__0003.npy
cnn,reggae__reggae.00049,reggae,4,reggae,jazz,0,0.48814132809638977,E:\dl\mel_cache\lm3_base_v1\test\reggae\reggae.00049__03000ms__0004.npy
cnn,reggae__reggae.00049,reggae,5,reggae,rock,0,0.5022984743118286,E:\dl\mel_cache\lm3_base_v1\test\reggae\reggae.00049__03000ms__0005.npy
cnn,reggae__reggae.00049,reggae,6,reggae,pop,0,0.4059135317802429,E:\dl\mel_cache\lm3_base_v1\test\reggae\reggae.00049__03000ms__0006.npy
cnn,reggae__reggae.00049,reggae,7,reggae,pop,0,0.32901549339294434,E:\dl\mel_cache\lm3_base_v1\test\reggae\reggae.00049__03000ms__0007.npy
cnn,reggae__reggae.00049,reggae,8,reggae,reggae,1,0.40018829703330994,E:\dl\mel_cache\lm3_base_v1\test\reggae\reggae.00049__03000ms__0008.npy
cnn,reggae__reggae.00049,reggae,9,reggae,jazz,0,0.3378344774246216,E:\dl\mel_cache\lm3_base_v1\test\reggae\reggae.00049__03000ms__0009.npy
cnn,reggae__reggae.00049,reggae,10,reggae,blues,0,0.4172661304473877,E:\dl\mel_cache\lm3_base_v1\test\reggae\reggae.00049__03000ms__0010.npy
cnn,reggae__reggae.00049,reggae,11,reggae,rock,0,0.4267996847629547,E:\dl\mel_cache\lm3_base_v1\test\reggae\reggae.00049__03000ms__0011.npy
cnn,reggae__reggae.00049,reggae,12,reggae,rock,0,0.6621289253234863,E:\dl\mel_cache\lm3_base_v1\test\reggae\reggae.00049__03000ms__0012.npy
cnn,reggae__reggae.00049,reggae,13,reggae,rock,0,0.45687663555145264,E:\dl\mel_cache\lm3_base_v1\test\reggae\reggae.00049__03000ms__0013.npy
cnn,reggae__reggae.00049,reggae,14,reggae,blues,0,0.5394611954689026,E:\dl\mel_cache\lm3_base_v1\test\reggae\reggae.00049__03000ms__0014.npy
cnn,reggae__reggae.00049,reggae,15,reggae,jazz,0,0.4337972104549408,E:\dl\mel_cache\lm3_base_v1\test\reggae\reggae.00049__03000ms__0015.npy
cnn,reggae__reggae.00049,reggae,16,reggae,rock,0,0.30671077966690063,E:\dl\mel_cache\lm3_base_v1\test\reggae\reggae.00049__03000ms__0016.npy
cnn,reggae__reggae.00049,reggae,17,reggae,rock,0,0.32550492882728577,E:\dl\mel_cache\lm3_base_v1\test\reggae\reggae.00049__03000ms__0017.npy
cnn,reggae__reggae.00049,reggae,18,reggae,rock,0,0.5184366703033447,E:\dl\mel_cache\lm3_base_v1\test\reggae\reggae.00049__03000ms__0018.npy
cnn,reggae__reggae.00049,reggae,19,reggae,rock,0,0.5119086503982544,E:\dl\mel_cache\lm3_base_v1\test\reggae\reggae.00049__03000ms__0019.npy
cnn,reggae__reggae.00062,reggae,0,reggae,reggae,1,0.5370631814002991,E:\dl\mel_cache\lm3_base_v1\test\reggae\reggae.00062__03000ms__0000.npy
cnn,reggae__reggae.00062,reggae,1,reggae,reggae,1,0.6165328621864319,E:\dl\mel_cache\lm3_base_v1\test\reggae\reggae.00062__03000ms__0001.npy
cnn,reggae__reggae.00062,reggae,2,reggae,reggae,1,0.840442955493927,E:\dl\mel_cache\lm3_base_v1\test\reggae\reggae.00062__03000ms__0002.npy
cnn,reggae__reggae.00062,reggae,3,reggae,reggae,1,0.8200604915618896,E:\dl\mel_cache\lm3_base_v1\test\reggae\reggae.00062__03000ms__0003.npy
cnn,reggae__reggae.00062,reggae,4,reggae,jazz,0,0.45406287908554077,E:\dl\mel_cache\lm3_base_v1\test\reggae\reggae.00062__03000ms__0004.npy
cnn,reggae__reggae.00062,reggae,5,reggae,reggae,1,0.5910967588424683,E:\dl\mel_cache\lm3_base_v1\test\reggae\reggae.00062__03000ms__0005.npy
cnn,reggae__reggae.00062,reggae,6,reggae,reggae,1,0.8143139481544495,E:\dl\mel_cache\lm3_base_v1\test\reggae\reggae.00062__03000ms__0006.npy
cnn,reggae__reggae.00062,reggae,7,reggae,reggae,1,0.6393707990646362,E:\dl\mel_cache\lm3_base_v1\test\reggae\reggae.00062__03000ms__0007.npy
cnn,reggae__reggae.00062,reggae,8,reggae,reggae,1,0.3236334025859833,E:\dl\mel_cache\lm3_base_v1\test\reggae\reggae.00062__03000ms__0008.npy
cnn,reggae__reggae.00062,reggae,9,reggae,reggae,1,0.3604041635990143,E:\dl\mel_cache\lm3_base_v1\test\reggae\reggae.00062__03000ms__0009.npy
cnn,reggae__reggae.00062,reggae,10,reggae,reggae,1,0.8333291411399841,E:\dl\mel_cache\lm3_base_v1\test\reggae\reggae.00062__03000ms__0010.npy
cnn,reggae__reggae.00062,reggae,11,reggae,reggae,1,0.8998023271560669,E:\dl\mel_cache\lm3_base_v1\test\reggae\reggae.00062__03000ms__0011.npy
cnn,reggae__reggae.00062,reggae,12,reggae,reggae,1,0.6670112013816833,E:\dl\mel_cache\lm3_base_v1\test\reggae\reggae.00062__03000ms__0012.npy
cnn,reggae__reggae.00062,reggae,13,reggae,reggae,1,0.7230740785598755,E:\dl\mel_cache\lm3_base_v1\test\reggae\reggae.00062__03000ms__0013.npy
cnn,reggae__reggae.00062,reggae,14,reggae,reggae,1,0.9138509631156921,E:\dl\mel_cache\lm3_base_v1\test\reggae\reggae.00062__03000ms__0014.npy
cnn,reggae__reggae.00062,reggae,15,reggae,reggae,1,0.9161930084228516,E:\dl\mel_cache\lm3_base_v1\test\reggae\reggae.00062__03000ms__0015.npy
cnn,reggae__reggae.00062,reggae,16,reggae,reggae,1,0.8380910158157349,E:\dl\mel_cache\lm3_base_v1\test\reggae\reggae.00062__03000ms__0016.npy
cnn,reggae__reggae.00062,reggae,17,reggae,reggae,1,0.8149421811103821,E:\dl\mel_cache\lm3_base_v1\test\reggae\reggae.00062__03000ms__0017.npy
cnn,reggae__reggae.00062,reggae,18,reggae,reggae,1,0.7482074499130249,E:\dl\mel_cache\lm3_base_v1\test\reggae\reggae.00062__03000ms__0018.npy
cnn,reggae__reggae.00064,reggae,0,reggae,pop,0,0.6630555391311646,E:\dl\mel_cache\lm3_base_v1\test\reggae\reggae.00064__03000ms__0000.npy
cnn,reggae__reggae.00064,reggae,1,reggae,reggae,1,0.8552051186561584,E:\dl\mel_cache\lm3_base_v1\test\reggae\reggae.00064__03000ms__0001.npy
cnn,reggae__reggae.00064,reggae,2,reggae,reggae,1,0.9222235083580017,E:\dl\mel_cache\lm3_base_v1\test\reggae\reggae.00064__03000ms__0002.npy
cnn,reggae__reggae.00064,reggae,3,reggae,reggae,1,0.8889489769935608,E:\dl\mel_cache\lm3_base_v1\test\reggae\reggae.00064__03000ms__0003.npy
cnn,reggae__reggae.00064,reggae,4,reggae,reggae,1,0.8591426014900208,E:\dl\mel_cache\lm3_base_v1\test\reggae\reggae.00064__03000ms__0004.npy
cnn,reggae__reggae.00064,reggae,5,reggae,reggae,1,0.9128364324569702,E:\dl\mel_cache\lm3_base_v1\test\reggae\reggae.00064__03000ms__0005.npy
cnn,reggae__reggae.00064,reggae,6,reggae,reggae,1,0.8764281272888184,E:\dl\mel_cache\lm3_base_v1\test\reggae\reggae.00064__03000ms__0006.npy
cnn,reggae__reggae.00064,reggae,7,reggae,reggae,1,0.6477672457695007,E:\dl\mel_cache\lm3_base_v1\test\reggae\reggae.00064__03000ms__0007.npy
cnn,reggae__reggae.00064,reggae,8,reggae,reggae,1,0.6170029044151306,E:\dl\mel_cache\lm3_base_v1\test\reggae\reggae.00064__03000ms__0008.npy
cnn,reggae__reggae.00064,reggae,9,reggae,reggae,1,0.8850885033607483,E:\dl\mel_cache\lm3_base_v1\test\reggae\reggae.00064__03000ms__0009.npy
cnn,reggae__reggae.00064,reggae,10,reggae,reggae,1,0.9070177674293518,E:\dl\mel_cache\lm3_base_v1\test\reggae\reggae.00064__03000ms__0010.npy
cnn,reggae__reggae.00064,reggae,11,reggae,reggae,1,0.865755021572113,E:\dl\mel_cache\lm3_base_v1\test\reggae\reggae.00064__03000ms__0011.npy
cnn,reggae__reggae.00064,reggae,12,reggae,reggae,1,0.860170304775238,E:\dl\mel_cache\lm3_base_v1\test\reggae\reggae.00064__03000ms__0012.npy
cnn,reggae__reggae.00064,reggae,13,reggae,reggae,1,0.8779686689376831,E:\dl\mel_cache\lm3_base_v1\test\reggae\reggae.00064__03000ms__0013.npy
cnn,reggae__reggae.00064,reggae,14,reggae,reggae,1,0.826823890209198,E:\dl\mel_cache\lm3_base_v1\test\reggae\reggae.00064__03000ms__0014.npy
cnn,reggae__reggae.00064,reggae,15,reggae,reggae,1,0.8172784447669983,E:\dl\mel_cache\lm3_base_v1\test\reggae\reggae.00064__03000ms__0015.npy
cnn,reggae__reggae.00064,reggae,16,reggae,reggae,1,0.9384021759033203,E:\dl\mel_cache\lm3_base_v1\test\reggae\reggae.00064__03000ms__0016.npy
cnn,reggae__reggae.00064,reggae,17,reggae,reggae,1,0.8765655755996704,E:\dl\mel_cache\lm3_base_v1\test\reggae\reggae.00064__03000ms__0017.npy
cnn,reggae__reggae.00064,reggae,18,reggae,pop,0,0.5717247724533081,E:\dl\mel_cache\lm3_base_v1\test\reggae\reggae.00064__03000ms__0018.npy
cnn,reggae__reggae.00064,reggae,19,reggae,pop,0,0.5734063386917114,E:\dl\mel_cache\lm3_base_v1\test\reggae\reggae.00064__03000ms__0019.npy
cnn,reggae__reggae.00065,reggae,0,reggae,reggae,1,0.9354316592216492,E:\dl\mel_cache\lm3_base_v1\test\reggae\reggae.00065__03000ms__0000.npy
cnn,reggae__reggae.00065,reggae,1,reggae,reggae,1,0.8574497699737549,E:\dl\mel_cache\lm3_base_v1\test\reggae\reggae.00065__03000ms__0001.npy
cnn,reggae__reggae.00065,reggae,2,reggae,reggae,1,0.9477428793907166,E:\dl\mel_cache\lm3_base_v1\test\reggae\reggae.00065__03000ms__0002.npy
cnn,reggae__reggae.00065,reggae,3,reggae,reggae,1,0.9500705599784851,E:\dl\mel_cache\lm3_base_v1\test\reggae\reggae.00065__03000ms__0003.npy
cnn,reggae__reggae.00065,reggae,4,reggae,reggae,1,0.9490503668785095,E:\dl\mel_cache\lm3_base_v1\test\reggae\reggae.00065__03000ms__0004.npy
cnn,reggae__reggae.00065,reggae,5,reggae,reggae,1,0.9505507946014404,E:\dl\mel_cache\lm3_base_v1\test\reggae\reggae.00065__03000ms__0005.npy
cnn,reggae__reggae.00065,reggae,6,reggae,reggae,1,0.9413316249847412,E:\dl\mel_cache\lm3_base_v1\test\reggae\reggae.00065__03000ms__0006.npy
cnn,reggae__reggae.00065,reggae,7,reggae,reggae,1,0.9345635771751404,E:\dl\mel_cache\lm3_base_v1\test\reggae\reggae.00065__03000ms__0007.npy
cnn,reggae__reggae.00065,reggae,8,reggae,reggae,1,0.9088964462280273,E:\dl\mel_cache\lm3_base_v1\test\reggae\reggae.00065__03000ms__0008.npy
cnn,reggae__reggae.00065,reggae,9,reggae,reggae,1,0.9377061724662781,E:\dl\mel_cache\lm3_base_v1\test\reggae\reggae.00065__03000ms__0009.npy
cnn,reggae__reggae.00065,reggae,10,reggae,reggae,1,0.9341305494308472,E:\dl\mel_cache\lm3_base_v1\test\reggae\reggae.00065__03000ms__0010.npy
cnn,reggae__reggae.00065,reggae,11,reggae,reggae,1,0.9290273785591125,E:\dl\mel_cache\lm3_base_v1\test\reggae\reggae.00065__03000ms__0011.npy
cnn,reggae__reggae.00065,reggae,12,reggae,reggae,1,0.9496281743049622,E:\dl\mel_cache\lm3_base_v1\test\reggae\reggae.00065__03000ms__0012.npy
cnn,reggae__reggae.00065,reggae,13,reggae,reggae,1,0.9519912600517273,E:\dl\mel_cache\lm3_base_v1\test\reggae\reggae.00065__03000ms__0013.npy
cnn,reggae__reggae.00065,reggae,14,reggae,reggae,1,0.9116836190223694,E:\dl\mel_cache\lm3_base_v1\test\reggae\reggae.00065__03000ms__0014.npy
cnn,reggae__reggae.00065,reggae,15,reggae,reggae,1,0.8355950713157654,E:\dl\mel_cache\lm3_base_v1\test\reggae\reggae.00065__03000ms__0015.npy
cnn,reggae__reggae.00065,reggae,16,reggae,reggae,1,0.87298184633255,E:\dl\mel_cache\lm3_base_v1\test\reggae\reggae.00065__03000ms__0016.npy
cnn,reggae__reggae.00065,reggae,17,reggae,reggae,1,0.7801588177680969,E:\dl\mel_cache\lm3_base_v1\test\reggae\reggae.00065__03000ms__0017.npy
cnn,reggae__reggae.00065,reggae,18,reggae,reggae,1,0.8997388482093811,E:\dl\mel_cache\lm3_base_v1\test\reggae\reggae.00065__03000ms__0018.npy
cnn,reggae__reggae.00065,reggae,19,reggae,reggae,1,0.9004299640655518,E:\dl\mel_cache\lm3_base_v1\test\reggae\reggae.00065__03000ms__0019.npy
cnn,reggae__reggae.00071,reggae,0,reggae,reggae,1,0.8494741916656494,E:\dl\mel_cache\lm3_base_v1\test\reggae\reggae.00071__03000ms__0000.npy
cnn,reggae__reggae.00071,reggae,1,reggae,reggae,1,0.9494127035140991,E:\dl\mel_cache\lm3_base_v1\test\reggae\reggae.00071__03000ms__0001.npy
cnn,reggae__reggae.00071,reggae,2,reggae,reggae,1,0.9491488337516785,E:\dl\mel_cache\lm3_base_v1\test\reggae\reggae.00071__03000ms__0002.npy
cnn,reggae__reggae.00071,reggae,3,reggae,reggae,1,0.9205792546272278,E:\dl\mel_cache\lm3_base_v1\test\reggae\reggae.00071__03000ms__0003.npy
cnn,reggae__reggae.00071,reggae,4,reggae,reggae,1,0.853488028049469,E:\dl\mel_cache\lm3_base_v1\test\reggae\reggae.00071__03000ms__0004.npy
cnn,reggae__reggae.00071,reggae,5,reggae,reggae,1,0.8802521228790283,E:\dl\mel_cache\lm3_base_v1\test\reggae\reggae.00071__03000ms__0005.npy
cnn,reggae__reggae.00071,reggae,6,reggae,reggae,1,0.9496279954910278,E:\dl\mel_cache\lm3_base_v1\test\reggae\reggae.00071__03000ms__0006.npy
cnn,reggae__reggae.00071,reggae,7,reggae,reggae,1,0.9502911567687988,E:\dl\mel_cache\lm3_base_v1\test\reggae\reggae.00071__03000ms__0007.npy
cnn,reggae__reggae.00071,reggae,8,reggae,reggae,1,0.9376100897789001,E:\dl\mel_cache\lm3_base_v1\test\reggae\reggae.00071__03000ms__0008.npy
cnn,reggae__reggae.00071,reggae,9,reggae,reggae,1,0.9168184995651245,E:\dl\mel_cache\lm3_base_v1\test\reggae\reggae.00071__03000ms__0009.npy
cnn,reggae__reggae.00071,reggae,10,reggae,reggae,1,0.9478267431259155,E:\dl\mel_cache\lm3_base_v1\test\reggae\reggae.00071__03000ms__0010.npy
cnn,reggae__reggae.00071,reggae,11,reggae,reggae,1,0.9520347118377686,E:\dl\mel_cache\lm3_base_v1\test\reggae\reggae.00071__03000ms__0011.npy
cnn,reggae__reggae.00071,reggae,12,reggae,reggae,1,0.9515472054481506,E:\dl\mel_cache\lm3_base_v1\test\reggae\reggae.00071__03000ms__0012.npy
cnn,reggae__reggae.00071,reggae,13,reggae,reggae,1,0.9451784491539001,E:\dl\mel_cache\lm3_base_v1\test\reggae\reggae.00071__03000ms__0013.npy
cnn,reggae__reggae.00071,reggae,14,reggae,reggae,1,0.7657528519630432,E:\dl\mel_cache\lm3_base_v1\test\reggae\reggae.00071__03000ms__0014.npy
cnn,reggae__reggae.00071,reggae,15,reggae,reggae,1,0.9335771203041077,E:\dl\mel_cache\lm3_base_v1\test\reggae\reggae.00071__03000ms__0015.npy
cnn,reggae__reggae.00071,reggae,16,reggae,reggae,1,0.9456304311752319,E:\dl\mel_cache\lm3_base_v1\test\reggae\reggae.00071__03000ms__0016.npy
cnn,reggae__reggae.00071,reggae,17,reggae,reggae,1,0.9447775483131409,E:\dl\mel_cache\lm3_base_v1\test\reggae\reggae.00071__03000ms__0017.npy
cnn,reggae__reggae.00071,reggae,18,reggae,reggae,1,0.9512892961502075,E:\dl\mel_cache\lm3_base_v1\test\reggae\reggae.00071__03000ms__0018.npy
cnn,reggae__reggae.00071,reggae,19,reggae,reggae,1,0.951287031173706,E:\dl\mel_cache\lm3_base_v1\test\reggae\reggae.00071__03000ms__0019.npy
cnn,reggae__reggae.00076,reggae,0,reggae,hiphop,0,0.5632231831550598,E:\dl\mel_cache\lm3_base_v1\test\reggae\reggae.00076__03000ms__0000.npy
cnn,reggae__reggae.00076,reggae,1,reggae,pop,0,0.6898350715637207,E:\dl\mel_cache\lm3_base_v1\test\reggae\reggae.00076__03000ms__0001.npy
cnn,reggae__reggae.00076,reggae,2,reggae,hiphop,0,0.37914106249809265,E:\dl\mel_cache\lm3_base_v1\test\reggae\reggae.00076__03000ms__0002.npy
cnn,reggae__reggae.00076,reggae,3,reggae,hiphop,0,0.8516301512718201,E:\dl\mel_cache\lm3_base_v1\test\reggae\reggae.00076__03000ms__0003.npy
cnn,reggae__reggae.00076,reggae,4,reggae,hiphop,0,0.7218724489212036,E:\dl\mel_cache\lm3_base_v1\test\reggae\reggae.00076__03000ms__0004.npy
cnn,reggae__reggae.00076,reggae,5,reggae,hiphop,0,0.8065624833106995,E:\dl\mel_cache\lm3_base_v1\test\reggae\reggae.00076__03000ms__0005.npy
cnn,reggae__reggae.00076,reggae,6,reggae,pop,0,0.6572778224945068,E:\dl\mel_cache\lm3_base_v1\test\reggae\reggae.00076__03000ms__0006.npy
cnn,reggae__reggae.00076,reggae,7,reggae,hiphop,0,0.8183244466781616,E:\dl\mel_cache\lm3_base_v1\test\reggae\reggae.00076__03000ms__0007.npy
cnn,reggae__reggae.00076,reggae,8,reggae,hiphop,0,0.6081632375717163,E:\dl\mel_cache\lm3_base_v1\test\reggae\reggae.00076__03000ms__0008.npy
cnn,reggae__reggae.00076,reggae,9,reggae,reggae,1,0.7640151977539062,E:\dl\mel_cache\lm3_base_v1\test\reggae\reggae.00076__03000ms__0009.npy
cnn,reggae__reggae.00076,reggae,10,reggae,reggae,1,0.651448667049408,E:\dl\mel_cache\lm3_base_v1\test\reggae\reggae.00076__03000ms__0010.npy
cnn,reggae__reggae.00076,reggae,11,reggae,hiphop,0,0.5232489109039307,E:\dl\mel_cache\lm3_base_v1\test\reggae\reggae.00076__03000ms__0011.npy
cnn,reggae__reggae.00076,reggae,12,reggae,hiphop,0,0.7654399275779724,E:\dl\mel_cache\lm3_base_v1\test\reggae\reggae.00076__03000ms__0012.npy
cnn,reggae__reggae.00076,reggae,13,reggae,pop,0,0.3053877353668213,E:\dl\mel_cache\lm3_base_v1\test\reggae\reggae.00076__03000ms__0013.npy
cnn,reggae__reggae.00076,reggae,14,reggae,pop,0,0.453386515378952,E:\dl\mel_cache\lm3_base_v1\test\reggae\reggae.00076__03000ms__0014.npy
cnn,reggae__reggae.00076,reggae,15,reggae,hiphop,0,0.6570488214492798,E:\dl\mel_cache\lm3_base_v1\test\reggae\reggae.00076__03000ms__0015.npy
cnn,reggae__reggae.00076,reggae,16,reggae,hiphop,0,0.5788999795913696,E:\dl\mel_cache\lm3_base_v1\test\reggae\reggae.00076__03000ms__0016.npy
cnn,reggae__reggae.00076,reggae,17,reggae,hiphop,0,0.4847939610481262,E:\dl\mel_cache\lm3_base_v1\test\reggae\reggae.00076__03000ms__0017.npy
cnn,reggae__reggae.00076,reggae,18,reggae,reggae,1,0.3925906717777252,E:\dl\mel_cache\lm3_base_v1\test\reggae\reggae.00076__03000ms__0018.npy
cnn,reggae__reggae.00076,reggae,19,reggae,reggae,1,0.3875565230846405,E:\dl\mel_cache\lm3_base_v1\test\reggae\reggae.00076__03000ms__0019.npy
cnn,reggae__reggae.00090,reggae,0,reggae,reggae,1,0.9465429186820984,E:\dl\mel_cache\lm3_base_v1\test\reggae\reggae.00090__03000ms__0000.npy
cnn,reggae__reggae.00090,reggae,1,reggae,reggae,1,0.9464496970176697,E:\dl\mel_cache\lm3_base_v1\test\reggae\reggae.00090__03000ms__0001.npy
cnn,reggae__reggae.00090,reggae,2,reggae,reggae,1,0.9419605731964111,E:\dl\mel_cache\lm3_base_v1\test\reggae\reggae.00090__03000ms__0002.npy
cnn,reggae__reggae.00090,reggae,3,reggae,reggae,1,0.9475579261779785,E:\dl\mel_cache\lm3_base_v1\test\reggae\reggae.00090__03000ms__0003.npy
cnn,reggae__reggae.00090,reggae,4,reggae,reggae,1,0.9449256658554077,E:\dl\mel_cache\lm3_base_v1\test\reggae\reggae.00090__03000ms__0004.npy
cnn,reggae__reggae.00090,reggae,5,reggae,reggae,1,0.9419431090354919,E:\dl\mel_cache\lm3_base_v1\test\reggae\reggae.00090__03000ms__0005.npy
cnn,reggae__reggae.00090,reggae,6,reggae,reggae,1,0.9451059103012085,E:\dl\mel_cache\lm3_base_v1\test\reggae\reggae.00090__03000ms__0006.npy
cnn,reggae__reggae.00090,reggae,7,reggae,reggae,1,0.9393991231918335,E:\dl\mel_cache\lm3_base_v1\test\reggae\reggae.00090__03000ms__0007.npy
cnn,reggae__reggae.00090,reggae,8,reggae,reggae,1,0.9306933283805847,E:\dl\mel_cache\lm3_base_v1\test\reggae\reggae.00090__03000ms__0008.npy
cnn,reggae__reggae.00090,reggae,9,reggae,reggae,1,0.9398611783981323,E:\dl\mel_cache\lm3_base_v1\test\reggae\reggae.00090__03000ms__0009.npy
cnn,reggae__reggae.00090,reggae,10,reggae,reggae,1,0.9456973671913147,E:\dl\mel_cache\lm3_base_v1\test\reggae\reggae.00090__03000ms__0010.npy
cnn,reggae__reggae.00090,reggae,11,reggae,reggae,1,0.947776734828949,E:\dl\mel_cache\lm3_base_v1\test\reggae\reggae.00090__03000ms__0011.npy
cnn,reggae__reggae.00090,reggae,12,reggae,reggae,1,0.9484033584594727,E:\dl\mel_cache\lm3_base_v1\test\reggae\reggae.00090__03000ms__0012.npy
cnn,reggae__reggae.00090,reggae,13,reggae,reggae,1,0.9362859129905701,E:\dl\mel_cache\lm3_base_v1\test\reggae\reggae.00090__03000ms__0013.npy
cnn,reggae__reggae.00090,reggae,14,reggae,reggae,1,0.9467966556549072,E:\dl\mel_cache\lm3_base_v1\test\reggae\reggae.00090__03000ms__0014.npy
cnn,reggae__reggae.00090,reggae,15,reggae,reggae,1,0.9518833160400391,E:\dl\mel_cache\lm3_base_v1\test\reggae\reggae.00090__03000ms__0015.npy
cnn,reggae__reggae.00090,reggae,16,reggae,reggae,1,0.950989842414856,E:\dl\mel_cache\lm3_base_v1\test\reggae\reggae.00090__03000ms__0016.npy
cnn,reggae__reggae.00090,reggae,17,reggae,reggae,1,0.941673994064331,E:\dl\mel_cache\lm3_base_v1\test\reggae\reggae.00090__03000ms__0017.npy
cnn,reggae__reggae.00090,reggae,18,reggae,reggae,1,0.9307079911231995,E:\dl\mel_cache\lm3_base_v1\test\reggae\reggae.00090__03000ms__0018.npy
cnn,reggae__reggae.00091,reggae,0,reggae,reggae,1,0.9325238466262817,E:\dl\mel_cache\lm3_base_v1\test\reggae\reggae.00091__03000ms__0000.npy
cnn,reggae__reggae.00091,reggae,1,reggae,reggae,1,0.92555832862854,E:\dl\mel_cache\lm3_base_v1\test\reggae\reggae.00091__03000ms__0001.npy
cnn,reggae__reggae.00091,reggae,2,reggae,reggae,1,0.9189618229866028,E:\dl\mel_cache\lm3_base_v1\test\reggae\reggae.00091__03000ms__0002.npy
cnn,reggae__reggae.00091,reggae,3,reggae,reggae,1,0.9303237199783325,E:\dl\mel_cache\lm3_base_v1\test\reggae\reggae.00091__03000ms__0003.npy
cnn,reggae__reggae.00091,reggae,4,reggae,reggae,1,0.9258166551589966,E:\dl\mel_cache\lm3_base_v1\test\reggae\reggae.00091__03000ms__0004.npy
cnn,reggae__reggae.00091,reggae,5,reggae,reggae,1,0.8407710194587708,E:\dl\mel_cache\lm3_base_v1\test\reggae\reggae.00091__03000ms__0005.npy
cnn,reggae__reggae.00091,reggae,6,reggae,reggae,1,0.8730255961418152,E:\dl\mel_cache\lm3_base_v1\test\reggae\reggae.00091__03000ms__0006.npy
cnn,reggae__reggae.00091,reggae,7,reggae,reggae,1,0.8115151524543762,E:\dl\mel_cache\lm3_base_v1\test\reggae\reggae.00091__03000ms__0007.npy
cnn,reggae__reggae.00091,reggae,8,reggae,reggae,1,0.8640202879905701,E:\dl\mel_cache\lm3_base_v1\test\reggae\reggae.00091__03000ms__0008.npy
cnn,reggae__reggae.00091,reggae,9,reggae,reggae,1,0.9272704720497131,E:\dl\mel_cache\lm3_base_v1\test\reggae\reggae.00091__03000ms__0009.npy
cnn,reggae__reggae.00091,reggae,10,reggae,reggae,1,0.920799732208252,E:\dl\mel_cache\lm3_base_v1\test\reggae\reggae.00091__03000ms__0010.npy
cnn,reggae__reggae.00091,reggae,11,reggae,reggae,1,0.887835681438446,E:\dl\mel_cache\lm3_base_v1\test\reggae\reggae.00091__03000ms__0011.npy
cnn,reggae__reggae.00091,reggae,12,reggae,reggae,1,0.9152299761772156,E:\dl\mel_cache\lm3_base_v1\test\reggae\reggae.00091__03000ms__0012.npy
cnn,reggae__reggae.00091,reggae,13,reggae,reggae,1,0.9332685470581055,E:\dl\mel_cache\lm3_base_v1\test\reggae\reggae.00091__03000ms__0013.npy
cnn,reggae__reggae.00091,reggae,14,reggae,reggae,1,0.921382486820221,E:\dl\mel_cache\lm3_base_v1\test\reggae\reggae.00091__03000ms__0014.npy
cnn,reggae__reggae.00091,reggae,15,reggae,reggae,1,0.8435088992118835,E:\dl\mel_cache\lm3_base_v1\test\reggae\reggae.00091__03000ms__0015.npy
cnn,reggae__reggae.00091,reggae,16,reggae,reggae,1,0.828076183795929,E:\dl\mel_cache\lm3_base_v1\test\reggae\reggae.00091__03000ms__0016.npy
cnn,reggae__reggae.00091,reggae,17,reggae,reggae,1,0.8343018293380737,E:\dl\mel_cache\lm3_base_v1\test\reggae\reggae.00091__03000ms__0017.npy
cnn,reggae__reggae.00091,reggae,18,reggae,reggae,1,0.8980869650840759,E:\dl\mel_cache\lm3_base_v1\test\reggae\reggae.00091__03000ms__0018.npy
cnn,reggae__reggae.00091,reggae,19,reggae,reggae,1,0.897603452205658,E:\dl\mel_cache\lm3_base_v1\test\reggae\reggae.00091__03000ms__0019.npy
cnn,reggae__reggae.00092,reggae,0,reggae,reggae,1,0.9383464455604553,E:\dl\mel_cache\lm3_base_v1\test\reggae\reggae.00092__03000ms__0000.npy
cnn,reggae__reggae.00092,reggae,1,reggae,reggae,1,0.9416522979736328,E:\dl\mel_cache\lm3_base_v1\test\reggae\reggae.00092__03000ms__0001.npy
cnn,reggae__reggae.00092,reggae,2,reggae,reggae,1,0.9396629333496094,E:\dl\mel_cache\lm3_base_v1\test\reggae\reggae.00092__03000ms__0002.npy
cnn,reggae__reggae.00092,reggae,3,reggae,reggae,1,0.9411558508872986,E:\dl\mel_cache\lm3_base_v1\test\reggae\reggae.00092__03000ms__0003.npy
cnn,reggae__reggae.00092,reggae,4,reggae,reggae,1,0.9352027773857117,E:\dl\mel_cache\lm3_base_v1\test\reggae\reggae.00092__03000ms__0004.npy
cnn,reggae__reggae.00092,reggae,5,reggae,reggae,1,0.8965576887130737,E:\dl\mel_cache\lm3_base_v1\test\reggae\reggae.00092__03000ms__0005.npy
cnn,reggae__reggae.00092,reggae,6,reggae,reggae,1,0.9290958642959595,E:\dl\mel_cache\lm3_base_v1\test\reggae\reggae.00092__03000ms__0006.npy
cnn,reggae__reggae.00092,reggae,7,reggae,reggae,1,0.890321671962738,E:\dl\mel_cache\lm3_base_v1\test\reggae\reggae.00092__03000ms__0007.npy
cnn,reggae__reggae.00092,reggae,8,reggae,reggae,1,0.9018418192863464,E:\dl\mel_cache\lm3_base_v1\test\reggae\reggae.00092__03000ms__0008.npy
cnn,reggae__reggae.00092,reggae,9,reggae,reggae,1,0.9409341812133789,E:\dl\mel_cache\lm3_base_v1\test\reggae\reggae.00092__03000ms__0009.npy
cnn,reggae__reggae.00092,reggae,10,reggae,reggae,1,0.9393494129180908,E:\dl\mel_cache\lm3_base_v1\test\reggae\reggae.00092__03000ms__0010.npy
cnn,reggae__reggae.00092,reggae,11,reggae,reggae,1,0.9335451722145081,E:\dl\mel_cache\lm3_base_v1\test\reggae\reggae.00092__03000ms__0011.npy
cnn,reggae__reggae.00092,reggae,12,reggae,reggae,1,0.9381717443466187,E:\dl\mel_cache\lm3_base_v1\test\reggae\reggae.00092__03000ms__0012.npy
cnn,reggae__reggae.00092,reggae,13,reggae,reggae,1,0.9420663118362427,E:\dl\mel_cache\lm3_base_v1\test\reggae\reggae.00092__03000ms__0013.npy
cnn,reggae__reggae.00092,reggae,14,reggae,reggae,1,0.930118978023529,E:\dl\mel_cache\lm3_base_v1\test\reggae\reggae.00092__03000ms__0014.npy
cnn,reggae__reggae.00092,reggae,15,reggae,reggae,1,0.8862677216529846,E:\dl\mel_cache\lm3_base_v1\test\reggae\reggae.00092__03000ms__0015.npy
cnn,reggae__reggae.00092,reggae,16,reggae,reggae,1,0.8845670223236084,E:\dl\mel_cache\lm3_base_v1\test\reggae\reggae.00092__03000ms__0016.npy
cnn,reggae__reggae.00092,reggae,17,reggae,reggae,1,0.9103156924247742,E:\dl\mel_cache\lm3_base_v1\test\reggae\reggae.00092__03000ms__0017.npy
cnn,reggae__reggae.00092,reggae,18,reggae,reggae,1,0.9355409145355225,E:\dl\mel_cache\lm3_base_v1\test\reggae\reggae.00092__03000ms__0018.npy
cnn,reggae__reggae.00092,reggae,19,reggae,reggae,1,0.9355706572532654,E:\dl\mel_cache\lm3_base_v1\test\reggae\reggae.00092__03000ms__0019.npy
cnn,rock__rock.00000,rock,0,rock,rock,1,0.564713180065155,E:\dl\mel_cache\lm3_base_v1\test\rock\rock.00000__03000ms__0000.npy
cnn,rock__rock.00000,rock,1,rock,metal,0,0.8410566449165344,E:\dl\mel_cache\lm3_base_v1\test\rock\rock.00000__03000ms__0001.npy
cnn,rock__rock.00000,rock,2,rock,metal,0,0.7833775281906128,E:\dl\mel_cache\lm3_base_v1\test\rock\rock.00000__03000ms__0002.npy
cnn,rock__rock.00000,rock,3,rock,metal,0,0.8642640113830566,E:\dl\mel_cache\lm3_base_v1\test\rock\rock.00000__03000ms__0003.npy
cnn,rock__rock.00000,rock,4,rock,metal,0,0.8782963156700134,E:\dl\mel_cache\lm3_base_v1\test\rock\rock.00000__03000ms__0004.npy
cnn,rock__rock.00000,rock,5,rock,metal,0,0.9003733992576599,E:\dl\mel_cache\lm3_base_v1\test\rock\rock.00000__03000ms__0005.npy
cnn,rock__rock.00000,rock,6,rock,metal,0,0.4079332649707794,E:\dl\mel_cache\lm3_base_v1\test\rock\rock.00000__03000ms__0006.npy
cnn,rock__rock.00000,rock,7,rock,blues,0,0.5018734335899353,E:\dl\mel_cache\lm3_base_v1\test\rock\rock.00000__03000ms__0007.npy
cnn,rock__rock.00000,rock,8,rock,rock,1,0.7244700789451599,E:\dl\mel_cache\lm3_base_v1\test\rock\rock.00000__03000ms__0008.npy
cnn,rock__rock.00000,rock,9,rock,rock,1,0.5416080951690674,E:\dl\mel_cache\lm3_base_v1\test\rock\rock.00000__03000ms__0009.npy
cnn,rock__rock.00000,rock,10,rock,rock,1,0.6109232306480408,E:\dl\mel_cache\lm3_base_v1\test\rock\rock.00000__03000ms__0010.npy
cnn,rock__rock.00000,rock,11,rock,rock,1,0.9105563759803772,E:\dl\mel_cache\lm3_base_v1\test\rock\rock.00000__03000ms__0011.npy
cnn,rock__rock.00000,rock,12,rock,rock,1,0.7677950859069824,E:\dl\mel_cache\lm3_base_v1\test\rock\rock.00000__03000ms__0012.npy
cnn,rock__rock.00000,rock,13,rock,country,0,0.8508729338645935,E:\dl\mel_cache\lm3_base_v1\test\rock\rock.00000__03000ms__0013.npy
cnn,rock__rock.00000,rock,14,rock,country,0,0.8357343077659607,E:\dl\mel_cache\lm3_base_v1\test\rock\rock.00000__03000ms__0014.npy
cnn,rock__rock.00000,rock,15,rock,jazz,0,0.5512317419052124,E:\dl\mel_cache\lm3_base_v1\test\rock\rock.00000__03000ms__0015.npy
cnn,rock__rock.00000,rock,16,rock,rock,1,0.635921835899353,E:\dl\mel_cache\lm3_base_v1\test\rock\rock.00000__03000ms__0016.npy
cnn,rock__rock.00000,rock,17,rock,rock,1,0.8846794366836548,E:\dl\mel_cache\lm3_base_v1\test\rock\rock.00000__03000ms__0017.npy
cnn,rock__rock.00000,rock,18,rock,rock,1,0.9328180551528931,E:\dl\mel_cache\lm3_base_v1\test\rock\rock.00000__03000ms__0018.npy
cnn,rock__rock.00000,rock,19,rock,rock,1,0.9345558881759644,E:\dl\mel_cache\lm3_base_v1\test\rock\rock.00000__03000ms__0019.npy
cnn,rock__rock.00003,rock,0,rock,blues,0,0.597909152507782,E:\dl\mel_cache\lm3_base_v1\test\rock\rock.00003__03000ms__0000.npy
cnn,rock__rock.00003,rock,1,rock,rock,1,0.471496045589447,E:\dl\mel_cache\lm3_base_v1\test\rock\rock.00003__03000ms__0001.npy
cnn,rock__rock.00003,rock,2,rock,rock,1,0.701489269733429,E:\dl\mel_cache\lm3_base_v1\test\rock\rock.00003__03000ms__0002.npy
cnn,rock__rock.00003,rock,3,rock,blues,0,0.4539022743701935,E:\dl\mel_cache\lm3_base_v1\test\rock\rock.00003__03000ms__0003.npy
cnn,rock__rock.00003,rock,4,rock,blues,0,0.8489955067634583,E:\dl\mel_cache\lm3_base_v1\test\rock\rock.00003__03000ms__0004.npy
cnn,rock__rock.00003,rock,5,rock,rock,1,0.43774449825286865,E:\dl\mel_cache\lm3_base_v1\test\rock\rock.00003__03000ms__0005.npy
cnn,rock__rock.00003,rock,6,rock,rock,1,0.5180696845054626,E:\dl\mel_cache\lm3_base_v1\test\rock\rock.00003__03000ms__0006.npy
cnn,rock__rock.00003,rock,7,rock,jazz,0,0.731086015701294,E:\dl\mel_cache\lm3_base_v1\test\rock\rock.00003__03000ms__0007.npy
cnn,rock__rock.00003,rock,8,rock,jazz,0,0.8808244466781616,E:\dl\mel_cache\lm3_base_v1\test\rock\rock.00003__03000ms__0008.npy
cnn,rock__rock.00003,rock,9,rock,jazz,0,0.7322759032249451,E:\dl\mel_cache\lm3_base_v1\test\rock\rock.00003__03000ms__0009.npy
cnn,rock__rock.00003,rock,10,rock,jazz,0,0.9049842953681946,E:\dl\mel_cache\lm3_base_v1\test\rock\rock.00003__03000ms__0010.npy
cnn,rock__rock.00003,rock,11,rock,jazz,0,0.9353074431419373,E:\dl\mel_cache\lm3_base_v1\test\rock\rock.00003__03000ms__0011.npy
cnn,rock__rock.00003,rock,12,rock,jazz,0,0.6989216208457947,E:\dl\mel_cache\lm3_base_v1\test\rock\rock.00003__03000ms__0012.npy
cnn,rock__rock.00003,rock,13,rock,blues,0,0.6717014312744141,E:\dl\mel_cache\lm3_base_v1\test\rock\rock.00003__03000ms__0013.npy
cnn,rock__rock.00003,rock,14,rock,blues,0,0.828332781791687,E:\dl\mel_cache\lm3_base_v1\test\rock\rock.00003__03000ms__0014.npy
cnn,rock__rock.00003,rock,15,rock,blues,0,0.8070930242538452,E:\dl\mel_cache\lm3_base_v1\test\rock\rock.00003__03000ms__0015.npy
cnn,rock__rock.00003,rock,16,rock,blues,0,0.8624973893165588,E:\dl\mel_cache\lm3_base_v1\test\rock\rock.00003__03000ms__0016.npy
cnn,rock__rock.00003,rock,17,rock,blues,0,0.8517168760299683,E:\dl\mel_cache\lm3_base_v1\test\rock\rock.00003__03000ms__0017.npy
cnn,rock__rock.00003,rock,18,rock,blues,0,0.7563760280609131,E:\dl\mel_cache\lm3_base_v1\test\rock\rock.00003__03000ms__0018.npy
cnn,rock__rock.00003,rock,19,rock,blues,0,0.758905827999115,E:\dl\mel_cache\lm3_base_v1\test\rock\rock.00003__03000ms__0019.npy
cnn,rock__rock.00008,rock,0,rock,metal,0,0.735529899597168,E:\dl\mel_cache\lm3_base_v1\test\rock\rock.00008__03000ms__0000.npy
cnn,rock__rock.00008,rock,1,rock,metal,0,0.6541170477867126,E:\dl\mel_cache\lm3_base_v1\test\rock\rock.00008__03000ms__0001.npy
cnn,rock__rock.00008,rock,2,rock,metal,0,0.622016429901123,E:\dl\mel_cache\lm3_base_v1\test\rock\rock.00008__03000ms__0002.npy
cnn,rock__rock.00008,rock,3,rock,metal,0,0.6904926896095276,E:\dl\mel_cache\lm3_base_v1\test\rock\rock.00008__03000ms__0003.npy
cnn,rock__rock.00008,rock,4,rock,metal,0,0.7146368622779846,E:\dl\mel_cache\lm3_base_v1\test\rock\rock.00008__03000ms__0004.npy
cnn,rock__rock.00008,rock,5,rock,metal,0,0.7046784162521362,E:\dl\mel_cache\lm3_base_v1\test\rock\rock.00008__03000ms__0005.npy
cnn,rock__rock.00008,rock,6,rock,metal,0,0.5004319548606873,E:\dl\mel_cache\lm3_base_v1\test\rock\rock.00008__03000ms__0006.npy
cnn,rock__rock.00008,rock,7,rock,metal,0,0.6465418338775635,E:\dl\mel_cache\lm3_base_v1\test\rock\rock.00008__03000ms__0007.npy
cnn,rock__rock.00008,rock,8,rock,metal,0,0.5391175150871277,E:\dl\mel_cache\lm3_base_v1\test\rock\rock.00008__03000ms__0008.npy
cnn,rock__rock.00008,rock,9,rock,rock,1,0.38448014855384827,E:\dl\mel_cache\lm3_base_v1\test\rock\rock.00008__03000ms__0009.npy
cnn,rock__rock.00008,rock,10,rock,rock,1,0.5031546950340271,E:\dl\mel_cache\lm3_base_v1\test\rock\rock.00008__03000ms__0010.npy
cnn,rock__rock.00008,rock,11,rock,rock,1,0.45895788073539734,E:\dl\mel_cache\lm3_base_v1\test\rock\rock.00008__03000ms__0011.npy
cnn,rock__rock.00008,rock,12,rock,rock,1,0.37443673610687256,E:\dl\mel_cache\lm3_base_v1\test\rock\rock.00008__03000ms__0012.npy
cnn,rock__rock.00008,rock,13,rock,rock,1,0.5124600529670715,E:\dl\mel_cache\lm3_base_v1\test\rock\rock.00008__03000ms__0013.npy
cnn,rock__rock.00008,rock,14,rock,rock,1,0.6937462687492371,E:\dl\mel_cache\lm3_base_v1\test\rock\rock.00008__03000ms__0014.npy
cnn,rock__rock.00008,rock,15,rock,metal,0,0.6994941830635071,E:\dl\mel_cache\lm3_base_v1\test\rock\rock.00008__03000ms__0015.npy
cnn,rock__rock.00008,rock,16,rock,metal,0,0.8302337527275085,E:\dl\mel_cache\lm3_base_v1\test\rock\rock.00008__03000ms__0016.npy
cnn,rock__rock.00008,rock,17,rock,metal,0,0.8181242346763611,E:\dl\mel_cache\lm3_base_v1\test\rock\rock.00008__03000ms__0017.npy
cnn,rock__rock.00008,rock,18,rock,metal,0,0.8400979042053223,E:\dl\mel_cache\lm3_base_v1\test\rock\rock.00008__03000ms__0018.npy
cnn,rock__rock.00008,rock,19,rock,metal,0,0.8425225019454956,E:\dl\mel_cache\lm3_base_v1\test\rock\rock.00008__03000ms__0019.npy
cnn,rock__rock.00032,rock,0,rock,hiphop,0,0.861967921257019,E:\dl\mel_cache\lm3_base_v1\test\rock\rock.00032__03000ms__0000.npy
cnn,rock__rock.00032,rock,1,rock,hiphop,0,0.5569542050361633,E:\dl\mel_cache\lm3_base_v1\test\rock\rock.00032__03000ms__0001.npy
cnn,rock__rock.00032,rock,2,rock,rock,1,0.43889787793159485,E:\dl\mel_cache\lm3_base_v1\test\rock\rock.00032__03000ms__0002.npy
cnn,rock__rock.00032,rock,3,rock,pop,0,0.5474055409431458,E:\dl\mel_cache\lm3_base_v1\test\rock\rock.00032__03000ms__0003.npy
cnn,rock__rock.00032,rock,4,rock,rock,1,0.394975870847702,E:\dl\mel_cache\lm3_base_v1\test\rock\rock.00032__03000ms__0004.npy
cnn,rock__rock.00032,rock,5,rock,pop,0,0.34557539224624634,E:\dl\mel_cache\lm3_base_v1\test\rock\rock.00032__03000ms__0005.npy
cnn,rock__rock.00032,rock,6,rock,hiphop,0,0.40854257345199585,E:\dl\mel_cache\lm3_base_v1\test\rock\rock.00032__03000ms__0006.npy
cnn,rock__rock.00032,rock,7,rock,rock,1,0.32451194524765015,E:\dl\mel_cache\lm3_base_v1\test\rock\rock.00032__03000ms__0007.npy
cnn,rock__rock.00032,rock,8,rock,hiphop,0,0.2963241934776306,E:\dl\mel_cache\lm3_base_v1\test\rock\rock.00032__03000ms__0008.npy
cnn,rock__rock.00032,rock,9,rock,hiphop,0,0.26670387387275696,E:\dl\mel_cache\lm3_base_v1\test\rock\rock.00032__03000ms__0009.npy
cnn,rock__rock.00032,rock,10,rock,classical,0,0.2551427185535431,E:\dl\mel_cache\lm3_base_v1\test\rock\rock.00032__03000ms__0010.npy
cnn,rock__rock.00032,rock,11,rock,jazz,0,0.31769445538520813,E:\dl\mel_cache\lm3_base_v1\test\rock\rock.00032__03000ms__0011.npy
cnn,rock__rock.00032,rock,12,rock,rock,1,0.4737910032272339,E:\dl\mel_cache\lm3_base_v1\test\rock\rock.00032__03000ms__0012.npy
cnn,rock__rock.00032,rock,13,rock,rock,1,0.41562607884407043,E:\dl\mel_cache\lm3_base_v1\test\rock\rock.00032__03000ms__0013.npy
cnn,rock__rock.00032,rock,14,rock,rock,1,0.5621939897537231,E:\dl\mel_cache\lm3_base_v1\test\rock\rock.00032__03000ms__0014.npy
cnn,rock__rock.00032,rock,15,rock,rock,1,0.273065984249115,E:\dl\mel_cache\lm3_base_v1\test\rock\rock.00032__03000ms__0015.npy
cnn,rock__rock.00032,rock,16,rock,hiphop,0,0.5503167510032654,E:\dl\mel_cache\lm3_base_v1\test\rock\rock.00032__03000ms__0016.npy
cnn,rock__rock.00032,rock,17,rock,hiphop,0,0.8675644397735596,E:\dl\mel_cache\lm3_base_v1\test\rock\rock.00032__03000ms__0017.npy
cnn,rock__rock.00032,rock,18,rock,rock,1,0.5166959762573242,E:\dl\mel_cache\lm3_base_v1\test\rock\rock.00032__03000ms__0018.npy
cnn,rock__rock.00032,rock,19,rock,hiphop,0,0.6540497541427612,E:\dl\mel_cache\lm3_base_v1\test\rock\rock.00032__03000ms__0019.npy
cnn,rock__rock.00034,rock,0,rock,rock,1,0.40554189682006836,E:\dl\mel_cache\lm3_base_v1\test\rock\rock.00034__03000ms__0000.npy
cnn,rock__rock.00034,rock,1,rock,rock,1,0.4464673399925232,E:\dl\mel_cache\lm3_base_v1\test\rock\rock.00034__03000ms__0001.npy
cnn,rock__rock.00034,rock,2,rock,country,0,0.5008053779602051,E:\dl\mel_cache\lm3_base_v1\test\rock\rock.00034__03000ms__0002.npy
cnn,rock__rock.00034,rock,3,rock,pop,0,0.37088674306869507,E:\dl\mel_cache\lm3_base_v1\test\rock\rock.00034__03000ms__0003.npy
cnn,rock__rock.00034,rock,4,rock,country,0,0.4476332664489746,E:\dl\mel_cache\lm3_base_v1\test\rock\rock.00034__03000ms__0004.npy
cnn,rock__rock.00034,rock,5,rock,country,0,0.378726065158844,E:\dl\mel_cache\lm3_base_v1\test\rock\rock.00034__03000ms__0005.npy
cnn,rock__rock.00034,rock,6,rock,country,0,0.46281883120536804,E:\dl\mel_cache\lm3_base_v1\test\rock\rock.00034__03000ms__0006.npy
cnn,rock__rock.00034,rock,7,rock,country,0,0.5210397243499756,E:\dl\mel_cache\lm3_base_v1\test\rock\rock.00034__03000ms__0007.npy
cnn,rock__rock.00034,rock,8,rock,hiphop,0,0.30628329515457153,E:\dl\mel_cache\lm3_base_v1\test\rock\rock.00034__03000ms__0008.npy
cnn,rock__rock.00034,rock,9,rock,hiphop,0,0.41112253069877625,E:\dl\mel_cache\lm3_base_v1\test\rock\rock.00034__03000ms__0009.npy
cnn,rock__rock.00034,rock,10,rock,rock,1,0.42436981201171875,E:\dl\mel_cache\lm3_base_v1\test\rock\rock.00034__03000ms__0010.npy
cnn,rock__rock.00034,rock,11,rock,rock,1,0.6674748659133911,E:\dl\mel_cache\lm3_base_v1\test\rock\rock.00034__03000ms__0011.npy
cnn,rock__rock.00034,rock,12,rock,country,0,0.7588921189308167,E:\dl\mel_cache\lm3_base_v1\test\rock\rock.00034__03000ms__0012.npy
cnn,rock__rock.00034,rock,13,rock,country,0,0.6763380765914917,E:\dl\mel_cache\lm3_base_v1\test\rock\rock.00034__03000ms__0013.npy
cnn,rock__rock.00034,rock,14,rock,country,0,0.7733736634254456,E:\dl\mel_cache\lm3_base_v1\test\rock\rock.00034__03000ms__0014.npy
cnn,rock__rock.00034,rock,15,rock,country,0,0.686808168888092,E:\dl\mel_cache\lm3_base_v1\test\rock\rock.00034__03000ms__0015.npy
cnn,rock__rock.00034,rock,16,rock,country,0,0.4190574288368225,E:\dl\mel_cache\lm3_base_v1\test\rock\rock.00034__03000ms__0016.npy
cnn,rock__rock.00034,rock,17,rock,disco,0,0.6376895308494568,E:\dl\mel_cache\lm3_base_v1\test\rock\rock.00034__03000ms__0017.npy
cnn,rock__rock.00034,rock,18,rock,rock,1,0.42020896077156067,E:\dl\mel_cache\lm3_base_v1\test\rock\rock.00034__03000ms__0018.npy
cnn,rock__rock.00034,rock,19,rock,rock,1,0.523476779460907,E:\dl\mel_cache\lm3_base_v1\test\rock\rock.00034__03000ms__0019.npy
cnn,rock__rock.00039,rock,0,rock,jazz,0,0.3480992913246155,E:\dl\mel_cache\lm3_base_v1\test\rock\rock.00039__03000ms__0000.npy
cnn,rock__rock.00039,rock,1,rock,rock,1,0.4688912034034729,E:\dl\mel_cache\lm3_base_v1\test\rock\rock.00039__03000ms__0001.npy
cnn,rock__rock.00039,rock,2,rock,rock,1,0.6305686235427856,E:\dl\mel_cache\lm3_base_v1\test\rock\rock.00039__03000ms__0002.npy
cnn,rock__rock.00039,rock,3,rock,rock,1,0.5623303651809692,E:\dl\mel_cache\lm3_base_v1\test\rock\rock.00039__03000ms__0003.npy
cnn,rock__rock.00039,rock,4,rock,rock,1,0.8368163108825684,E:\dl\mel_cache\lm3_base_v1\test\rock\rock.00039__03000ms__0004.npy
cnn,rock__rock.00039,rock,5,rock,rock,1,0.9265455603599548,E:\dl\mel_cache\lm3_base_v1\test\rock\rock.00039__03000ms__0005.npy
cnn,rock__rock.00039,rock,6,rock,rock,1,0.909868061542511,E:\dl\mel_cache\lm3_base_v1\test\rock\rock.00039__03000ms__0006.npy
cnn,rock__rock.00039,rock,7,rock,rock,1,0.7628268599510193,E:\dl\mel_cache\lm3_base_v1\test\rock\rock.00039__03000ms__0007.npy
cnn,rock__rock.00039,rock,8,rock,rock,1,0.43683162331581116,E:\dl\mel_cache\lm3_base_v1\test\rock\rock.00039__03000ms__0008.npy
cnn,rock__rock.00039,rock,9,rock,rock,1,0.6301738023757935,E:\dl\mel_cache\lm3_base_v1\test\rock\rock.00039__03000ms__0009.npy
cnn,rock__rock.00039,rock,10,rock,rock,1,0.5646225214004517,E:\dl\mel_cache\lm3_base_v1\test\rock\rock.00039__03000ms__0010.npy
cnn,rock__rock.00039,rock,11,rock,pop,0,0.6398186683654785,E:\dl\mel_cache\lm3_base_v1\test\rock\rock.00039__03000ms__0011.npy
cnn,rock__rock.00039,rock,12,rock,pop,0,0.8309261202812195,E:\dl\mel_cache\lm3_base_v1\test\rock\rock.00039__03000ms__0012.npy
cnn,rock__rock.00039,rock,13,rock,pop,0,0.8730075359344482,E:\dl\mel_cache\lm3_base_v1\test\rock\rock.00039__03000ms__0013.npy
cnn,rock__rock.00039,rock,14,rock,pop,0,0.8654064536094666,E:\dl\mel_cache\lm3_base_v1\test\rock\rock.00039__03000ms__0014.npy
cnn,rock__rock.00039,rock,15,rock,pop,0,0.8489900231361389,E:\dl\mel_cache\lm3_base_v1\test\rock\rock.00039__03000ms__0015.npy
cnn,rock__rock.00039,rock,16,rock,pop,0,0.8287851810455322,E:\dl\mel_cache\lm3_base_v1\test\rock\rock.00039__03000ms__0016.npy
cnn,rock__rock.00039,rock,17,rock,pop,0,0.7985090017318726,E:\dl\mel_cache\lm3_base_v1\test\rock\rock.00039__03000ms__0017.npy
cnn,rock__rock.00039,rock,18,rock,pop,0,0.3749202787876129,E:\dl\mel_cache\lm3_base_v1\test\rock\rock.00039__03000ms__0018.npy
cnn,rock__rock.00039,rock,19,rock,pop,0,0.40281856060028076,E:\dl\mel_cache\lm3_base_v1\test\rock\rock.00039__03000ms__0019.npy
cnn,rock__rock.00044,rock,0,rock,pop,0,0.3453305959701538,E:\dl\mel_cache\lm3_base_v1\test\rock\rock.00044__03000ms__0000.npy
cnn,rock__rock.00044,rock,1,rock,rock,1,0.373813658952713,E:\dl\mel_cache\lm3_base_v1\test\rock\rock.00044__03000ms__0001.npy
cnn,rock__rock.00044,rock,2,rock,rock,1,0.47729408740997314,E:\dl\mel_cache\lm3_base_v1\test\rock\rock.00044__03000ms__0002.npy
cnn,rock__rock.00044,rock,3,rock,pop,0,0.5756009817123413,E:\dl\mel_cache\lm3_base_v1\test\rock\rock.00044__03000ms__0003.npy
cnn,rock__rock.00044,rock,4,rock,pop,0,0.6082474589347839,E:\dl\mel_cache\lm3_base_v1\test\rock\rock.00044__03000ms__0004.npy
cnn,rock__rock.00044,rock,5,rock,pop,0,0.7574684023857117,E:\dl\mel_cache\lm3_base_v1\test\rock\rock.00044__03000ms__0005.npy
cnn,rock__rock.00044,rock,6,rock,pop,0,0.6644274592399597,E:\dl\mel_cache\lm3_base_v1\test\rock\rock.00044__03000ms__0006.npy
cnn,rock__rock.00044,rock,7,rock,pop,0,0.6145541071891785,E:\dl\mel_cache\lm3_base_v1\test\rock\rock.00044__03000ms__0007.npy
cnn,rock__rock.00044,rock,8,rock,pop,0,0.7592228651046753,E:\dl\mel_cache\lm3_base_v1\test\rock\rock.00044__03000ms__0008.npy
cnn,rock__rock.00044,rock,9,rock,pop,0,0.7736589908599854,E:\dl\mel_cache\lm3_base_v1\test\rock\rock.00044__03000ms__0009.npy
cnn,rock__rock.00044,rock,10,rock,pop,0,0.6661679744720459,E:\dl\mel_cache\lm3_base_v1\test\rock\rock.00044__03000ms__0010.npy
cnn,rock__rock.00044,rock,11,rock,pop,0,0.5507663488388062,E:\dl\mel_cache\lm3_base_v1\test\rock\rock.00044__03000ms__0011.npy
cnn,rock__rock.00044,rock,12,rock,pop,0,0.37923872470855713,E:\dl\mel_cache\lm3_base_v1\test\rock\rock.00044__03000ms__0012.npy
cnn,rock__rock.00044,rock,13,rock,jazz,0,0.5328606963157654,E:\dl\mel_cache\lm3_base_v1\test\rock\rock.00044__03000ms__0013.npy
cnn,rock__rock.00044,rock,14,rock,pop,0,0.3973254859447479,E:\dl\mel_cache\lm3_base_v1\test\rock\rock.00044__03000ms__0014.npy
cnn,rock__rock.00044,rock,15,rock,jazz,0,0.3617621064186096,E:\dl\mel_cache\lm3_base_v1\test\rock\rock.00044__03000ms__0015.npy
cnn,rock__rock.00044,rock,16,rock,jazz,0,0.5768154263496399,E:\dl\mel_cache\lm3_base_v1\test\rock\rock.00044__03000ms__0016.npy
cnn,rock__rock.00044,rock,17,rock,pop,0,0.46821948885917664,E:\dl\mel_cache\lm3_base_v1\test\rock\rock.00044__03000ms__0017.npy
cnn,rock__rock.00044,rock,18,rock,pop,0,0.6155825257301331,E:\dl\mel_cache\lm3_base_v1\test\rock\rock.00044__03000ms__0018.npy
cnn,rock__rock.00044,rock,19,rock,pop,0,0.6536230444908142,E:\dl\mel_cache\lm3_base_v1\test\rock\rock.00044__03000ms__0019.npy
cnn,rock__rock.00048,rock,0,rock,rock,1,0.7824055552482605,E:\dl\mel_cache\lm3_base_v1\test\rock\rock.00048__03000ms__0000.npy
cnn,rock__rock.00048,rock,1,rock,rock,1,0.7873015403747559,E:\dl\mel_cache\lm3_base_v1\test\rock\rock.00048__03000ms__0001.npy
cnn,rock__rock.00048,rock,2,rock,rock,1,0.7876883149147034,E:\dl\mel_cache\lm3_base_v1\test\rock\rock.00048__03000ms__0002.npy
cnn,rock__rock.00048,rock,3,rock,rock,1,0.8442572951316833,E:\dl\mel_cache\lm3_base_v1\test\rock\rock.00048__03000ms__0003.npy
cnn,rock__rock.00048,rock,4,rock,rock,1,0.8258704543113708,E:\dl\mel_cache\lm3_base_v1\test\rock\rock.00048__03000ms__0004.npy
cnn,rock__rock.00048,rock,5,rock,rock,1,0.7247429490089417,E:\dl\mel_cache\lm3_base_v1\test\rock\rock.00048__03000ms__0005.npy
cnn,rock__rock.00048,rock,6,rock,rock,1,0.7796235680580139,E:\dl\mel_cache\lm3_base_v1\test\rock\rock.00048__03000ms__0006.npy
cnn,rock__rock.00048,rock,7,rock,rock,1,0.4807588756084442,E:\dl\mel_cache\lm3_base_v1\test\rock\rock.00048__03000ms__0007.npy
cnn,rock__rock.00048,rock,8,rock,rock,1,0.485012412071228,E:\dl\mel_cache\lm3_base_v1\test\rock\rock.00048__03000ms__0008.npy
cnn,rock__rock.00048,rock,9,rock,classical,0,0.5263054966926575,E:\dl\mel_cache\lm3_base_v1\test\rock\rock.00048__03000ms__0009.npy
cnn,rock__rock.00048,rock,10,rock,rock,1,0.3579164743423462,E:\dl\mel_cache\lm3_base_v1\test\rock\rock.00048__03000ms__0010.npy
cnn,rock__rock.00048,rock,11,rock,rock,1,0.8076813220977783,E:\dl\mel_cache\lm3_base_v1\test\rock\rock.00048__03000ms__0011.npy
cnn,rock__rock.00048,rock,12,rock,rock,1,0.6488836407661438,E:\dl\mel_cache\lm3_base_v1\test\rock\rock.00048__03000ms__0012.npy
cnn,rock__rock.00048,rock,13,rock,metal,0,0.5053195953369141,E:\dl\mel_cache\lm3_base_v1\test\rock\rock.00048__03000ms__0013.npy
cnn,rock__rock.00048,rock,14,rock,rock,1,0.3174039423465729,E:\dl\mel_cache\lm3_base_v1\test\rock\rock.00048__03000ms__0014.npy
cnn,rock__rock.00048,rock,15,rock,rock,1,0.739004373550415,E:\dl\mel_cache\lm3_base_v1\test\rock\rock.00048__03000ms__0015.npy
cnn,rock__rock.00048,rock,16,rock,rock,1,0.8978397250175476,E:\dl\mel_cache\lm3_base_v1\test\rock\rock.00048__03000ms__0016.npy
cnn,rock__rock.00048,rock,17,rock,rock,1,0.86905437707901,E:\dl\mel_cache\lm3_base_v1\test\rock\rock.00048__03000ms__0017.npy
cnn,rock__rock.00048,rock,18,rock,rock,1,0.8551586866378784,E:\dl\mel_cache\lm3_base_v1\test\rock\rock.00048__03000ms__0018.npy
cnn,rock__rock.00048,rock,19,rock,rock,1,0.8502393960952759,E:\dl\mel_cache\lm3_base_v1\test\rock\rock.00048__03000ms__0019.npy
cnn,rock__rock.00049,rock,0,rock,jazz,0,0.5583941340446472,E:\dl\mel_cache\lm3_base_v1\test\rock\rock.00049__03000ms__0000.npy
cnn,rock__rock.00049,rock,1,rock,country,0,0.596193253993988,E:\dl\mel_cache\lm3_base_v1\test\rock\rock.00049__03000ms__0001.npy
cnn,rock__rock.00049,rock,2,rock,country,0,0.894214928150177,E:\dl\mel_cache\lm3_base_v1\test\rock\rock.00049__03000ms__0002.npy
cnn,rock__rock.00049,rock,3,rock,country,0,0.901399552822113,E:\dl\mel_cache\lm3_base_v1\test\rock\rock.00049__03000ms__0003.npy
cnn,rock__rock.00049,rock,4,rock,country,0,0.7930291891098022,E:\dl\mel_cache\lm3_base_v1\test\rock\rock.00049__03000ms__0004.npy
cnn,rock__rock.00049,rock,5,rock,country,0,0.8896628618240356,E:\dl\mel_cache\lm3_base_v1\test\rock\rock.00049__03000ms__0005.npy
cnn,rock__rock.00049,rock,6,rock,country,0,0.8955777287483215,E:\dl\mel_cache\lm3_base_v1\test\rock\rock.00049__03000ms__0006.npy
cnn,rock__rock.00049,rock,7,rock,country,0,0.9359076619148254,E:\dl\mel_cache\lm3_base_v1\test\rock\rock.00049__03000ms__0007.npy
cnn,rock__rock.00049,rock,8,rock,country,0,0.8343187570571899,E:\dl\mel_cache\lm3_base_v1\test\rock\rock.00049__03000ms__0008.npy
cnn,rock__rock.00049,rock,9,rock,country,0,0.7242758870124817,E:\dl\mel_cache\lm3_base_v1\test\rock\rock.00049__03000ms__0009.npy
cnn,rock__rock.00049,rock,10,rock,country,0,0.688536524772644,E:\dl\mel_cache\lm3_base_v1\test\rock\rock.00049__03000ms__0010.npy
cnn,rock__rock.00049,rock,11,rock,pop,0,0.7621550559997559,E:\dl\mel_cache\lm3_base_v1\test\rock\rock.00049__03000ms__0011.npy
cnn,rock__rock.00049,rock,12,rock,pop,0,0.7837432622909546,E:\dl\mel_cache\lm3_base_v1\test\rock\rock.00049__03000ms__0012.npy
cnn,rock__rock.00049,rock,13,rock,pop,0,0.7391955256462097,E:\dl\mel_cache\lm3_base_v1\test\rock\rock.00049__03000ms__0013.npy
cnn,rock__rock.00049,rock,14,rock,pop,0,0.8422026038169861,E:\dl\mel_cache\lm3_base_v1\test\rock\rock.00049__03000ms__0014.npy
cnn,rock__rock.00049,rock,15,rock,pop,0,0.8826761245727539,E:\dl\mel_cache\lm3_base_v1\test\rock\rock.00049__03000ms__0015.npy
cnn,rock__rock.00049,rock,16,rock,pop,0,0.824235737323761,E:\dl\mel_cache\lm3_base_v1\test\rock\rock.00049__03000ms__0016.npy
cnn,rock__rock.00049,rock,17,rock,pop,0,0.7720107436180115,E:\dl\mel_cache\lm3_base_v1\test\rock\rock.00049__03000ms__0017.npy
cnn,rock__rock.00049,rock,18,rock,pop,0,0.8736618161201477,E:\dl\mel_cache\lm3_base_v1\test\rock\rock.00049__03000ms__0018.npy
cnn,rock__rock.00049,rock,19,rock,pop,0,0.8492468595504761,E:\dl\mel_cache\lm3_base_v1\test\rock\rock.00049__03000ms__0019.npy
cnn,rock__rock.00050,rock,0,rock,pop,0,0.8826820850372314,E:\dl\mel_cache\lm3_base_v1\test\rock\rock.00050__03000ms__0000.npy
cnn,rock__rock.00050,rock,1,rock,pop,0,0.813060998916626,E:\dl\mel_cache\lm3_base_v1\test\rock\rock.00050__03000ms__0001.npy
cnn,rock__rock.00050,rock,2,rock,pop,0,0.565186619758606,E:\dl\mel_cache\lm3_base_v1\test\rock\rock.00050__03000ms__0002.npy
cnn,rock__rock.00050,rock,3,rock,pop,0,0.6645515561103821,E:\dl\mel_cache\lm3_base_v1\test\rock\rock.00050__03000ms__0003.npy
cnn,rock__rock.00050,rock,4,rock,pop,0,0.8324243426322937,E:\dl\mel_cache\lm3_base_v1\test\rock\rock.00050__03000ms__0004.npy
cnn,rock__rock.00050,rock,5,rock,pop,0,0.7352713346481323,E:\dl\mel_cache\lm3_base_v1\test\rock\rock.00050__03000ms__0005.npy
cnn,rock__rock.00050,rock,6,rock,pop,0,0.5066465735435486,E:\dl\mel_cache\lm3_base_v1\test\rock\rock.00050__03000ms__0006.npy
cnn,rock__rock.00050,rock,7,rock,rock,1,0.6737986207008362,E:\dl\mel_cache\lm3_base_v1\test\rock\rock.00050__03000ms__0007.npy
cnn,rock__rock.00050,rock,8,rock,rock,1,0.5561308860778809,E:\dl\mel_cache\lm3_base_v1\test\rock\rock.00050__03000ms__0008.npy
cnn,rock__rock.00050,rock,9,rock,rock,1,0.5602428317070007,E:\dl\mel_cache\lm3_base_v1\test\rock\rock.00050__03000ms__0009.npy
cnn,rock__rock.00050,rock,10,rock,rock,1,0.6159195899963379,E:\dl\mel_cache\lm3_base_v1\test\rock\rock.00050__03000ms__0010.npy
cnn,rock__rock.00050,rock,11,rock,pop,0,0.5244655609130859,E:\dl\mel_cache\lm3_base_v1\test\rock\rock.00050__03000ms__0011.npy
cnn,rock__rock.00050,rock,12,rock,pop,0,0.6641767024993896,E:\dl\mel_cache\lm3_base_v1\test\rock\rock.00050__03000ms__0012.npy
cnn,rock__rock.00050,rock,13,rock,pop,0,0.5767993330955505,E:\dl\mel_cache\lm3_base_v1\test\rock\rock.00050__03000ms__0013.npy
cnn,rock__rock.00050,rock,14,rock,rock,1,0.7450387477874756,E:\dl\mel_cache\lm3_base_v1\test\rock\rock.00050__03000ms__0014.npy
cnn,rock__rock.00050,rock,15,rock,rock,1,0.7987152338027954,E:\dl\mel_cache\lm3_base_v1\test\rock\rock.00050__03000ms__0015.npy
cnn,rock__rock.00050,rock,16,rock,rock,1,0.4565903842449188,E:\dl\mel_cache\lm3_base_v1\test\rock\rock.00050__03000ms__0016.npy
cnn,rock__rock.00050,rock,17,rock,rock,1,0.5456719398498535,E:\dl\mel_cache\lm3_base_v1\test\rock\rock.00050__03000ms__0017.npy
cnn,rock__rock.00050,rock,18,rock,pop,0,0.8391842246055603,E:\dl\mel_cache\lm3_base_v1\test\rock\rock.00050__03000ms__0018.npy
cnn,rock__rock.00050,rock,19,rock,pop,0,0.7788771986961365,E:\dl\mel_cache\lm3_base_v1\test\rock\rock.00050__03000ms__0019.npy
cnn,rock__rock.00054,rock,0,rock,rock,1,0.5914291143417358,E:\dl\mel_cache\lm3_base_v1\test\rock\rock.00054__03000ms__0000.npy
cnn,rock__rock.00054,rock,1,rock,classical,0,0.5274355411529541,E:\dl\mel_cache\lm3_base_v1\test\rock\rock.00054__03000ms__0001.npy
cnn,rock__rock.00054,rock,2,rock,pop,0,0.6283339858055115,E:\dl\mel_cache\lm3_base_v1\test\rock\rock.00054__03000ms__0002.npy
cnn,rock__rock.00054,rock,3,rock,pop,0,0.4463657736778259,E:\dl\mel_cache\lm3_base_v1\test\rock\rock.00054__03000ms__0003.npy
cnn,rock__rock.00054,rock,4,rock,rock,1,0.4154475927352905,E:\dl\mel_cache\lm3_base_v1\test\rock\rock.00054__03000ms__0004.npy
cnn,rock__rock.00054,rock,5,rock,rock,1,0.4232410192489624,E:\dl\mel_cache\lm3_base_v1\test\rock\rock.00054__03000ms__0005.npy
cnn,rock__rock.00054,rock,6,rock,rock,1,0.8808895349502563,E:\dl\mel_cache\lm3_base_v1\test\rock\rock.00054__03000ms__0006.npy
cnn,rock__rock.00054,rock,7,rock,rock,1,0.7831793427467346,E:\dl\mel_cache\lm3_base_v1\test\rock\rock.00054__03000ms__0007.npy
cnn,rock__rock.00054,rock,8,rock,rock,1,0.9074795842170715,E:\dl\mel_cache\lm3_base_v1\test\rock\rock.00054__03000ms__0008.npy
cnn,rock__rock.00054,rock,9,rock,rock,1,0.8126721382141113,E:\dl\mel_cache\lm3_base_v1\test\rock\rock.00054__03000ms__0009.npy
cnn,rock__rock.00054,rock,10,rock,country,0,0.7533774971961975,E:\dl\mel_cache\lm3_base_v1\test\rock\rock.00054__03000ms__0010.npy
cnn,rock__rock.00054,rock,11,rock,pop,0,0.6670492887496948,E:\dl\mel_cache\lm3_base_v1\test\rock\rock.00054__03000ms__0011.npy
cnn,rock__rock.00054,rock,12,rock,pop,0,0.47947293519973755,E:\dl\mel_cache\lm3_base_v1\test\rock\rock.00054__03000ms__0012.npy
cnn,rock__rock.00054,rock,13,rock,classical,0,0.4105819761753082,E:\dl\mel_cache\lm3_base_v1\test\rock\rock.00054__03000ms__0013.npy
cnn,rock__rock.00054,rock,14,rock,rock,1,0.4309239983558655,E:\dl\mel_cache\lm3_base_v1\test\rock\rock.00054__03000ms__0014.npy
cnn,rock__rock.00054,rock,15,rock,rock,1,0.5522469282150269,E:\dl\mel_cache\lm3_base_v1\test\rock\rock.00054__03000ms__0015.npy
cnn,rock__rock.00054,rock,16,rock,country,0,0.3978308141231537,E:\dl\mel_cache\lm3_base_v1\test\rock\rock.00054__03000ms__0016.npy
cnn,rock__rock.00054,rock,17,rock,rock,1,0.8222135901451111,E:\dl\mel_cache\lm3_base_v1\test\rock\rock.00054__03000ms__0017.npy
cnn,rock__rock.00054,rock,18,rock,classical,0,0.4749507009983063,E:\dl\mel_cache\lm3_base_v1\test\rock\rock.00054__03000ms__0018.npy
cnn,rock__rock.00054,rock,19,rock,classical,0,0.4472142457962036,E:\dl\mel_cache\lm3_base_v1\test\rock\rock.00054__03000ms__0019.npy
cnn,rock__rock.00080,rock,0,rock,rock,1,0.8288774490356445,E:\dl\mel_cache\lm3_base_v1\test\rock\rock.00080__03000ms__0000.npy
cnn,rock__rock.00080,rock,1,rock,rock,1,0.9139108061790466,E:\dl\mel_cache\lm3_base_v1\test\rock\rock.00080__03000ms__0001.npy
cnn,rock__rock.00080,rock,2,rock,rock,1,0.949415922164917,E:\dl\mel_cache\lm3_base_v1\test\rock\rock.00080__03000ms__0002.npy
cnn,rock__rock.00080,rock,3,rock,rock,1,0.9430193901062012,E:\dl\mel_cache\lm3_base_v1\test\rock\rock.00080__03000ms__0003.npy
cnn,rock__rock.00080,rock,4,rock,rock,1,0.942582368850708,E:\dl\mel_cache\lm3_base_v1\test\rock\rock.00080__03000ms__0004.npy
cnn,rock__rock.00080,rock,5,rock,rock,1,0.9298466444015503,E:\dl\mel_cache\lm3_base_v1\test\rock\rock.00080__03000ms__0005.npy
cnn,rock__rock.00080,rock,6,rock,rock,1,0.9152185916900635,E:\dl\mel_cache\lm3_base_v1\test\rock\rock.00080__03000ms__0006.npy
cnn,rock__rock.00080,rock,7,rock,rock,1,0.9418424367904663,E:\dl\mel_cache\lm3_base_v1\test\rock\rock.00080__03000ms__0007.npy
cnn,rock__rock.00080,rock,8,rock,rock,1,0.9424821138381958,E:\dl\mel_cache\lm3_base_v1\test\rock\rock.00080__03000ms__0008.npy
cnn,rock__rock.00080,rock,9,rock,rock,1,0.9264542460441589,E:\dl\mel_cache\lm3_base_v1\test\rock\rock.00080__03000ms__0009.npy
cnn,rock__rock.00080,rock,10,rock,rock,1,0.9009395837783813,E:\dl\mel_cache\lm3_base_v1\test\rock\rock.00080__03000ms__0010.npy
cnn,rock__rock.00080,rock,11,rock,rock,1,0.9131961464881897,E:\dl\mel_cache\lm3_base_v1\test\rock\rock.00080__03000ms__0011.npy
cnn,rock__rock.00080,rock,12,rock,rock,1,0.9245614409446716,E:\dl\mel_cache\lm3_base_v1\test\rock\rock.00080__03000ms__0012.npy
cnn,rock__rock.00080,rock,13,rock,rock,1,0.8929017186164856,E:\dl\mel_cache\lm3_base_v1\test\rock\rock.00080__03000ms__0013.npy
cnn,rock__rock.00080,rock,14,rock,rock,1,0.8573276400566101,E:\dl\mel_cache\lm3_base_v1\test\rock\rock.00080__03000ms__0014.npy
cnn,rock__rock.00080,rock,15,rock,rock,1,0.9153720736503601,E:\dl\mel_cache\lm3_base_v1\test\rock\rock.00080__03000ms__0015.npy
cnn,rock__rock.00080,rock,16,rock,rock,1,0.8891741037368774,E:\dl\mel_cache\lm3_base_v1\test\rock\rock.00080__03000ms__0016.npy
cnn,rock__rock.00080,rock,17,rock,rock,1,0.8331403732299805,E:\dl\mel_cache\lm3_base_v1\test\rock\rock.00080__03000ms__0017.npy
cnn,rock__rock.00080,rock,18,rock,rock,1,0.9306179881095886,E:\dl\mel_cache\lm3_base_v1\test\rock\rock.00080__03000ms__0018.npy
cnn,rock__rock.00080,rock,19,rock,rock,1,0.9335175156593323,E:\dl\mel_cache\lm3_base_v1\test\rock\rock.00080__03000ms__0019.npy
cnn,rock__rock.00085,rock,0,rock,rock,1,0.5461665987968445,E:\dl\mel_cache\lm3_base_v1\test\rock\rock.00085__03000ms__0000.npy
cnn,rock__rock.00085,rock,1,rock,metal,0,0.44378459453582764,E:\dl\mel_cache\lm3_base_v1\test\rock\rock.00085__03000ms__0001.npy
cnn,rock__rock.00085,rock,2,rock,jazz,0,0.6879437565803528,E:\dl\mel_cache\lm3_base_v1\test\rock\rock.00085__03000ms__0002.npy
cnn,rock__rock.00085,rock,3,rock,blues,0,0.3261259198188782,E:\dl\mel_cache\lm3_base_v1\test\rock\rock.00085__03000ms__0003.npy
cnn,rock__rock.00085,rock,4,rock,rock,1,0.69087815284729,E:\dl\mel_cache\lm3_base_v1\test\rock\rock.00085__03000ms__0004.npy
cnn,rock__rock.00085,rock,5,rock,rock,1,0.9284040927886963,E:\dl\mel_cache\lm3_base_v1\test\rock\rock.00085__03000ms__0005.npy
cnn,rock__rock.00085,rock,6,rock,rock,1,0.9070778489112854,E:\dl\mel_cache\lm3_base_v1\test\rock\rock.00085__03000ms__0006.npy
cnn,rock__rock.00085,rock,7,rock,rock,1,0.8436837196350098,E:\dl\mel_cache\lm3_base_v1\test\rock\rock.00085__03000ms__0007.npy
cnn,rock__rock.00085,rock,8,rock,rock,1,0.7413972616195679,E:\dl\mel_cache\lm3_base_v1\test\rock\rock.00085__03000ms__0008.npy
cnn,rock__rock.00085,rock,9,rock,rock,1,0.9278678297996521,E:\dl\mel_cache\lm3_base_v1\test\rock\rock.00085__03000ms__0009.npy
cnn,rock__rock.00085,rock,10,rock,rock,1,0.905286967754364,E:\dl\mel_cache\lm3_base_v1\test\rock\rock.00085__03000ms__0010.npy
cnn,rock__rock.00085,rock,11,rock,rock,1,0.8835945129394531,E:\dl\mel_cache\lm3_base_v1\test\rock\rock.00085__03000ms__0011.npy
cnn,rock__rock.00085,rock,12,rock,rock,1,0.893242597579956,E:\dl\mel_cache\lm3_base_v1\test\rock\rock.00085__03000ms__0012.npy
cnn,rock__rock.00085,rock,13,rock,rock,1,0.8873493075370789,E:\dl\mel_cache\lm3_base_v1\test\rock\rock.00085__03000ms__0013.npy
cnn,rock__rock.00085,rock,14,rock,rock,1,0.9227277040481567,E:\dl\mel_cache\lm3_base_v1\test\rock\rock.00085__03000ms__0014.npy
cnn,rock__rock.00085,rock,15,rock,rock,1,0.9514797329902649,E:\dl\mel_cache\lm3_base_v1\test\rock\rock.00085__03000ms__0015.npy
cnn,rock__rock.00085,rock,16,rock,rock,1,0.9399794936180115,E:\dl\mel_cache\lm3_base_v1\test\rock\rock.00085__03000ms__0016.npy
cnn,rock__rock.00085,rock,17,rock,rock,1,0.9138245582580566,E:\dl\mel_cache\lm3_base_v1\test\rock\rock.00085__03000ms__0017.npy
cnn,rock__rock.00085,rock,18,rock,rock,1,0.5593669414520264,E:\dl\mel_cache\lm3_base_v1\test\rock\rock.00085__03000ms__0018.npy
cnn,rock__rock.00085,rock,19,rock,rock,1,0.4337754547595978,E:\dl\mel_cache\lm3_base_v1\test\rock\rock.00085__03000ms__0019.npy
cnn,rock__rock.00086,rock,0,rock,metal,0,0.6562607288360596,E:\dl\mel_cache\lm3_base_v1\test\rock\rock.00086__03000ms__0000.npy
cnn,rock__rock.00086,rock,1,rock,metal,0,0.8283684253692627,E:\dl\mel_cache\lm3_base_v1\test\rock\rock.00086__03000ms__0001.npy
cnn,rock__rock.00086,rock,2,rock,rock,1,0.552562415599823,E:\dl\mel_cache\lm3_base_v1\test\rock\rock.00086__03000ms__0002.npy
cnn,rock__rock.00086,rock,3,rock,metal,0,0.6056269407272339,E:\dl\mel_cache\lm3_base_v1\test\rock\rock.00086__03000ms__0003.npy
cnn,rock__rock.00086,rock,4,rock,metal,0,0.8418018817901611,E:\dl\mel_cache\lm3_base_v1\test\rock\rock.00086__03000ms__0004.npy
cnn,rock__rock.00086,rock,5,rock,metal,0,0.633747935295105,E:\dl\mel_cache\lm3_base_v1\test\rock\rock.00086__03000ms__0005.npy
cnn,rock__rock.00086,rock,6,rock,metal,0,0.7107885479927063,E:\dl\mel_cache\lm3_base_v1\test\rock\rock.00086__03000ms__0006.npy
cnn,rock__rock.00086,rock,7,rock,metal,0,0.8113699555397034,E:\dl\mel_cache\lm3_base_v1\test\rock\rock.00086__03000ms__0007.npy
cnn,rock__rock.00086,rock,8,rock,metal,0,0.8648659586906433,E:\dl\mel_cache\lm3_base_v1\test\rock\rock.00086__03000ms__0008.npy
cnn,rock__rock.00086,rock,9,rock,metal,0,0.8373017311096191,E:\dl\mel_cache\lm3_base_v1\test\rock\rock.00086__03000ms__0009.npy
cnn,rock__rock.00086,rock,10,rock,rock,1,0.7484815716743469,E:\dl\mel_cache\lm3_base_v1\test\rock\rock.00086__03000ms__0010.npy
cnn,rock__rock.00086,rock,11,rock,rock,1,0.8515710830688477,E:\dl\mel_cache\lm3_base_v1\test\rock\rock.00086__03000ms__0011.npy
cnn,rock__rock.00086,rock,12,rock,rock,1,0.8944393992424011,E:\dl\mel_cache\lm3_base_v1\test\rock\rock.00086__03000ms__0012.npy
cnn,rock__rock.00086,rock,13,rock,rock,1,0.9090071320533752,E:\dl\mel_cache\lm3_base_v1\test\rock\rock.00086__03000ms__0013.npy
cnn,rock__rock.00086,rock,14,rock,rock,1,0.8844622373580933,E:\dl\mel_cache\lm3_base_v1\test\rock\rock.00086__03000ms__0014.npy
cnn,rock__rock.00086,rock,15,rock,rock,1,0.7153007388114929,E:\dl\mel_cache\lm3_base_v1\test\rock\rock.00086__03000ms__0015.npy
cnn,rock__rock.00086,rock,16,rock,rock,1,0.6557698249816895,E:\dl\mel_cache\lm3_base_v1\test\rock\rock.00086__03000ms__0016.npy
cnn,rock__rock.00086,rock,17,rock,rock,1,0.7615431547164917,E:\dl\mel_cache\lm3_base_v1\test\rock\rock.00086__03000ms__0017.npy
cnn,rock__rock.00086,rock,18,rock,rock,1,0.6355336308479309,E:\dl\mel_cache\lm3_base_v1\test\rock\rock.00086__03000ms__0018.npy
cnn,rock__rock.00086,rock,19,rock,rock,1,0.5882479548454285,E:\dl\mel_cache\lm3_base_v1\test\rock\rock.00086__03000ms__0019.npy
cnn,rock__rock.00092,rock,0,rock,metal,0,0.4844881594181061,E:\dl\mel_cache\lm3_base_v1\test\rock\rock.00092__03000ms__0000.npy
cnn,rock__rock.00092,rock,1,rock,rock,1,0.5838068127632141,E:\dl\mel_cache\lm3_base_v1\test\rock\rock.00092__03000ms__0001.npy
cnn,rock__rock.00092,rock,2,rock,metal,0,0.5058338046073914,E:\dl\mel_cache\lm3_base_v1\test\rock\rock.00092__03000ms__0002.npy
cnn,rock__rock.00092,rock,3,rock,metal,0,0.7247712016105652,E:\dl\mel_cache\lm3_base_v1\test\rock\rock.00092__03000ms__0003.npy
cnn,rock__rock.00092,rock,4,rock,metal,0,0.6743302941322327,E:\dl\mel_cache\lm3_base_v1\test\rock\rock.00092__03000ms__0004.npy
cnn,rock__rock.00092,rock,5,rock,rock,1,0.4958220422267914,E:\dl\mel_cache\lm3_base_v1\test\rock\rock.00092__03000ms__0005.npy
cnn,rock__rock.00092,rock,6,rock,metal,0,0.647376537322998,E:\dl\mel_cache\lm3_base_v1\test\rock\rock.00092__03000ms__0006.npy
cnn,rock__rock.00092,rock,7,rock,metal,0,0.7184481620788574,E:\dl\mel_cache\lm3_base_v1\test\rock\rock.00092__03000ms__0007.npy
cnn,rock__rock.00092,rock,8,rock,metal,0,0.6707079410552979,E:\dl\mel_cache\lm3_base_v1\test\rock\rock.00092__03000ms__0008.npy
cnn,rock__rock.00092,rock,9,rock,rock,1,0.4765409231185913,E:\dl\mel_cache\lm3_base_v1\test\rock\rock.00092__03000ms__0009.npy
cnn,rock__rock.00092,rock,10,rock,rock,1,0.6045271158218384,E:\dl\mel_cache\lm3_base_v1\test\rock\rock.00092__03000ms__0010.npy
cnn,rock__rock.00092,rock,11,rock,metal,0,0.6466255784034729,E:\dl\mel_cache\lm3_base_v1\test\rock\rock.00092__03000ms__0011.npy
cnn,rock__rock.00092,rock,12,rock,metal,0,0.8380616903305054,E:\dl\mel_cache\lm3_base_v1\test\rock\rock.00092__03000ms__0012.npy
cnn,rock__rock.00092,rock,13,rock,metal,0,0.736224353313446,E:\dl\mel_cache\lm3_base_v1\test\rock\rock.00092__03000ms__0013.npy
cnn,rock__rock.00092,rock,14,rock,metal,0,0.4713759422302246,E:\dl\mel_cache\lm3_base_v1\test\rock\rock.00092__03000ms__0014.npy
cnn,rock__rock.00092,rock,15,rock,metal,0,0.6580715775489807,E:\dl\mel_cache\lm3_base_v1\test\rock\rock.00092__03000ms__0015.npy
cnn,rock__rock.00092,rock,16,rock,metal,0,0.6760504841804504,E:\dl\mel_cache\lm3_base_v1\test\rock\rock.00092__03000ms__0016.npy
cnn,rock__rock.00092,rock,17,rock,metal,0,0.6917381882667542,E:\dl\mel_cache\lm3_base_v1\test\rock\rock.00092__03000ms__0017.npy
cnn,rock__rock.00092,rock,18,rock,metal,0,0.7294176816940308,E:\dl\mel_cache\lm3_base_v1\test\rock\rock.00092__03000ms__0018.npy
cnn,rock__rock.00092,rock,19,rock,metal,0,0.7258738875389099,E:\dl\mel_cache\lm3_base_v1\test\rock\rock.00092__03000ms__0019.npy
