embedding,sample_index,song_id,genre,label,tsne_x,tsne_y
full_clean_z,0,blues__blues.00000,blues,0,-8.487441062927246,-39.7008171081543
full_clean_z,1,blues__blues.00000,blues,0,-7.8362908363342285,-39.831600189208984
full_clean_z,2,blues__blues.00000,blues,0,-6.480210781097412,-39.59568405151367
full_clean_z,3,blues__blues.00000,blues,0,-6.38962984085083,-39.57946014404297
full_clean_z,4,blues__blues.00000,blues,0,-6.851779460906982,-40.3116455078125
full_clean_z,5,blues__blues.00000,blues,0,-7.634854793548584,-40.02767562866211
full_clean_z,6,blues__blues.00000,blues,0,-7.033803462982178,-39.92161178588867
full_clean_z,7,blues__blues.00001,blues,0,0.7952733039855957,-43.32014846801758
full_clean_z,8,blues__blues.00001,blues,0,-2.4674072265625,-21.886320114135742
full_clean_z,9,blues__blues.00001,blues,0,0.7455340623855591,-42.7553825378418
full_clean_z,10,blues__blues.00001,blues,0,-1.1928575038909912,-22.476686477661133
full_clean_z,11,blues__blues.00001,blues,0,0.7662012577056885,-42.560264587402344
full_clean_z,12,blues__blues.00001,blues,0,-0.14265349507331848,-23.182941436767578
full_clean_z,13,blues__blues.00001,blues,0,-0.5436328053474426,-22.57646369934082
full_clean_z,14,blues__blues.00009,blues,0,-44.66027069091797,20.882762908935547
full_clean_z,15,blues__blues.00009,blues,0,-13.04265308380127,-36.308135986328125
full_clean_z,16,blues__blues.00009,blues,0,-14.061027526855469,-33.39258575439453
full_clean_z,17,blues__blues.00009,blues,0,-13.26379680633545,-36.03083038330078
full_clean_z,18,blues__blues.00009,blues,0,-6.231384754180908,-25.881912231445312
full_clean_z,19,blues__blues.00009,blues,0,-12.993302345275879,-36.4454460144043
full_clean_z,20,blues__blues.00009,blues,0,-44.318355560302734,20.726346969604492
full_clean_z,21,blues__blues.00009,blues,0,-25.842954635620117,18.31719398498535
full_clean_z,22,blues__blues.00009,blues,0,-13.453475952148438,-35.86118698120117
full_clean_z,23,blues__blues.00011,blues,0,-20.645496368408203,-27.885515213012695
full_clean_z,24,blues__blues.00011,blues,0,-12.780144691467285,-38.585235595703125
full_clean_z,25,blues__blues.00011,blues,0,-18.89278221130371,-19.145509719848633
full_clean_z,26,blues__blues.00011,blues,0,-18.871097564697266,-19.184200286865234
full_clean_z,27,blues__blues.00011,blues,0,0.7355507612228394,-43.02094650268555
full_clean_z,28,blues__blues.00011,blues,0,-20.74448013305664,-27.03185272216797
full_clean_z,29,blues__blues.00011,blues,0,0.7500705122947693,-43.34882736206055
full_clean_z,30,blues__blues.00031,blues,0,-16.227705001831055,-36.58209991455078
full_clean_z,31,blues__blues.00031,blues,0,-17.159690856933594,-35.631309509277344
full_clean_z,32,blues__blues.00031,blues,0,-16.035581588745117,-36.70830154418945
full_clean_z,33,blues__blues.00031,blues,0,-17.29682159423828,-35.70534133911133
full_clean_z,34,blues__blues.00034,blues,0,-15.22724437713623,-37.26325988769531
full_clean_z,35,blues__blues.00034,blues,0,-15.648670196533203,-37.71005630493164
full_clean_z,36,blues__blues.00034,blues,0,-14.249817848205566,-37.856685638427734
full_clean_z,37,blues__blues.00034,blues,0,-5.99978494644165,-43.70121383666992
full_clean_z,38,blues__blues.00034,blues,0,-15.229843139648438,-37.069915771484375
full_clean_z,39,blues__blues.00034,blues,0,-15.594988822937012,-37.01126480102539
full_clean_z,40,blues__blues.00039,blues,0,-17.940898895263672,-34.40385818481445
full_clean_z,41,blues__blues.00039,blues,0,-18.14680290222168,-34.05293273925781
full_clean_z,42,blues__blues.00039,blues,0,-17.329376220703125,-35.61821746826172
full_clean_z,43,blues__blues.00039,blues,0,-17.67535400390625,-34.935272216796875
full_clean_z,44,blues__blues.00039,blues,0,-17.284940719604492,-36.09783935546875
full_clean_z,45,blues__blues.00052,blues,0,-2.3034887313842773,-40.76824951171875
full_clean_z,46,blues__blues.00052,blues,0,-16.354272842407227,-18.112930297851562
full_clean_z,47,blues__blues.00052,blues,0,-2.7061097621917725,-40.982662200927734
full_clean_z,48,blues__blues.00052,blues,0,0.6336493492126465,-42.865516662597656
full_clean_z,49,blues__blues.00052,blues,0,-19.900896072387695,-24.635223388671875
full_clean_z,50,blues__blues.00052,blues,0,-11.39992618560791,-17.69703483581543
full_clean_z,51,blues__blues.00054,blues,0,0.3764393925666809,-22.56551742553711
full_clean_z,52,blues__blues.00054,blues,0,0.47964659333229065,-21.795101165771484
full_clean_z,53,blues__blues.00054,blues,0,0.36239397525787354,-22.40947914123535
full_clean_z,54,blues__blues.00054,blues,0,0.21708491444587708,-22.460643768310547
full_clean_z,55,blues__blues.00054,blues,0,0.22096610069274902,-22.36171531677246
full_clean_z,56,blues__blues.00054,blues,0,-0.11439277231693268,-22.611902236938477
full_clean_z,57,blues__blues.00057,blues,0,-0.44277891516685486,-22.977649688720703
full_clean_z,58,blues__blues.00057,blues,0,0.5822840332984924,-22.67631721496582
full_clean_z,59,blues__blues.00057,blues,0,0.8565712571144104,-22.8388729095459
full_clean_z,60,blues__blues.00057,blues,0,0.6350824236869812,-22.919511795043945
full_clean_z,61,blues__blues.00060,blues,0,-4.463326454162598,-40.408111572265625
full_clean_z,62,blues__blues.00060,blues,0,-13.233342170715332,-39.19976043701172
full_clean_z,63,blues__blues.00060,blues,0,-13.24569320678711,-39.28128433227539
full_clean_z,64,blues__blues.00060,blues,0,-13.197524070739746,-39.52504348754883
full_clean_z,65,blues__blues.00060,blues,0,-12.84989070892334,-36.801143646240234
full_clean_z,66,blues__blues.00060,blues,0,-11.375579833984375,-40.93120193481445
full_clean_z,67,blues__blues.00060,blues,0,-11.323098182678223,-40.99634552001953
full_clean_z,68,blues__blues.00066,blues,0,-5.060317039489746,-43.947052001953125
full_clean_z,69,blues__blues.00066,blues,0,-4.67408561706543,-44.23215866088867
full_clean_z,70,blues__blues.00066,blues,0,-4.730201244354248,-44.141929626464844
full_clean_z,71,blues__blues.00066,blues,0,-4.2364501953125,-44.174564361572266
full_clean_z,72,blues__blues.00066,blues,0,-2.5277481079101562,-44.20787048339844
full_clean_z,73,blues__blues.00066,blues,0,-2.7508766651153564,-44.19820022583008
full_clean_z,74,blues__blues.00066,blues,0,-5.448684215545654,-44.12860107421875
full_clean_z,75,blues__blues.00066,blues,0,-6.065464973449707,-44.757835388183594
full_clean_z,76,blues__blues.00066,blues,0,-6.538345813751221,-44.666439056396484
full_clean_z,77,blues__blues.00068,blues,0,-9.177047729492188,-44.06396484375
full_clean_z,78,blues__blues.00068,blues,0,-6.298881530761719,-45.35487365722656
full_clean_z,79,blues__blues.00068,blues,0,-6.241939544677734,-45.35575866699219
full_clean_z,80,blues__blues.00068,blues,0,-5.956307888031006,-45.00286102294922
full_clean_z,81,blues__blues.00068,blues,0,-7.1436448097229,-44.72785186767578
full_clean_z,82,blues__blues.00068,blues,0,-7.382964134216309,-44.650997161865234
full_clean_z,83,blues__blues.00068,blues,0,-5.172772407531738,-44.9967155456543
full_clean_z,84,blues__blues.00070,blues,0,-3.52535343170166,-42.82347106933594
full_clean_z,85,blues__blues.00070,blues,0,-3.899195909500122,-44.110694885253906
full_clean_z,86,blues__blues.00070,blues,0,-4.0667548179626465,-44.2199592590332
full_clean_z,87,blues__blues.00070,blues,0,-3.9817440509796143,-45.155296325683594
full_clean_z,88,blues__blues.00070,blues,0,-4.204020977020264,-44.661739349365234
full_clean_z,89,blues__blues.00070,blues,0,-3.8328843116760254,-43.43861770629883
full_clean_z,90,blues__blues.00070,blues,0,2.896502733230591,-40.020172119140625
full_clean_z,91,blues__blues.00071,blues,0,-10.576157569885254,-42.87803268432617
full_clean_z,92,blues__blues.00071,blues,0,-10.446940422058105,-43.9713249206543
full_clean_z,93,blues__blues.00071,blues,0,-10.736202239990234,-43.697208404541016
full_clean_z,94,blues__blues.00071,blues,0,-9.844135284423828,-43.9068489074707
full_clean_z,95,blues__blues.00071,blues,0,-10.061990737915039,-43.86234664916992
full_clean_z,96,blues__blues.00071,blues,0,-10.28670597076416,-44.014408111572266
full_clean_z,97,blues__blues.00071,blues,0,-10.676475524902344,-43.92884826660156
full_clean_z,98,blues__blues.00071,blues,0,-11.711141586303711,-43.5303840637207
full_clean_z,99,blues__blues.00071,blues,0,-11.168334007263184,-43.586753845214844
full_clean_z,100,classical__classical.00000,classical,1,-10.358283996582031,67.32786560058594
full_clean_z,101,classical__classical.00000,classical,1,-7.440558433532715,66.40352630615234
full_clean_z,102,classical__classical.00000,classical,1,-8.356715202331543,66.25432586669922
full_clean_z,103,classical__classical.00000,classical,1,-5.795109748840332,68.28907775878906
full_clean_z,104,classical__classical.00000,classical,1,-7.07950496673584,66.87325286865234
full_clean_z,105,classical__classical.00000,classical,1,-10.070551872253418,66.22830200195312
full_clean_z,106,classical__classical.00002,classical,1,-7.423825263977051,68.27703094482422
full_clean_z,107,classical__classical.00002,classical,1,-6.516397476196289,66.92645263671875
full_clean_z,108,classical__classical.00002,classical,1,-6.460603713989258,66.5052490234375
full_clean_z,109,classical__classical.00006,classical,1,-8.636356353759766,66.991943359375
full_clean_z,110,classical__classical.00006,classical,1,-8.587458610534668,66.58739471435547
full_clean_z,111,classical__classical.00006,classical,1,-10.751084327697754,65.38327026367188
full_clean_z,112,classical__classical.00006,classical,1,-6.192053318023682,68.83584594726562
full_clean_z,113,classical__classical.00006,classical,1,-10.349836349487305,65.72948455810547
full_clean_z,114,classical__classical.00006,classical,1,-8.921407699584961,65.8012924194336
full_clean_z,115,classical__classical.00006,classical,1,-8.856422424316406,65.83650207519531
full_clean_z,116,classical__classical.00009,classical,1,-14.62037181854248,60.51875305175781
full_clean_z,117,classical__classical.00009,classical,1,-9.091054916381836,65.15963745117188
full_clean_z,118,classical__classical.00009,classical,1,-10.77973747253418,65.31334686279297
full_clean_z,119,classical__classical.00009,classical,1,-14.793625831604004,59.71967697143555
full_clean_z,120,classical__classical.00009,classical,1,-14.602709770202637,60.47892761230469
full_clean_z,121,classical__classical.00009,classical,1,-14.586884498596191,60.344173431396484
full_clean_z,122,classical__classical.00009,classical,1,-9.814313888549805,64.7721176147461
full_clean_z,123,classical__classical.00022,classical,1,-5.890040397644043,66.9048080444336
full_clean_z,124,classical__classical.00022,classical,1,-5.6023850440979,67.59777069091797
full_clean_z,125,classical__classical.00022,classical,1,-5.357950210571289,68.69932556152344
full_clean_z,126,classical__classical.00022,classical,1,-8.751219749450684,64.35233306884766
full_clean_z,127,classical__classical.00022,classical,1,-8.465437889099121,64.76240539550781
full_clean_z,128,classical__classical.00022,classical,1,-10.075894355773926,66.1144027709961
full_clean_z,129,classical__classical.00022,classical,1,-9.896806716918945,66.04790496826172
full_clean_z,130,classical__classical.00034,classical,1,-6.41564416885376,68.68965148925781
full_clean_z,131,classical__classical.00034,classical,1,-5.429141044616699,69.14684295654297
full_clean_z,132,classical__classical.00034,classical,1,-5.255937099456787,69.73135375976562
full_clean_z,133,classical__classical.00034,classical,1,-5.037907600402832,70.03126525878906
full_clean_z,134,classical__classical.00034,classical,1,-5.005299091339111,70.0973129272461
full_clean_z,135,classical__classical.00034,classical,1,-5.989794731140137,68.80007934570312
full_clean_z,136,classical__classical.00034,classical,1,-5.947653293609619,68.29443359375
full_clean_z,137,classical__classical.00037,classical,1,-4.76731014251709,65.41779327392578
full_clean_z,138,classical__classical.00037,classical,1,-5.238973617553711,66.81298828125
full_clean_z,139,classical__classical.00037,classical,1,-10.964619636535645,59.55112838745117
full_clean_z,140,classical__classical.00037,classical,1,-10.948122024536133,59.61377716064453
full_clean_z,141,classical__classical.00037,classical,1,-7.909879684448242,67.42581939697266
full_clean_z,142,classical__classical.00037,classical,1,-5.964074611663818,68.16934967041016
full_clean_z,143,classical__classical.00037,classical,1,-5.3085246086120605,69.51768493652344
full_clean_z,144,classical__classical.00037,classical,1,-8.754229545593262,64.60404205322266
full_clean_z,145,classical__classical.00039,classical,1,-7.086727142333984,66.70390319824219
full_clean_z,146,classical__classical.00039,classical,1,-6.336727142333984,65.73416900634766
full_clean_z,147,classical__classical.00039,classical,1,-10.964738845825195,59.591217041015625
full_clean_z,148,classical__classical.00039,classical,1,-6.322192668914795,65.0665512084961
full_clean_z,149,classical__classical.00039,classical,1,-8.3333158493042,64.54605865478516
full_clean_z,150,classical__classical.00039,classical,1,-7.683480739593506,65.4997329711914
full_clean_z,151,classical__classical.00047,classical,1,-8.914922714233398,64.19860076904297
full_clean_z,152,classical__classical.00047,classical,1,-8.379343032836914,64.44126892089844
full_clean_z,153,classical__classical.00047,classical,1,-9.968417167663574,63.97333526611328
full_clean_z,154,classical__classical.00047,classical,1,-10.172162055969238,63.47755813598633
full_clean_z,155,classical__classical.00047,classical,1,-14.26143741607666,59.823326110839844
full_clean_z,156,classical__classical.00047,classical,1,-14.500688552856445,59.806827545166016
full_clean_z,157,classical__classical.00053,classical,1,-5.865565776824951,59.13593673706055
full_clean_z,158,classical__classical.00053,classical,1,-5.163221836090088,59.177825927734375
full_clean_z,159,classical__classical.00053,classical,1,-5.171987056732178,59.181854248046875
full_clean_z,160,classical__classical.00053,classical,1,-6.176434516906738,59.08273696899414
full_clean_z,161,classical__classical.00053,classical,1,-6.226736068725586,59.079017639160156
full_clean_z,162,classical__classical.00056,classical,1,-2.0302302837371826,59.07449722290039
full_clean_z,163,classical__classical.00056,classical,1,-17.7640438079834,54.91030502319336
full_clean_z,164,classical__classical.00056,classical,1,-17.7658634185791,54.89432144165039
full_clean_z,165,classical__classical.00056,classical,1,-2.062563896179199,59.07571029663086
full_clean_z,166,classical__classical.00056,classical,1,-1.9933209419250488,59.07899475097656
full_clean_z,167,classical__classical.00056,classical,1,-1.2765403985977173,58.18598937988281
full_clean_z,168,classical__classical.00056,classical,1,-1.31382417678833,58.20451736450195
full_clean_z,169,classical__classical.00056,classical,1,-1.6197749376296997,58.560028076171875
full_clean_z,170,classical__classical.00056,classical,1,-2.5959417819976807,59.80431365966797
full_clean_z,171,classical__classical.00056,classical,1,-2.323286294937134,59.462615966796875
full_clean_z,172,classical__classical.00057,classical,1,-29.126155853271484,22.350778579711914
full_clean_z,173,classical__classical.00057,classical,1,-28.417644500732422,22.26286506652832
full_clean_z,174,classical__classical.00057,classical,1,-12.211360931396484,63.621253967285156
full_clean_z,175,classical__classical.00057,classical,1,-12.8624906539917,63.18720626831055
full_clean_z,176,classical__classical.00057,classical,1,-16.30589485168457,49.32712936401367
full_clean_z,177,classical__classical.00057,classical,1,-26.758241653442383,21.568077087402344
full_clean_z,178,classical__classical.00057,classical,1,-12.920741081237793,56.89826965332031
full_clean_z,179,classical__classical.00057,classical,1,-16.313486099243164,48.917484283447266
full_clean_z,180,classical__classical.00057,classical,1,-8.974825859069824,57.53380584716797
full_clean_z,181,classical__classical.00057,classical,1,-4.861547470092773,70.3754653930664
full_clean_z,182,classical__classical.00065,classical,1,-10.779727935791016,62.33768844604492
full_clean_z,183,classical__classical.00065,classical,1,-10.850799560546875,61.893043518066406
full_clean_z,184,classical__classical.00065,classical,1,-12.678265571594238,64.26966857910156
full_clean_z,185,classical__classical.00065,classical,1,-12.723459243774414,64.33006286621094
full_clean_z,186,classical__classical.00082,classical,1,-4.230656623840332,68.28553009033203
full_clean_z,187,classical__classical.00082,classical,1,-3.6084024906158447,68.23123168945312
full_clean_z,188,classical__classical.00082,classical,1,-4.358317852020264,68.77932739257812
full_clean_z,189,classical__classical.00082,classical,1,-10.762170791625977,61.1818962097168
full_clean_z,190,classical__classical.00082,classical,1,-8.38743782043457,68.11986541748047
full_clean_z,191,classical__classical.00082,classical,1,-8.959548950195312,67.43565368652344
full_clean_z,192,classical__classical.00091,classical,1,-6.336476802825928,69.56848907470703
full_clean_z,193,classical__classical.00091,classical,1,-11.149455070495605,66.08786010742188
full_clean_z,194,classical__classical.00091,classical,1,-10.942581176757812,65.93396759033203
full_clean_z,195,classical__classical.00091,classical,1,-5.628319263458252,65.84120178222656
full_clean_z,196,classical__classical.00091,classical,1,-6.856985092163086,67.73431396484375
full_clean_z,197,classical__classical.00091,classical,1,-7.002161026000977,67.53093719482422
full_clean_z,198,classical__classical.00091,classical,1,-7.039392471313477,68.39275360107422
full_clean_z,199,classical__classical.00091,classical,1,-6.435795783996582,68.40672302246094
full_clean_z,200,country__country.00001,country,2,-42.64088821411133,-18.649337768554688
full_clean_z,201,country__country.00001,country,2,-42.76667785644531,-18.77618980407715
full_clean_z,202,country__country.00001,country,2,-42.78722381591797,-18.80907440185547
full_clean_z,203,country__country.00001,country,2,-38.77134704589844,-4.406838893890381
full_clean_z,204,country__country.00001,country,2,-43.561500549316406,-18.777402877807617
full_clean_z,205,country__country.00011,country,2,-25.791711807250977,3.6588401794433594
full_clean_z,206,country__country.00011,country,2,-30.066009521484375,5.548676013946533
full_clean_z,207,country__country.00011,country,2,-27.882553100585938,-13.592916488647461
full_clean_z,208,country__country.00011,country,2,-16.273536682128906,-11.707621574401855
full_clean_z,209,country__country.00011,country,2,-30.97163963317871,26.942626953125
full_clean_z,210,country__country.00011,country,2,-30.918807983398438,27.003002166748047
full_clean_z,211,country__country.00011,country,2,-16.235660552978516,-11.60554027557373
full_clean_z,212,country__country.00011,country,2,-28.172956466674805,-15.07408618927002
full_clean_z,213,country__country.00013,country,2,-34.87629699707031,-7.630450248718262
full_clean_z,214,country__country.00013,country,2,-34.98154067993164,-7.664604187011719
full_clean_z,215,country__country.00013,country,2,-34.64946365356445,-7.672295570373535
full_clean_z,216,country__country.00013,country,2,36.611454010009766,11.194512367248535
full_clean_z,217,country__country.00013,country,2,-32.35084533691406,-7.612701416015625
full_clean_z,218,country__country.00013,country,2,-31.460533142089844,-7.275640487670898
full_clean_z,219,country__country.00013,country,2,-26.720993041992188,-4.842594623565674
full_clean_z,220,country__country.00013,country,2,-26.740381240844727,-4.888711452484131
full_clean_z,221,country__country.00013,country,2,34.81745910644531,22.71499252319336
full_clean_z,222,country__country.00013,country,2,-31.820144653320312,-7.142211437225342
full_clean_z,223,country__country.00029,country,2,-30.96395492553711,-22.00731658935547
full_clean_z,224,country__country.00029,country,2,-32.18339920043945,-21.529008865356445
full_clean_z,225,country__country.00029,country,2,-32.016536712646484,-21.528406143188477
full_clean_z,226,country__country.00029,country,2,-31.21070671081543,-22.08273696899414
full_clean_z,227,country__country.00029,country,2,-31.15486717224121,-21.981258392333984
full_clean_z,228,country__country.00029,country,2,-31.472328186035156,-22.072147369384766
full_clean_z,229,country__country.00047,country,2,-27.9176082611084,-21.62775421142578
full_clean_z,230,country__country.00057,country,2,-38.616416931152344,-25.866735458374023
full_clean_z,231,country__country.00057,country,2,-36.2701416015625,-22.686811447143555
full_clean_z,232,country__country.00057,country,2,-34.701812744140625,-27.448257446289062
full_clean_z,233,country__country.00057,country,2,-34.6065788269043,-27.412742614746094
full_clean_z,234,country__country.00057,country,2,-37.42799758911133,-23.510828018188477
full_clean_z,235,country__country.00057,country,2,-37.66517639160156,-24.590017318725586
full_clean_z,236,country__country.00057,country,2,-37.38841247558594,-24.791221618652344
full_clean_z,237,country__country.00057,country,2,-2.386098861694336,-0.2001805305480957
full_clean_z,238,country__country.00057,country,2,-0.1855693757534027,-2.9300506114959717
full_clean_z,239,country__country.00057,country,2,-41.15098571777344,-22.211606979370117
full_clean_z,240,country__country.00059,country,2,-14.76747989654541,-22.44997215270996
full_clean_z,241,country__country.00059,country,2,-39.27373504638672,-24.08762550354004
full_clean_z,242,country__country.00059,country,2,-39.43224334716797,-23.84652328491211
full_clean_z,243,country__country.00059,country,2,-40.6837043762207,-22.898162841796875
full_clean_z,244,country__country.00059,country,2,-39.2764778137207,-23.929481506347656
full_clean_z,245,country__country.00059,country,2,-39.64908981323242,-23.609079360961914
full_clean_z,246,country__country.00067,country,2,-34.930389404296875,-20.47445297241211
full_clean_z,247,country__country.00067,country,2,-21.9141902923584,-27.68331527709961
full_clean_z,248,country__country.00067,country,2,-19.55686378479004,-25.583890914916992
full_clean_z,249,country__country.00067,country,2,-36.74753952026367,-22.47710418701172
full_clean_z,250,country__country.00067,country,2,-21.90352439880371,-25.273239135742188
full_clean_z,251,country__country.00067,country,2,-21.164636611938477,-26.171205520629883
full_clean_z,252,country__country.00067,country,2,-21.461606979370117,-27.81627082824707
full_clean_z,253,country__country.00067,country,2,-36.28181076049805,-21.908084869384766
full_clean_z,254,country__country.00068,country,2,-23.574125289916992,-22.46620750427246
full_clean_z,255,country__country.00068,country,2,-25.972129821777344,-17.497373580932617
full_clean_z,256,country__country.00068,country,2,-26.071748733520508,-17.938230514526367
full_clean_z,257,country__country.00068,country,2,-23.979290008544922,-22.725000381469727
full_clean_z,258,country__country.00068,country,2,-19.892051696777344,-22.760255813598633
full_clean_z,259,country__country.00068,country,2,-21.65829849243164,-25.565040588378906
full_clean_z,260,country__country.00068,country,2,-30.69685173034668,-21.948749542236328
full_clean_z,261,country__country.00068,country,2,-23.285600662231445,-21.63755989074707
full_clean_z,262,country__country.00069,country,2,-40.138427734375,-27.9180965423584
full_clean_z,263,country__country.00069,country,2,-12.800457954406738,-23.438194274902344
full_clean_z,264,country__country.00069,country,2,-12.936162948608398,-29.591272354125977
full_clean_z,265,country__country.00069,country,2,-12.862832069396973,-29.07755470275879
full_clean_z,266,country__country.00069,country,2,-36.84296417236328,-23.55317497253418
full_clean_z,267,country__country.00069,country,2,-37.465206146240234,-23.600610733032227
full_clean_z,268,country__country.00069,country,2,-34.49103927612305,-21.980985641479492
full_clean_z,269,country__country.00075,country,2,-12.994658470153809,-42.104488372802734
full_clean_z,270,country__country.00075,country,2,-0.8367593884468079,-30.429975509643555
full_clean_z,271,country__country.00075,country,2,-13.55952262878418,-42.87550735473633
full_clean_z,272,country__country.00075,country,2,-13.424359321594238,-42.74554443359375
full_clean_z,273,country__country.00075,country,2,-13.403955459594727,-42.912078857421875
full_clean_z,274,country__country.00075,country,2,-15.287275314331055,-24.978620529174805
full_clean_z,275,country__country.00076,country,2,-24.542739868164062,-18.07485580444336
full_clean_z,276,country__country.00076,country,2,-25.67314338684082,-17.919706344604492
full_clean_z,277,country__country.00076,country,2,-24.2557315826416,-18.137104034423828
full_clean_z,278,country__country.00076,country,2,-37.97901153564453,-21.263980865478516
full_clean_z,279,country__country.00076,country,2,-14.617425918579102,-20.534358978271484
full_clean_z,280,country__country.00076,country,2,-3.2456140518188477,-41.082679748535156
full_clean_z,281,country__country.00076,country,2,-3.148280143737793,-41.15205383300781
full_clean_z,282,country__country.00077,country,2,-38.645999908447266,-20.740501403808594
full_clean_z,283,country__country.00077,country,2,-39.2363166809082,-20.825998306274414
full_clean_z,284,country__country.00077,country,2,-18.180143356323242,-2.3821582794189453
full_clean_z,285,country__country.00077,country,2,-39.107608795166016,-20.834321975708008
full_clean_z,286,country__country.00077,country,2,-15.406805038452148,-24.809221267700195
full_clean_z,287,country__country.00077,country,2,-15.627145767211914,-24.731855392456055
full_clean_z,288,country__country.00097,country,2,-34.160884857177734,-21.335058212280273
full_clean_z,289,country__country.00097,country,2,-38.05670166015625,-22.00908660888672
full_clean_z,290,country__country.00097,country,2,-38.57908630371094,-20.787960052490234
full_clean_z,291,country__country.00097,country,2,-40.95134735107422,-19.42612075805664
full_clean_z,292,country__country.00097,country,2,-40.78767395019531,-19.396703720092773
full_clean_z,293,country__country.00099,country,2,-11.730461120605469,-40.87232208251953
full_clean_z,294,country__country.00099,country,2,-9.054716110229492,-20.72110939025879
full_clean_z,295,country__country.00099,country,2,-11.303011894226074,-40.45273208618164
full_clean_z,296,country__country.00099,country,2,-16.02585792541504,-39.609100341796875
full_clean_z,297,country__country.00099,country,2,-12.506226539611816,-19.372173309326172
full_clean_z,298,country__country.00099,country,2,-15.066286087036133,-40.0974235534668
full_clean_z,299,country__country.00099,country,2,-14.981243133544922,-40.1719970703125
full_clean_z,300,disco__disco.00000,disco,3,39.61912536621094,27.430116653442383
full_clean_z,301,disco__disco.00000,disco,3,39.21915817260742,27.289955139160156
full_clean_z,302,disco__disco.00000,disco,3,39.57182693481445,27.326017379760742
full_clean_z,303,disco__disco.00000,disco,3,39.80876541137695,26.189237594604492
full_clean_z,304,disco__disco.00000,disco,3,39.555538177490234,26.333576202392578
full_clean_z,305,disco__disco.00000,disco,3,39.56769561767578,26.93515968322754
full_clean_z,306,disco__disco.00000,disco,3,39.41403579711914,26.9410457611084
full_clean_z,307,disco__disco.00000,disco,3,39.34027862548828,26.77901268005371
full_clean_z,308,disco__disco.00000,disco,3,39.2651252746582,27.046859741210938
full_clean_z,309,disco__disco.00003,disco,3,-38.268592834472656,-5.1799798011779785
full_clean_z,310,disco__disco.00003,disco,3,36.08340072631836,22.7083683013916
full_clean_z,311,disco__disco.00003,disco,3,38.323673248291016,14.904767990112305
full_clean_z,312,disco__disco.00003,disco,3,38.274818420410156,14.955791473388672
full_clean_z,313,disco__disco.00003,disco,3,38.54499816894531,15.80909252166748
full_clean_z,314,disco__disco.00003,disco,3,38.13224792480469,14.464798927307129
full_clean_z,315,disco__disco.00010,disco,3,44.5025520324707,2.3648061752319336
full_clean_z,316,disco__disco.00010,disco,3,39.46528244018555,2.3886306285858154
full_clean_z,317,disco__disco.00010,disco,3,34.64522933959961,9.264228820800781
full_clean_z,318,disco__disco.00010,disco,3,38.26740264892578,0.8264138102531433
full_clean_z,319,disco__disco.00010,disco,3,38.199581146240234,0.7373291254043579
full_clean_z,320,disco__disco.00010,disco,3,34.64162063598633,9.264389991760254
full_clean_z,321,disco__disco.00020,disco,3,-31.059946060180664,-10.644879341125488
full_clean_z,322,disco__disco.00020,disco,3,-29.67447280883789,-13.366047859191895
full_clean_z,323,disco__disco.00020,disco,3,-12.348711967468262,-13.1212158203125
full_clean_z,324,disco__disco.00021,disco,3,45.896095275878906,17.554946899414062
full_clean_z,325,disco__disco.00021,disco,3,46.11430358886719,17.269548416137695
full_clean_z,326,disco__disco.00021,disco,3,46.517662048339844,16.906585693359375
full_clean_z,327,disco__disco.00021,disco,3,45.988525390625,17.376449584960938
full_clean_z,328,disco__disco.00021,disco,3,45.79889678955078,17.678586959838867
full_clean_z,329,disco__disco.00021,disco,3,46.565372467041016,16.642791748046875
full_clean_z,330,disco__disco.00021,disco,3,44.4189567565918,4.638195991516113
full_clean_z,331,disco__disco.00021,disco,3,55.114341735839844,6.384814262390137
full_clean_z,332,disco__disco.00030,disco,3,31.228343963623047,24.78928565979004
full_clean_z,333,disco__disco.00030,disco,3,31.153743743896484,24.778095245361328
full_clean_z,334,disco__disco.00030,disco,3,32.86745834350586,24.423376083374023
full_clean_z,335,disco__disco.00030,disco,3,31.430200576782227,25.490360260009766
full_clean_z,336,disco__disco.00030,disco,3,30.947416305541992,25.015295028686523
full_clean_z,337,disco__disco.00030,disco,3,32.24251937866211,26.861326217651367
full_clean_z,338,disco__disco.00030,disco,3,32.24491882324219,26.779634475708008
full_clean_z,339,disco__disco.00030,disco,3,31.161462783813477,24.89398765563965
full_clean_z,340,disco__disco.00030,disco,3,32.332759857177734,24.743379592895508
full_clean_z,341,disco__disco.00030,disco,3,32.31239700317383,24.971515655517578
full_clean_z,342,disco__disco.00040,disco,3,22.30535888671875,-29.035837173461914
full_clean_z,343,disco__disco.00040,disco,3,21.82647705078125,-29.109281539916992
full_clean_z,344,disco__disco.00040,disco,3,22.114673614501953,-29.060876846313477
full_clean_z,345,disco__disco.00040,disco,3,22.059368133544922,-29.051681518554688
full_clean_z,346,disco__disco.00040,disco,3,22.29022216796875,-28.993444442749023
full_clean_z,347,disco__disco.00040,disco,3,22.642486572265625,-28.80559730529785
full_clean_z,348,disco__disco.00044,disco,3,35.716163635253906,22.406530380249023
full_clean_z,349,disco__disco.00044,disco,3,36.13999557495117,22.412622451782227
full_clean_z,350,disco__disco.00044,disco,3,38.614830017089844,21.597291946411133
full_clean_z,351,disco__disco.00044,disco,3,30.537731170654297,24.264602661132812
full_clean_z,352,disco__disco.00044,disco,3,37.75065612792969,21.397321701049805
full_clean_z,353,disco__disco.00044,disco,3,37.41749572753906,21.41593360900879
full_clean_z,354,disco__disco.00044,disco,3,37.1096305847168,21.723186492919922
full_clean_z,355,disco__disco.00044,disco,3,36.34830856323242,22.029586791992188
full_clean_z,356,disco__disco.00044,disco,3,36.157691955566406,22.56287956237793
full_clean_z,357,disco__disco.00044,disco,3,36.63501739501953,22.06494903564453
full_clean_z,358,disco__disco.00044,disco,3,37.83028793334961,21.76634979248047
full_clean_z,359,disco__disco.00055,disco,3,25.111066818237305,23.771902084350586
full_clean_z,360,disco__disco.00055,disco,3,26.099721908569336,23.968799591064453
full_clean_z,361,disco__disco.00055,disco,3,26.51771354675293,23.887178421020508
full_clean_z,362,disco__disco.00055,disco,3,26.368989944458008,24.02047348022461
full_clean_z,363,disco__disco.00055,disco,3,26.295835494995117,24.080585479736328
full_clean_z,364,disco__disco.00055,disco,3,25.0572566986084,24.045867919921875
full_clean_z,365,disco__disco.00055,disco,3,24.512653350830078,24.08278465270996
full_clean_z,366,disco__disco.00064,disco,3,26.018169403076172,24.432600021362305
full_clean_z,367,disco__disco.00064,disco,3,26.070451736450195,24.783292770385742
full_clean_z,368,disco__disco.00064,disco,3,26.227258682250977,24.470178604125977
full_clean_z,369,disco__disco.00064,disco,3,25.869359970092773,25.141122817993164
full_clean_z,370,disco__disco.00075,disco,3,24.38628387451172,22.69320297241211
full_clean_z,371,disco__disco.00075,disco,3,24.260608673095703,22.671337127685547
full_clean_z,372,disco__disco.00075,disco,3,24.444337844848633,23.073570251464844
full_clean_z,373,disco__disco.00075,disco,3,23.474403381347656,22.011436462402344
full_clean_z,374,disco__disco.00075,disco,3,24.503536224365234,22.89802360534668
full_clean_z,375,disco__disco.00075,disco,3,23.814342498779297,22.30486488342285
full_clean_z,376,disco__disco.00075,disco,3,21.63465690612793,18.937284469604492
full_clean_z,377,disco__disco.00075,disco,3,21.362092971801758,18.595550537109375
full_clean_z,378,disco__disco.00084,disco,3,36.14380645751953,27.274555206298828
full_clean_z,379,disco__disco.00084,disco,3,27.966617584228516,25.178876876831055
full_clean_z,380,disco__disco.00084,disco,3,35.92060852050781,27.436429977416992
full_clean_z,381,disco__disco.00084,disco,3,27.916072845458984,24.99433708190918
full_clean_z,382,disco__disco.00084,disco,3,28.712045669555664,24.520532608032227
full_clean_z,383,disco__disco.00084,disco,3,36.09429931640625,27.279569625854492
full_clean_z,384,disco__disco.00084,disco,3,36.09541320800781,27.27784538269043
full_clean_z,385,disco__disco.00093,disco,3,35.77988815307617,13.161304473876953
full_clean_z,386,disco__disco.00093,disco,3,36.6336555480957,23.809621810913086
full_clean_z,387,disco__disco.00093,disco,3,36.02433776855469,24.629335403442383
full_clean_z,388,disco__disco.00093,disco,3,36.626583099365234,26.46849250793457
full_clean_z,389,disco__disco.00093,disco,3,36.29230499267578,25.382732391357422
full_clean_z,390,disco__disco.00093,disco,3,35.8618049621582,24.420053482055664
full_clean_z,391,disco__disco.00094,disco,3,17.62125015258789,9.488070487976074
full_clean_z,392,disco__disco.00094,disco,3,17.87078285217285,9.526885032653809
full_clean_z,393,disco__disco.00094,disco,3,17.895891189575195,9.395092010498047
full_clean_z,394,disco__disco.00094,disco,3,17.08979606628418,8.9118013381958
full_clean_z,395,disco__disco.00094,disco,3,17.607053756713867,9.892187118530273
full_clean_z,396,disco__disco.00095,disco,3,27.278892517089844,23.996641159057617
full_clean_z,397,disco__disco.00095,disco,3,26.713680267333984,24.0897274017334
full_clean_z,398,disco__disco.00095,disco,3,27.0736026763916,23.96506690979004
full_clean_z,399,disco__disco.00095,disco,3,24.301118850708008,-29.36890411376953
full_clean_z,400,hiphop__hiphop.00002,hiphop,4,24.321613311767578,-15.857828140258789
full_clean_z,401,hiphop__hiphop.00002,hiphop,4,24.485490798950195,-15.999262809753418
full_clean_z,402,hiphop__hiphop.00002,hiphop,4,24.49056625366211,-15.913581848144531
full_clean_z,403,hiphop__hiphop.00002,hiphop,4,2.813507318496704,-22.58501434326172
full_clean_z,404,hiphop__hiphop.00002,hiphop,4,2.7556309700012207,-22.611896514892578
full_clean_z,405,hiphop__hiphop.00034,hiphop,4,24.14716148376465,-10.575368881225586
full_clean_z,406,hiphop__hiphop.00034,hiphop,4,24.044063568115234,-10.509015083312988
full_clean_z,407,hiphop__hiphop.00034,hiphop,4,24.035903930664062,-10.390891075134277
full_clean_z,408,hiphop__hiphop.00034,hiphop,4,23.97670555114746,-10.328392028808594
full_clean_z,409,hiphop__hiphop.00034,hiphop,4,24.01201057434082,-10.421279907226562
full_clean_z,410,hiphop__hiphop.00034,hiphop,4,24.026226043701172,-10.486355781555176
full_clean_z,411,hiphop__hiphop.00038,hiphop,4,30.24239158630371,-15.060365676879883
full_clean_z,412,hiphop__hiphop.00038,hiphop,4,30.42798614501953,-14.93212890625
full_clean_z,413,hiphop__hiphop.00038,hiphop,4,29.642972946166992,-15.401185035705566
full_clean_z,414,hiphop__hiphop.00038,hiphop,4,29.69439125061035,-15.346883773803711
full_clean_z,415,hiphop__hiphop.00040,hiphop,4,-25.447656631469727,-11.776707649230957
full_clean_z,416,hiphop__hiphop.00040,hiphop,4,-24.607053756713867,-12.510299682617188
full_clean_z,417,hiphop__hiphop.00040,hiphop,4,-25.16946029663086,-11.916398048400879
full_clean_z,418,hiphop__hiphop.00040,hiphop,4,44.01547622680664,-6.638264179229736
full_clean_z,419,hiphop__hiphop.00040,hiphop,4,45.02064895629883,-7.481907367706299
full_clean_z,420,hiphop__hiphop.00040,hiphop,4,59.9215202331543,-5.938102722167969
full_clean_z,421,hiphop__hiphop.00040,hiphop,4,44.22293472290039,-6.73723840713501
full_clean_z,422,hiphop__hiphop.00042,hiphop,4,47.48432159423828,-8.944184303283691
full_clean_z,423,hiphop__hiphop.00042,hiphop,4,36.29075241088867,-13.857317924499512
full_clean_z,424,hiphop__hiphop.00042,hiphop,4,36.09443283081055,-14.062119483947754
full_clean_z,425,hiphop__hiphop.00042,hiphop,4,36.7613639831543,-13.694993019104004
full_clean_z,426,hiphop__hiphop.00042,hiphop,4,36.11456298828125,-14.042633056640625
full_clean_z,427,hiphop__hiphop.00042,hiphop,4,36.079376220703125,-14.120283126831055
full_clean_z,428,hiphop__hiphop.00042,hiphop,4,35.33249282836914,-14.434052467346191
full_clean_z,429,hiphop__hiphop.00042,hiphop,4,35.181785583496094,-14.507258415222168
full_clean_z,430,hiphop__hiphop.00044,hiphop,4,27.0496883392334,-13.731229782104492
full_clean_z,431,hiphop__hiphop.00044,hiphop,4,-17.27436637878418,-16.300838470458984
full_clean_z,432,hiphop__hiphop.00044,hiphop,4,-22.961462020874023,-0.9803712368011475
full_clean_z,433,hiphop__hiphop.00044,hiphop,4,-29.93942642211914,-17.751338958740234
full_clean_z,434,hiphop__hiphop.00044,hiphop,4,-28.12103271484375,-1.8362232446670532
full_clean_z,435,hiphop__hiphop.00044,hiphop,4,-30.271730422973633,-20.565595626831055
full_clean_z,436,hiphop__hiphop.00044,hiphop,4,-26.440946578979492,-19.7740478515625
full_clean_z,437,hiphop__hiphop.00053,hiphop,4,27.16045379638672,-32.30013656616211
full_clean_z,438,hiphop__hiphop.00053,hiphop,4,39.9632568359375,19.945581436157227
full_clean_z,439,hiphop__hiphop.00053,hiphop,4,40.04656219482422,19.709728240966797
full_clean_z,440,hiphop__hiphop.00053,hiphop,4,39.763065338134766,20.637022018432617
full_clean_z,441,hiphop__hiphop.00053,hiphop,4,40.06713104248047,19.856002807617188
full_clean_z,442,hiphop__hiphop.00053,hiphop,4,32.13523864746094,-15.994925498962402
full_clean_z,443,hiphop__hiphop.00053,hiphop,4,32.37138366699219,-15.529928207397461
full_clean_z,444,hiphop__hiphop.00053,hiphop,4,32.3591194152832,-15.531872749328613
full_clean_z,445,hiphop__hiphop.00053,hiphop,4,32.692283630371094,-14.667107582092285
full_clean_z,446,hiphop__hiphop.00076,hiphop,4,31.427776336669922,-14.730125427246094
full_clean_z,447,hiphop__hiphop.00076,hiphop,4,31.550928115844727,-14.590855598449707
full_clean_z,448,hiphop__hiphop.00076,hiphop,4,31.374231338500977,-14.584425926208496
full_clean_z,449,hiphop__hiphop.00076,hiphop,4,31.40346336364746,-14.624836921691895
full_clean_z,450,hiphop__hiphop.00076,hiphop,4,31.959095001220703,-14.50144100189209
full_clean_z,451,hiphop__hiphop.00076,hiphop,4,32.528446197509766,-14.344574928283691
full_clean_z,452,hiphop__hiphop.00079,hiphop,4,53.35903549194336,-7.148036956787109
full_clean_z,453,hiphop__hiphop.00079,hiphop,4,50.521575927734375,-7.720199108123779
full_clean_z,454,hiphop__hiphop.00079,hiphop,4,52.2811164855957,-7.439526557922363
full_clean_z,455,hiphop__hiphop.00079,hiphop,4,50.65171432495117,-7.758230209350586
full_clean_z,456,hiphop__hiphop.00079,hiphop,4,52.34083557128906,-7.462231159210205
full_clean_z,457,hiphop__hiphop.00079,hiphop,4,53.15085983276367,-7.125574588775635
full_clean_z,458,hiphop__hiphop.00079,hiphop,4,52.44948959350586,-7.573834419250488
full_clean_z,459,hiphop__hiphop.00079,hiphop,4,52.19786834716797,-7.603448867797852
full_clean_z,460,hiphop__hiphop.00082,hiphop,4,24.635683059692383,-12.417548179626465
full_clean_z,461,hiphop__hiphop.00082,hiphop,4,24.56581687927246,-12.293243408203125
full_clean_z,462,hiphop__hiphop.00082,hiphop,4,23.26848602294922,-11.836054801940918
full_clean_z,463,hiphop__hiphop.00082,hiphop,4,24.011043548583984,-12.276033401489258
full_clean_z,464,hiphop__hiphop.00082,hiphop,4,23.28956413269043,-12.170510292053223
full_clean_z,465,hiphop__hiphop.00082,hiphop,4,23.701730728149414,-12.25253963470459
full_clean_z,466,hiphop__hiphop.00087,hiphop,4,30.62914276123047,-17.928787231445312
full_clean_z,467,hiphop__hiphop.00087,hiphop,4,30.623491287231445,-18.127174377441406
full_clean_z,468,hiphop__hiphop.00087,hiphop,4,30.86541175842285,-19.227256774902344
full_clean_z,469,hiphop__hiphop.00087,hiphop,4,30.903942108154297,-19.402816772460938
full_clean_z,470,hiphop__hiphop.00087,hiphop,4,30.83419418334961,-19.10976791381836
full_clean_z,471,hiphop__hiphop.00087,hiphop,4,31.124950408935547,-19.940929412841797
full_clean_z,472,hiphop__hiphop.00087,hiphop,4,31.090354919433594,-19.84051513671875
full_clean_z,473,hiphop__hiphop.00089,hiphop,4,25.344757080078125,4.804305076599121
full_clean_z,474,hiphop__hiphop.00089,hiphop,4,24.714574813842773,5.823282241821289
full_clean_z,475,hiphop__hiphop.00089,hiphop,4,24.512502670288086,6.085266590118408
full_clean_z,476,hiphop__hiphop.00089,hiphop,4,24.8400936126709,5.828548908233643
full_clean_z,477,hiphop__hiphop.00089,hiphop,4,24.678213119506836,5.993150234222412
full_clean_z,478,hiphop__hiphop.00093,hiphop,4,18.312179565429688,-2.9960694313049316
full_clean_z,479,hiphop__hiphop.00093,hiphop,4,18.300596237182617,-2.992471933364868
full_clean_z,480,hiphop__hiphop.00093,hiphop,4,16.863859176635742,-2.312746524810791
full_clean_z,481,hiphop__hiphop.00093,hiphop,4,16.5611572265625,-1.9374841451644897
full_clean_z,482,hiphop__hiphop.00093,hiphop,4,0.5219747424125671,-20.179580688476562
full_clean_z,483,hiphop__hiphop.00093,hiphop,4,11.970257759094238,-1.831905484199524
full_clean_z,484,hiphop__hiphop.00093,hiphop,4,11.998322486877441,-1.8034511804580688
full_clean_z,485,hiphop__hiphop.00093,hiphop,4,0.5411171317100525,-20.435701370239258
full_clean_z,486,hiphop__hiphop.00093,hiphop,4,2.531184673309326,-5.699219226837158
full_clean_z,487,hiphop__hiphop.00094,hiphop,4,25.995445251464844,-12.84644603729248
full_clean_z,488,hiphop__hiphop.00094,hiphop,4,26.713172912597656,-13.054981231689453
full_clean_z,489,hiphop__hiphop.00094,hiphop,4,26.8333740234375,-12.82003116607666
full_clean_z,490,hiphop__hiphop.00094,hiphop,4,26.292665481567383,-12.74722957611084
full_clean_z,491,hiphop__hiphop.00094,hiphop,4,25.8678035736084,-13.087846755981445
full_clean_z,492,hiphop__hiphop.00098,hiphop,4,25.536062240600586,-15.626734733581543
full_clean_z,493,hiphop__hiphop.00098,hiphop,4,24.583965301513672,-14.987544059753418
full_clean_z,494,hiphop__hiphop.00098,hiphop,4,25.57274627685547,-15.664253234863281
full_clean_z,495,hiphop__hiphop.00098,hiphop,4,25.313405990600586,-14.398886680603027
full_clean_z,496,hiphop__hiphop.00098,hiphop,4,24.98438835144043,-13.651768684387207
full_clean_z,497,hiphop__hiphop.00098,hiphop,4,24.962390899658203,-13.789055824279785
full_clean_z,498,hiphop__hiphop.00098,hiphop,4,25.1162052154541,-14.081902503967285
full_clean_z,499,hiphop__hiphop.00098,hiphop,4,25.09745979309082,-14.003779411315918
full_clean_z,500,jazz__jazz.00033,jazz,5,-45.17529296875,23.822410583496094
full_clean_z,501,jazz__jazz.00033,jazz,5,-45.63731002807617,23.41860580444336
full_clean_z,502,jazz__jazz.00033,jazz,5,-44.92995071411133,24.208154678344727
full_clean_z,503,jazz__jazz.00033,jazz,5,-44.29658126831055,24.999834060668945
full_clean_z,504,jazz__jazz.00033,jazz,5,-44.73208999633789,22.704435348510742
full_clean_z,505,jazz__jazz.00033,jazz,5,-44.9762077331543,23.54711151123047
full_clean_z,506,jazz__jazz.00041,jazz,5,-44.950103759765625,26.231325149536133
full_clean_z,507,jazz__jazz.00041,jazz,5,-44.0701904296875,24.862323760986328
full_clean_z,508,jazz__jazz.00041,jazz,5,-44.06680679321289,25.036237716674805
full_clean_z,509,jazz__jazz.00041,jazz,5,-44.06983947753906,24.863845825195312
full_clean_z,510,jazz__jazz.00041,jazz,5,-44.37753677368164,25.209671020507812
full_clean_z,511,jazz__jazz.00041,jazz,5,-44.44309997558594,25.123912811279297
full_clean_z,512,jazz__jazz.00041,jazz,5,-46.8260612487793,24.056842803955078
full_clean_z,513,jazz__jazz.00041,jazz,5,-46.68986892700195,24.090547561645508
full_clean_z,514,jazz__jazz.00041,jazz,5,-46.72394943237305,23.95695686340332
full_clean_z,515,jazz__jazz.00041,jazz,5,-46.80480194091797,23.942007064819336
full_clean_z,516,jazz__jazz.00046,jazz,5,-44.72555923461914,24.764644622802734
full_clean_z,517,jazz__jazz.00046,jazz,5,-44.90153121948242,24.95829200744629
full_clean_z,518,jazz__jazz.00046,jazz,5,-44.208980560302734,26.108083724975586
full_clean_z,519,jazz__jazz.00046,jazz,5,-44.04317092895508,26.313068389892578
full_clean_z,520,jazz__jazz.00046,jazz,5,-45.39348602294922,25.413166046142578
full_clean_z,521,jazz__jazz.00046,jazz,5,-44.53998565673828,21.284082412719727
full_clean_z,522,jazz__jazz.00046,jazz,5,-44.13581085205078,23.807653427124023
full_clean_z,523,jazz__jazz.00046,jazz,5,-44.63661193847656,22.401044845581055
full_clean_z,524,jazz__jazz.00048,jazz,5,-25.008468627929688,17.600500106811523
full_clean_z,525,jazz__jazz.00048,jazz,5,-24.8179931640625,18.093936920166016
full_clean_z,526,jazz__jazz.00048,jazz,5,-25.198251724243164,17.25334930419922
full_clean_z,527,jazz__jazz.00048,jazz,5,-40.12714385986328,31.082176208496094
full_clean_z,528,jazz__jazz.00048,jazz,5,-24.7003116607666,18.248027801513672
full_clean_z,529,jazz__jazz.00048,jazz,5,-40.245765686035156,30.385818481445312
full_clean_z,530,jazz__jazz.00048,jazz,5,-25.17818260192871,16.773712158203125
full_clean_z,531,jazz__jazz.00048,jazz,5,-24.669214248657227,18.189050674438477
full_clean_z,532,jazz__jazz.00050,jazz,5,12.59147834777832,-44.13922882080078
full_clean_z,533,jazz__jazz.00050,jazz,5,12.359784126281738,-44.061161041259766
full_clean_z,534,jazz__jazz.00050,jazz,5,12.528393745422363,-44.11504364013672
full_clean_z,535,jazz__jazz.00050,jazz,5,-31.71733856201172,24.50292205810547
full_clean_z,536,jazz__jazz.00050,jazz,5,-30.047420501708984,12.15336799621582
full_clean_z,537,jazz__jazz.00050,jazz,5,-35.61567306518555,10.762710571289062
full_clean_z,538,jazz__jazz.00050,jazz,5,-14.299589157104492,-12.853271484375
full_clean_z,539,jazz__jazz.00050,jazz,5,-30.089508056640625,11.948491096496582
full_clean_z,540,jazz__jazz.00050,jazz,5,-30.12285041809082,11.891721725463867
full_clean_z,541,jazz__jazz.00059,jazz,5,-42.25577163696289,29.4222412109375
full_clean_z,542,jazz__jazz.00059,jazz,5,-21.05948257446289,-2.5841941833496094
full_clean_z,543,jazz__jazz.00060,jazz,5,-32.997013092041016,28.898300170898438
full_clean_z,544,jazz__jazz.00060,jazz,5,-33.243873596191406,28.284494400024414
full_clean_z,545,jazz__jazz.00060,jazz,5,-33.5930290222168,28.436325073242188
full_clean_z,546,jazz__jazz.00060,jazz,5,-33.385284423828125,28.3520565032959
full_clean_z,547,jazz__jazz.00060,jazz,5,-33.91667175292969,28.34853172302246
full_clean_z,548,jazz__jazz.00060,jazz,5,-33.919010162353516,28.346498489379883
full_clean_z,549,jazz__jazz.00071,jazz,5,-42.84312438964844,28.833776473999023
full_clean_z,550,jazz__jazz.00071,jazz,5,-42.11621856689453,28.917200088500977
full_clean_z,551,jazz__jazz.00071,jazz,5,-43.378173828125,27.398775100708008
full_clean_z,552,jazz__jazz.00071,jazz,5,-43.38575744628906,27.492456436157227
full_clean_z,553,jazz__jazz.00071,jazz,5,-41.693424224853516,29.215829849243164
full_clean_z,554,jazz__jazz.00071,jazz,5,-41.48031997680664,28.650217056274414
full_clean_z,555,jazz__jazz.00071,jazz,5,-41.462467193603516,28.990482330322266
full_clean_z,556,jazz__jazz.00081,jazz,5,-30.891035079956055,6.923169136047363
full_clean_z,557,jazz__jazz.00081,jazz,5,-30.8331356048584,6.715541839599609
full_clean_z,558,jazz__jazz.00081,jazz,5,-30.965726852416992,6.9906792640686035
full_clean_z,559,jazz__jazz.00081,jazz,5,-30.725208282470703,6.514702796936035
full_clean_z,560,jazz__jazz.00081,jazz,5,-30.576223373413086,6.1135149002075195
full_clean_z,561,jazz__jazz.00081,jazz,5,-30.86422348022461,6.692264556884766
full_clean_z,562,jazz__jazz.00081,jazz,5,-30.754940032958984,6.093123435974121
full_clean_z,563,jazz__jazz.00081,jazz,5,-31.026411056518555,7.2446675300598145
full_clean_z,564,jazz__jazz.00081,jazz,5,-31.007949829101562,7.174489498138428
full_clean_z,565,jazz__jazz.00084,jazz,5,-29.104778289794922,25.136995315551758
full_clean_z,566,jazz__jazz.00084,jazz,5,-30.46347999572754,25.229782104492188
full_clean_z,567,jazz__jazz.00084,jazz,5,-29.418241500854492,25.190715789794922
full_clean_z,568,jazz__jazz.00084,jazz,5,-29.366195678710938,25.1245174407959
full_clean_z,569,jazz__jazz.00084,jazz,5,-29.340621948242188,25.140642166137695
full_clean_z,570,jazz__jazz.00084,jazz,5,-30.47321128845215,25.262527465820312
full_clean_z,571,jazz__jazz.00084,jazz,5,-30.692291259765625,25.034038543701172
full_clean_z,572,jazz__jazz.00084,jazz,5,-30.8487606048584,24.982751846313477
full_clean_z,573,jazz__jazz.00086,jazz,5,-30.49931526184082,27.822446823120117
full_clean_z,574,jazz__jazz.00086,jazz,5,-30.552879333496094,27.818115234375
full_clean_z,575,jazz__jazz.00086,jazz,5,-25.89603614807129,7.699447154998779
full_clean_z,576,jazz__jazz.00086,jazz,5,-25.848526000976562,7.179023742675781
full_clean_z,577,jazz__jazz.00086,jazz,5,-27.2596492767334,21.439191818237305
full_clean_z,578,jazz__jazz.00091,jazz,5,-42.797122955322266,29.494943618774414
full_clean_z,579,jazz__jazz.00091,jazz,5,-43.96549987792969,30.3843936920166
full_clean_z,580,jazz__jazz.00092,jazz,5,-45.25474166870117,29.927030563354492
full_clean_z,581,jazz__jazz.00092,jazz,5,-42.68135070800781,29.530946731567383
full_clean_z,582,jazz__jazz.00092,jazz,5,-41.68577575683594,29.528827667236328
full_clean_z,583,jazz__jazz.00092,jazz,5,-45.39234161376953,29.907747268676758
full_clean_z,584,jazz__jazz.00092,jazz,5,-44.759765625,29.937843322753906
full_clean_z,585,jazz__jazz.00092,jazz,5,-45.43965530395508,29.904035568237305
full_clean_z,586,jazz__jazz.00092,jazz,5,-45.442867279052734,29.90085792541504
full_clean_z,587,jazz__jazz.00096,jazz,5,-41.72794723510742,30.322147369384766
full_clean_z,588,jazz__jazz.00096,jazz,5,-40.768516540527344,30.840761184692383
full_clean_z,589,jazz__jazz.00096,jazz,5,-41.077178955078125,30.154617309570312
full_clean_z,590,jazz__jazz.00096,jazz,5,-40.424766540527344,30.251300811767578
full_clean_z,591,jazz__jazz.00096,jazz,5,-39.69660949707031,28.403459548950195
full_clean_z,592,jazz__jazz.00096,jazz,5,-39.936527252197266,28.579713821411133
full_clean_z,593,jazz__jazz.00096,jazz,5,-40.35512161254883,29.32455825805664
full_clean_z,594,jazz__jazz.00096,jazz,5,-38.98262405395508,29.5841121673584
full_clean_z,595,jazz__jazz.00096,jazz,5,-38.714691162109375,29.74245262145996
full_clean_z,596,jazz__jazz.00096,jazz,5,-38.723304748535156,29.768339157104492
full_clean_z,597,jazz__jazz.00099,jazz,5,-40.586456298828125,30.146528244018555
full_clean_z,598,jazz__jazz.00099,jazz,5,-39.73725509643555,28.29221534729004
full_clean_z,599,jazz__jazz.00099,jazz,5,-39.37605285644531,29.465087890625
full_clean_z,600,metal__metal.00002,metal,6,7.013981819152832,27.865657806396484
full_clean_z,601,metal__metal.00002,metal,6,3.3501367568969727,27.001625061035156
full_clean_z,602,metal__metal.00002,metal,6,4.078855991363525,27.164600372314453
full_clean_z,603,metal__metal.00002,metal,6,3.7795534133911133,27.050342559814453
full_clean_z,604,metal__metal.00002,metal,6,3.698458433151245,26.69508171081543
full_clean_z,605,metal__metal.00002,metal,6,3.882065534591675,27.167226791381836
full_clean_z,606,metal__metal.00002,metal,6,3.4757018089294434,26.488746643066406
full_clean_z,607,metal__metal.00002,metal,6,3.258781671524048,25.849119186401367
full_clean_z,608,metal__metal.00002,metal,6,3.301788806915283,25.571826934814453
full_clean_z,609,metal__metal.00004,metal,6,4.016615390777588,21.682701110839844
full_clean_z,610,metal__metal.00004,metal,6,4.130592346191406,21.677465438842773
full_clean_z,611,metal__metal.00004,metal,6,3.5696163177490234,21.847095489501953
full_clean_z,612,metal__metal.00004,metal,6,3.477942705154419,21.922279357910156
full_clean_z,613,metal__metal.00004,metal,6,3.4939138889312744,21.919418334960938
full_clean_z,614,metal__metal.00004,metal,6,3.7150139808654785,21.761001586914062
full_clean_z,615,metal__metal.00004,metal,6,3.6532444953918457,21.797712326049805
full_clean_z,616,metal__metal.00012,metal,6,6.585757732391357,22.715320587158203
full_clean_z,617,metal__metal.00012,metal,6,6.655859470367432,22.873703002929688
full_clean_z,618,metal__metal.00012,metal,6,6.733742713928223,23.242168426513672
full_clean_z,619,metal__metal.00012,metal,6,9.606358528137207,30.31572151184082
full_clean_z,620,metal__metal.00012,metal,6,9.407526969909668,30.283910751342773
full_clean_z,621,metal__metal.00012,metal,6,9.02122974395752,30.29601287841797
full_clean_z,622,metal__metal.00012,metal,6,9.41424560546875,30.211965560913086
full_clean_z,623,metal__metal.00012,metal,6,9.384942054748535,30.221527099609375
full_clean_z,624,metal__metal.00022,metal,6,7.139225006103516,25.843345642089844
full_clean_z,625,metal__metal.00022,metal,6,6.222568511962891,-0.20687292516231537
full_clean_z,626,metal__metal.00022,metal,6,6.413265228271484,-0.0819106176495552
full_clean_z,627,metal__metal.00022,metal,6,6.649768829345703,0.4037460684776306
full_clean_z,628,metal__metal.00022,metal,6,6.154889106750488,-0.1570069044828415
full_clean_z,629,metal__metal.00022,metal,6,5.586609840393066,-0.46864697337150574
full_clean_z,630,metal__metal.00022,metal,6,6.478498458862305,-0.019128799438476562
full_clean_z,631,metal__metal.00022,metal,6,6.480823993682861,-0.018605774268507957
full_clean_z,632,metal__metal.00024,metal,6,6.688887119293213,27.991470336914062
full_clean_z,633,metal__metal.00024,metal,6,8.717474937438965,27.100135803222656
full_clean_z,634,metal__metal.00024,metal,6,5.717535018920898,27.1357479095459
full_clean_z,635,metal__metal.00024,metal,6,8.886022567749023,26.160194396972656
full_clean_z,636,metal__metal.00024,metal,6,8.671019554138184,27.10480308532715
full_clean_z,637,metal__metal.00024,metal,6,7.165095806121826,29.558874130249023
full_clean_z,638,metal__metal.00024,metal,6,6.752504825592041,29.522918701171875
full_clean_z,639,metal__metal.00024,metal,6,7.607486248016357,29.906198501586914
full_clean_z,640,metal__metal.00030,metal,6,-2.8058784008026123,-0.16202689707279205
full_clean_z,641,metal__metal.00030,metal,6,-2.665417194366455,0.00797642208635807
full_clean_z,642,metal__metal.00030,metal,6,-2.674344301223755,0.5425122380256653
full_clean_z,643,metal__metal.00030,metal,6,4.709618091583252,28.25800323486328
full_clean_z,644,metal__metal.00030,metal,6,-2.256525754928589,1.9700485467910767
full_clean_z,645,metal__metal.00049,metal,6,9.15919303894043,28.49390983581543
full_clean_z,646,metal__metal.00049,metal,6,8.027559280395508,29.141706466674805
full_clean_z,647,metal__metal.00049,metal,6,9.046174049377441,29.617198944091797
full_clean_z,648,metal__metal.00049,metal,6,8.76096248626709,29.785356521606445
full_clean_z,649,metal__metal.00049,metal,6,8.117593765258789,28.658166885375977
full_clean_z,650,metal__metal.00049,metal,6,8.19063663482666,28.62928009033203
full_clean_z,651,metal__metal.00049,metal,6,7.951623439788818,29.282377243041992
full_clean_z,652,metal__metal.00049,metal,6,8.238520622253418,29.083633422851562
full_clean_z,653,metal__metal.00049,metal,6,8.433755874633789,28.052488327026367
full_clean_z,654,metal__metal.00051,metal,6,11.129372596740723,26.883670806884766
full_clean_z,655,metal__metal.00051,metal,6,11.278104782104492,26.87897491455078
full_clean_z,656,metal__metal.00051,metal,6,9.206254959106445,28.908647537231445
full_clean_z,657,metal__metal.00051,metal,6,8.790018081665039,29.435964584350586
full_clean_z,658,metal__metal.00051,metal,6,8.722331047058105,28.535253524780273
full_clean_z,659,metal__metal.00051,metal,6,7.939395904541016,28.123205184936523
full_clean_z,660,metal__metal.00051,metal,6,7.697249889373779,28.607646942138672
full_clean_z,661,metal__metal.00051,metal,6,7.720030784606934,28.4722843170166
full_clean_z,662,metal__metal.00052,metal,6,9.703306198120117,26.135541915893555
full_clean_z,663,metal__metal.00052,metal,6,9.848702430725098,26.680564880371094
full_clean_z,664,metal__metal.00052,metal,6,10.341815948486328,25.00568962097168
full_clean_z,665,metal__metal.00052,metal,6,21.448787689208984,-5.179018974304199
full_clean_z,666,metal__metal.00052,metal,6,21.486797332763672,-5.193438529968262
full_clean_z,667,metal__metal.00056,metal,6,10.566163063049316,27.254776000976562
full_clean_z,668,metal__metal.00056,metal,6,9.412939071655273,27.209930419921875
full_clean_z,669,metal__metal.00056,metal,6,8.961809158325195,27.786312103271484
full_clean_z,670,metal__metal.00056,metal,6,9.85987663269043,26.847551345825195
full_clean_z,671,metal__metal.00056,metal,6,7.742102146148682,28.486658096313477
full_clean_z,672,metal__metal.00056,metal,6,8.451314926147461,29.782705307006836
full_clean_z,673,metal__metal.00069,metal,6,8.64529800415039,23.963668823242188
full_clean_z,674,metal__metal.00069,metal,6,11.453886032104492,5.611105918884277
full_clean_z,675,metal__metal.00069,metal,6,30.859106063842773,-26.208650588989258
full_clean_z,676,metal__metal.00069,metal,6,30.909587860107422,-26.11589813232422
full_clean_z,677,metal__metal.00069,metal,6,12.099264144897461,5.219337463378906
full_clean_z,678,metal__metal.00069,metal,6,9.002620697021484,23.197601318359375
full_clean_z,679,metal__metal.00069,metal,6,11.92662525177002,5.392640590667725
full_clean_z,680,metal__metal.00091,metal,6,-10.754796981811523,7.116005897521973
full_clean_z,681,metal__metal.00091,metal,6,-11.066447257995605,7.273040771484375
full_clean_z,682,metal__metal.00091,metal,6,-12.998079299926758,-1.1974362134933472
full_clean_z,683,metal__metal.00091,metal,6,-14.522032737731934,0.1162063330411911
full_clean_z,684,metal__metal.00091,metal,6,-13.271964073181152,4.846757411956787
full_clean_z,685,metal__metal.00091,metal,6,-14.762076377868652,2.6224443912506104
full_clean_z,686,metal__metal.00092,metal,6,-0.242221400141716,1.8230822086334229
full_clean_z,687,metal__metal.00092,metal,6,-0.04596199467778206,1.9221563339233398
full_clean_z,688,metal__metal.00092,metal,6,-0.4818892180919647,1.5990785360336304
full_clean_z,689,metal__metal.00092,metal,6,6.228211879730225,-1.0725572109222412
full_clean_z,690,metal__metal.00092,metal,6,6.477420806884766,-1.2251598834991455
full_clean_z,691,metal__metal.00092,metal,6,8.26823616027832,24.185632705688477
full_clean_z,692,metal__metal.00096,metal,6,10.636153221130371,24.746742248535156
full_clean_z,693,metal__metal.00096,metal,6,5.077446460723877,27.51637840270996
full_clean_z,694,metal__metal.00097,metal,6,-1.5746607780456543,-14.102216720581055
full_clean_z,695,metal__metal.00097,metal,6,-1.5860446691513062,-14.15124797821045
full_clean_z,696,metal__metal.00097,metal,6,8.726741790771484,25.130840301513672
full_clean_z,697,metal__metal.00097,metal,6,8.748396873474121,24.366127014160156
full_clean_z,698,metal__metal.00097,metal,6,8.713566780090332,25.070043563842773
full_clean_z,699,metal__metal.00097,metal,6,8.556547164916992,25.018909454345703
full_clean_z,700,pop__pop.00003,pop,7,46.795223236083984,-6.676088333129883
full_clean_z,701,pop__pop.00003,pop,7,27.1309757232666,-32.38129425048828
full_clean_z,702,pop__pop.00003,pop,7,29.32872200012207,-35.92036819458008
full_clean_z,703,pop__pop.00003,pop,7,34.02372741699219,-24.918142318725586
full_clean_z,704,pop__pop.00003,pop,7,-36.67013931274414,-9.187905311584473
full_clean_z,705,pop__pop.00003,pop,7,35.88080596923828,-3.97163987159729
full_clean_z,706,pop__pop.00003,pop,7,36.17986297607422,-4.014402389526367
full_clean_z,707,pop__pop.00007,pop,7,-28.291168212890625,-10.443361282348633
full_clean_z,708,pop__pop.00007,pop,7,-28.42689323425293,-10.493412971496582
full_clean_z,709,pop__pop.00007,pop,7,49.47270202636719,1.806734561920166
full_clean_z,710,pop__pop.00007,pop,7,49.848838806152344,2.205118179321289
full_clean_z,711,pop__pop.00007,pop,7,-29.177017211914062,3.6496224403381348
full_clean_z,712,pop__pop.00007,pop,7,-34.77310562133789,-23.0604190826416
full_clean_z,713,pop__pop.00007,pop,7,-34.9973030090332,-23.09101676940918
full_clean_z,714,pop__pop.00007,pop,7,-34.35609817504883,-23.216480255126953
full_clean_z,715,pop__pop.00015,pop,7,53.09296798706055,5.469384670257568
full_clean_z,716,pop__pop.00015,pop,7,52.886451721191406,5.031391620635986
full_clean_z,717,pop__pop.00015,pop,7,53.120384216308594,5.4129862785339355
full_clean_z,718,pop__pop.00015,pop,7,53.405921936035156,5.537356853485107
full_clean_z,719,pop__pop.00015,pop,7,52.92081069946289,5.412918567657471
full_clean_z,720,pop__pop.00015,pop,7,53.2061767578125,5.523252487182617
full_clean_z,721,pop__pop.00021,pop,7,52.84829330444336,5.535350322723389
full_clean_z,722,pop__pop.00021,pop,7,52.10531997680664,5.36717414855957
full_clean_z,723,pop__pop.00021,pop,7,51.90605926513672,5.397352695465088
full_clean_z,724,pop__pop.00021,pop,7,50.53977966308594,5.799067497253418
full_clean_z,725,pop__pop.00021,pop,7,49.90650939941406,5.479456901550293
full_clean_z,726,pop__pop.00021,pop,7,52.4699592590332,5.450030326843262
full_clean_z,727,pop__pop.00021,pop,7,49.986392974853516,5.480711936950684
full_clean_z,728,pop__pop.00021,pop,7,49.995765686035156,5.457464218139648
full_clean_z,729,pop__pop.00028,pop,7,55.767494201660156,6.514654636383057
full_clean_z,730,pop__pop.00028,pop,7,55.35832977294922,7.631652355194092
full_clean_z,731,pop__pop.00028,pop,7,56.2706298828125,6.541449546813965
full_clean_z,732,pop__pop.00028,pop,7,55.583778381347656,7.339237689971924
full_clean_z,733,pop__pop.00028,pop,7,56.1510124206543,6.87960958480835
full_clean_z,734,pop__pop.00028,pop,7,61.05399703979492,0.04348793625831604
full_clean_z,735,pop__pop.00029,pop,7,61.33180236816406,-6.562823295593262
full_clean_z,736,pop__pop.00029,pop,7,61.54429244995117,-5.463304042816162
full_clean_z,737,pop__pop.00029,pop,7,34.370906829833984,-38.759002685546875
full_clean_z,738,pop__pop.00029,pop,7,61.36666488647461,-6.37257194519043
full_clean_z,739,pop__pop.00029,pop,7,61.77163314819336,-4.85067081451416
full_clean_z,740,pop__pop.00029,pop,7,61.94278335571289,-4.079055309295654
full_clean_z,741,pop__pop.00029,pop,7,61.88046646118164,-4.87691068649292
full_clean_z,742,pop__pop.00029,pop,7,61.356910705566406,-6.551524639129639
full_clean_z,743,pop__pop.00033,pop,7,44.901954650878906,1.1070246696472168
full_clean_z,744,pop__pop.00033,pop,7,45.94303512573242,-3.2945291996002197
full_clean_z,745,pop__pop.00033,pop,7,39.70399856567383,-6.569647789001465
full_clean_z,746,pop__pop.00033,pop,7,45.92101287841797,-3.146151542663574
full_clean_z,747,pop__pop.00033,pop,7,42.527339935302734,-3.7367048263549805
full_clean_z,748,pop__pop.00033,pop,7,43.98674392700195,0.3275514841079712
full_clean_z,749,pop__pop.00033,pop,7,44.54833221435547,1.7377817630767822
full_clean_z,750,pop__pop.00033,pop,7,44.54448699951172,1.7369307279586792
full_clean_z,751,pop__pop.00034,pop,7,46.29658508300781,-0.6266219615936279
full_clean_z,752,pop__pop.00034,pop,7,47.3315544128418,0.1534702628850937
full_clean_z,753,pop__pop.00034,pop,7,56.573509216308594,6.693090915679932
full_clean_z,754,pop__pop.00034,pop,7,46.405147552490234,-0.5858184695243835
full_clean_z,755,pop__pop.00034,pop,7,55.7896614074707,5.569189548492432
full_clean_z,756,pop__pop.00034,pop,7,47.15989685058594,0.6580343842506409
full_clean_z,757,pop__pop.00034,pop,7,46.83913040161133,2.4077365398406982
full_clean_z,758,pop__pop.00035,pop,7,61.10872268676758,0.32821759581565857
full_clean_z,759,pop__pop.00035,pop,7,61.10711669921875,0.5112489461898804
full_clean_z,760,pop__pop.00035,pop,7,61.18367385864258,1.3173091411590576
full_clean_z,761,pop__pop.00035,pop,7,50.77584457397461,6.27612829208374
full_clean_z,762,pop__pop.00035,pop,7,50.775108337402344,6.2744269371032715
full_clean_z,763,pop__pop.00038,pop,7,50.12700653076172,-7.4825639724731445
full_clean_z,764,pop__pop.00038,pop,7,46.74324417114258,2.9028844833374023
full_clean_z,765,pop__pop.00038,pop,7,45.909183502197266,2.7422893047332764
full_clean_z,766,pop__pop.00038,pop,7,46.26598358154297,2.7615785598754883
full_clean_z,767,pop__pop.00039,pop,7,58.27081298828125,-5.64290714263916
full_clean_z,768,pop__pop.00039,pop,7,60.40864944458008,-2.5914742946624756
full_clean_z,769,pop__pop.00039,pop,7,61.431610107421875,-3.357694625854492
full_clean_z,770,pop__pop.00039,pop,7,62.03785705566406,-4.248195171356201
full_clean_z,771,pop__pop.00039,pop,7,61.6287841796875,2.8175506591796875
full_clean_z,772,pop__pop.00039,pop,7,61.68446731567383,2.700308084487915
full_clean_z,773,pop__pop.00039,pop,7,61.709007263183594,2.738147735595703
full_clean_z,774,pop__pop.00039,pop,7,61.70604705810547,2.686786651611328
full_clean_z,775,pop__pop.00045,pop,7,34.44362258911133,-13.546659469604492
full_clean_z,776,pop__pop.00045,pop,7,46.36819076538086,-10.19807243347168
full_clean_z,777,pop__pop.00045,pop,7,46.82680892944336,-10.487521171569824
full_clean_z,778,pop__pop.00045,pop,7,41.4616584777832,15.34208869934082
full_clean_z,779,pop__pop.00045,pop,7,61.35222625732422,-3.0823819637298584
full_clean_z,780,pop__pop.00049,pop,7,60.203800201416016,-1.0115352869033813
full_clean_z,781,pop__pop.00049,pop,7,62.6098518371582,-1.6379486322402954
full_clean_z,782,pop__pop.00049,pop,7,63.903839111328125,-0.9271951913833618
full_clean_z,783,pop__pop.00049,pop,7,63.24385452270508,-1.3663761615753174
full_clean_z,784,pop__pop.00049,pop,7,63.5540771484375,-1.1857322454452515
full_clean_z,785,pop__pop.00049,pop,7,63.4398193359375,-1.2847150564193726
full_clean_z,786,pop__pop.00049,pop,7,63.440372467041016,-1.2842715978622437
full_clean_z,787,pop__pop.00079,pop,7,-26.160778045654297,14.251118659973145
full_clean_z,788,pop__pop.00079,pop,7,-17.38840675354004,53.295406341552734
full_clean_z,789,pop__pop.00079,pop,7,-17.407184600830078,53.29197311401367
full_clean_z,790,pop__pop.00079,pop,7,-10.498674392700195,-0.11861328780651093
full_clean_z,791,pop__pop.00081,pop,7,-43.98760986328125,-14.735494613647461
full_clean_z,792,pop__pop.00081,pop,7,-42.993343353271484,-14.633169174194336
full_clean_z,793,pop__pop.00081,pop,7,-44.44406509399414,-15.282580375671387
full_clean_z,794,pop__pop.00081,pop,7,-44.46034622192383,-15.257226943969727
full_clean_z,795,pop__pop.00081,pop,7,-43.275142669677734,-14.419981002807617
full_clean_z,796,pop__pop.00081,pop,7,-43.466949462890625,-14.534860610961914
full_clean_z,797,pop__pop.00081,pop,7,-43.33008575439453,-14.517790794372559
full_clean_z,798,pop__pop.00081,pop,7,-42.91427230834961,-14.690204620361328
full_clean_z,799,pop__pop.00081,pop,7,-43.23579406738281,-14.530557632446289
full_clean_z,800,reggae__reggae.00029,reggae,8,20.68204689025879,-45.67366027832031
full_clean_z,801,reggae__reggae.00029,reggae,8,20.29112434387207,-45.656856536865234
full_clean_z,802,reggae__reggae.00029,reggae,8,20.494966506958008,-45.496055603027344
full_clean_z,803,reggae__reggae.00029,reggae,8,20.503738403320312,-45.3967399597168
full_clean_z,804,reggae__reggae.00029,reggae,8,20.754045486450195,-46.027034759521484
full_clean_z,805,reggae__reggae.00029,reggae,8,20.654325485229492,-45.804603576660156
full_clean_z,806,reggae__reggae.00029,reggae,8,20.747364044189453,-45.46088409423828
full_clean_z,807,reggae__reggae.00029,reggae,8,19.128774642944336,-45.2367057800293
full_clean_z,808,reggae__reggae.00029,reggae,8,20.2073917388916,-49.49030303955078
full_clean_z,809,reggae__reggae.00029,reggae,8,20.149568557739258,-49.54293441772461
full_clean_z,810,reggae__reggae.00034,reggae,8,17.595802307128906,-51.356040954589844
full_clean_z,811,reggae__reggae.00034,reggae,8,18.076793670654297,-50.89543533325195
full_clean_z,812,reggae__reggae.00034,reggae,8,17.68122100830078,-51.0516357421875
full_clean_z,813,reggae__reggae.00034,reggae,8,18.26371192932129,-50.85980987548828
full_clean_z,814,reggae__reggae.00034,reggae,8,18.28076934814453,-50.87071228027344
full_clean_z,815,reggae__reggae.00034,reggae,8,18.16499900817871,-51.27108383178711
full_clean_z,816,reggae__reggae.00034,reggae,8,17.53289031982422,-51.141883850097656
full_clean_z,817,reggae__reggae.00034,reggae,8,17.64579963684082,-51.097618103027344
full_clean_z,818,reggae__reggae.00035,reggae,8,20.217687606811523,-49.237754821777344
full_clean_z,819,reggae__reggae.00035,reggae,8,20.540573120117188,-49.32506561279297
full_clean_z,820,reggae__reggae.00035,reggae,8,20.369178771972656,-49.03583908081055
full_clean_z,821,reggae__reggae.00035,reggae,8,20.455305099487305,-48.08134078979492
full_clean_z,822,reggae__reggae.00035,reggae,8,20.470897674560547,-49.138458251953125
full_clean_z,823,reggae__reggae.00035,reggae,8,20.41976547241211,-48.547096252441406
full_clean_z,824,reggae__reggae.00035,reggae,8,20.59480094909668,-49.15200424194336
full_clean_z,825,reggae__reggae.00040,reggae,8,-12.953371047973633,-14.591150283813477
full_clean_z,826,reggae__reggae.00040,reggae,8,-16.662731170654297,0.41335371136665344
full_clean_z,827,reggae__reggae.00040,reggae,8,-33.691375732421875,11.78334903717041
full_clean_z,828,reggae__reggae.00040,reggae,8,-16.561195373535156,0.5869622826576233
full_clean_z,829,reggae__reggae.00040,reggae,8,-21.63947296142578,6.192707061767578
full_clean_z,830,reggae__reggae.00040,reggae,8,-22.336769104003906,6.889203071594238
full_clean_z,831,reggae__reggae.00040,reggae,8,-12.900420188903809,-14.591965675354004
full_clean_z,832,reggae__reggae.00040,reggae,8,-7.364811420440674,-18.992055892944336
full_clean_z,833,reggae__reggae.00047,reggae,8,20.58914566040039,-46.971527099609375
full_clean_z,834,reggae__reggae.00047,reggae,8,24.153182983398438,-47.69977951049805
full_clean_z,835,reggae__reggae.00047,reggae,8,32.03208923339844,-41.136009216308594
full_clean_z,836,reggae__reggae.00047,reggae,8,20.7613525390625,-46.828834533691406
full_clean_z,837,reggae__reggae.00047,reggae,8,23.861955642700195,-47.0684700012207
full_clean_z,838,reggae__reggae.00049,reggae,8,-37.10022735595703,9.1153564453125
full_clean_z,839,reggae__reggae.00049,reggae,8,-37.8519401550293,8.677387237548828
full_clean_z,840,reggae__reggae.00049,reggae,8,-37.94978713989258,7.679125785827637
full_clean_z,841,reggae__reggae.00049,reggae,8,-36.71059799194336,8.470534324645996
full_clean_z,842,reggae__reggae.00049,reggae,8,-37.605003356933594,8.418095588684082
full_clean_z,843,reggae__reggae.00049,reggae,8,-36.546443939208984,8.570961952209473
full_clean_z,844,reggae__reggae.00049,reggae,8,-36.54571533203125,8.5685396194458
full_clean_z,845,reggae__reggae.00062,reggae,8,18.254064559936523,-47.1204719543457
full_clean_z,846,reggae__reggae.00062,reggae,8,18.27310562133789,-47.73748016357422
full_clean_z,847,reggae__reggae.00062,reggae,8,18.216049194335938,-47.75382995605469
full_clean_z,848,reggae__reggae.00062,reggae,8,17.061492919921875,-47.907325744628906
full_clean_z,849,reggae__reggae.00062,reggae,8,18.260116577148438,-47.56740951538086
full_clean_z,850,reggae__reggae.00062,reggae,8,18.759950637817383,-47.89243698120117
full_clean_z,851,reggae__reggae.00062,reggae,8,18.201322555541992,-47.83914566040039
full_clean_z,852,reggae__reggae.00062,reggae,8,18.63340187072754,-48.152854919433594
full_clean_z,853,reggae__reggae.00062,reggae,8,18.245756149291992,-46.941429138183594
full_clean_z,854,reggae__reggae.00064,reggae,8,29.934566497802734,-38.60957717895508
full_clean_z,855,reggae__reggae.00064,reggae,8,31.224870681762695,-38.633201599121094
full_clean_z,856,reggae__reggae.00064,reggae,8,30.882192611694336,-38.691837310791016
full_clean_z,857,reggae__reggae.00064,reggae,8,31.183549880981445,-38.808841705322266
full_clean_z,858,reggae__reggae.00064,reggae,8,34.72020721435547,-36.305809020996094
full_clean_z,859,reggae__reggae.00064,reggae,8,34.72020721435547,-36.305686950683594
full_clean_z,860,reggae__reggae.00065,reggae,8,31.72532844543457,-32.27254104614258
full_clean_z,861,reggae__reggae.00065,reggae,8,31.650671005249023,-32.38426971435547
full_clean_z,862,reggae__reggae.00065,reggae,8,31.343097686767578,-32.727115631103516
full_clean_z,863,reggae__reggae.00065,reggae,8,29.71872901916504,-38.01619338989258
full_clean_z,864,reggae__reggae.00065,reggae,8,31.41810417175293,-32.58040237426758
full_clean_z,865,reggae__reggae.00065,reggae,8,40.2786979675293,-11.364450454711914
full_clean_z,866,reggae__reggae.00065,reggae,8,40.3902473449707,-11.16860294342041
full_clean_z,867,reggae__reggae.00065,reggae,8,40.38996124267578,-11.16926097869873
full_clean_z,868,reggae__reggae.00071,reggae,8,31.938610076904297,-41.86228561401367
full_clean_z,869,reggae__reggae.00071,reggae,8,32.10169982910156,-41.70859146118164
full_clean_z,870,reggae__reggae.00071,reggae,8,31.952190399169922,-41.603477478027344
full_clean_z,871,reggae__reggae.00071,reggae,8,31.954809188842773,-41.59874725341797
full_clean_z,872,reggae__reggae.00076,reggae,8,36.416419982910156,-18.94884490966797
full_clean_z,873,reggae__reggae.00076,reggae,8,36.17390441894531,-17.728492736816406
full_clean_z,874,reggae__reggae.00076,reggae,8,35.84398651123047,-16.845062255859375
full_clean_z,875,reggae__reggae.00076,reggae,8,35.89142990112305,-16.118671417236328
full_clean_z,876,reggae__reggae.00076,reggae,8,36.016029357910156,-18.35828971862793
full_clean_z,877,reggae__reggae.00090,reggae,8,22.898962020874023,-47.52043914794922
full_clean_z,878,reggae__reggae.00090,reggae,8,22.134319305419922,-47.59379196166992
full_clean_z,879,reggae__reggae.00090,reggae,8,21.59972381591797,-47.33145523071289
full_clean_z,880,reggae__reggae.00090,reggae,8,23.777137756347656,-47.26115417480469
full_clean_z,881,reggae__reggae.00090,reggae,8,23.732492446899414,-47.31498336791992
full_clean_z,882,reggae__reggae.00090,reggae,8,23.540376663208008,-47.456790924072266
full_clean_z,883,reggae__reggae.00090,reggae,8,23.560623168945312,-47.47529602050781
full_clean_z,884,reggae__reggae.00091,reggae,8,17.439720153808594,-46.63380432128906
full_clean_z,885,reggae__reggae.00091,reggae,8,17.436874389648438,-46.50259017944336
full_clean_z,886,reggae__reggae.00091,reggae,8,15.667221069335938,-46.095420837402344
full_clean_z,887,reggae__reggae.00091,reggae,8,15.65314769744873,-44.915462493896484
full_clean_z,888,reggae__reggae.00091,reggae,8,16.07418441772461,-45.37269973754883
full_clean_z,889,reggae__reggae.00092,reggae,8,17.85400390625,-45.57513427734375
full_clean_z,890,reggae__reggae.00092,reggae,8,15.934676170349121,-45.8851318359375
full_clean_z,891,reggae__reggae.00092,reggae,8,16.401107788085938,-46.62591552734375
full_clean_z,892,reggae__reggae.00092,reggae,8,17.290205001831055,-46.45890808105469
full_clean_z,893,reggae__reggae.00092,reggae,8,17.630844116210938,-45.66218185424805
full_clean_z,894,reggae__reggae.00092,reggae,8,16.71070671081543,-46.1027946472168
full_clean_z,895,reggae__reggae.00092,reggae,8,19.379384994506836,-46.293968200683594
full_clean_z,896,reggae__reggae.00092,reggae,8,19.89109992980957,-46.267120361328125
full_clean_z,897,reggae__reggae.00092,reggae,8,16.91954231262207,-45.23728942871094
full_clean_z,898,reggae__reggae.00092,reggae,8,15.454129219055176,-46.435977935791016
full_clean_z,899,reggae__reggae.00092,reggae,8,17.43187713623047,-46.694801330566406
full_clean_z,900,rock__rock.00000,rock,9,5.112951278686523,-0.4493899643421173
full_clean_z,901,rock__rock.00000,rock,9,5.545071601867676,25.993999481201172
full_clean_z,902,rock__rock.00000,rock,9,5.140584945678711,-0.6845301389694214
full_clean_z,903,rock__rock.00000,rock,9,-17.14284324645996,-21.620548248291016
full_clean_z,904,rock__rock.00000,rock,9,-16.318620681762695,-20.88539695739746
full_clean_z,905,rock__rock.00000,rock,9,-15.437785148620605,7.3115057945251465
full_clean_z,906,rock__rock.00000,rock,9,-15.495166778564453,7.290326118469238
full_clean_z,907,rock__rock.00000,rock,9,-20.085052490234375,11.177959442138672
full_clean_z,908,rock__rock.00000,rock,9,-20.054719924926758,11.174423217773438
full_clean_z,909,rock__rock.00003,rock,9,-5.075011730194092,-21.895902633666992
full_clean_z,910,rock__rock.00003,rock,9,-20.002899169921875,-24.752182006835938
full_clean_z,911,rock__rock.00003,rock,9,-19.425308227539062,-24.494911193847656
full_clean_z,912,rock__rock.00003,rock,9,-19.462190628051758,-24.60147476196289
full_clean_z,913,rock__rock.00003,rock,9,-5.986714839935303,-21.785499572753906
full_clean_z,914,rock__rock.00003,rock,9,-5.0426130294799805,-21.907360076904297
full_clean_z,915,rock__rock.00008,rock,9,5.492747783660889,30.407194137573242
full_clean_z,916,rock__rock.00008,rock,9,5.057228088378906,30.473054885864258
full_clean_z,917,rock__rock.00008,rock,9,5.380184173583984,30.453693389892578
full_clean_z,918,rock__rock.00008,rock,9,5.145247936248779,30.49152946472168
full_clean_z,919,rock__rock.00008,rock,9,4.265612602233887,30.16541290283203
full_clean_z,920,rock__rock.00008,rock,9,3.9667208194732666,30.06940460205078
full_clean_z,921,rock__rock.00008,rock,9,4.650885581970215,30.191932678222656
full_clean_z,922,rock__rock.00032,rock,9,-17.992090225219727,5.506359577178955
full_clean_z,923,rock__rock.00032,rock,9,-4.327962398529053,4.672132968902588
full_clean_z,924,rock__rock.00034,rock,9,-38.3121337890625,-7.390174388885498
full_clean_z,925,rock__rock.00034,rock,9,-36.19083786010742,-7.321969985961914
full_clean_z,926,rock__rock.00034,rock,9,-36.21112060546875,-7.352184295654297
full_clean_z,927,rock__rock.00034,rock,9,-7.383059978485107,2.5182929039001465
full_clean_z,928,rock__rock.00034,rock,9,-38.095096588134766,-5.004344940185547
full_clean_z,929,rock__rock.00034,rock,9,33.20872497558594,25.703542709350586
full_clean_z,930,rock__rock.00039,rock,9,-25.407764434814453,0.8840654492378235
full_clean_z,931,rock__rock.00039,rock,9,-4.6953020095825195,4.6063971519470215
full_clean_z,932,rock__rock.00039,rock,9,-38.84888458251953,-7.88336181640625
full_clean_z,933,rock__rock.00039,rock,9,33.28450012207031,25.785734176635742
full_clean_z,934,rock__rock.00044,rock,9,-33.41998291015625,-12.007728576660156
full_clean_z,935,rock__rock.00044,rock,9,-33.546783447265625,-11.920869827270508
full_clean_z,936,rock__rock.00044,rock,9,-30.617511749267578,23.72347640991211
full_clean_z,937,rock__rock.00044,rock,9,-21.710844039916992,0.8544563055038452
full_clean_z,938,rock__rock.00044,rock,9,-21.946617126464844,0.7157098054885864
full_clean_z,939,rock__rock.00044,rock,9,-23.545412063598633,-4.020291805267334
full_clean_z,940,rock__rock.00044,rock,9,-23.54554557800293,-4.015697956085205
full_clean_z,941,rock__rock.00048,rock,9,-22.99380874633789,11.077329635620117
full_clean_z,942,rock__rock.00048,rock,9,-22.864181518554688,11.131425857543945
full_clean_z,943,rock__rock.00048,rock,9,-23.67218017578125,12.300580024719238
full_clean_z,944,rock__rock.00048,rock,9,-23.464303970336914,12.32235336303711
full_clean_z,945,rock__rock.00048,rock,9,-23.92203712463379,12.185044288635254
full_clean_z,946,rock__rock.00048,rock,9,-23.749156951904297,12.410242080688477
full_clean_z,947,rock__rock.00048,rock,9,-22.51861572265625,10.92186164855957
full_clean_z,948,rock__rock.00049,rock,9,-28.92134666442871,-23.509138107299805
full_clean_z,949,rock__rock.00049,rock,9,-32.69129180908203,-22.992000579833984
full_clean_z,950,rock__rock.00049,rock,9,-32.69416046142578,-22.996402740478516
full_clean_z,951,rock__rock.00049,rock,9,-33.997596740722656,-22.884700775146484
full_clean_z,952,rock__rock.00049,rock,9,-33.0722541809082,-22.905170440673828
full_clean_z,953,rock__rock.00049,rock,9,-44.43804931640625,-12.633853912353516
full_clean_z,954,rock__rock.00049,rock,9,-44.46846008300781,-12.390743255615234
full_clean_z,955,rock__rock.00049,rock,9,-44.53474426269531,-11.570210456848145
full_clean_z,956,rock__rock.00049,rock,9,-41.79294204711914,-6.802530765533447
full_clean_z,957,rock__rock.00049,rock,9,-42.817588806152344,-11.135540008544922
full_clean_z,958,rock__rock.00050,rock,9,-45.32343673706055,-10.123380661010742
full_clean_z,959,rock__rock.00050,rock,9,-45.6978645324707,-9.915364265441895
full_clean_z,960,rock__rock.00050,rock,9,-45.610721588134766,-9.77750015258789
full_clean_z,961,rock__rock.00050,rock,9,-45.59173583984375,-9.475611686706543
full_clean_z,962,rock__rock.00050,rock,9,-45.504520416259766,-9.637247085571289
full_clean_z,963,rock__rock.00050,rock,9,-45.429447174072266,-9.571981430053711
full_clean_z,964,rock__rock.00050,rock,9,-45.9305419921875,-9.918954849243164
full_clean_z,965,rock__rock.00050,rock,9,-45.55402374267578,-8.978270530700684
full_clean_z,966,rock__rock.00054,rock,9,-28.513032913208008,1.5482746362686157
full_clean_z,967,rock__rock.00054,rock,9,-23.505651473999023,1.6692808866500854
full_clean_z,968,rock__rock.00054,rock,9,-27.847810745239258,-1.0877511501312256
full_clean_z,969,rock__rock.00054,rock,9,-28.01752281188965,-2.3759448528289795
full_clean_z,970,rock__rock.00054,rock,9,-28.081928253173828,-2.9346377849578857
full_clean_z,971,rock__rock.00054,rock,9,-27.760250091552734,-1.5028997659683228
full_clean_z,972,rock__rock.00054,rock,9,-29.814781188964844,-0.8200359344482422
full_clean_z,973,rock__rock.00054,rock,9,-28.472888946533203,-1.450513482093811
full_clean_z,974,rock__rock.00054,rock,9,-29.330490112304688,-1.881306529045105
full_clean_z,975,rock__rock.00054,rock,9,-28.990612030029297,-0.8669180870056152
full_clean_z,976,rock__rock.00080,rock,9,-8.424095153808594,10.186197280883789
full_clean_z,977,rock__rock.00080,rock,9,-10.713398933410645,4.257340431213379
full_clean_z,978,rock__rock.00080,rock,9,-10.275626182556152,2.8745012283325195
full_clean_z,979,rock__rock.00080,rock,9,-8.800658226013184,9.528160095214844
full_clean_z,980,rock__rock.00080,rock,9,-8.685892105102539,9.535470008850098
full_clean_z,981,rock__rock.00085,rock,9,-11.526289939880371,-2.8740525245666504
full_clean_z,982,rock__rock.00085,rock,9,-12.440643310546875,-4.83850622177124
full_clean_z,983,rock__rock.00085,rock,9,-15.101768493652344,2.486234426498413
full_clean_z,984,rock__rock.00085,rock,9,-17.58562469482422,2.7310683727264404
full_clean_z,985,rock__rock.00085,rock,9,-14.76284122467041,2.350968837738037
full_clean_z,986,rock__rock.00085,rock,9,-9.501009941101074,38.50825881958008
full_clean_z,987,rock__rock.00086,rock,9,21.810468673706055,16.886701583862305
full_clean_z,988,rock__rock.00086,rock,9,-15.125653266906738,-2.9999160766601562
full_clean_z,989,rock__rock.00086,rock,9,-14.8014497756958,-3.631901264190674
full_clean_z,990,rock__rock.00086,rock,9,20.27363395690918,-31.746116638183594
full_clean_z,991,rock__rock.00092,rock,9,-8.173381805419922,8.612345695495605
full_clean_z,992,rock__rock.00092,rock,9,-8.015419960021973,8.696534156799316
full_clean_z,993,rock__rock.00092,rock,9,-9.139287948608398,7.941308498382568
full_clean_z,994,rock__rock.00092,rock,9,-9.464056968688965,7.642945289611816
full_clean_z,995,rock__rock.00092,rock,9,-8.069894790649414,8.762866020202637
full_clean_z,996,rock__rock.00092,rock,9,-9.033902168273926,7.973196029663086
full_clean_z,997,rock__rock.00092,rock,9,-8.266992568969727,8.447153091430664
full_clean_z,998,rock__rock.00092,rock,9,-8.258722305297852,8.45842456817627
full_clean_z,999,rock__rock.00092,rock,9,-8.239644050598145,8.487190246582031
full_noisy_z_t,0,blues__blues.00000,blues,0,-8.04585075378418,-32.384857177734375
full_noisy_z_t,1,blues__blues.00000,blues,0,-3.7687039375305176,-32.380374908447266
full_noisy_z_t,2,blues__blues.00000,blues,0,-3.401616334915161,-35.54889678955078
full_noisy_z_t,3,blues__blues.00000,blues,0,-4.033644676208496,-35.6710205078125
full_noisy_z_t,4,blues__blues.00000,blues,0,-10.930770874023438,-20.005268096923828
full_noisy_z_t,5,blues__blues.00000,blues,0,-3.12431263923645,-31.273832321166992
full_noisy_z_t,6,blues__blues.00000,blues,0,-2.9364330768585205,-32.5882453918457
full_noisy_z_t,7,blues__blues.00001,blues,0,-6.708317279815674,-31.797815322875977
full_noisy_z_t,8,blues__blues.00001,blues,0,-3.037684917449951,-21.63140106201172
full_noisy_z_t,9,blues__blues.00001,blues,0,-13.237655639648438,-27.80919075012207
full_noisy_z_t,10,blues__blues.00001,blues,0,-1.0767358541488647,-24.996740341186523
full_noisy_z_t,11,blues__blues.00001,blues,0,-6.065798282623291,-31.457611083984375
full_noisy_z_t,12,blues__blues.00001,blues,0,-2.6553099155426025,-25.353389739990234
full_noisy_z_t,13,blues__blues.00001,blues,0,-2.1167750358581543,-26.681678771972656
full_noisy_z_t,14,blues__blues.00009,blues,0,-43.19888687133789,18.271886825561523
full_noisy_z_t,15,blues__blues.00009,blues,0,-4.399266242980957,-29.64995574951172
full_noisy_z_t,16,blues__blues.00009,blues,0,-9.788466453552246,-30.447885513305664
full_noisy_z_t,17,blues__blues.00009,blues,0,-11.913551330566406,-32.11825180053711
full_noisy_z_t,18,blues__blues.00009,blues,0,-6.2751240730285645,-25.894033432006836
full_noisy_z_t,19,blues__blues.00009,blues,0,-9.168473243713379,-29.418556213378906
full_noisy_z_t,20,blues__blues.00009,blues,0,-44.192413330078125,18.176837921142578
full_noisy_z_t,21,blues__blues.00009,blues,0,-35.292747497558594,15.348259925842285
full_noisy_z_t,22,blues__blues.00009,blues,0,-11.28857707977295,-31.132585525512695
full_noisy_z_t,23,blues__blues.00011,blues,0,-20.1240234375,-28.484086990356445
full_noisy_z_t,24,blues__blues.00011,blues,0,-5.079622745513916,-34.46467971801758
full_noisy_z_t,25,blues__blues.00011,blues,0,-13.544408798217773,-17.529508590698242
full_noisy_z_t,26,blues__blues.00011,blues,0,-14.821660995483398,-18.62720489501953
full_noisy_z_t,27,blues__blues.00011,blues,0,-13.195606231689453,-26.476613998413086
full_noisy_z_t,28,blues__blues.00011,blues,0,-16.852766036987305,-28.08379364013672
full_noisy_z_t,29,blues__blues.00011,blues,0,-10.25534439086914,-27.751750946044922
full_noisy_z_t,30,blues__blues.00031,blues,0,-13.258695602416992,-31.90396499633789
full_noisy_z_t,31,blues__blues.00031,blues,0,-17.120737075805664,-30.334617614746094
full_noisy_z_t,32,blues__blues.00031,blues,0,-11.653919219970703,-33.3636589050293
full_noisy_z_t,33,blues__blues.00031,blues,0,-16.166034698486328,-30.991703033447266
full_noisy_z_t,34,blues__blues.00034,blues,0,-9.774127006530762,-31.689908981323242
full_noisy_z_t,35,blues__blues.00034,blues,0,-7.673002243041992,-31.704076766967773
full_noisy_z_t,36,blues__blues.00034,blues,0,-8.01155948638916,-29.562679290771484
full_noisy_z_t,37,blues__blues.00034,blues,0,-10.883428573608398,-30.057533264160156
full_noisy_z_t,38,blues__blues.00034,blues,0,-10.218802452087402,-32.396480560302734
full_noisy_z_t,39,blues__blues.00034,blues,0,-9.245006561279297,-32.69697570800781
full_noisy_z_t,40,blues__blues.00039,blues,0,-13.988948822021484,-26.580780029296875
full_noisy_z_t,41,blues__blues.00039,blues,0,-17.752193450927734,-29.380338668823242
full_noisy_z_t,42,blues__blues.00039,blues,0,-16.031166076660156,-30.149145126342773
full_noisy_z_t,43,blues__blues.00039,blues,0,-17.0502986907959,-29.62253761291504
full_noisy_z_t,44,blues__blues.00039,blues,0,-14.754109382629395,-30.990629196166992
full_noisy_z_t,45,blues__blues.00052,blues,0,-0.4468587338924408,-38.66094970703125
full_noisy_z_t,46,blues__blues.00052,blues,0,-15.542261123657227,-17.876657485961914
full_noisy_z_t,47,blues__blues.00052,blues,0,0.9053604006767273,-36.44317626953125
full_noisy_z_t,48,blues__blues.00052,blues,0,-9.851975440979004,-22.874656677246094
full_noisy_z_t,49,blues__blues.00052,blues,0,-11.972076416015625,-26.214311599731445
full_noisy_z_t,50,blues__blues.00052,blues,0,-11.553606033325195,-17.654273986816406
full_noisy_z_t,51,blues__blues.00054,blues,0,-3.5580592155456543,-25.620763778686523
full_noisy_z_t,52,blues__blues.00054,blues,0,-5.3218817710876465,-26.532468795776367
full_noisy_z_t,53,blues__blues.00054,blues,0,-3.986032485961914,-26.17972183227539
full_noisy_z_t,54,blues__blues.00054,blues,0,-3.2888121604919434,-24.553131103515625
full_noisy_z_t,55,blues__blues.00054,blues,0,-3.018763303756714,-28.20410919189453
full_noisy_z_t,56,blues__blues.00054,blues,0,-3.257546901702881,-27.00205421447754
full_noisy_z_t,57,blues__blues.00057,blues,0,-1.5705043077468872,-23.62746238708496
full_noisy_z_t,58,blues__blues.00057,blues,0,-2.896080732345581,-26.51205825805664
full_noisy_z_t,59,blues__blues.00057,blues,0,-2.647059679031372,-25.547319412231445
full_noisy_z_t,60,blues__blues.00057,blues,0,-2.3400585651397705,-27.497995376586914
full_noisy_z_t,61,blues__blues.00060,blues,0,-3.435523509979248,-38.02303695678711
full_noisy_z_t,62,blues__blues.00060,blues,0,-10.904253959655762,-32.400447845458984
full_noisy_z_t,63,blues__blues.00060,blues,0,-4.619071006774902,-31.57019805908203
full_noisy_z_t,64,blues__blues.00060,blues,0,-3.430569887161255,-34.36582565307617
full_noisy_z_t,65,blues__blues.00060,blues,0,-9.019305229187012,-33.32563400268555
full_noisy_z_t,66,blues__blues.00060,blues,0,-8.253846168518066,-28.62748908996582
full_noisy_z_t,67,blues__blues.00060,blues,0,-5.740209579467773,-30.54665184020996
full_noisy_z_t,68,blues__blues.00066,blues,0,-0.40048468112945557,-35.69845962524414
full_noisy_z_t,69,blues__blues.00066,blues,0,-0.37346547842025757,-33.510372161865234
full_noisy_z_t,70,blues__blues.00066,blues,0,-2.325540542602539,-33.57597732543945
full_noisy_z_t,71,blues__blues.00066,blues,0,0.698577344417572,-35.10885238647461
full_noisy_z_t,72,blues__blues.00066,blues,0,0.6651769280433655,-37.71867370605469
full_noisy_z_t,73,blues__blues.00066,blues,0,-10.326730728149414,-16.222671508789062
full_noisy_z_t,74,blues__blues.00066,blues,0,-10.621548652648926,-28.718008041381836
full_noisy_z_t,75,blues__blues.00066,blues,0,-1.2839165925979614,-34.75297546386719
full_noisy_z_t,76,blues__blues.00066,blues,0,-6.865006923675537,-30.7595272064209
full_noisy_z_t,77,blues__blues.00068,blues,0,-4.037404537200928,-33.51765441894531
full_noisy_z_t,78,blues__blues.00068,blues,0,-3.6000053882598877,-38.87943649291992
full_noisy_z_t,79,blues__blues.00068,blues,0,-5.990956783294678,-34.4291877746582
full_noisy_z_t,80,blues__blues.00068,blues,0,-7.239278316497803,-33.06182098388672
full_noisy_z_t,81,blues__blues.00068,blues,0,-8.913546562194824,-30.46419906616211
full_noisy_z_t,82,blues__blues.00068,blues,0,-7.5158209800720215,-30.623159408569336
full_noisy_z_t,83,blues__blues.00068,blues,0,-2.0773205757141113,-38.71845245361328
full_noisy_z_t,84,blues__blues.00070,blues,0,-0.28187546133995056,-36.56242752075195
full_noisy_z_t,85,blues__blues.00070,blues,0,-1.0868260860443115,-38.543941497802734
full_noisy_z_t,86,blues__blues.00070,blues,0,-2.1674158573150635,-38.06698989868164
full_noisy_z_t,87,blues__blues.00070,blues,0,-3.5872292518615723,-46.073219299316406
full_noisy_z_t,88,blues__blues.00070,blues,0,-1.101701021194458,-39.85582733154297
full_noisy_z_t,89,blues__blues.00070,blues,0,-2.113450765609741,-35.65011978149414
full_noisy_z_t,90,blues__blues.00070,blues,0,0.9875484704971313,-38.951045989990234
full_noisy_z_t,91,blues__blues.00071,blues,0,-6.524569988250732,-33.55638122558594
full_noisy_z_t,92,blues__blues.00071,blues,0,-5.351403713226318,-32.19335174560547
full_noisy_z_t,93,blues__blues.00071,blues,0,-8.319351196289062,-31.191875457763672
full_noisy_z_t,94,blues__blues.00071,blues,0,-7.191065311431885,-32.366676330566406
full_noisy_z_t,95,blues__blues.00071,blues,0,-8.9716215133667,-42.085548400878906
full_noisy_z_t,96,blues__blues.00071,blues,0,-7.019211292266846,-29.426368713378906
full_noisy_z_t,97,blues__blues.00071,blues,0,-7.7640461921691895,-27.564453125
full_noisy_z_t,98,blues__blues.00071,blues,0,-6.382192134857178,-27.52784538269043
full_noisy_z_t,99,blues__blues.00071,blues,0,-9.168667793273926,-31.29598617553711
full_noisy_z_t,100,classical__classical.00000,classical,1,-12.13675594329834,47.02754592895508
full_noisy_z_t,101,classical__classical.00000,classical,1,-7.783553123474121,48.557979583740234
full_noisy_z_t,102,classical__classical.00000,classical,1,-9.9144287109375,50.60542297363281
full_noisy_z_t,103,classical__classical.00000,classical,1,-3.393587350845337,47.85917282104492
full_noisy_z_t,104,classical__classical.00000,classical,1,-8.769667625427246,48.244468688964844
full_noisy_z_t,105,classical__classical.00000,classical,1,-13.606130599975586,47.75354766845703
full_noisy_z_t,106,classical__classical.00002,classical,1,-5.031842231750488,49.71516799926758
full_noisy_z_t,107,classical__classical.00002,classical,1,-7.114928722381592,47.99711608886719
full_noisy_z_t,108,classical__classical.00002,classical,1,-7.929375648498535,47.8032341003418
full_noisy_z_t,109,classical__classical.00006,classical,1,-8.48292350769043,49.51763916015625
full_noisy_z_t,110,classical__classical.00006,classical,1,-9.56941032409668,47.53006362915039
full_noisy_z_t,111,classical__classical.00006,classical,1,-12.596988677978516,48.10300064086914
full_noisy_z_t,112,classical__classical.00006,classical,1,-3.401059627532959,51.258846282958984
full_noisy_z_t,113,classical__classical.00006,classical,1,-13.352995872497559,52.430721282958984
full_noisy_z_t,114,classical__classical.00006,classical,1,-7.449090957641602,45.183223724365234
full_noisy_z_t,115,classical__classical.00006,classical,1,-11.03825569152832,51.77996063232422
full_noisy_z_t,116,classical__classical.00009,classical,1,-11.958367347717285,49.91785430908203
full_noisy_z_t,117,classical__classical.00009,classical,1,-9.425827980041504,49.41497039794922
full_noisy_z_t,118,classical__classical.00009,classical,1,-11.702638626098633,48.402015686035156
full_noisy_z_t,119,classical__classical.00009,classical,1,-13.601236343383789,51.047210693359375
full_noisy_z_t,120,classical__classical.00009,classical,1,-11.995762825012207,49.188018798828125
full_noisy_z_t,121,classical__classical.00009,classical,1,-12.71347713470459,50.332340240478516
full_noisy_z_t,122,classical__classical.00009,classical,1,-10.211206436157227,48.5070915222168
full_noisy_z_t,123,classical__classical.00022,classical,1,-3.1261935234069824,52.150352478027344
full_noisy_z_t,124,classical__classical.00022,classical,1,-4.867950439453125,48.782798767089844
full_noisy_z_t,125,classical__classical.00022,classical,1,-5.811461448669434,46.100040435791016
full_noisy_z_t,126,classical__classical.00022,classical,1,-9.201740264892578,50.94027328491211
full_noisy_z_t,127,classical__classical.00022,classical,1,-7.9784979820251465,51.68332290649414
full_noisy_z_t,128,classical__classical.00022,classical,1,-13.795154571533203,45.341251373291016
full_noisy_z_t,129,classical__classical.00022,classical,1,-13.02371883392334,46.628116607666016
full_noisy_z_t,130,classical__classical.00034,classical,1,-5.4942216873168945,51.03274917602539
full_noisy_z_t,131,classical__classical.00034,classical,1,-3.6937403678894043,48.74570083618164
full_noisy_z_t,132,classical__classical.00034,classical,1,-2.4886581897735596,49.957984924316406
full_noisy_z_t,133,classical__classical.00034,classical,1,-3.3584747314453125,50.129058837890625
full_noisy_z_t,134,classical__classical.00034,classical,1,-1.746903419494629,49.9886589050293
full_noisy_z_t,135,classical__classical.00034,classical,1,-5.6580986976623535,48.210899353027344
full_noisy_z_t,136,classical__classical.00034,classical,1,-4.823517799377441,46.568565368652344
full_noisy_z_t,137,classical__classical.00037,classical,1,-7.953981876373291,43.73426818847656
full_noisy_z_t,138,classical__classical.00037,classical,1,-6.98772668838501,45.905155181884766
full_noisy_z_t,139,classical__classical.00037,classical,1,-14.017045974731445,48.68153381347656
full_noisy_z_t,140,classical__classical.00037,classical,1,-14.958317756652832,52.558746337890625
full_noisy_z_t,141,classical__classical.00037,classical,1,-7.8776373863220215,50.236080169677734
full_noisy_z_t,142,classical__classical.00037,classical,1,-6.9304070472717285,46.675018310546875
full_noisy_z_t,143,classical__classical.00037,classical,1,-2.6341640949249268,49.02691650390625
full_noisy_z_t,144,classical__classical.00037,classical,1,-6.751091003417969,50.953006744384766
full_noisy_z_t,145,classical__classical.00039,classical,1,-3.9192757606506348,49.342891693115234
full_noisy_z_t,146,classical__classical.00039,classical,1,-6.174583435058594,44.52231216430664
full_noisy_z_t,147,classical__classical.00039,classical,1,-14.971366882324219,52.549644470214844
full_noisy_z_t,148,classical__classical.00039,classical,1,-10.723689079284668,43.91053771972656
full_noisy_z_t,149,classical__classical.00039,classical,1,-7.663095474243164,49.3447151184082
full_noisy_z_t,150,classical__classical.00039,classical,1,-9.463685035705566,48.452598571777344
full_noisy_z_t,151,classical__classical.00047,classical,1,-8.369961738586426,50.94496154785156
full_noisy_z_t,152,classical__classical.00047,classical,1,-7.5723161697387695,50.84455871582031
full_noisy_z_t,153,classical__classical.00047,classical,1,-9.690855979919434,49.9256591796875
full_noisy_z_t,154,classical__classical.00047,classical,1,-9.1719331741333,52.22994613647461
full_noisy_z_t,155,classical__classical.00047,classical,1,-13.915999412536621,50.29594802856445
full_noisy_z_t,156,classical__classical.00047,classical,1,-14.718644142150879,50.61762237548828
full_noisy_z_t,157,classical__classical.00053,classical,1,-8.2719144821167,46.04442596435547
full_noisy_z_t,158,classical__classical.00053,classical,1,-9.3856840133667,46.6962890625
full_noisy_z_t,159,classical__classical.00053,classical,1,-11.118074417114258,47.00056838989258
full_noisy_z_t,160,classical__classical.00053,classical,1,-8.513079643249512,46.64701461791992
full_noisy_z_t,161,classical__classical.00053,classical,1,-8.948981285095215,45.78919982910156
full_noisy_z_t,162,classical__classical.00056,classical,1,-1.6339237689971924,51.5666618347168
full_noisy_z_t,163,classical__classical.00056,classical,1,-12.0968599319458,45.37961196899414
full_noisy_z_t,164,classical__classical.00056,classical,1,-11.643038749694824,45.15514373779297
full_noisy_z_t,165,classical__classical.00056,classical,1,-7.069884777069092,50.094600677490234
full_noisy_z_t,166,classical__classical.00056,classical,1,-2.056913375854492,52.895626068115234
full_noisy_z_t,167,classical__classical.00056,classical,1,-10.61112117767334,49.21122360229492
full_noisy_z_t,168,classical__classical.00056,classical,1,-10.846715927124023,49.835838317871094
full_noisy_z_t,169,classical__classical.00056,classical,1,-10.230839729309082,46.482051849365234
full_noisy_z_t,170,classical__classical.00056,classical,1,-10.349602699279785,47.58748245239258
full_noisy_z_t,171,classical__classical.00056,classical,1,-2.2955687046051025,47.05708312988281
full_noisy_z_t,172,classical__classical.00057,classical,1,-30.11344337463379,21.89720344543457
full_noisy_z_t,173,classical__classical.00057,classical,1,-29.28961181640625,20.000341415405273
full_noisy_z_t,174,classical__classical.00057,classical,1,-5.745012283325195,49.180484771728516
full_noisy_z_t,175,classical__classical.00057,classical,1,-11.408853530883789,50.46031951904297
full_noisy_z_t,176,classical__classical.00057,classical,1,-14.763626098632812,46.998382568359375
full_noisy_z_t,177,classical__classical.00057,classical,1,-25.649160385131836,21.095808029174805
full_noisy_z_t,178,classical__classical.00057,classical,1,-14.440539360046387,49.44507598876953
full_noisy_z_t,179,classical__classical.00057,classical,1,-15.731660842895508,48.2626838684082
full_noisy_z_t,180,classical__classical.00057,classical,1,-6.547011852264404,47.303226470947266
full_noisy_z_t,181,classical__classical.00057,classical,1,-5.8256096839904785,47.54679870605469
full_noisy_z_t,182,classical__classical.00065,classical,1,-11.878588676452637,52.5882682800293
full_noisy_z_t,183,classical__classical.00065,classical,1,-13.068241119384766,49.44640350341797
full_noisy_z_t,184,classical__classical.00065,classical,1,-9.110221862792969,44.5994873046875
full_noisy_z_t,185,classical__classical.00065,classical,1,-8.903907775878906,43.323726654052734
full_noisy_z_t,186,classical__classical.00082,classical,1,-6.473998069763184,49.74231719970703
full_noisy_z_t,187,classical__classical.00082,classical,1,-7.61057710647583,46.928367614746094
full_noisy_z_t,188,classical__classical.00082,classical,1,-4.184344291687012,50.297698974609375
full_noisy_z_t,189,classical__classical.00082,classical,1,-13.766853332519531,51.6371955871582
full_noisy_z_t,190,classical__classical.00082,classical,1,-1.2793787717819214,48.423831939697266
full_noisy_z_t,191,classical__classical.00082,classical,1,-5.131137371063232,44.72627639770508
full_noisy_z_t,192,classical__classical.00091,classical,1,-2.658555030822754,50.896034240722656
full_noisy_z_t,193,classical__classical.00091,classical,1,-3.4952645301818848,46.57209777832031
full_noisy_z_t,194,classical__classical.00091,classical,1,-11.174117088317871,48.07577896118164
full_noisy_z_t,195,classical__classical.00091,classical,1,-8.5651273727417,47.677772521972656
full_noisy_z_t,196,classical__classical.00091,classical,1,-4.590736389160156,47.676002502441406
full_noisy_z_t,197,classical__classical.00091,classical,1,-8.681673049926758,48.926090240478516
full_noisy_z_t,198,classical__classical.00091,classical,1,-4.139103889465332,44.853660583496094
full_noisy_z_t,199,classical__classical.00091,classical,1,-5.758904457092285,50.124935150146484
full_noisy_z_t,200,country__country.00001,country,2,-38.903194427490234,-13.572261810302734
full_noisy_z_t,201,country__country.00001,country,2,-43.256465911865234,-19.23328971862793
full_noisy_z_t,202,country__country.00001,country,2,-35.373268127441406,-13.814300537109375
full_noisy_z_t,203,country__country.00001,country,2,-38.8438720703125,-4.2622480392456055
full_noisy_z_t,204,country__country.00001,country,2,-44.08591079711914,-19.02721405029297
full_noisy_z_t,205,country__country.00011,country,2,-25.876893997192383,4.0319600105285645
full_noisy_z_t,206,country__country.00011,country,2,-26.824106216430664,5.334568023681641
full_noisy_z_t,207,country__country.00011,country,2,-27.80475425720215,-12.968255043029785
full_noisy_z_t,208,country__country.00011,country,2,-16.53761863708496,-12.137221336364746
full_noisy_z_t,209,country__country.00011,country,2,-32.49810028076172,16.01163101196289
full_noisy_z_t,210,country__country.00011,country,2,-30.564945220947266,17.200468063354492
full_noisy_z_t,211,country__country.00011,country,2,-15.615568161010742,-13.474059104919434
full_noisy_z_t,212,country__country.00011,country,2,-27.734771728515625,-14.943198204040527
full_noisy_z_t,213,country__country.00013,country,2,-34.214569091796875,-8.73555850982666
full_noisy_z_t,214,country__country.00013,country,2,-39.044918060302734,-10.50363826751709
full_noisy_z_t,215,country__country.00013,country,2,-35.17583465576172,-9.044408798217773
full_noisy_z_t,216,country__country.00013,country,2,36.443607330322266,11.345219612121582
full_noisy_z_t,217,country__country.00013,country,2,-32.59309768676758,-7.811246871948242
full_noisy_z_t,218,country__country.00013,country,2,-30.935171127319336,-7.463241100311279
full_noisy_z_t,219,country__country.00013,country,2,-26.28434944152832,-4.406857013702393
full_noisy_z_t,220,country__country.00013,country,2,-25.671743392944336,-3.416830062866211
full_noisy_z_t,221,country__country.00013,country,2,35.68513870239258,17.085952758789062
full_noisy_z_t,222,country__country.00013,country,2,-29.395614624023438,-5.952363967895508
full_noisy_z_t,223,country__country.00029,country,2,-32.30388641357422,-15.887849807739258
full_noisy_z_t,224,country__country.00029,country,2,-32.407962799072266,-14.291176795959473
full_noisy_z_t,225,country__country.00029,country,2,-31.740297317504883,-16.30251693725586
full_noisy_z_t,226,country__country.00029,country,2,-32.00798034667969,-17.033435821533203
full_noisy_z_t,227,country__country.00029,country,2,-30.705013275146484,-15.894432067871094
full_noisy_z_t,228,country__country.00029,country,2,-33.48736572265625,-14.923746109008789
full_noisy_z_t,229,country__country.00047,country,2,-27.78282356262207,-21.54643440246582
full_noisy_z_t,230,country__country.00057,country,2,-38.85244369506836,-26.15958023071289
full_noisy_z_t,231,country__country.00057,country,2,-35.047943115234375,-16.26630401611328
full_noisy_z_t,232,country__country.00057,country,2,-35.077056884765625,-27.300342559814453
full_noisy_z_t,233,country__country.00057,country,2,-34.749244689941406,-26.377397537231445
full_noisy_z_t,234,country__country.00057,country,2,-36.600067138671875,-16.493234634399414
full_noisy_z_t,235,country__country.00057,country,2,-40.85385513305664,-24.978801727294922
full_noisy_z_t,236,country__country.00057,country,2,-33.44843292236328,-16.559398651123047
full_noisy_z_t,237,country__country.00057,country,2,-0.10950993001461029,-0.8920249342918396
full_noisy_z_t,238,country__country.00057,country,2,-0.20375271141529083,-2.8725407123565674
full_noisy_z_t,239,country__country.00057,country,2,-41.60142517089844,-22.237131118774414
full_noisy_z_t,240,country__country.00059,country,2,-14.728694915771484,-22.466947555541992
full_noisy_z_t,241,country__country.00059,country,2,-39.822383880615234,-25.21453094482422
full_noisy_z_t,242,country__country.00059,country,2,-40.62890625,-24.710596084594727
full_noisy_z_t,243,country__country.00059,country,2,-41.13690948486328,-23.39495086669922
full_noisy_z_t,244,country__country.00059,country,2,-39.81174850463867,-25.73004150390625
full_noisy_z_t,245,country__country.00059,country,2,-40.6229248046875,-24.02548599243164
full_noisy_z_t,246,country__country.00067,country,2,-34.127288818359375,-17.57697296142578
full_noisy_z_t,247,country__country.00067,country,2,-18.75164031982422,-28.57124137878418
full_noisy_z_t,248,country__country.00067,country,2,-18.576295852661133,-25.871477127075195
full_noisy_z_t,249,country__country.00067,country,2,-35.10147476196289,-17.691017150878906
full_noisy_z_t,250,country__country.00067,country,2,-21.287212371826172,-23.756839752197266
full_noisy_z_t,251,country__country.00067,country,2,-13.030356407165527,-24.973522186279297
full_noisy_z_t,252,country__country.00067,country,2,-17.052146911621094,-26.971097946166992
full_noisy_z_t,253,country__country.00067,country,2,-30.625972747802734,-25.67594337463379
full_noisy_z_t,254,country__country.00068,country,2,-24.90251922607422,-22.450517654418945
full_noisy_z_t,255,country__country.00068,country,2,-25.874004364013672,-15.737907409667969
full_noisy_z_t,256,country__country.00068,country,2,-27.39239501953125,-17.408676147460938
full_noisy_z_t,257,country__country.00068,country,2,-27.51763916015625,-19.26705551147461
full_noisy_z_t,258,country__country.00068,country,2,-18.956335067749023,-22.00679588317871
full_noisy_z_t,259,country__country.00068,country,2,-16.49357032775879,-22.977378845214844
full_noisy_z_t,260,country__country.00068,country,2,-28.255704879760742,-19.422405242919922
full_noisy_z_t,261,country__country.00068,country,2,-23.12442398071289,-21.23928451538086
full_noisy_z_t,262,country__country.00069,country,2,-40.15419387817383,-27.94565773010254
full_noisy_z_t,263,country__country.00069,country,2,-13.408041954040527,-24.01983642578125
full_noisy_z_t,264,country__country.00069,country,2,-12.968329429626465,-29.737062454223633
full_noisy_z_t,265,country__country.00069,country,2,-14.292119026184082,-27.878684997558594
full_noisy_z_t,266,country__country.00069,country,2,-36.98588943481445,-13.191810607910156
full_noisy_z_t,267,country__country.00069,country,2,-35.59358215332031,-17.3236026763916
full_noisy_z_t,268,country__country.00069,country,2,-36.42451477050781,-16.611265182495117
full_noisy_z_t,269,country__country.00075,country,2,-9.483434677124023,-25.874866485595703
full_noisy_z_t,270,country__country.00075,country,2,-0.8987687230110168,-30.370088577270508
full_noisy_z_t,271,country__country.00075,country,2,-7.499178886413574,-26.63030433654785
full_noisy_z_t,272,country__country.00075,country,2,-9.671293258666992,-26.743715286254883
full_noisy_z_t,273,country__country.00075,country,2,-8.493439674377441,-26.457719802856445
full_noisy_z_t,274,country__country.00075,country,2,-11.632506370544434,-24.804698944091797
full_noisy_z_t,275,country__country.00076,country,2,-15.52157974243164,-16.1268367767334
full_noisy_z_t,276,country__country.00076,country,2,-27.519119262695312,-16.33034324645996
full_noisy_z_t,277,country__country.00076,country,2,-22.06671905517578,-17.831207275390625
full_noisy_z_t,278,country__country.00076,country,2,-30.078519821166992,-26.451066970825195
full_noisy_z_t,279,country__country.00076,country,2,-14.026169776916504,-20.49505043029785
full_noisy_z_t,280,country__country.00076,country,2,-3.1153979301452637,-36.35841751098633
full_noisy_z_t,281,country__country.00076,country,2,-1.8379731178283691,-36.45484924316406
full_noisy_z_t,282,country__country.00077,country,2,-34.53555679321289,-14.306057929992676
full_noisy_z_t,283,country__country.00077,country,2,-35.74140930175781,-11.506452560424805
full_noisy_z_t,284,country__country.00077,country,2,-18.077545166015625,-1.9676804542541504
full_noisy_z_t,285,country__country.00077,country,2,-35.9647216796875,-13.315356254577637
full_noisy_z_t,286,country__country.00077,country,2,-14.714832305908203,-24.491744995117188
full_noisy_z_t,287,country__country.00077,country,2,-16.131677627563477,-24.2285213470459
full_noisy_z_t,288,country__country.00097,country,2,-25.5080623626709,-24.829896926879883
full_noisy_z_t,289,country__country.00097,country,2,-37.62274169921875,-15.229141235351562
full_noisy_z_t,290,country__country.00097,country,2,-36.74644470214844,-15.120062828063965
full_noisy_z_t,291,country__country.00097,country,2,-36.75678634643555,-14.062231063842773
full_noisy_z_t,292,country__country.00097,country,2,-37.94352722167969,-13.543902397155762
full_noisy_z_t,293,country__country.00099,country,2,-9.593009948730469,-24.940086364746094
full_noisy_z_t,294,country__country.00099,country,2,-9.054459571838379,-20.724294662475586
full_noisy_z_t,295,country__country.00099,country,2,-10.366663932800293,-39.827056884765625
full_noisy_z_t,296,country__country.00099,country,2,-15.659758567810059,-28.836078643798828
full_noisy_z_t,297,country__country.00099,country,2,-12.054093360900879,-19.09516716003418
full_noisy_z_t,298,country__country.00099,country,2,-5.86745548248291,-33.23995590209961
full_noisy_z_t,299,country__country.00099,country,2,-4.833607196807861,-33.01123809814453
full_noisy_z_t,300,disco__disco.00000,disco,3,30.31599235534668,11.226991653442383
full_noisy_z_t,301,disco__disco.00000,disco,3,29.80584144592285,12.255901336669922
full_noisy_z_t,302,disco__disco.00000,disco,3,30.636234283447266,10.936408042907715
full_noisy_z_t,303,disco__disco.00000,disco,3,31.010093688964844,10.674907684326172
full_noisy_z_t,304,disco__disco.00000,disco,3,34.03510665893555,12.414162635803223
full_noisy_z_t,305,disco__disco.00000,disco,3,31.29416847229004,10.762880325317383
full_noisy_z_t,306,disco__disco.00000,disco,3,31.902212142944336,11.823051452636719
full_noisy_z_t,307,disco__disco.00000,disco,3,32.516868591308594,11.258759498596191
full_noisy_z_t,308,disco__disco.00000,disco,3,31.87352752685547,12.407320022583008
full_noisy_z_t,309,disco__disco.00003,disco,3,-38.670310974121094,-5.744504451751709
full_noisy_z_t,310,disco__disco.00003,disco,3,36.36057662963867,17.416501998901367
full_noisy_z_t,311,disco__disco.00003,disco,3,36.321842193603516,15.268268585205078
full_noisy_z_t,312,disco__disco.00003,disco,3,37.699989318847656,15.527928352355957
full_noisy_z_t,313,disco__disco.00003,disco,3,38.619197845458984,16.251665115356445
full_noisy_z_t,314,disco__disco.00003,disco,3,35.436771392822266,15.15416431427002
full_noisy_z_t,315,disco__disco.00010,disco,3,44.080318450927734,2.588733434677124
full_noisy_z_t,316,disco__disco.00010,disco,3,39.562171936035156,2.497814655303955
full_noisy_z_t,317,disco__disco.00010,disco,3,33.96343231201172,10.339811325073242
full_noisy_z_t,318,disco__disco.00010,disco,3,38.441680908203125,0.5700857043266296
full_noisy_z_t,319,disco__disco.00010,disco,3,37.66739273071289,-0.4039354920387268
full_noisy_z_t,320,disco__disco.00010,disco,3,33.92228698730469,10.151224136352539
full_noisy_z_t,321,disco__disco.00020,disco,3,-31.70636749267578,-10.64803409576416
full_noisy_z_t,322,disco__disco.00020,disco,3,-29.648157119750977,-13.313750267028809
full_noisy_z_t,323,disco__disco.00020,disco,3,-12.32290267944336,-13.11303997039795
full_noisy_z_t,324,disco__disco.00021,disco,3,44.27325439453125,17.921024322509766
full_noisy_z_t,325,disco__disco.00021,disco,3,45.23329544067383,16.047683715820312
full_noisy_z_t,326,disco__disco.00021,disco,3,46.10129928588867,15.625099182128906
full_noisy_z_t,327,disco__disco.00021,disco,3,44.38662338256836,17.004749298095703
full_noisy_z_t,328,disco__disco.00021,disco,3,43.818233489990234,18.02980613708496
full_noisy_z_t,329,disco__disco.00021,disco,3,46.1160774230957,15.57119083404541
full_noisy_z_t,330,disco__disco.00021,disco,3,44.30365753173828,4.676876068115234
full_noisy_z_t,331,disco__disco.00021,disco,3,49.44132995605469,-0.8122081160545349
full_noisy_z_t,332,disco__disco.00030,disco,3,30.570077896118164,17.731103897094727
full_noisy_z_t,333,disco__disco.00030,disco,3,29.397754669189453,17.245441436767578
full_noisy_z_t,334,disco__disco.00030,disco,3,33.23252487182617,17.254688262939453
full_noisy_z_t,335,disco__disco.00030,disco,3,30.638046264648438,16.116565704345703
full_noisy_z_t,336,disco__disco.00030,disco,3,31.85159683227539,15.776443481445312
full_noisy_z_t,337,disco__disco.00030,disco,3,33.97581481933594,13.194034576416016
full_noisy_z_t,338,disco__disco.00030,disco,3,33.248043060302734,14.449915885925293
full_noisy_z_t,339,disco__disco.00030,disco,3,29.12904930114746,16.646310806274414
full_noisy_z_t,340,disco__disco.00030,disco,3,31.95783233642578,17.017723083496094
full_noisy_z_t,341,disco__disco.00030,disco,3,31.50815200805664,16.26650047302246
full_noisy_z_t,342,disco__disco.00040,disco,3,23.316457748413086,-31.137136459350586
full_noisy_z_t,343,disco__disco.00040,disco,3,21.353675842285156,-31.814987182617188
full_noisy_z_t,344,disco__disco.00040,disco,3,23.400222778320312,-32.80485916137695
full_noisy_z_t,345,disco__disco.00040,disco,3,22.41876983642578,-31.68341064453125
full_noisy_z_t,346,disco__disco.00040,disco,3,24.45635223388672,-32.0744743347168
full_noisy_z_t,347,disco__disco.00040,disco,3,23.37921142578125,-28.35124969482422
full_noisy_z_t,348,disco__disco.00044,disco,3,34.61457824707031,17.380165100097656
full_noisy_z_t,349,disco__disco.00044,disco,3,36.07892990112305,18.335079193115234
full_noisy_z_t,350,disco__disco.00044,disco,3,42.24058532714844,18.895828247070312
full_noisy_z_t,351,disco__disco.00044,disco,3,33.56391906738281,17.995960235595703
full_noisy_z_t,352,disco__disco.00044,disco,3,37.904666900634766,20.33608627319336
full_noisy_z_t,353,disco__disco.00044,disco,3,37.84893035888672,18.594255447387695
full_noisy_z_t,354,disco__disco.00044,disco,3,37.02998733520508,17.781951904296875
full_noisy_z_t,355,disco__disco.00044,disco,3,37.25910949707031,19.075729370117188
full_noisy_z_t,356,disco__disco.00044,disco,3,34.83986282348633,18.218488693237305
full_noisy_z_t,357,disco__disco.00044,disco,3,35.624366760253906,18.909603118896484
full_noisy_z_t,358,disco__disco.00044,disco,3,36.525997161865234,19.474040985107422
full_noisy_z_t,359,disco__disco.00055,disco,3,24.76991844177246,17.95201301574707
full_noisy_z_t,360,disco__disco.00055,disco,3,26.848146438598633,19.465843200683594
full_noisy_z_t,361,disco__disco.00055,disco,3,29.90664291381836,18.4509220123291
full_noisy_z_t,362,disco__disco.00055,disco,3,28.809913635253906,18.544492721557617
full_noisy_z_t,363,disco__disco.00055,disco,3,29.9003849029541,16.65733528137207
full_noisy_z_t,364,disco__disco.00055,disco,3,25.122983932495117,17.898279190063477
full_noisy_z_t,365,disco__disco.00055,disco,3,27.491836547851562,15.036847114562988
full_noisy_z_t,366,disco__disco.00064,disco,3,26.352718353271484,16.76581382751465
full_noisy_z_t,367,disco__disco.00064,disco,3,26.42690086364746,19.059673309326172
full_noisy_z_t,368,disco__disco.00064,disco,3,27.58176040649414,18.611412048339844
full_noisy_z_t,369,disco__disco.00064,disco,3,27.745031356811523,16.455615997314453
full_noisy_z_t,370,disco__disco.00075,disco,3,25.34705352783203,19.848421096801758
full_noisy_z_t,371,disco__disco.00075,disco,3,25.62041473388672,15.500950813293457
full_noisy_z_t,372,disco__disco.00075,disco,3,25.300689697265625,17.834163665771484
full_noisy_z_t,373,disco__disco.00075,disco,3,20.658937454223633,14.21389389038086
full_noisy_z_t,374,disco__disco.00075,disco,3,26.80503273010254,17.75619125366211
full_noisy_z_t,375,disco__disco.00075,disco,3,20.926794052124023,12.286624908447266
full_noisy_z_t,376,disco__disco.00075,disco,3,21.313480377197266,15.260498046875
full_noisy_z_t,377,disco__disco.00075,disco,3,21.03615379333496,18.097654342651367
full_noisy_z_t,378,disco__disco.00084,disco,3,30.686159133911133,13.06572437286377
full_noisy_z_t,379,disco__disco.00084,disco,3,27.093835830688477,18.918521881103516
full_noisy_z_t,380,disco__disco.00084,disco,3,30.937925338745117,13.952126502990723
full_noisy_z_t,381,disco__disco.00084,disco,3,32.99367141723633,15.63624095916748
full_noisy_z_t,382,disco__disco.00084,disco,3,28.401338577270508,19.012805938720703
full_noisy_z_t,383,disco__disco.00084,disco,3,29.513599395751953,14.03760814666748
full_noisy_z_t,384,disco__disco.00084,disco,3,30.397703170776367,13.720582008361816
full_noisy_z_t,385,disco__disco.00093,disco,3,35.64561462402344,13.200638771057129
full_noisy_z_t,386,disco__disco.00093,disco,3,37.63766098022461,17.968873977661133
full_noisy_z_t,387,disco__disco.00093,disco,3,34.945411682128906,16.12870216369629
full_noisy_z_t,388,disco__disco.00093,disco,3,34.482730865478516,14.741467475891113
full_noisy_z_t,389,disco__disco.00093,disco,3,34.21862030029297,14.004928588867188
full_noisy_z_t,390,disco__disco.00093,disco,3,32.676849365234375,16.348806381225586
full_noisy_z_t,391,disco__disco.00094,disco,3,18.678592681884766,9.901432991027832
full_noisy_z_t,392,disco__disco.00094,disco,3,18.546030044555664,10.128908157348633
full_noisy_z_t,393,disco__disco.00094,disco,3,18.802255630493164,9.392440795898438
full_noisy_z_t,394,disco__disco.00094,disco,3,16.475341796875,8.187345504760742
full_noisy_z_t,395,disco__disco.00094,disco,3,20.469743728637695,10.774258613586426
full_noisy_z_t,396,disco__disco.00095,disco,3,29.251239776611328,15.734808921813965
full_noisy_z_t,397,disco__disco.00095,disco,3,29.820924758911133,15.870256423950195
full_noisy_z_t,398,disco__disco.00095,disco,3,28.19219207763672,17.475627899169922
full_noisy_z_t,399,disco__disco.00095,disco,3,24.48111343383789,-29.235305786132812
full_noisy_z_t,400,hiphop__hiphop.00002,hiphop,4,30.751073837280273,-5.623623847961426
full_noisy_z_t,401,hiphop__hiphop.00002,hiphop,4,31.90506935119629,-4.247413635253906
full_noisy_z_t,402,hiphop__hiphop.00002,hiphop,4,30.600933074951172,-4.549246311187744
full_noisy_z_t,403,hiphop__hiphop.00002,hiphop,4,30.614765167236328,-3.2714905738830566
full_noisy_z_t,404,hiphop__hiphop.00002,hiphop,4,31.649459838867188,-3.856027841567993
full_noisy_z_t,405,hiphop__hiphop.00034,hiphop,4,27.112098693847656,-8.016923904418945
full_noisy_z_t,406,hiphop__hiphop.00034,hiphop,4,25.32942008972168,-8.757514953613281
full_noisy_z_t,407,hiphop__hiphop.00034,hiphop,4,27.94765853881836,-5.341845989227295
full_noisy_z_t,408,hiphop__hiphop.00034,hiphop,4,27.57868194580078,-6.391551494598389
full_noisy_z_t,409,hiphop__hiphop.00034,hiphop,4,27.661848068237305,-8.22910213470459
full_noisy_z_t,410,hiphop__hiphop.00034,hiphop,4,26.498720169067383,-6.9106926918029785
full_noisy_z_t,411,hiphop__hiphop.00038,hiphop,4,32.60194396972656,-7.699347972869873
full_noisy_z_t,412,hiphop__hiphop.00038,hiphop,4,29.346698760986328,-5.841132164001465
full_noisy_z_t,413,hiphop__hiphop.00038,hiphop,4,32.72818374633789,-7.1201677322387695
full_noisy_z_t,414,hiphop__hiphop.00038,hiphop,4,31.42912483215332,-6.543845176696777
full_noisy_z_t,415,hiphop__hiphop.00040,hiphop,4,-25.712636947631836,-11.69846248626709
full_noisy_z_t,416,hiphop__hiphop.00040,hiphop,4,-24.538448333740234,-12.662018775939941
full_noisy_z_t,417,hiphop__hiphop.00040,hiphop,4,-25.325775146484375,-11.778995513916016
full_noisy_z_t,418,hiphop__hiphop.00040,hiphop,4,43.858917236328125,-6.53032922744751
full_noisy_z_t,419,hiphop__hiphop.00040,hiphop,4,47.23588562011719,-5.34943151473999
full_noisy_z_t,420,hiphop__hiphop.00040,hiphop,4,51.138919830322266,-0.9341933727264404
full_noisy_z_t,421,hiphop__hiphop.00040,hiphop,4,45.377838134765625,-4.965139389038086
full_noisy_z_t,422,hiphop__hiphop.00042,hiphop,4,47.618194580078125,-8.543655395507812
full_noisy_z_t,423,hiphop__hiphop.00042,hiphop,4,36.648033142089844,-10.178698539733887
full_noisy_z_t,424,hiphop__hiphop.00042,hiphop,4,36.87833023071289,-12.31165885925293
full_noisy_z_t,425,hiphop__hiphop.00042,hiphop,4,38.360965728759766,-12.910759925842285
full_noisy_z_t,426,hiphop__hiphop.00042,hiphop,4,35.35841751098633,-9.790201187133789
full_noisy_z_t,427,hiphop__hiphop.00042,hiphop,4,36.29023361206055,-10.73228931427002
full_noisy_z_t,428,hiphop__hiphop.00042,hiphop,4,30.85775375366211,-8.133139610290527
full_noisy_z_t,429,hiphop__hiphop.00042,hiphop,4,32.94599151611328,-9.5042724609375
full_noisy_z_t,430,hiphop__hiphop.00044,hiphop,4,30.050430297851562,-6.457655906677246
full_noisy_z_t,431,hiphop__hiphop.00044,hiphop,4,-17.259262084960938,-16.293729782104492
full_noisy_z_t,432,hiphop__hiphop.00044,hiphop,4,-23.155149459838867,-1.0104299783706665
full_noisy_z_t,433,hiphop__hiphop.00044,hiphop,4,-31.718505859375,-14.837928771972656
full_noisy_z_t,434,hiphop__hiphop.00044,hiphop,4,-26.439167022705078,0.21049553155899048
full_noisy_z_t,435,hiphop__hiphop.00044,hiphop,4,-28.892391204833984,-18.92794418334961
full_noisy_z_t,436,hiphop__hiphop.00044,hiphop,4,-28.35953712463379,-17.83353614807129
full_noisy_z_t,437,hiphop__hiphop.00053,hiphop,4,26.31897735595703,-33.364341735839844
full_noisy_z_t,438,hiphop__hiphop.00053,hiphop,4,39.178611755371094,18.330434799194336
full_noisy_z_t,439,hiphop__hiphop.00053,hiphop,4,39.66134262084961,18.52120590209961
full_noisy_z_t,440,hiphop__hiphop.00053,hiphop,4,33.92534637451172,15.762375831604004
full_noisy_z_t,441,hiphop__hiphop.00053,hiphop,4,40.57095718383789,17.554811477661133
full_noisy_z_t,442,hiphop__hiphop.00053,hiphop,4,32.85407257080078,-16.33748435974121
full_noisy_z_t,443,hiphop__hiphop.00053,hiphop,4,36.33158874511719,-6.423407077789307
full_noisy_z_t,444,hiphop__hiphop.00053,hiphop,4,36.66293716430664,-8.170893669128418
full_noisy_z_t,445,hiphop__hiphop.00053,hiphop,4,37.3082389831543,-7.043783187866211
full_noisy_z_t,446,hiphop__hiphop.00076,hiphop,4,33.53546142578125,-8.434940338134766
full_noisy_z_t,447,hiphop__hiphop.00076,hiphop,4,31.707910537719727,-7.788304805755615
full_noisy_z_t,448,hiphop__hiphop.00076,hiphop,4,31.070680618286133,-8.857251167297363
full_noisy_z_t,449,hiphop__hiphop.00076,hiphop,4,32.16013717651367,-8.795373916625977
full_noisy_z_t,450,hiphop__hiphop.00076,hiphop,4,34.24764633178711,-9.720602035522461
full_noisy_z_t,451,hiphop__hiphop.00076,hiphop,4,38.30918884277344,-8.240739822387695
full_noisy_z_t,452,hiphop__hiphop.00079,hiphop,4,52.328453063964844,-3.804997205734253
full_noisy_z_t,453,hiphop__hiphop.00079,hiphop,4,49.719852447509766,-7.868840217590332
full_noisy_z_t,454,hiphop__hiphop.00079,hiphop,4,50.46721649169922,-5.531922817230225
full_noisy_z_t,455,hiphop__hiphop.00079,hiphop,4,48.26064682006836,-5.266736030578613
full_noisy_z_t,456,hiphop__hiphop.00079,hiphop,4,49.01761245727539,-3.914658308029175
full_noisy_z_t,457,hiphop__hiphop.00079,hiphop,4,51.44891357421875,-3.1420700550079346
full_noisy_z_t,458,hiphop__hiphop.00079,hiphop,4,50.524322509765625,-4.033373832702637
full_noisy_z_t,459,hiphop__hiphop.00079,hiphop,4,48.358646392822266,-3.8993756771087646
full_noisy_z_t,460,hiphop__hiphop.00082,hiphop,4,28.13844871520996,-8.365781784057617
full_noisy_z_t,461,hiphop__hiphop.00082,hiphop,4,33.152225494384766,-5.047117233276367
full_noisy_z_t,462,hiphop__hiphop.00082,hiphop,4,25.16274642944336,-5.233479022979736
full_noisy_z_t,463,hiphop__hiphop.00082,hiphop,4,26.309350967407227,-7.968385696411133
full_noisy_z_t,464,hiphop__hiphop.00082,hiphop,4,25.20595932006836,-6.981022357940674
full_noisy_z_t,465,hiphop__hiphop.00082,hiphop,4,27.655603408813477,-7.069655418395996
full_noisy_z_t,466,hiphop__hiphop.00087,hiphop,4,34.009342193603516,-7.906820297241211
full_noisy_z_t,467,hiphop__hiphop.00087,hiphop,4,34.2508544921875,-6.28297233581543
full_noisy_z_t,468,hiphop__hiphop.00087,hiphop,4,32.02016830444336,-20.610321044921875
full_noisy_z_t,469,hiphop__hiphop.00087,hiphop,4,32.42670440673828,-21.284290313720703
full_noisy_z_t,470,hiphop__hiphop.00087,hiphop,4,32.87448501586914,-19.736270904541016
full_noisy_z_t,471,hiphop__hiphop.00087,hiphop,4,32.8036994934082,-21.66331672668457
full_noisy_z_t,472,hiphop__hiphop.00087,hiphop,4,33.31331253051758,-20.98063087463379
full_noisy_z_t,473,hiphop__hiphop.00089,hiphop,4,25.608842849731445,4.517556667327881
full_noisy_z_t,474,hiphop__hiphop.00089,hiphop,4,24.57750129699707,7.460398197174072
full_noisy_z_t,475,hiphop__hiphop.00089,hiphop,4,23.978134155273438,7.639402389526367
full_noisy_z_t,476,hiphop__hiphop.00089,hiphop,4,25.995637893676758,7.842741012573242
full_noisy_z_t,477,hiphop__hiphop.00089,hiphop,4,25.66897201538086,6.7682204246521
full_noisy_z_t,478,hiphop__hiphop.00093,hiphop,4,19.228628158569336,-3.307904005050659
full_noisy_z_t,479,hiphop__hiphop.00093,hiphop,4,18.759572982788086,-3.1736934185028076
full_noisy_z_t,480,hiphop__hiphop.00093,hiphop,4,7.816868782043457,3.4524857997894287
full_noisy_z_t,481,hiphop__hiphop.00093,hiphop,4,19.387449264526367,11.301522254943848
full_noisy_z_t,482,hiphop__hiphop.00093,hiphop,4,-5.6468610763549805,-24.56427574157715
full_noisy_z_t,483,hiphop__hiphop.00093,hiphop,4,11.538715362548828,-1.5331990718841553
full_noisy_z_t,484,hiphop__hiphop.00093,hiphop,4,11.378725051879883,-1.3461297750473022
full_noisy_z_t,485,hiphop__hiphop.00093,hiphop,4,-4.308758735656738,-24.54360580444336
full_noisy_z_t,486,hiphop__hiphop.00093,hiphop,4,2.4959089756011963,-5.649665355682373
full_noisy_z_t,487,hiphop__hiphop.00094,hiphop,4,28.475412368774414,-5.796324253082275
full_noisy_z_t,488,hiphop__hiphop.00094,hiphop,4,29.45662498474121,-5.618635654449463
full_noisy_z_t,489,hiphop__hiphop.00094,hiphop,4,28.38309669494629,-4.492588520050049
full_noisy_z_t,490,hiphop__hiphop.00094,hiphop,4,29.45112419128418,-4.920572280883789
full_noisy_z_t,491,hiphop__hiphop.00094,hiphop,4,30.533140182495117,-6.158024311065674
full_noisy_z_t,492,hiphop__hiphop.00098,hiphop,4,30.501773834228516,-7.330055236816406
full_noisy_z_t,493,hiphop__hiphop.00098,hiphop,4,32.955482482910156,-6.153713226318359
full_noisy_z_t,494,hiphop__hiphop.00098,hiphop,4,31.73667335510254,-5.072139739990234
full_noisy_z_t,495,hiphop__hiphop.00098,hiphop,4,29.763290405273438,-7.373315811157227
full_noisy_z_t,496,hiphop__hiphop.00098,hiphop,4,28.291973114013672,-6.936835289001465
full_noisy_z_t,497,hiphop__hiphop.00098,hiphop,4,28.931373596191406,-7.5131354331970215
full_noisy_z_t,498,hiphop__hiphop.00098,hiphop,4,29.45711898803711,-8.255748748779297
full_noisy_z_t,499,hiphop__hiphop.00098,hiphop,4,29.233516693115234,-6.588652610778809
full_noisy_z_t,500,jazz__jazz.00033,jazz,5,-40.67750930786133,15.809849739074707
full_noisy_z_t,501,jazz__jazz.00033,jazz,5,-34.87240982055664,13.664054870605469
full_noisy_z_t,502,jazz__jazz.00033,jazz,5,-36.64502716064453,13.466294288635254
full_noisy_z_t,503,jazz__jazz.00033,jazz,5,-36.18756103515625,15.0286283493042
full_noisy_z_t,504,jazz__jazz.00033,jazz,5,-42.62123107910156,17.190603256225586
full_noisy_z_t,505,jazz__jazz.00033,jazz,5,-36.087257385253906,12.913406372070312
full_noisy_z_t,506,jazz__jazz.00041,jazz,5,-36.42390441894531,17.684925079345703
full_noisy_z_t,507,jazz__jazz.00041,jazz,5,-38.76395034790039,14.324234962463379
full_noisy_z_t,508,jazz__jazz.00041,jazz,5,-37.592655181884766,14.366643905639648
full_noisy_z_t,509,jazz__jazz.00041,jazz,5,-41.86484146118164,20.291900634765625
full_noisy_z_t,510,jazz__jazz.00041,jazz,5,-41.31058883666992,17.066030502319336
full_noisy_z_t,511,jazz__jazz.00041,jazz,5,-39.49270248413086,15.132314682006836
full_noisy_z_t,512,jazz__jazz.00041,jazz,5,-39.20670700073242,13.558688163757324
full_noisy_z_t,513,jazz__jazz.00041,jazz,5,-37.81316375732422,17.63023567199707
full_noisy_z_t,514,jazz__jazz.00041,jazz,5,-38.36811447143555,17.98883819580078
full_noisy_z_t,515,jazz__jazz.00041,jazz,5,-47.212669372558594,21.926513671875
full_noisy_z_t,516,jazz__jazz.00046,jazz,5,-35.646541595458984,14.070422172546387
full_noisy_z_t,517,jazz__jazz.00046,jazz,5,-40.88808059692383,19.60762596130371
full_noisy_z_t,518,jazz__jazz.00046,jazz,5,-35.62016296386719,16.050539016723633
full_noisy_z_t,519,jazz__jazz.00046,jazz,5,-37.59757614135742,15.077330589294434
full_noisy_z_t,520,jazz__jazz.00046,jazz,5,-41.67146682739258,18.28276252746582
full_noisy_z_t,521,jazz__jazz.00046,jazz,5,-43.620147705078125,19.547870635986328
full_noisy_z_t,522,jazz__jazz.00046,jazz,5,-40.13288879394531,18.29494285583496
full_noisy_z_t,523,jazz__jazz.00046,jazz,5,-42.64578628540039,18.934368133544922
full_noisy_z_t,524,jazz__jazz.00048,jazz,5,-28.033784866333008,17.43120574951172
full_noisy_z_t,525,jazz__jazz.00048,jazz,5,-28.535799026489258,16.208328247070312
full_noisy_z_t,526,jazz__jazz.00048,jazz,5,-29.248409271240234,15.010761260986328
full_noisy_z_t,527,jazz__jazz.00048,jazz,5,-34.040809631347656,14.359073638916016
full_noisy_z_t,528,jazz__jazz.00048,jazz,5,-32.194236755371094,14.714920043945312
full_noisy_z_t,529,jazz__jazz.00048,jazz,5,-34.680789947509766,18.396486282348633
full_noisy_z_t,530,jazz__jazz.00048,jazz,5,-26.1746768951416,15.57079792022705
full_noisy_z_t,531,jazz__jazz.00048,jazz,5,-33.978363037109375,15.363249778747559
full_noisy_z_t,532,jazz__jazz.00050,jazz,5,18.769065856933594,-42.130828857421875
full_noisy_z_t,533,jazz__jazz.00050,jazz,5,-13.422869682312012,-16.31367301940918
full_noisy_z_t,534,jazz__jazz.00050,jazz,5,1.9357712268829346,-38.38142776489258
full_noisy_z_t,535,jazz__jazz.00050,jazz,5,-31.374948501586914,15.286168098449707
full_noisy_z_t,536,jazz__jazz.00050,jazz,5,-31.30042266845703,13.3601655960083
full_noisy_z_t,537,jazz__jazz.00050,jazz,5,-35.55714797973633,10.86812973022461
full_noisy_z_t,538,jazz__jazz.00050,jazz,5,-14.431008338928223,-12.826950073242188
full_noisy_z_t,539,jazz__jazz.00050,jazz,5,-30.704885482788086,11.305215835571289
full_noisy_z_t,540,jazz__jazz.00050,jazz,5,-30.606849670410156,11.369245529174805
full_noisy_z_t,541,jazz__jazz.00059,jazz,5,-34.70683670043945,19.38775062561035
full_noisy_z_t,542,jazz__jazz.00059,jazz,5,-21.28857421875,-2.323713779449463
full_noisy_z_t,543,jazz__jazz.00060,jazz,5,-29.22300910949707,18.708148956298828
full_noisy_z_t,544,jazz__jazz.00060,jazz,5,-30.168729782104492,18.683021545410156
full_noisy_z_t,545,jazz__jazz.00060,jazz,5,-31.316675186157227,18.485794067382812
full_noisy_z_t,546,jazz__jazz.00060,jazz,5,-31.221078872680664,17.72978401184082
full_noisy_z_t,547,jazz__jazz.00060,jazz,5,-31.77430534362793,17.005739212036133
full_noisy_z_t,548,jazz__jazz.00060,jazz,5,-32.30509567260742,19.598388671875
full_noisy_z_t,549,jazz__jazz.00071,jazz,5,-35.771461486816406,16.88128662109375
full_noisy_z_t,550,jazz__jazz.00071,jazz,5,-35.560787200927734,18.34760093688965
full_noisy_z_t,551,jazz__jazz.00071,jazz,5,-36.08615493774414,20.032917022705078
full_noisy_z_t,552,jazz__jazz.00071,jazz,5,-39.31462478637695,19.820518493652344
full_noisy_z_t,553,jazz__jazz.00071,jazz,5,-35.44439697265625,20.563825607299805
full_noisy_z_t,554,jazz__jazz.00071,jazz,5,-35.48472213745117,17.33515739440918
full_noisy_z_t,555,jazz__jazz.00071,jazz,5,-36.83324432373047,18.522655487060547
full_noisy_z_t,556,jazz__jazz.00081,jazz,5,-28.494945526123047,7.807979583740234
full_noisy_z_t,557,jazz__jazz.00081,jazz,5,-29.08379364013672,8.24156379699707
full_noisy_z_t,558,jazz__jazz.00081,jazz,5,-31.061595916748047,9.177926063537598
full_noisy_z_t,559,jazz__jazz.00081,jazz,5,-29.188907623291016,7.147674560546875
full_noisy_z_t,560,jazz__jazz.00081,jazz,5,-28.418773651123047,6.925415515899658
full_noisy_z_t,561,jazz__jazz.00081,jazz,5,-29.934932708740234,8.024883270263672
full_noisy_z_t,562,jazz__jazz.00081,jazz,5,-28.419113159179688,5.503123760223389
full_noisy_z_t,563,jazz__jazz.00081,jazz,5,-30.912595748901367,7.844682216644287
full_noisy_z_t,564,jazz__jazz.00081,jazz,5,-29.052867889404297,8.206881523132324
full_noisy_z_t,565,jazz__jazz.00084,jazz,5,-30.350421905517578,14.4208345413208
full_noisy_z_t,566,jazz__jazz.00084,jazz,5,-31.844968795776367,19.840402603149414
full_noisy_z_t,567,jazz__jazz.00084,jazz,5,-31.399417877197266,16.432353973388672
full_noisy_z_t,568,jazz__jazz.00084,jazz,5,-32.854923248291016,16.937408447265625
full_noisy_z_t,569,jazz__jazz.00084,jazz,5,-30.539567947387695,20.841018676757812
full_noisy_z_t,570,jazz__jazz.00084,jazz,5,-30.301546096801758,16.06696891784668
full_noisy_z_t,571,jazz__jazz.00084,jazz,5,-32.0942497253418,17.608430862426758
full_noisy_z_t,572,jazz__jazz.00084,jazz,5,-30.338041305541992,20.000154495239258
full_noisy_z_t,573,jazz__jazz.00086,jazz,5,-29.651113510131836,17.544498443603516
full_noisy_z_t,574,jazz__jazz.00086,jazz,5,-30.49877166748047,18.151275634765625
full_noisy_z_t,575,jazz__jazz.00086,jazz,5,-28.640050888061523,13.532273292541504
full_noisy_z_t,576,jazz__jazz.00086,jazz,5,-25.808292388916016,5.741675853729248
full_noisy_z_t,577,jazz__jazz.00086,jazz,5,-27.76645278930664,20.170530319213867
full_noisy_z_t,578,jazz__jazz.00091,jazz,5,-37.18849563598633,16.8463191986084
full_noisy_z_t,579,jazz__jazz.00091,jazz,5,-43.970542907714844,31.375503540039062
full_noisy_z_t,580,jazz__jazz.00092,jazz,5,-34.73057556152344,16.59908676147461
full_noisy_z_t,581,jazz__jazz.00092,jazz,5,-36.554893493652344,16.62645149230957
full_noisy_z_t,582,jazz__jazz.00092,jazz,5,-33.06052017211914,14.932953834533691
full_noisy_z_t,583,jazz__jazz.00092,jazz,5,-39.031761169433594,16.73482894897461
full_noisy_z_t,584,jazz__jazz.00092,jazz,5,-38.21669387817383,15.915884971618652
full_noisy_z_t,585,jazz__jazz.00092,jazz,5,-39.239681243896484,16.803382873535156
full_noisy_z_t,586,jazz__jazz.00092,jazz,5,-36.96003341674805,15.920365333557129
full_noisy_z_t,587,jazz__jazz.00096,jazz,5,-33.213134765625,17.86820411682129
full_noisy_z_t,588,jazz__jazz.00096,jazz,5,-33.31890106201172,16.156824111938477
full_noisy_z_t,589,jazz__jazz.00096,jazz,5,-34.51984405517578,17.69000816345215
full_noisy_z_t,590,jazz__jazz.00096,jazz,5,-34.48828887939453,15.074999809265137
full_noisy_z_t,591,jazz__jazz.00096,jazz,5,-38.23410415649414,20.28361701965332
full_noisy_z_t,592,jazz__jazz.00096,jazz,5,-38.14671325683594,18.805145263671875
full_noisy_z_t,593,jazz__jazz.00096,jazz,5,-34.08823776245117,16.399272918701172
full_noisy_z_t,594,jazz__jazz.00096,jazz,5,-37.21023941040039,19.55352020263672
full_noisy_z_t,595,jazz__jazz.00096,jazz,5,-34.56797790527344,15.963817596435547
full_noisy_z_t,596,jazz__jazz.00096,jazz,5,-33.42807388305664,19.53685760498047
full_noisy_z_t,597,jazz__jazz.00099,jazz,5,-33.80460739135742,17.520814895629883
full_noisy_z_t,598,jazz__jazz.00099,jazz,5,-36.03034973144531,18.8540096282959
full_noisy_z_t,599,jazz__jazz.00099,jazz,5,-33.79204559326172,18.923208236694336
full_noisy_z_t,600,metal__metal.00002,metal,6,-2.0110771656036377,10.658344268798828
full_noisy_z_t,601,metal__metal.00002,metal,6,-1.5223820209503174,7.81827449798584
full_noisy_z_t,602,metal__metal.00002,metal,6,0.4032580852508545,11.341066360473633
full_noisy_z_t,603,metal__metal.00002,metal,6,2.8885908126831055,8.350666999816895
full_noisy_z_t,604,metal__metal.00002,metal,6,-0.9434944987297058,10.636168479919434
full_noisy_z_t,605,metal__metal.00002,metal,6,0.004386414773762226,9.914999008178711
full_noisy_z_t,606,metal__metal.00002,metal,6,1.0154695510864258,8.453958511352539
full_noisy_z_t,607,metal__metal.00002,metal,6,3.3101537227630615,5.755120277404785
full_noisy_z_t,608,metal__metal.00002,metal,6,5.15979528427124,5.281493186950684
full_noisy_z_t,609,metal__metal.00004,metal,6,8.469670295715332,17.251190185546875
full_noisy_z_t,610,metal__metal.00004,metal,6,7.764088153839111,16.559019088745117
full_noisy_z_t,611,metal__metal.00004,metal,6,8.078304290771484,17.890064239501953
full_noisy_z_t,612,metal__metal.00004,metal,6,5.5546183586120605,15.549518585205078
full_noisy_z_t,613,metal__metal.00004,metal,6,7.909251689910889,15.256107330322266
full_noisy_z_t,614,metal__metal.00004,metal,6,9.565282821655273,15.920875549316406
full_noisy_z_t,615,metal__metal.00004,metal,6,8.713249206542969,15.882831573486328
full_noisy_z_t,616,metal__metal.00012,metal,6,8.804165840148926,12.956708908081055
full_noisy_z_t,617,metal__metal.00012,metal,6,6.589385986328125,9.645214080810547
full_noisy_z_t,618,metal__metal.00012,metal,6,6.964692115783691,11.896669387817383
full_noisy_z_t,619,metal__metal.00012,metal,6,0.8821631669998169,12.948321342468262
full_noisy_z_t,620,metal__metal.00012,metal,6,1.004932165145874,11.172574996948242
full_noisy_z_t,621,metal__metal.00012,metal,6,4.5781707763671875,11.724299430847168
full_noisy_z_t,622,metal__metal.00012,metal,6,0.7366159558296204,16.09136390686035
full_noisy_z_t,623,metal__metal.00012,metal,6,1.0873422622680664,14.902822494506836
full_noisy_z_t,624,metal__metal.00022,metal,6,3.6026060581207275,6.794022083282471
full_noisy_z_t,625,metal__metal.00022,metal,6,5.652342319488525,3.3348748683929443
full_noisy_z_t,626,metal__metal.00022,metal,6,4.776799201965332,3.8090639114379883
full_noisy_z_t,627,metal__metal.00022,metal,6,6.826044082641602,1.3499318361282349
full_noisy_z_t,628,metal__metal.00022,metal,6,4.522998809814453,3.491665840148926
full_noisy_z_t,629,metal__metal.00022,metal,6,1.2260240316390991,3.500109910964966
full_noisy_z_t,630,metal__metal.00022,metal,6,4.3787312507629395,5.480502128601074
full_noisy_z_t,631,metal__metal.00022,metal,6,5.653134346008301,2.6109368801116943
full_noisy_z_t,632,metal__metal.00024,metal,6,3.7465779781341553,9.532520294189453
full_noisy_z_t,633,metal__metal.00024,metal,6,7.6181182861328125,13.670820236206055
full_noisy_z_t,634,metal__metal.00024,metal,6,5.006573677062988,9.229970932006836
full_noisy_z_t,635,metal__metal.00024,metal,6,-0.5730686187744141,14.569485664367676
full_noisy_z_t,636,metal__metal.00024,metal,6,7.3975830078125,10.483064651489258
full_noisy_z_t,637,metal__metal.00024,metal,6,3.6045706272125244,8.529651641845703
full_noisy_z_t,638,metal__metal.00024,metal,6,0.03645571321249008,8.881022453308105
full_noisy_z_t,639,metal__metal.00024,metal,6,5.222347736358643,10.32921314239502
full_noisy_z_t,640,metal__metal.00030,metal,6,-3.129575729370117,-0.4850805103778839
full_noisy_z_t,641,metal__metal.00030,metal,6,-1.3171675205230713,-0.3837858736515045
full_noisy_z_t,642,metal__metal.00030,metal,6,-2.827805995941162,1.071463704109192
full_noisy_z_t,643,metal__metal.00030,metal,6,2.6309173107147217,7.1691460609436035
full_noisy_z_t,644,metal__metal.00030,metal,6,-2.1828677654266357,2.565798759460449
full_noisy_z_t,645,metal__metal.00049,metal,6,7.916599750518799,9.425660133361816
full_noisy_z_t,646,metal__metal.00049,metal,6,4.159167289733887,13.559554100036621
full_noisy_z_t,647,metal__metal.00049,metal,6,-0.7687832117080688,12.849492073059082
full_noisy_z_t,648,metal__metal.00049,metal,6,0.39554908871650696,12.734284400939941
full_noisy_z_t,649,metal__metal.00049,metal,6,4.065258502960205,10.063176155090332
full_noisy_z_t,650,metal__metal.00049,metal,6,2.871920347213745,9.473960876464844
full_noisy_z_t,651,metal__metal.00049,metal,6,1.142540454864502,9.711490631103516
full_noisy_z_t,652,metal__metal.00049,metal,6,5.304191589355469,11.567870140075684
full_noisy_z_t,653,metal__metal.00049,metal,6,7.111158847808838,12.776232719421387
full_noisy_z_t,654,metal__metal.00051,metal,6,9.053476333618164,10.4111967086792
full_noisy_z_t,655,metal__metal.00051,metal,6,1.119385838508606,7.4609694480896
full_noisy_z_t,656,metal__metal.00051,metal,6,4.822481632232666,13.18621826171875
full_noisy_z_t,657,metal__metal.00051,metal,6,4.854701519012451,12.533523559570312
full_noisy_z_t,658,metal__metal.00051,metal,6,6.640262126922607,14.350310325622559
full_noisy_z_t,659,metal__metal.00051,metal,6,8.862056732177734,8.017356872558594
full_noisy_z_t,660,metal__metal.00051,metal,6,0.7853715419769287,14.05870532989502
full_noisy_z_t,661,metal__metal.00051,metal,6,5.870167255401611,12.340228080749512
full_noisy_z_t,662,metal__metal.00052,metal,6,6.12843132019043,7.401921272277832
full_noisy_z_t,663,metal__metal.00052,metal,6,7.147736072540283,8.511691093444824
full_noisy_z_t,664,metal__metal.00052,metal,6,10.691802978515625,11.862519264221191
full_noisy_z_t,665,metal__metal.00052,metal,6,21.845705032348633,-4.437009334564209
full_noisy_z_t,666,metal__metal.00052,metal,6,21.935922622680664,-5.0315775871276855
full_noisy_z_t,667,metal__metal.00056,metal,6,4.323606491088867,6.4651055335998535
full_noisy_z_t,668,metal__metal.00056,metal,6,6.564148902893066,10.983298301696777
full_noisy_z_t,669,metal__metal.00056,metal,6,8.88654613494873,8.064262390136719
full_noisy_z_t,670,metal__metal.00056,metal,6,7.215295314788818,7.688657760620117
full_noisy_z_t,671,metal__metal.00056,metal,6,5.599456787109375,9.959640502929688
full_noisy_z_t,672,metal__metal.00056,metal,6,6.4289398193359375,13.193126678466797
full_noisy_z_t,673,metal__metal.00069,metal,6,5.894467830657959,6.009307384490967
full_noisy_z_t,674,metal__metal.00069,metal,6,10.696454048156738,5.73533821105957
full_noisy_z_t,675,metal__metal.00069,metal,6,30.72234344482422,-26.425933837890625
full_noisy_z_t,676,metal__metal.00069,metal,6,31.14975357055664,-25.750545501708984
full_noisy_z_t,677,metal__metal.00069,metal,6,7.880782604217529,5.531078815460205
full_noisy_z_t,678,metal__metal.00069,metal,6,6.733107089996338,6.50484037399292
full_noisy_z_t,679,metal__metal.00069,metal,6,7.647866249084473,6.670017719268799
full_noisy_z_t,680,metal__metal.00091,metal,6,-8.543797492980957,5.837141036987305
full_noisy_z_t,681,metal__metal.00091,metal,6,-11.994888305664062,7.602783203125
full_noisy_z_t,682,metal__metal.00091,metal,6,-12.960701942443848,-1.1948091983795166
full_noisy_z_t,683,metal__metal.00091,metal,6,-14.475493431091309,-0.24628083407878876
full_noisy_z_t,684,metal__metal.00091,metal,6,-13.389620780944824,4.518640518188477
full_noisy_z_t,685,metal__metal.00091,metal,6,-12.966029167175293,1.7172092199325562
full_noisy_z_t,686,metal__metal.00092,metal,6,0.7101048231124878,5.582688331604004
full_noisy_z_t,687,metal__metal.00092,metal,6,2.651963233947754,4.804922580718994
full_noisy_z_t,688,metal__metal.00092,metal,6,0.2084810882806778,-0.26378682255744934
full_noisy_z_t,689,metal__metal.00092,metal,6,3.860748291015625,1.9405920505523682
full_noisy_z_t,690,metal__metal.00092,metal,6,6.700716018676758,4.16714334487915
full_noisy_z_t,691,metal__metal.00092,metal,6,6.530179023742676,5.284924507141113
full_noisy_z_t,692,metal__metal.00096,metal,6,10.455284118652344,9.30872631072998
full_noisy_z_t,693,metal__metal.00096,metal,6,2.2895853519439697,9.763726234436035
full_noisy_z_t,694,metal__metal.00097,metal,6,2.236090898513794,3.69812273979187
full_noisy_z_t,695,metal__metal.00097,metal,6,-2.1643123626708984,-15.418773651123047
full_noisy_z_t,696,metal__metal.00097,metal,6,6.043698310852051,8.89887809753418
full_noisy_z_t,697,metal__metal.00097,metal,6,5.5256428718566895,8.113302230834961
full_noisy_z_t,698,metal__metal.00097,metal,6,3.762266159057617,10.770742416381836
full_noisy_z_t,699,metal__metal.00097,metal,6,8.377161979675293,11.523748397827148
full_noisy_z_t,700,pop__pop.00003,pop,7,46.15463638305664,-5.652746200561523
full_noisy_z_t,701,pop__pop.00003,pop,7,26.9432430267334,-32.556488037109375
full_noisy_z_t,702,pop__pop.00003,pop,7,29.06305503845215,-35.481842041015625
full_noisy_z_t,703,pop__pop.00003,pop,7,34.009159088134766,-24.874502182006836
full_noisy_z_t,704,pop__pop.00003,pop,7,-36.6722526550293,-9.260133743286133
full_noisy_z_t,705,pop__pop.00003,pop,7,35.434471130371094,-4.093945026397705
full_noisy_z_t,706,pop__pop.00003,pop,7,36.376319885253906,-4.128047466278076
full_noisy_z_t,707,pop__pop.00007,pop,7,-27.918479919433594,-10.604082107543945
full_noisy_z_t,708,pop__pop.00007,pop,7,-29.10753631591797,-11.655593872070312
full_noisy_z_t,709,pop__pop.00007,pop,7,49.41535186767578,1.161225438117981
full_noisy_z_t,710,pop__pop.00007,pop,7,50.3303337097168,1.7273836135864258
full_noisy_z_t,711,pop__pop.00007,pop,7,-29.176883697509766,3.672800064086914
full_noisy_z_t,712,pop__pop.00007,pop,7,-34.297271728515625,-16.232460021972656
full_noisy_z_t,713,pop__pop.00007,pop,7,-35.91781997680664,-15.93115234375
full_noisy_z_t,714,pop__pop.00007,pop,7,-35.52607345581055,-14.879210472106934
full_noisy_z_t,715,pop__pop.00015,pop,7,53.86481857299805,1.881116509437561
full_noisy_z_t,716,pop__pop.00015,pop,7,53.01205062866211,0.07472147047519684
full_noisy_z_t,717,pop__pop.00015,pop,7,53.730857849121094,3.2129201889038086
full_noisy_z_t,718,pop__pop.00015,pop,7,55.45770263671875,0.6320186853408813
full_noisy_z_t,719,pop__pop.00015,pop,7,52.01841354370117,2.2608673572540283
full_noisy_z_t,720,pop__pop.00015,pop,7,53.30323028564453,1.0391007661819458
full_noisy_z_t,721,pop__pop.00021,pop,7,53.92170715332031,-0.1390732377767563
full_noisy_z_t,722,pop__pop.00021,pop,7,51.85123062133789,4.231512069702148
full_noisy_z_t,723,pop__pop.00021,pop,7,51.85390853881836,-1.600558876991272
full_noisy_z_t,724,pop__pop.00021,pop,7,52.84757614135742,2.200690269470215
full_noisy_z_t,725,pop__pop.00021,pop,7,48.29244613647461,4.08603048324585
full_noisy_z_t,726,pop__pop.00021,pop,7,52.76156234741211,3.7635836601257324
full_noisy_z_t,727,pop__pop.00021,pop,7,49.05174255371094,3.4800338745117188
full_noisy_z_t,728,pop__pop.00021,pop,7,49.455909729003906,4.602797985076904
full_noisy_z_t,729,pop__pop.00028,pop,7,54.063751220703125,8.63943099975586
full_noisy_z_t,730,pop__pop.00028,pop,7,55.22072982788086,8.143097877502441
full_noisy_z_t,731,pop__pop.00028,pop,7,54.216773986816406,-2.4542365074157715
full_noisy_z_t,732,pop__pop.00028,pop,7,54.114566802978516,8.67851448059082
full_noisy_z_t,733,pop__pop.00028,pop,7,50.24751663208008,-1.8028143644332886
full_noisy_z_t,734,pop__pop.00028,pop,7,54.592674255371094,-1.0767499208450317
full_noisy_z_t,735,pop__pop.00029,pop,7,51.6079216003418,-4.911616802215576
full_noisy_z_t,736,pop__pop.00029,pop,7,53.159969329833984,-1.1055868864059448
full_noisy_z_t,737,pop__pop.00029,pop,7,34.46083068847656,-38.588287353515625
full_noisy_z_t,738,pop__pop.00029,pop,7,55.98787307739258,-4.006883144378662
full_noisy_z_t,739,pop__pop.00029,pop,7,56.117862701416016,-2.080245018005371
full_noisy_z_t,740,pop__pop.00029,pop,7,55.628787994384766,-3.384044885635376
full_noisy_z_t,741,pop__pop.00029,pop,7,57.49650192260742,0.5738000869750977
full_noisy_z_t,742,pop__pop.00029,pop,7,57.373661041259766,3.2996127605438232
full_noisy_z_t,743,pop__pop.00033,pop,7,45.02018356323242,0.5531911253929138
full_noisy_z_t,744,pop__pop.00033,pop,7,47.387245178222656,-3.2062504291534424
full_noisy_z_t,745,pop__pop.00033,pop,7,39.69245529174805,-6.5566840171813965
full_noisy_z_t,746,pop__pop.00033,pop,7,47.54106521606445,-2.166501522064209
full_noisy_z_t,747,pop__pop.00033,pop,7,42.316139221191406,-3.732755184173584
full_noisy_z_t,748,pop__pop.00033,pop,7,43.89010238647461,-0.22933080792427063
full_noisy_z_t,749,pop__pop.00033,pop,7,44.49321365356445,1.6889843940734863
full_noisy_z_t,750,pop__pop.00033,pop,7,43.81657409667969,1.4465960264205933
full_noisy_z_t,751,pop__pop.00034,pop,7,46.45144271850586,-1.5989893674850464
full_noisy_z_t,752,pop__pop.00034,pop,7,47.638694763183594,-0.34836822748184204
full_noisy_z_t,753,pop__pop.00034,pop,7,54.38135528564453,0.5630674362182617
full_noisy_z_t,754,pop__pop.00034,pop,7,46.323326110839844,-1.1060941219329834
full_noisy_z_t,755,pop__pop.00034,pop,7,49.23651123046875,-1.5118883848190308
full_noisy_z_t,756,pop__pop.00034,pop,7,48.41576385498047,-1.4199110269546509
full_noisy_z_t,757,pop__pop.00034,pop,7,49.633567810058594,-3.1412272453308105
full_noisy_z_t,758,pop__pop.00035,pop,7,56.14457702636719,-1.1109552383422852
full_noisy_z_t,759,pop__pop.00035,pop,7,54.65872573852539,1.050652265548706
full_noisy_z_t,760,pop__pop.00035,pop,7,56.090492248535156,2.7835285663604736
full_noisy_z_t,761,pop__pop.00035,pop,7,52.21567916870117,1.1357920169830322
full_noisy_z_t,762,pop__pop.00035,pop,7,51.70005416870117,0.8518889546394348
full_noisy_z_t,763,pop__pop.00038,pop,7,49.92804718017578,-4.545597076416016
full_noisy_z_t,764,pop__pop.00038,pop,7,46.80268478393555,3.4806816577911377
full_noisy_z_t,765,pop__pop.00038,pop,7,45.60407638549805,2.794959545135498
full_noisy_z_t,766,pop__pop.00038,pop,7,46.3946647644043,3.4377384185791016
full_noisy_z_t,767,pop__pop.00039,pop,7,53.1639518737793,-4.95175313949585
full_noisy_z_t,768,pop__pop.00039,pop,7,55.69768524169922,-0.3574376404285431
full_noisy_z_t,769,pop__pop.00039,pop,7,54.118587493896484,-1.7296336889266968
full_noisy_z_t,770,pop__pop.00039,pop,7,57.2700080871582,2.972247362136841
full_noisy_z_t,771,pop__pop.00039,pop,7,60.21923065185547,3.2474889755249023
full_noisy_z_t,772,pop__pop.00039,pop,7,58.6944580078125,3.1332106590270996
full_noisy_z_t,773,pop__pop.00039,pop,7,59.38820266723633,3.1955995559692383
full_noisy_z_t,774,pop__pop.00039,pop,7,59.13578796386719,1.5755449533462524
full_noisy_z_t,775,pop__pop.00045,pop,7,38.17336654663086,-9.83712387084961
full_noisy_z_t,776,pop__pop.00045,pop,7,44.8892936706543,-9.264006614685059
full_noisy_z_t,777,pop__pop.00045,pop,7,46.80300521850586,-10.854734420776367
full_noisy_z_t,778,pop__pop.00045,pop,7,41.087406158447266,16.031782150268555
full_noisy_z_t,779,pop__pop.00045,pop,7,57.01304626464844,1.598200798034668
full_noisy_z_t,780,pop__pop.00049,pop,7,54.94793701171875,-0.01932954601943493
full_noisy_z_t,781,pop__pop.00049,pop,7,55.30250549316406,-1.2168978452682495
full_noisy_z_t,782,pop__pop.00049,pop,7,55.145782470703125,2.054309129714966
full_noisy_z_t,783,pop__pop.00049,pop,7,58.10994338989258,1.4882943630218506
full_noisy_z_t,784,pop__pop.00049,pop,7,55.9967041015625,1.316796898841858
full_noisy_z_t,785,pop__pop.00049,pop,7,58.07799530029297,1.8102017641067505
full_noisy_z_t,786,pop__pop.00049,pop,7,55.71967315673828,1.9037091732025146
full_noisy_z_t,787,pop__pop.00079,pop,7,-25.868146896362305,14.251373291015625
full_noisy_z_t,788,pop__pop.00079,pop,7,-16.1429500579834,51.18684387207031
full_noisy_z_t,789,pop__pop.00079,pop,7,-10.439955711364746,45.44244384765625
full_noisy_z_t,790,pop__pop.00079,pop,7,-10.504563331604004,-0.11709629744291306
full_noisy_z_t,791,pop__pop.00081,pop,7,-30.9212646484375,-12.266712188720703
full_noisy_z_t,792,pop__pop.00081,pop,7,-38.537635803222656,-11.960623741149902
full_noisy_z_t,793,pop__pop.00081,pop,7,-30.548664093017578,-13.832822799682617
full_noisy_z_t,794,pop__pop.00081,pop,7,-31.453060150146484,-13.379739761352539
full_noisy_z_t,795,pop__pop.00081,pop,7,-38.45945358276367,-11.783084869384766
full_noisy_z_t,796,pop__pop.00081,pop,7,-40.752708435058594,-12.699535369873047
full_noisy_z_t,797,pop__pop.00081,pop,7,-37.3507080078125,-11.817476272583008
full_noisy_z_t,798,pop__pop.00081,pop,7,-37.446964263916016,-12.92544174194336
full_noisy_z_t,799,pop__pop.00081,pop,7,-39.56186294555664,-12.398233413696289
full_noisy_z_t,800,reggae__reggae.00029,reggae,8,22.325944900512695,-34.25465393066406
full_noisy_z_t,801,reggae__reggae.00029,reggae,8,22.25377082824707,-39.31746292114258
full_noisy_z_t,802,reggae__reggae.00029,reggae,8,22.599977493286133,-38.06550216674805
full_noisy_z_t,803,reggae__reggae.00029,reggae,8,22.097946166992188,-37.126590728759766
full_noisy_z_t,804,reggae__reggae.00029,reggae,8,22.591876983642578,-40.11507797241211
full_noisy_z_t,805,reggae__reggae.00029,reggae,8,21.072717666625977,-38.04464340209961
full_noisy_z_t,806,reggae__reggae.00029,reggae,8,25.47776222229004,-36.58631134033203
full_noisy_z_t,807,reggae__reggae.00029,reggae,8,21.156126022338867,-38.67919921875
full_noisy_z_t,808,reggae__reggae.00029,reggae,8,21.146602630615234,-36.12519454956055
full_noisy_z_t,809,reggae__reggae.00029,reggae,8,20.647432327270508,-33.53007888793945
full_noisy_z_t,810,reggae__reggae.00034,reggae,8,18.665260314941406,-35.57096481323242
full_noisy_z_t,811,reggae__reggae.00034,reggae,8,21.999513626098633,-36.07706069946289
full_noisy_z_t,812,reggae__reggae.00034,reggae,8,19.60127830505371,-38.54843521118164
full_noisy_z_t,813,reggae__reggae.00034,reggae,8,24.06916046142578,-36.36956024169922
full_noisy_z_t,814,reggae__reggae.00034,reggae,8,19.083030700683594,-37.83989334106445
full_noisy_z_t,815,reggae__reggae.00034,reggae,8,19.157032012939453,-36.220428466796875
full_noisy_z_t,816,reggae__reggae.00034,reggae,8,22.997682571411133,-35.110286712646484
full_noisy_z_t,817,reggae__reggae.00034,reggae,8,19.003053665161133,-39.29130554199219
full_noisy_z_t,818,reggae__reggae.00035,reggae,8,19.92939567565918,-36.81495666503906
full_noisy_z_t,819,reggae__reggae.00035,reggae,8,22.115436553955078,-37.90456771850586
full_noisy_z_t,820,reggae__reggae.00035,reggae,8,21.690494537353516,-33.661983489990234
full_noisy_z_t,821,reggae__reggae.00035,reggae,8,18.201292037963867,-38.78476333618164
full_noisy_z_t,822,reggae__reggae.00035,reggae,8,21.366451263427734,-34.91737365722656
full_noisy_z_t,823,reggae__reggae.00035,reggae,8,18.72173309326172,-34.0075569152832
full_noisy_z_t,824,reggae__reggae.00035,reggae,8,24.115726470947266,-35.09574508666992
full_noisy_z_t,825,reggae__reggae.00040,reggae,8,-14.47266960144043,-15.310044288635254
full_noisy_z_t,826,reggae__reggae.00040,reggae,8,-16.262666702270508,-0.9172284007072449
full_noisy_z_t,827,reggae__reggae.00040,reggae,8,-33.978355407714844,11.9846773147583
full_noisy_z_t,828,reggae__reggae.00040,reggae,8,-16.425621032714844,0.6556105017662048
full_noisy_z_t,829,reggae__reggae.00040,reggae,8,-21.466337203979492,5.931882858276367
full_noisy_z_t,830,reggae__reggae.00040,reggae,8,-22.648162841796875,6.942938327789307
full_noisy_z_t,831,reggae__reggae.00040,reggae,8,-14.68342399597168,-16.622793197631836
full_noisy_z_t,832,reggae__reggae.00040,reggae,8,-7.518588066101074,-18.938631057739258
full_noisy_z_t,833,reggae__reggae.00047,reggae,8,24.165508270263672,-38.327335357666016
full_noisy_z_t,834,reggae__reggae.00047,reggae,8,23.255245208740234,-33.93072509765625
full_noisy_z_t,835,reggae__reggae.00047,reggae,8,24.626056671142578,-37.636558532714844
full_noisy_z_t,836,reggae__reggae.00047,reggae,8,19.08023452758789,-37.108863830566406
full_noisy_z_t,837,reggae__reggae.00047,reggae,8,26.35286521911621,-37.90505599975586
full_noisy_z_t,838,reggae__reggae.00049,reggae,8,-37.012298583984375,9.737706184387207
full_noisy_z_t,839,reggae__reggae.00049,reggae,8,-33.08633804321289,13.7262601852417
full_noisy_z_t,840,reggae__reggae.00049,reggae,8,-38.212059020996094,7.565402507781982
full_noisy_z_t,841,reggae__reggae.00049,reggae,8,-36.100502014160156,8.130473136901855
full_noisy_z_t,842,reggae__reggae.00049,reggae,8,-37.80866241455078,8.171926498413086
full_noisy_z_t,843,reggae__reggae.00049,reggae,8,-35.90353775024414,9.381170272827148
full_noisy_z_t,844,reggae__reggae.00049,reggae,8,-36.119384765625,8.407930374145508
full_noisy_z_t,845,reggae__reggae.00062,reggae,8,20.120763778686523,-39.49470138549805
full_noisy_z_t,846,reggae__reggae.00062,reggae,8,17.732746124267578,-41.32872009277344
full_noisy_z_t,847,reggae__reggae.00062,reggae,8,21.682498931884766,-39.062835693359375
full_noisy_z_t,848,reggae__reggae.00062,reggae,8,17.3681640625,-40.20187759399414
full_noisy_z_t,849,reggae__reggae.00062,reggae,8,17.83860969543457,-36.58014678955078
full_noisy_z_t,850,reggae__reggae.00062,reggae,8,20.187334060668945,-37.6574821472168
full_noisy_z_t,851,reggae__reggae.00062,reggae,8,20.396839141845703,-38.65357208251953
full_noisy_z_t,852,reggae__reggae.00062,reggae,8,23.946840286254883,-37.37175369262695
full_noisy_z_t,853,reggae__reggae.00062,reggae,8,19.598031997680664,-41.07211685180664
full_noisy_z_t,854,reggae__reggae.00064,reggae,8,28.6429500579834,-37.51536560058594
full_noisy_z_t,855,reggae__reggae.00064,reggae,8,31.39724349975586,-38.14137649536133
full_noisy_z_t,856,reggae__reggae.00064,reggae,8,30.556550979614258,-37.18151092529297
full_noisy_z_t,857,reggae__reggae.00064,reggae,8,31.995553970336914,-38.06727981567383
full_noisy_z_t,858,reggae__reggae.00064,reggae,8,34.06814193725586,-36.830421447753906
full_noisy_z_t,859,reggae__reggae.00064,reggae,8,34.0481071472168,-36.6494255065918
full_noisy_z_t,860,reggae__reggae.00065,reggae,8,31.561418533325195,-30.855133056640625
full_noisy_z_t,861,reggae__reggae.00065,reggae,8,31.823415756225586,-31.385866165161133
full_noisy_z_t,862,reggae__reggae.00065,reggae,8,30.16044044494629,-33.15547561645508
full_noisy_z_t,863,reggae__reggae.00065,reggae,8,26.955032348632812,-34.43854522705078
full_noisy_z_t,864,reggae__reggae.00065,reggae,8,30.2386417388916,-31.186765670776367
full_noisy_z_t,865,reggae__reggae.00065,reggae,8,35.68626403808594,-8.44147777557373
full_noisy_z_t,866,reggae__reggae.00065,reggae,8,41.89250564575195,-9.74433708190918
full_noisy_z_t,867,reggae__reggae.00065,reggae,8,40.22380447387695,-10.346705436706543
full_noisy_z_t,868,reggae__reggae.00071,reggae,8,25.64659309387207,-35.21406173706055
full_noisy_z_t,869,reggae__reggae.00071,reggae,8,26.711963653564453,-35.859291076660156
full_noisy_z_t,870,reggae__reggae.00071,reggae,8,26.019527435302734,-35.119075775146484
full_noisy_z_t,871,reggae__reggae.00071,reggae,8,27.370845794677734,-36.369876861572266
full_noisy_z_t,872,reggae__reggae.00076,reggae,8,36.47561264038086,-19.319135665893555
full_noisy_z_t,873,reggae__reggae.00076,reggae,8,36.5677604675293,-17.678913116455078
full_noisy_z_t,874,reggae__reggae.00076,reggae,8,34.97221374511719,-6.837035655975342
full_noisy_z_t,875,reggae__reggae.00076,reggae,8,37.245506286621094,-9.115099906921387
full_noisy_z_t,876,reggae__reggae.00076,reggae,8,35.20000457763672,-20.380203247070312
full_noisy_z_t,877,reggae__reggae.00090,reggae,8,20.74683952331543,-36.856346130371094
full_noisy_z_t,878,reggae__reggae.00090,reggae,8,20.07437515258789,-34.818328857421875
full_noisy_z_t,879,reggae__reggae.00090,reggae,8,24.949256896972656,-35.659767150878906
full_noisy_z_t,880,reggae__reggae.00090,reggae,8,22.968385696411133,-36.159175872802734
full_noisy_z_t,881,reggae__reggae.00090,reggae,8,24.039413452148438,-34.16566467285156
full_noisy_z_t,882,reggae__reggae.00090,reggae,8,24.821115493774414,-33.60030746459961
full_noisy_z_t,883,reggae__reggae.00090,reggae,8,25.45302963256836,-34.356773376464844
full_noisy_z_t,884,reggae__reggae.00091,reggae,8,21.34549331665039,-37.31467056274414
full_noisy_z_t,885,reggae__reggae.00091,reggae,8,19.140317916870117,-39.53033447265625
full_noisy_z_t,886,reggae__reggae.00091,reggae,8,16.03580093383789,-39.69432067871094
full_noisy_z_t,887,reggae__reggae.00091,reggae,8,15.656318664550781,-41.61667251586914
full_noisy_z_t,888,reggae__reggae.00091,reggae,8,15.755966186523438,-43.352622985839844
full_noisy_z_t,889,reggae__reggae.00092,reggae,8,19.88225746154785,-42.02920913696289
full_noisy_z_t,890,reggae__reggae.00092,reggae,8,16.54507827758789,-36.901851654052734
full_noisy_z_t,891,reggae__reggae.00092,reggae,8,19.856657028198242,-40.0370979309082
full_noisy_z_t,892,reggae__reggae.00092,reggae,8,17.173349380493164,-35.23666000366211
full_noisy_z_t,893,reggae__reggae.00092,reggae,8,18.12925910949707,-37.597354888916016
full_noisy_z_t,894,reggae__reggae.00092,reggae,8,17.194250106811523,-39.59725570678711
full_noisy_z_t,895,reggae__reggae.00092,reggae,8,22.864789962768555,-37.07905960083008
full_noisy_z_t,896,reggae__reggae.00092,reggae,8,23.29535484313965,-38.884727478027344
full_noisy_z_t,897,reggae__reggae.00092,reggae,8,16.757205963134766,-38.251407623291016
full_noisy_z_t,898,reggae__reggae.00092,reggae,8,15.057358741760254,-38.33032989501953
full_noisy_z_t,899,reggae__reggae.00092,reggae,8,20.077909469604492,-35.99972915649414
full_noisy_z_t,900,rock__rock.00000,rock,9,2.329155683517456,2.5707366466522217
full_noisy_z_t,901,rock__rock.00000,rock,9,4.971269607543945,7.409733295440674
full_noisy_z_t,902,rock__rock.00000,rock,9,3.1222598552703857,3.2382164001464844
full_noisy_z_t,903,rock__rock.00000,rock,9,-10.803203582763672,-26.280241012573242
full_noisy_z_t,904,rock__rock.00000,rock,9,-15.876288414001465,-20.895509719848633
full_noisy_z_t,905,rock__rock.00000,rock,9,-16.0846004486084,7.196531295776367
full_noisy_z_t,906,rock__rock.00000,rock,9,-16.352502822875977,6.981138706207275
full_noisy_z_t,907,rock__rock.00000,rock,9,-20.616735458374023,10.539373397827148
full_noisy_z_t,908,rock__rock.00000,rock,9,-19.573518753051758,9.733235359191895
full_noisy_z_t,909,rock__rock.00003,rock,9,-7.693978786468506,-24.506481170654297
full_noisy_z_t,910,rock__rock.00003,rock,9,-18.867273330688477,-27.08462142944336
full_noisy_z_t,911,rock__rock.00003,rock,9,-18.366926193237305,-24.526290893554688
full_noisy_z_t,912,rock__rock.00003,rock,9,-17.89387321472168,-25.099647521972656
full_noisy_z_t,913,rock__rock.00003,rock,9,-11.799753189086914,-23.59362030029297
full_noisy_z_t,914,rock__rock.00003,rock,9,-7.479244709014893,-23.243417739868164
full_noisy_z_t,915,rock__rock.00008,rock,9,4.944647789001465,6.703229904174805
full_noisy_z_t,916,rock__rock.00008,rock,9,2.3150370121002197,6.407261371612549
full_noisy_z_t,917,rock__rock.00008,rock,9,2.239116668701172,8.174129486083984
full_noisy_z_t,918,rock__rock.00008,rock,9,4.870615482330322,31.517147064208984
full_noisy_z_t,919,rock__rock.00008,rock,9,-0.46421995759010315,6.278823375701904
full_noisy_z_t,920,rock__rock.00008,rock,9,1.7708288431167603,5.2212324142456055
full_noisy_z_t,921,rock__rock.00008,rock,9,-0.4939907193183899,7.287858486175537
full_noisy_z_t,922,rock__rock.00032,rock,9,-17.972484588623047,5.500012397766113
full_noisy_z_t,923,rock__rock.00032,rock,9,-3.8349978923797607,4.854854583740234
full_noisy_z_t,924,rock__rock.00034,rock,9,-38.02007293701172,-7.3311872482299805
full_noisy_z_t,925,rock__rock.00034,rock,9,-35.11631393432617,-10.319310188293457
full_noisy_z_t,926,rock__rock.00034,rock,9,-36.41779327392578,-12.228510856628418
full_noisy_z_t,927,rock__rock.00034,rock,9,-7.334262847900391,2.521958589553833
full_noisy_z_t,928,rock__rock.00034,rock,9,-37.221229553222656,-4.032248020172119
full_noisy_z_t,929,rock__rock.00034,rock,9,30.958263397216797,17.41692543029785
full_noisy_z_t,930,rock__rock.00039,rock,9,-23.19112205505371,4.736093997955322
full_noisy_z_t,931,rock__rock.00039,rock,9,-5.190556049346924,3.9404103755950928
full_noisy_z_t,932,rock__rock.00039,rock,9,-38.23926544189453,-9.967310905456543
full_noisy_z_t,933,rock__rock.00039,rock,9,30.700918197631836,17.129810333251953
full_noisy_z_t,934,rock__rock.00044,rock,9,-32.94043731689453,-13.046918869018555
full_noisy_z_t,935,rock__rock.00044,rock,9,-34.741539001464844,-12.363068580627441
full_noisy_z_t,936,rock__rock.00044,rock,9,-32.5701904296875,18.285144805908203
full_noisy_z_t,937,rock__rock.00044,rock,9,-21.59111976623535,0.9830998778343201
full_noisy_z_t,938,rock__rock.00044,rock,9,-22.5050106048584,0.42597895860671997
full_noisy_z_t,939,rock__rock.00044,rock,9,-24.031526565551758,-3.2008543014526367
full_noisy_z_t,940,rock__rock.00044,rock,9,-23.834205627441406,-3.6615240573883057
full_noisy_z_t,941,rock__rock.00048,rock,9,-23.279266357421875,9.85523509979248
full_noisy_z_t,942,rock__rock.00048,rock,9,-22.76154136657715,9.233339309692383
full_noisy_z_t,943,rock__rock.00048,rock,9,-25.686199188232422,13.018498420715332
full_noisy_z_t,944,rock__rock.00048,rock,9,-23.584747314453125,13.450772285461426
full_noisy_z_t,945,rock__rock.00048,rock,9,-25.45828628540039,10.914121627807617
full_noisy_z_t,946,rock__rock.00048,rock,9,-28.538311004638672,10.626779556274414
full_noisy_z_t,947,rock__rock.00048,rock,9,-22.020736694335938,9.927051544189453
full_noisy_z_t,948,rock__rock.00049,rock,9,-28.742895126342773,-23.477842330932617
full_noisy_z_t,949,rock__rock.00049,rock,9,-32.48508834838867,-15.383187294006348
full_noisy_z_t,950,rock__rock.00049,rock,9,-31.026805877685547,-14.73543643951416
full_noisy_z_t,951,rock__rock.00049,rock,9,-34.39622116088867,-15.333710670471191
full_noisy_z_t,952,rock__rock.00049,rock,9,-33.44826126098633,-17.473506927490234
full_noisy_z_t,953,rock__rock.00049,rock,9,-41.1277961730957,-11.61121654510498
full_noisy_z_t,954,rock__rock.00049,rock,9,-40.263038635253906,-12.000917434692383
full_noisy_z_t,955,rock__rock.00049,rock,9,-43.4726676940918,-10.631274223327637
full_noisy_z_t,956,rock__rock.00049,rock,9,-41.75531768798828,-6.805585861206055
full_noisy_z_t,957,rock__rock.00049,rock,9,-42.006839752197266,-10.095492362976074
full_noisy_z_t,958,rock__rock.00050,rock,9,-41.89948654174805,-8.906824111938477
full_noisy_z_t,959,rock__rock.00050,rock,9,-40.7473258972168,-9.37590217590332
full_noisy_z_t,960,rock__rock.00050,rock,9,-43.72015380859375,-9.170435905456543
full_noisy_z_t,961,rock__rock.00050,rock,9,-43.46882629394531,-8.310123443603516
full_noisy_z_t,962,rock__rock.00050,rock,9,-44.15958023071289,-8.76596450805664
full_noisy_z_t,963,rock__rock.00050,rock,9,-43.2510871887207,-8.211854934692383
full_noisy_z_t,964,rock__rock.00050,rock,9,-40.50374221801758,-9.724386215209961
full_noisy_z_t,965,rock__rock.00050,rock,9,-43.57575988769531,-9.468151092529297
full_noisy_z_t,966,rock__rock.00054,rock,9,-28.45555305480957,1.7133314609527588
full_noisy_z_t,967,rock__rock.00054,rock,9,-23.595199584960938,1.5465422868728638
full_noisy_z_t,968,rock__rock.00054,rock,9,-25.688335418701172,-1.572738766670227
full_noisy_z_t,969,rock__rock.00054,rock,9,-26.993816375732422,-2.416686773300171
full_noisy_z_t,970,rock__rock.00054,rock,9,-28.260509490966797,-3.699925422668457
full_noisy_z_t,971,rock__rock.00054,rock,9,-26.834943771362305,-1.4523926973342896
full_noisy_z_t,972,rock__rock.00054,rock,9,-29.94295883178711,-0.5673307776451111
full_noisy_z_t,973,rock__rock.00054,rock,9,-26.037437438964844,-0.5254754424095154
full_noisy_z_t,974,rock__rock.00054,rock,9,-29.582185745239258,-2.1207549571990967
full_noisy_z_t,975,rock__rock.00054,rock,9,-29.571426391601562,-0.21776925027370453
full_noisy_z_t,976,rock__rock.00080,rock,9,-2.242988348007202,9.124323844909668
full_noisy_z_t,977,rock__rock.00080,rock,9,-11.862229347229004,2.109670877456665
full_noisy_z_t,978,rock__rock.00080,rock,9,-10.266777038574219,2.7603304386138916
full_noisy_z_t,979,rock__rock.00080,rock,9,-4.666724681854248,9.620312690734863
full_noisy_z_t,980,rock__rock.00080,rock,9,-5.0897345542907715,8.538119316101074
full_noisy_z_t,981,rock__rock.00085,rock,9,-11.506354331970215,-2.871384382247925
full_noisy_z_t,982,rock__rock.00085,rock,9,-12.444378852844238,-4.748941898345947
full_noisy_z_t,983,rock__rock.00085,rock,9,-13.566729545593262,2.5322999954223633
full_noisy_z_t,984,rock__rock.00085,rock,9,-18.056306838989258,2.691720485687256
full_noisy_z_t,985,rock__rock.00085,rock,9,-13.711282730102539,1.3671534061431885
full_noisy_z_t,986,rock__rock.00085,rock,9,-9.499855041503906,38.51045227050781
full_noisy_z_t,987,rock__rock.00086,rock,9,20.678112030029297,15.803595542907715
full_noisy_z_t,988,rock__rock.00086,rock,9,-15.381268501281738,-2.4990034103393555
full_noisy_z_t,989,rock__rock.00086,rock,9,-14.730677604675293,-3.797677993774414
full_noisy_z_t,990,rock__rock.00086,rock,9,20.422380447387695,-31.721418380737305
full_noisy_z_t,991,rock__rock.00092,rock,9,-3.6887643337249756,9.037646293640137
full_noisy_z_t,992,rock__rock.00092,rock,9,-3.296051502227783,7.258403301239014
full_noisy_z_t,993,rock__rock.00092,rock,9,-9.340591430664062,4.904032230377197
full_noisy_z_t,994,rock__rock.00092,rock,9,-8.261879920959473,5.979050159454346
full_noisy_z_t,995,rock__rock.00092,rock,9,-3.3291234970092773,8.865860939025879
full_noisy_z_t,996,rock__rock.00092,rock,9,-7.612848281860352,6.146061420440674
full_noisy_z_t,997,rock__rock.00092,rock,9,-4.2772603034973145,6.814278602600098
full_noisy_z_t,998,rock__rock.00092,rock,9,-6.1713385581970215,8.261758804321289
full_noisy_z_t,999,rock__rock.00092,rock,9,-3.738300323486328,7.759855270385742
full_denoised_z_hat,0,blues__blues.00000,blues,0,-10.497756004333496,-35.75878143310547
full_denoised_z_hat,1,blues__blues.00000,blues,0,-7.681493282318115,-37.480464935302734
full_denoised_z_hat,2,blues__blues.00000,blues,0,-4.822437286376953,-36.33189392089844
full_denoised_z_hat,3,blues__blues.00000,blues,0,-5.238545894622803,-36.53011703491211
full_denoised_z_hat,4,blues__blues.00000,blues,0,-11.580113410949707,-20.805978775024414
full_denoised_z_hat,5,blues__blues.00000,blues,0,-3.575608015060425,-31.751060485839844
full_denoised_z_hat,6,blues__blues.00000,blues,0,-6.001899242401123,-37.26930236816406
full_denoised_z_hat,7,blues__blues.00001,blues,0,-9.293621063232422,-36.151187896728516
full_denoised_z_hat,8,blues__blues.00001,blues,0,-11.532218933105469,-22.312570571899414
full_denoised_z_hat,9,blues__blues.00001,blues,0,-7.253032684326172,-36.25314712524414
full_denoised_z_hat,10,blues__blues.00001,blues,0,-3.5547046661376953,-28.327800750732422
full_denoised_z_hat,11,blues__blues.00001,blues,0,-9.18829345703125,-35.921329498291016
full_denoised_z_hat,12,blues__blues.00001,blues,0,-4.281296253204346,-25.982114791870117
full_denoised_z_hat,13,blues__blues.00001,blues,0,-4.6712517738342285,-28.472225189208984
full_denoised_z_hat,14,blues__blues.00009,blues,0,-42.747581481933594,18.930540084838867
full_denoised_z_hat,15,blues__blues.00009,blues,0,-10.812870025634766,-36.45932388305664
full_denoised_z_hat,16,blues__blues.00009,blues,0,-8.909982681274414,-30.893985748291016
full_denoised_z_hat,17,blues__blues.00009,blues,0,-11.443172454833984,-36.06095886230469
full_denoised_z_hat,18,blues__blues.00009,blues,0,-5.891692638397217,-26.59286880493164
full_denoised_z_hat,19,blues__blues.00009,blues,0,-10.241644859313965,-34.678077697753906
full_denoised_z_hat,20,blues__blues.00009,blues,0,-43.091007232666016,19.519447326660156
full_denoised_z_hat,21,blues__blues.00009,blues,0,-35.69762420654297,17.667097091674805
full_denoised_z_hat,22,blues__blues.00009,blues,0,-11.742610931396484,-35.55767822265625
full_denoised_z_hat,23,blues__blues.00011,blues,0,-18.269338607788086,-27.82024574279785
full_denoised_z_hat,24,blues__blues.00011,blues,0,-7.737483501434326,-36.004032135009766
full_denoised_z_hat,25,blues__blues.00011,blues,0,-13.896414756774902,-18.170019149780273
full_denoised_z_hat,26,blues__blues.00011,blues,0,-14.16566276550293,-18.951881408691406
full_denoised_z_hat,27,blues__blues.00011,blues,0,-12.287616729736328,-27.4025936126709
full_denoised_z_hat,28,blues__blues.00011,blues,0,-17.752859115600586,-27.96088981628418
full_denoised_z_hat,29,blues__blues.00011,blues,0,-8.327807426452637,-34.952213287353516
full_denoised_z_hat,30,blues__blues.00031,blues,0,-10.031818389892578,-33.44590759277344
full_denoised_z_hat,31,blues__blues.00031,blues,0,-16.423969268798828,-29.495967864990234
full_denoised_z_hat,32,blues__blues.00031,blues,0,-10.868183135986328,-34.0481071472168
full_denoised_z_hat,33,blues__blues.00031,blues,0,-15.773178100585938,-29.844675064086914
full_denoised_z_hat,34,blues__blues.00034,blues,0,-11.078279495239258,-36.174354553222656
full_denoised_z_hat,35,blues__blues.00034,blues,0,-8.26441764831543,-33.14360809326172
full_denoised_z_hat,36,blues__blues.00034,blues,0,-9.312973022460938,-36.09779357910156
full_denoised_z_hat,37,blues__blues.00034,blues,0,-7.496004104614258,-34.96443557739258
full_denoised_z_hat,38,blues__blues.00034,blues,0,-10.606231689453125,-37.00776290893555
full_denoised_z_hat,39,blues__blues.00034,blues,0,-11.137288093566895,-36.020591735839844
full_denoised_z_hat,40,blues__blues.00039,blues,0,-13.233301162719727,-26.69332504272461
full_denoised_z_hat,41,blues__blues.00039,blues,0,-17.5653133392334,-28.379182815551758
full_denoised_z_hat,42,blues__blues.00039,blues,0,-15.615184783935547,-30.004220962524414
full_denoised_z_hat,43,blues__blues.00039,blues,0,-16.65916633605957,-29.268524169921875
full_denoised_z_hat,44,blues__blues.00039,blues,0,-9.806607246398926,-32.90787124633789
full_denoised_z_hat,45,blues__blues.00052,blues,0,-0.705890417098999,-38.00121307373047
full_denoised_z_hat,46,blues__blues.00052,blues,0,-14.589797973632812,-17.865291595458984
full_denoised_z_hat,47,blues__blues.00052,blues,0,-1.2349148988723755,-36.932010650634766
full_denoised_z_hat,48,blues__blues.00052,blues,0,-11.309160232543945,-22.102458953857422
full_denoised_z_hat,49,blues__blues.00052,blues,0,-12.554386138916016,-26.443967819213867
full_denoised_z_hat,50,blues__blues.00052,blues,0,-13.707718849182129,-18.503612518310547
full_denoised_z_hat,51,blues__blues.00054,blues,0,-3.631112575531006,-27.134963989257812
full_denoised_z_hat,52,blues__blues.00054,blues,0,-4.118255138397217,-28.06003761291504
full_denoised_z_hat,53,blues__blues.00054,blues,0,-4.112812042236328,-27.558307647705078
full_denoised_z_hat,54,blues__blues.00054,blues,0,-3.955792188644409,-26.929458618164062
full_denoised_z_hat,55,blues__blues.00054,blues,0,-10.906991958618164,-37.03160858154297
full_denoised_z_hat,56,blues__blues.00054,blues,0,-4.761709213256836,-27.94281768798828
full_denoised_z_hat,57,blues__blues.00057,blues,0,-6.953116416931152,-28.048622131347656
full_denoised_z_hat,58,blues__blues.00057,blues,0,-3.9949588775634766,-28.250171661376953
full_denoised_z_hat,59,blues__blues.00057,blues,0,-3.2779510021209717,-26.185840606689453
full_denoised_z_hat,60,blues__blues.00057,blues,0,-10.15043830871582,-34.13205337524414
full_denoised_z_hat,61,blues__blues.00060,blues,0,-4.9487409591674805,-37.16317367553711
full_denoised_z_hat,62,blues__blues.00060,blues,0,-10.504815101623535,-35.60023880004883
full_denoised_z_hat,63,blues__blues.00060,blues,0,-9.985403060913086,-37.134403228759766
full_denoised_z_hat,64,blues__blues.00060,blues,0,-5.893578052520752,-37.1590461730957
full_denoised_z_hat,65,blues__blues.00060,blues,0,-11.507851600646973,-35.986812591552734
full_denoised_z_hat,66,blues__blues.00060,blues,0,-8.930193901062012,-32.2840576171875
full_denoised_z_hat,67,blues__blues.00060,blues,0,-8.92542552947998,-35.72403335571289
full_denoised_z_hat,68,blues__blues.00066,blues,0,-2.458150863647461,-37.14091110229492
full_denoised_z_hat,69,blues__blues.00066,blues,0,-4.097391605377197,-37.060264587402344
full_denoised_z_hat,70,blues__blues.00066,blues,0,-4.090604305267334,-36.59560012817383
full_denoised_z_hat,71,blues__blues.00066,blues,0,-1.5668586492538452,-36.967323303222656
full_denoised_z_hat,72,blues__blues.00066,blues,0,0.037763550877571106,-38.164276123046875
full_denoised_z_hat,73,blues__blues.00066,blues,0,-0.5620917081832886,-37.5686149597168
full_denoised_z_hat,74,blues__blues.00066,blues,0,-7.337610244750977,-32.24480438232422
full_denoised_z_hat,75,blues__blues.00066,blues,0,-5.526937484741211,-35.86892318725586
full_denoised_z_hat,76,blues__blues.00066,blues,0,-7.539778232574463,-34.56719970703125
full_denoised_z_hat,77,blues__blues.00068,blues,0,-7.927741527557373,-37.30556869506836
full_denoised_z_hat,78,blues__blues.00068,blues,0,-4.33803129196167,-37.71981430053711
full_denoised_z_hat,79,blues__blues.00068,blues,0,-6.439651012420654,-35.28364562988281
full_denoised_z_hat,80,blues__blues.00068,blues,0,-6.087096214294434,-35.98196029663086
full_denoised_z_hat,81,blues__blues.00068,blues,0,-7.860659122467041,-34.1251335144043
full_denoised_z_hat,82,blues__blues.00068,blues,0,-7.971591949462891,-35.21348571777344
full_denoised_z_hat,83,blues__blues.00068,blues,0,-3.3530118465423584,-37.25432586669922
full_denoised_z_hat,84,blues__blues.00070,blues,0,-1.033492922782898,-37.13752746582031
full_denoised_z_hat,85,blues__blues.00070,blues,0,-1.1565768718719482,-37.74336624145508
full_denoised_z_hat,86,blues__blues.00070,blues,0,-2.88806414604187,-37.173641204833984
full_denoised_z_hat,87,blues__blues.00070,blues,0,-4.9612812995910645,-37.4066162109375
full_denoised_z_hat,88,blues__blues.00070,blues,0,-1.5981694459915161,-37.82331085205078
full_denoised_z_hat,89,blues__blues.00070,blues,0,-5.055516242980957,-36.559757232666016
full_denoised_z_hat,90,blues__blues.00070,blues,0,3.5050127506256104,-39.920440673828125
full_denoised_z_hat,91,blues__blues.00071,blues,0,-8.272416114807129,-35.497554779052734
full_denoised_z_hat,92,blues__blues.00071,blues,0,-8.249338150024414,-37.26013946533203
full_denoised_z_hat,93,blues__blues.00071,blues,0,-9.828226089477539,-35.481483459472656
full_denoised_z_hat,94,blues__blues.00071,blues,0,-8.726011276245117,-35.23383712768555
full_denoised_z_hat,95,blues__blues.00071,blues,0,-10.111437797546387,-37.489078521728516
full_denoised_z_hat,96,blues__blues.00071,blues,0,-9.766651153564453,-34.25931167602539
full_denoised_z_hat,97,blues__blues.00071,blues,0,-8.869013786315918,-32.00821304321289
full_denoised_z_hat,98,blues__blues.00071,blues,0,-10.73685073852539,-35.1080322265625
full_denoised_z_hat,99,blues__blues.00071,blues,0,-9.84941577911377,-35.461181640625
full_denoised_z_hat,100,classical__classical.00000,classical,1,-12.749222755432129,55.104888916015625
full_denoised_z_hat,101,classical__classical.00000,classical,1,-8.336219787597656,53.28150939941406
full_denoised_z_hat,102,classical__classical.00000,classical,1,-9.253368377685547,55.5214729309082
full_denoised_z_hat,103,classical__classical.00000,classical,1,-5.365882873535156,54.560386657714844
full_denoised_z_hat,104,classical__classical.00000,classical,1,-10.245684623718262,51.84317398071289
full_denoised_z_hat,105,classical__classical.00000,classical,1,-12.59681224822998,55.93635177612305
full_denoised_z_hat,106,classical__classical.00002,classical,1,-5.004279136657715,51.95450210571289
full_denoised_z_hat,107,classical__classical.00002,classical,1,-8.14226245880127,54.08614730834961
full_denoised_z_hat,108,classical__classical.00002,classical,1,-5.958045482635498,51.73382568359375
full_denoised_z_hat,109,classical__classical.00006,classical,1,-8.274629592895508,55.07596969604492
full_denoised_z_hat,110,classical__classical.00006,classical,1,-7.41145133972168,53.82292938232422
full_denoised_z_hat,111,classical__classical.00006,classical,1,-11.668087005615234,54.75837707519531
full_denoised_z_hat,112,classical__classical.00006,classical,1,-4.211138725280762,54.37234878540039
full_denoised_z_hat,113,classical__classical.00006,classical,1,-11.088445663452148,55.199066162109375
full_denoised_z_hat,114,classical__classical.00006,classical,1,-6.5639328956604,55.311622619628906
full_denoised_z_hat,115,classical__classical.00006,classical,1,-10.338117599487305,55.96779251098633
full_denoised_z_hat,116,classical__classical.00009,classical,1,-12.738259315490723,51.5514030456543
full_denoised_z_hat,117,classical__classical.00009,classical,1,-9.116981506347656,54.65184783935547
full_denoised_z_hat,118,classical__classical.00009,classical,1,-13.093084335327148,51.04887390136719
full_denoised_z_hat,119,classical__classical.00009,classical,1,-14.889205932617188,56.17985153198242
full_denoised_z_hat,120,classical__classical.00009,classical,1,-12.618027687072754,51.44070816040039
full_denoised_z_hat,121,classical__classical.00009,classical,1,-14.342206001281738,56.31966018676758
full_denoised_z_hat,122,classical__classical.00009,classical,1,-6.360317707061768,55.77815246582031
full_denoised_z_hat,123,classical__classical.00022,classical,1,-4.52607536315918,54.10468673706055
full_denoised_z_hat,124,classical__classical.00022,classical,1,-4.976441860198975,54.019432067871094
full_denoised_z_hat,125,classical__classical.00022,classical,1,-5.879403114318848,51.20987319946289
full_denoised_z_hat,126,classical__classical.00022,classical,1,-8.699548721313477,55.70207595825195
full_denoised_z_hat,127,classical__classical.00022,classical,1,-6.191456317901611,55.915992736816406
full_denoised_z_hat,128,classical__classical.00022,classical,1,-11.355819702148438,55.43775177001953
full_denoised_z_hat,129,classical__classical.00022,classical,1,-11.907605171203613,54.47686004638672
full_denoised_z_hat,130,classical__classical.00034,classical,1,-5.031285762786865,55.67489242553711
full_denoised_z_hat,131,classical__classical.00034,classical,1,-4.482311725616455,51.96601104736328
full_denoised_z_hat,132,classical__classical.00034,classical,1,-4.103069305419922,50.27558135986328
full_denoised_z_hat,133,classical__classical.00034,classical,1,-3.788822650909424,50.685489654541016
full_denoised_z_hat,134,classical__classical.00034,classical,1,-4.60456657409668,50.882667541503906
full_denoised_z_hat,135,classical__classical.00034,classical,1,-5.204042434692383,53.836944580078125
full_denoised_z_hat,136,classical__classical.00034,classical,1,-5.772248268127441,53.646217346191406
full_denoised_z_hat,137,classical__classical.00037,classical,1,-8.28124713897705,44.08884048461914
full_denoised_z_hat,138,classical__classical.00037,classical,1,-10.977871894836426,53.963661193847656
full_denoised_z_hat,139,classical__classical.00037,classical,1,-13.488641738891602,55.60531234741211
full_denoised_z_hat,140,classical__classical.00037,classical,1,-13.417731285095215,55.92983627319336
full_denoised_z_hat,141,classical__classical.00037,classical,1,-6.719060897827148,55.04497146606445
full_denoised_z_hat,142,classical__classical.00037,classical,1,-5.601902008056641,52.32014846801758
full_denoised_z_hat,143,classical__classical.00037,classical,1,-4.484719753265381,52.3329963684082
full_denoised_z_hat,144,classical__classical.00037,classical,1,-7.985904216766357,54.768802642822266
full_denoised_z_hat,145,classical__classical.00039,classical,1,-5.470416069030762,53.85636901855469
full_denoised_z_hat,146,classical__classical.00039,classical,1,-10.890119552612305,53.95183563232422
full_denoised_z_hat,147,classical__classical.00039,classical,1,-12.99718189239502,55.409828186035156
full_denoised_z_hat,148,classical__classical.00039,classical,1,-9.956412315368652,56.31093978881836
full_denoised_z_hat,149,classical__classical.00039,classical,1,-10.381434440612793,54.31565856933594
full_denoised_z_hat,150,classical__classical.00039,classical,1,-5.300473690032959,52.9747314453125
full_denoised_z_hat,151,classical__classical.00047,classical,1,-9.813810348510742,55.08592224121094
full_denoised_z_hat,152,classical__classical.00047,classical,1,-6.251854419708252,55.03471755981445
full_denoised_z_hat,153,classical__classical.00047,classical,1,-7.0719990730285645,56.531856536865234
full_denoised_z_hat,154,classical__classical.00047,classical,1,-10.679546356201172,56.19717025756836
full_denoised_z_hat,155,classical__classical.00047,classical,1,-14.56629753112793,56.262264251708984
full_denoised_z_hat,156,classical__classical.00047,classical,1,-14.71116828918457,56.20109176635742
full_denoised_z_hat,157,classical__classical.00053,classical,1,-7.039884090423584,48.66178512573242
full_denoised_z_hat,158,classical__classical.00053,classical,1,-7.022139072418213,53.390132904052734
full_denoised_z_hat,159,classical__classical.00053,classical,1,-7.8881402015686035,53.239139556884766
full_denoised_z_hat,160,classical__classical.00053,classical,1,-6.486425876617432,48.75757598876953
full_denoised_z_hat,161,classical__classical.00053,classical,1,-8.25241756439209,47.13007354736328
full_denoised_z_hat,162,classical__classical.00056,classical,1,-4.605082035064697,54.74939727783203
full_denoised_z_hat,163,classical__classical.00056,classical,1,-13.136645317077637,49.67416763305664
full_denoised_z_hat,164,classical__classical.00056,classical,1,-10.012100219726562,51.29965591430664
full_denoised_z_hat,165,classical__classical.00056,classical,1,-4.634761810302734,55.618412017822266
full_denoised_z_hat,166,classical__classical.00056,classical,1,-4.246343612670898,55.192928314208984
full_denoised_z_hat,167,classical__classical.00056,classical,1,-10.429919242858887,49.37510681152344
full_denoised_z_hat,168,classical__classical.00056,classical,1,-11.710042953491211,51.13447570800781
full_denoised_z_hat,169,classical__classical.00056,classical,1,-9.723440170288086,51.75668716430664
full_denoised_z_hat,170,classical__classical.00056,classical,1,-9.951373100280762,48.11469650268555
full_denoised_z_hat,171,classical__classical.00056,classical,1,-4.551328182220459,49.90541076660156
full_denoised_z_hat,172,classical__classical.00057,classical,1,-32.12687683105469,21.825016021728516
full_denoised_z_hat,173,classical__classical.00057,classical,1,-30.96465301513672,20.41550064086914
full_denoised_z_hat,174,classical__classical.00057,classical,1,-9.56495189666748,54.607540130615234
full_denoised_z_hat,175,classical__classical.00057,classical,1,-11.927462577819824,50.7689094543457
full_denoised_z_hat,176,classical__classical.00057,classical,1,-13.841842651367188,49.139244079589844
full_denoised_z_hat,177,classical__classical.00057,classical,1,-26.517202377319336,20.778940200805664
full_denoised_z_hat,178,classical__classical.00057,classical,1,-13.68033218383789,55.36460876464844
full_denoised_z_hat,179,classical__classical.00057,classical,1,-15.714317321777344,48.76200866699219
full_denoised_z_hat,180,classical__classical.00057,classical,1,-10.99371337890625,52.75939178466797
full_denoised_z_hat,181,classical__classical.00057,classical,1,-4.54690408706665,51.721736907958984
full_denoised_z_hat,182,classical__classical.00065,classical,1,-9.871384620666504,56.498313903808594
full_denoised_z_hat,183,classical__classical.00065,classical,1,-10.769411087036133,55.10028839111328
full_denoised_z_hat,184,classical__classical.00065,classical,1,-10.705205917358398,55.94609451293945
full_denoised_z_hat,185,classical__classical.00065,classical,1,-11.411965370178223,54.093360900878906
full_denoised_z_hat,186,classical__classical.00082,classical,1,-6.221350193023682,53.84675216674805
full_denoised_z_hat,187,classical__classical.00082,classical,1,-8.286508560180664,50.22972106933594
full_denoised_z_hat,188,classical__classical.00082,classical,1,-4.621626853942871,54.983001708984375
full_denoised_z_hat,189,classical__classical.00082,classical,1,-12.732706069946289,55.08967590332031
full_denoised_z_hat,190,classical__classical.00082,classical,1,-6.214081764221191,52.91748046875
full_denoised_z_hat,191,classical__classical.00082,classical,1,-6.996478080749512,52.73221969604492
full_denoised_z_hat,192,classical__classical.00091,classical,1,-4.470187664031982,51.25925064086914
full_denoised_z_hat,193,classical__classical.00091,classical,1,-7.084658145904541,51.89564514160156
full_denoised_z_hat,194,classical__classical.00091,classical,1,-10.55494213104248,54.650856018066406
full_denoised_z_hat,195,classical__classical.00091,classical,1,-10.587056159973145,53.82424545288086
full_denoised_z_hat,196,classical__classical.00091,classical,1,-7.405359268188477,52.58660888671875
full_denoised_z_hat,197,classical__classical.00091,classical,1,-10.000304222106934,52.71870803833008
full_denoised_z_hat,198,classical__classical.00091,classical,1,-5.445369720458984,55.31618118286133
full_denoised_z_hat,199,classical__classical.00091,classical,1,-5.820104598999023,55.26249313354492
full_denoised_z_hat,200,country__country.00001,country,2,-39.99765396118164,-17.403596878051758
full_denoised_z_hat,201,country__country.00001,country,2,-39.76239013671875,-17.577566146850586
full_denoised_z_hat,202,country__country.00001,country,2,-35.95313262939453,-14.663989067077637
full_denoised_z_hat,203,country__country.00001,country,2,-18.517019271850586,2.6657400131225586
full_denoised_z_hat,204,country__country.00001,country,2,-40.68115234375,-17.480138778686523
full_denoised_z_hat,205,country__country.00011,country,2,-25.200557708740234,3.764206886291504
full_denoised_z_hat,206,country__country.00011,country,2,-25.939428329467773,4.323288917541504
full_denoised_z_hat,207,country__country.00011,country,2,-30.799165725708008,-16.607070922851562
full_denoised_z_hat,208,country__country.00011,country,2,-15.755188941955566,-12.675666809082031
full_denoised_z_hat,209,country__country.00011,country,2,-33.02722930908203,18.696714401245117
full_denoised_z_hat,210,country__country.00011,country,2,-31.46240234375,19.410430908203125
full_denoised_z_hat,211,country__country.00011,country,2,-14.843243598937988,-13.584654808044434
full_denoised_z_hat,212,country__country.00011,country,2,-29.119644165039062,-15.785260200500488
full_denoised_z_hat,213,country__country.00013,country,2,-36.43510055541992,-10.593199729919434
full_denoised_z_hat,214,country__country.00013,country,2,-39.97473907470703,-15.312854766845703
full_denoised_z_hat,215,country__country.00013,country,2,-37.64185333251953,-11.01307487487793
full_denoised_z_hat,216,country__country.00013,country,2,32.3753776550293,15.117691993713379
full_denoised_z_hat,217,country__country.00013,country,2,-36.89598083496094,-10.40084457397461
full_denoised_z_hat,218,country__country.00013,country,2,-29.306060791015625,-15.07620620727539
full_denoised_z_hat,219,country__country.00013,country,2,-24.903564453125,-0.8312170505523682
full_denoised_z_hat,220,country__country.00013,country,2,-25.287418365478516,-2.620086908340454
full_denoised_z_hat,221,country__country.00013,country,2,34.23381805419922,19.776355743408203
full_denoised_z_hat,222,country__country.00013,country,2,-25.588214874267578,-2.764575481414795
full_denoised_z_hat,223,country__country.00029,country,2,-32.487709045410156,-19.27473258972168
full_denoised_z_hat,224,country__country.00029,country,2,-33.1767578125,-19.654434204101562
full_denoised_z_hat,225,country__country.00029,country,2,-32.96529769897461,-19.725637435913086
full_denoised_z_hat,226,country__country.00029,country,2,-32.697959899902344,-19.826860427856445
full_denoised_z_hat,227,country__country.00029,country,2,-32.413578033447266,-19.913043975830078
full_denoised_z_hat,228,country__country.00029,country,2,-32.90120315551758,-20.08243179321289
full_denoised_z_hat,229,country__country.00047,country,2,-28.46927261352539,-21.707958221435547
full_denoised_z_hat,230,country__country.00057,country,2,-32.02695846557617,-15.275837898254395
full_denoised_z_hat,231,country__country.00057,country,2,-37.57875442504883,-17.599294662475586
full_denoised_z_hat,232,country__country.00057,country,2,-34.367977142333984,-17.817758560180664
full_denoised_z_hat,233,country__country.00057,country,2,-34.09678649902344,-18.05524253845215
full_denoised_z_hat,234,country__country.00057,country,2,-38.430965423583984,-18.00189971923828
full_denoised_z_hat,235,country__country.00057,country,2,-35.4017448425293,-18.450563430786133
full_denoised_z_hat,236,country__country.00057,country,2,-34.91270446777344,-19.052934646606445
full_denoised_z_hat,237,country__country.00057,country,2,-0.7110714912414551,-0.9130857586860657
full_denoised_z_hat,238,country__country.00057,country,2,-0.772148609161377,-1.9040827751159668
full_denoised_z_hat,239,country__country.00057,country,2,-39.865238189697266,-19.348453521728516
full_denoised_z_hat,240,country__country.00059,country,2,-14.24799633026123,-22.307903289794922
full_denoised_z_hat,241,country__country.00059,country,2,-35.396751403808594,-18.28721046447754
full_denoised_z_hat,242,country__country.00059,country,2,-37.32715606689453,-17.818294525146484
full_denoised_z_hat,243,country__country.00059,country,2,-39.799137115478516,-19.276147842407227
full_denoised_z_hat,244,country__country.00059,country,2,-36.89041519165039,-17.842247009277344
full_denoised_z_hat,245,country__country.00059,country,2,-39.07919692993164,-18.65779685974121
full_denoised_z_hat,246,country__country.00067,country,2,-35.237335205078125,-19.40444564819336
full_denoised_z_hat,247,country__country.00067,country,2,-23.43113899230957,-24.894697189331055
full_denoised_z_hat,248,country__country.00067,country,2,-18.515527725219727,-25.345382690429688
full_denoised_z_hat,249,country__country.00067,country,2,-38.21302032470703,-18.059978485107422
full_denoised_z_hat,250,country__country.00067,country,2,-22.11279296875,-24.409284591674805
full_denoised_z_hat,251,country__country.00067,country,2,-13.077577590942383,-22.680084228515625
full_denoised_z_hat,252,country__country.00067,country,2,-17.950275421142578,-27.57162857055664
full_denoised_z_hat,253,country__country.00067,country,2,-34.74655532836914,-19.223487854003906
full_denoised_z_hat,254,country__country.00068,country,2,-26.800710678100586,-21.98634147644043
full_denoised_z_hat,255,country__country.00068,country,2,-28.712709426879883,-15.947614669799805
full_denoised_z_hat,256,country__country.00068,country,2,-29.805423736572266,-16.695383071899414
full_denoised_z_hat,257,country__country.00068,country,2,-29.077457427978516,-20.485675811767578
full_denoised_z_hat,258,country__country.00068,country,2,-19.401657104492188,-22.63510513305664
full_denoised_z_hat,259,country__country.00068,country,2,-22.30654525756836,-24.492931365966797
full_denoised_z_hat,260,country__country.00068,country,2,-31.663949966430664,-20.0011043548584
full_denoised_z_hat,261,country__country.00068,country,2,-27.903017044067383,-18.887939453125
full_denoised_z_hat,262,country__country.00069,country,2,-37.00849151611328,-13.259566307067871
full_denoised_z_hat,263,country__country.00069,country,2,-13.606659889221191,-23.146759033203125
full_denoised_z_hat,264,country__country.00069,country,2,-6.427587985992432,-32.31240463256836
full_denoised_z_hat,265,country__country.00069,country,2,-13.026331901550293,-27.469547271728516
full_denoised_z_hat,266,country__country.00069,country,2,-39.48757553100586,-16.8986759185791
full_denoised_z_hat,267,country__country.00069,country,2,-38.66031265258789,-17.72083854675293
full_denoised_z_hat,268,country__country.00069,country,2,-37.246341705322266,-19.003427505493164
full_denoised_z_hat,269,country__country.00075,country,2,-9.00946044921875,-27.893014907836914
full_denoised_z_hat,270,country__country.00075,country,2,-1.3413022756576538,-30.47293472290039
full_denoised_z_hat,271,country__country.00075,country,2,-8.763654708862305,-32.16498947143555
full_denoised_z_hat,272,country__country.00075,country,2,-9.186331748962402,-27.61490821838379
full_denoised_z_hat,273,country__country.00075,country,2,-8.520649909973145,-27.700313568115234
full_denoised_z_hat,274,country__country.00075,country,2,-11.554573059082031,-24.683137893676758
full_denoised_z_hat,275,country__country.00076,country,2,-24.038267135620117,-17.04214096069336
full_denoised_z_hat,276,country__country.00076,country,2,-30.581741333007812,-17.86682891845703
full_denoised_z_hat,277,country__country.00076,country,2,-27.03679084777832,-18.796159744262695
full_denoised_z_hat,278,country__country.00076,country,2,-35.88336944580078,-19.86520767211914
full_denoised_z_hat,279,country__country.00076,country,2,-13.898669242858887,-21.63071632385254
full_denoised_z_hat,280,country__country.00076,country,2,-3.692058563232422,-36.658775329589844
full_denoised_z_hat,281,country__country.00076,country,2,-2.53256893157959,-37.13230514526367
full_denoised_z_hat,282,country__country.00077,country,2,-36.62702941894531,-19.371824264526367
full_denoised_z_hat,283,country__country.00077,country,2,-37.679317474365234,-14.691030502319336
full_denoised_z_hat,284,country__country.00077,country,2,-17.80367088317871,-1.6615674495697021
full_denoised_z_hat,285,country__country.00077,country,2,-37.38589096069336,-18.95136260986328
full_denoised_z_hat,286,country__country.00077,country,2,-13.544112205505371,-22.712251663208008
full_denoised_z_hat,287,country__country.00077,country,2,-22.89652442932129,-24.591201782226562
full_denoised_z_hat,288,country__country.00097,country,2,-34.455101013183594,-20.07594871520996
full_denoised_z_hat,289,country__country.00097,country,2,-38.259727478027344,-19.125497817993164
full_denoised_z_hat,290,country__country.00097,country,2,-37.265480041503906,-18.904951095581055
full_denoised_z_hat,291,country__country.00097,country,2,-38.44486999511719,-18.828414916992188
full_denoised_z_hat,292,country__country.00097,country,2,-40.00193405151367,-17.565292358398438
full_denoised_z_hat,293,country__country.00099,country,2,-9.90576171875,-25.02374267578125
full_denoised_z_hat,294,country__country.00099,country,2,-10.079429626464844,-20.853721618652344
full_denoised_z_hat,295,country__country.00099,country,2,-4.4283013343811035,-33.09938430786133
full_denoised_z_hat,296,country__country.00099,country,2,-16.443082809448242,-29.01449966430664
full_denoised_z_hat,297,country__country.00099,country,2,-13.460379600524902,-18.950782775878906
full_denoised_z_hat,298,country__country.00099,country,2,-7.928975582122803,-35.19503402709961
full_denoised_z_hat,299,country__country.00099,country,2,-6.7037529945373535,-35.605552673339844
full_denoised_z_hat,300,disco__disco.00000,disco,3,31.893531799316406,13.720370292663574
full_denoised_z_hat,301,disco__disco.00000,disco,3,32.66733169555664,20.032299041748047
full_denoised_z_hat,302,disco__disco.00000,disco,3,32.74400329589844,13.270699501037598
full_denoised_z_hat,303,disco__disco.00000,disco,3,33.14586639404297,12.417767524719238
full_denoised_z_hat,304,disco__disco.00000,disco,3,32.8360481262207,13.52712631225586
full_denoised_z_hat,305,disco__disco.00000,disco,3,32.80007553100586,12.624221801757812
full_denoised_z_hat,306,disco__disco.00000,disco,3,32.693145751953125,13.290563583374023
full_denoised_z_hat,307,disco__disco.00000,disco,3,32.55915832519531,12.627575874328613
full_denoised_z_hat,308,disco__disco.00000,disco,3,32.70455551147461,18.773401260375977
full_denoised_z_hat,309,disco__disco.00003,disco,3,-38.95530700683594,-8.764219284057617
full_denoised_z_hat,310,disco__disco.00003,disco,3,34.97552490234375,18.986099243164062
full_denoised_z_hat,311,disco__disco.00003,disco,3,33.79249572753906,18.959163665771484
full_denoised_z_hat,312,disco__disco.00003,disco,3,34.95813751220703,18.064374923706055
full_denoised_z_hat,313,disco__disco.00003,disco,3,37.02157211303711,18.341209411621094
full_denoised_z_hat,314,disco__disco.00003,disco,3,34.598453521728516,15.499945640563965
full_denoised_z_hat,315,disco__disco.00010,disco,3,47.295162200927734,-3.871558904647827
full_denoised_z_hat,316,disco__disco.00010,disco,3,49.870845794677734,0.46203625202178955
full_denoised_z_hat,317,disco__disco.00010,disco,3,33.32205581665039,11.390342712402344
full_denoised_z_hat,318,disco__disco.00010,disco,3,38.12743377685547,-6.220498561859131
full_denoised_z_hat,319,disco__disco.00010,disco,3,37.5947151184082,-6.074092864990234
full_denoised_z_hat,320,disco__disco.00010,disco,3,33.35026550292969,11.150646209716797
full_denoised_z_hat,321,disco__disco.00020,disco,3,-29.56366729736328,-15.360722541809082
full_denoised_z_hat,322,disco__disco.00020,disco,3,-29.67887306213379,-15.869707107543945
full_denoised_z_hat,323,disco__disco.00020,disco,3,-14.196782112121582,-14.19772720336914
full_denoised_z_hat,324,disco__disco.00021,disco,3,42.602787017822266,17.88150405883789
full_denoised_z_hat,325,disco__disco.00021,disco,3,43.28639221191406,17.35045623779297
full_denoised_z_hat,326,disco__disco.00021,disco,3,56.63690948486328,1.8500698804855347
full_denoised_z_hat,327,disco__disco.00021,disco,3,42.7272834777832,17.619258880615234
full_denoised_z_hat,328,disco__disco.00021,disco,3,42.40126419067383,17.999441146850586
full_denoised_z_hat,329,disco__disco.00021,disco,3,56.526405334472656,1.758623719215393
full_denoised_z_hat,330,disco__disco.00021,disco,3,49.01957321166992,-1.6119836568832397
full_denoised_z_hat,331,disco__disco.00021,disco,3,54.26652908325195,-3.8338308334350586
full_denoised_z_hat,332,disco__disco.00030,disco,3,30.44268035888672,21.29007911682129
full_denoised_z_hat,333,disco__disco.00030,disco,3,30.36227798461914,21.46007537841797
full_denoised_z_hat,334,disco__disco.00030,disco,3,33.925445556640625,20.501955032348633
full_denoised_z_hat,335,disco__disco.00030,disco,3,32.082618713378906,18.325359344482422
full_denoised_z_hat,336,disco__disco.00030,disco,3,31.813199996948242,18.941547393798828
full_denoised_z_hat,337,disco__disco.00030,disco,3,32.732398986816406,14.107672691345215
full_denoised_z_hat,338,disco__disco.00030,disco,3,32.336769104003906,14.459310531616211
full_denoised_z_hat,339,disco__disco.00030,disco,3,30.113555908203125,20.55200958251953
full_denoised_z_hat,340,disco__disco.00030,disco,3,32.80609893798828,20.158979415893555
full_denoised_z_hat,341,disco__disco.00030,disco,3,31.358369827270508,20.794034957885742
full_denoised_z_hat,342,disco__disco.00040,disco,3,23.398574829101562,-31.710250854492188
full_denoised_z_hat,343,disco__disco.00040,disco,3,22.25273895263672,-32.7550048828125
full_denoised_z_hat,344,disco__disco.00040,disco,3,22.599592208862305,-33.01350402832031
full_denoised_z_hat,345,disco__disco.00040,disco,3,22.706823348999023,-33.33097457885742
full_denoised_z_hat,346,disco__disco.00040,disco,3,23.266620635986328,-32.28829574584961
full_denoised_z_hat,347,disco__disco.00040,disco,3,23.670934677124023,-30.76508331298828
full_denoised_z_hat,348,disco__disco.00044,disco,3,32.93545150756836,20.839780807495117
full_denoised_z_hat,349,disco__disco.00044,disco,3,33.35103225708008,20.72408103942871
full_denoised_z_hat,350,disco__disco.00044,disco,3,42.178565979003906,18.090503692626953
full_denoised_z_hat,351,disco__disco.00044,disco,3,32.212745666503906,21.3375186920166
full_denoised_z_hat,352,disco__disco.00044,disco,3,35.74571990966797,19.980093002319336
full_denoised_z_hat,353,disco__disco.00044,disco,3,36.92411804199219,18.451261520385742
full_denoised_z_hat,354,disco__disco.00044,disco,3,35.14934158325195,19.6177921295166
full_denoised_z_hat,355,disco__disco.00044,disco,3,34.699554443359375,20.4444580078125
full_denoised_z_hat,356,disco__disco.00044,disco,3,33.01528549194336,20.95408821105957
full_denoised_z_hat,357,disco__disco.00044,disco,3,33.78351974487305,20.814939498901367
full_denoised_z_hat,358,disco__disco.00044,disco,3,34.25839614868164,20.83071517944336
full_denoised_z_hat,359,disco__disco.00055,disco,3,27.60443687438965,19.322668075561523
full_denoised_z_hat,360,disco__disco.00055,disco,3,29.130083084106445,22.45607566833496
full_denoised_z_hat,361,disco__disco.00055,disco,3,29.751079559326172,21.897279739379883
full_denoised_z_hat,362,disco__disco.00055,disco,3,29.526763916015625,21.71103858947754
full_denoised_z_hat,363,disco__disco.00055,disco,3,29.828411102294922,21.861194610595703
full_denoised_z_hat,364,disco__disco.00055,disco,3,28.590736389160156,20.312429428100586
full_denoised_z_hat,365,disco__disco.00055,disco,3,29.22469711303711,19.35311508178711
full_denoised_z_hat,366,disco__disco.00064,disco,3,29.22371482849121,20.637588500976562
full_denoised_z_hat,367,disco__disco.00064,disco,3,28.869070053100586,20.72414207458496
full_denoised_z_hat,368,disco__disco.00064,disco,3,28.938793182373047,21.04583168029785
full_denoised_z_hat,369,disco__disco.00064,disco,3,28.57243537902832,20.339553833007812
full_denoised_z_hat,370,disco__disco.00075,disco,3,28.159414291381836,22.001758575439453
full_denoised_z_hat,371,disco__disco.00075,disco,3,27.964262008666992,20.471080780029297
full_denoised_z_hat,372,disco__disco.00075,disco,3,29.512685775756836,21.81159019470215
full_denoised_z_hat,373,disco__disco.00075,disco,3,21.411924362182617,15.798590660095215
full_denoised_z_hat,374,disco__disco.00075,disco,3,28.094879150390625,21.486814498901367
full_denoised_z_hat,375,disco__disco.00075,disco,3,27.06845474243164,20.634668350219727
full_denoised_z_hat,376,disco__disco.00075,disco,3,21.469633102416992,16.131366729736328
full_denoised_z_hat,377,disco__disco.00075,disco,3,21.441387176513672,16.091325759887695
full_denoised_z_hat,378,disco__disco.00084,disco,3,31.501667022705078,15.001006126403809
full_denoised_z_hat,379,disco__disco.00084,disco,3,27.886579513549805,21.60894775390625
full_denoised_z_hat,380,disco__disco.00084,disco,3,30.40041160583496,14.829133033752441
full_denoised_z_hat,381,disco__disco.00084,disco,3,30.33526611328125,21.535287857055664
full_denoised_z_hat,382,disco__disco.00084,disco,3,29.00029754638672,21.128759384155273
full_denoised_z_hat,383,disco__disco.00084,disco,3,31.417156219482422,14.646522521972656
full_denoised_z_hat,384,disco__disco.00084,disco,3,31.53679656982422,14.514907836914062
full_denoised_z_hat,385,disco__disco.00093,disco,3,33.20029067993164,13.925829887390137
full_denoised_z_hat,386,disco__disco.00093,disco,3,35.201316833496094,19.762819290161133
full_denoised_z_hat,387,disco__disco.00093,disco,3,32.87575149536133,19.33077621459961
full_denoised_z_hat,388,disco__disco.00093,disco,3,31.983245849609375,14.141369819641113
full_denoised_z_hat,389,disco__disco.00093,disco,3,32.674129486083984,14.778752326965332
full_denoised_z_hat,390,disco__disco.00093,disco,3,31.71051597595215,18.94525146484375
full_denoised_z_hat,391,disco__disco.00094,disco,3,19.99395751953125,11.217442512512207
full_denoised_z_hat,392,disco__disco.00094,disco,3,20.199914932250977,11.368265151977539
full_denoised_z_hat,393,disco__disco.00094,disco,3,21.502683639526367,-31.600177764892578
full_denoised_z_hat,394,disco__disco.00094,disco,3,-10.424845695495605,-24.68010711669922
full_denoised_z_hat,395,disco__disco.00094,disco,3,20.403593063354492,11.404703140258789
full_denoised_z_hat,396,disco__disco.00095,disco,3,29.980525970458984,21.732114791870117
full_denoised_z_hat,397,disco__disco.00095,disco,3,30.916624069213867,20.601539611816406
full_denoised_z_hat,398,disco__disco.00095,disco,3,29.399953842163086,21.528654098510742
full_denoised_z_hat,399,disco__disco.00095,disco,3,24.08136749267578,-29.874513626098633
full_denoised_z_hat,400,hiphop__hiphop.00002,hiphop,4,28.865283966064453,-9.429736137390137
full_denoised_z_hat,401,hiphop__hiphop.00002,hiphop,4,32.022857666015625,-5.506457805633545
full_denoised_z_hat,402,hiphop__hiphop.00002,hiphop,4,30.202716827392578,-6.522538185119629
full_denoised_z_hat,403,hiphop__hiphop.00002,hiphop,4,30.1332950592041,-6.01215934753418
full_denoised_z_hat,404,hiphop__hiphop.00002,hiphop,4,31.91925811767578,-5.182317733764648
full_denoised_z_hat,405,hiphop__hiphop.00034,hiphop,4,28.170894622802734,-11.098525047302246
full_denoised_z_hat,406,hiphop__hiphop.00034,hiphop,4,29.828813552856445,-11.923622131347656
full_denoised_z_hat,407,hiphop__hiphop.00034,hiphop,4,28.293542861938477,-8.431228637695312
full_denoised_z_hat,408,hiphop__hiphop.00034,hiphop,4,29.181396484375,-10.620709419250488
full_denoised_z_hat,409,hiphop__hiphop.00034,hiphop,4,29.82985496520996,-11.908720970153809
full_denoised_z_hat,410,hiphop__hiphop.00034,hiphop,4,28.545059204101562,-9.120142936706543
full_denoised_z_hat,411,hiphop__hiphop.00038,hiphop,4,31.02660369873047,-10.989970207214355
full_denoised_z_hat,412,hiphop__hiphop.00038,hiphop,4,28.999425888061523,-11.248372077941895
full_denoised_z_hat,413,hiphop__hiphop.00038,hiphop,4,32.078697204589844,-8.851007461547852
full_denoised_z_hat,414,hiphop__hiphop.00038,hiphop,4,30.339353561401367,-9.562045097351074
full_denoised_z_hat,415,hiphop__hiphop.00040,hiphop,4,-27.926393508911133,-11.882302284240723
full_denoised_z_hat,416,hiphop__hiphop.00040,hiphop,4,-26.150352478027344,-15.0278959274292
full_denoised_z_hat,417,hiphop__hiphop.00040,hiphop,4,-27.86155128479004,-11.572713851928711
full_denoised_z_hat,418,hiphop__hiphop.00040,hiphop,4,46.13032531738281,-6.422012805938721
full_denoised_z_hat,419,hiphop__hiphop.00040,hiphop,4,47.129112243652344,-7.114430904388428
full_denoised_z_hat,420,hiphop__hiphop.00040,hiphop,4,56.36266326904297,-2.7618002891540527
full_denoised_z_hat,421,hiphop__hiphop.00040,hiphop,4,46.16755676269531,-7.0482096672058105
full_denoised_z_hat,422,hiphop__hiphop.00042,hiphop,4,47.055755615234375,-9.288884162902832
full_denoised_z_hat,423,hiphop__hiphop.00042,hiphop,4,35.311031341552734,-12.113719940185547
full_denoised_z_hat,424,hiphop__hiphop.00042,hiphop,4,35.32899856567383,-12.310294151306152
full_denoised_z_hat,425,hiphop__hiphop.00042,hiphop,4,36.55943298339844,-11.578879356384277
full_denoised_z_hat,426,hiphop__hiphop.00042,hiphop,4,36.455413818359375,-11.731748580932617
full_denoised_z_hat,427,hiphop__hiphop.00042,hiphop,4,34.53553009033203,-12.425684928894043
full_denoised_z_hat,428,hiphop__hiphop.00042,hiphop,4,30.453392028808594,-11.418540954589844
full_denoised_z_hat,429,hiphop__hiphop.00042,hiphop,4,31.97859764099121,-11.964432716369629
full_denoised_z_hat,430,hiphop__hiphop.00044,hiphop,4,30.251461029052734,-10.881381034851074
full_denoised_z_hat,431,hiphop__hiphop.00044,hiphop,4,-14.344334602355957,-17.4942684173584
full_denoised_z_hat,432,hiphop__hiphop.00044,hiphop,4,-24.118385314941406,-0.4666239619255066
full_denoised_z_hat,433,hiphop__hiphop.00044,hiphop,4,-31.048778533935547,-17.883323669433594
full_denoised_z_hat,434,hiphop__hiphop.00044,hiphop,4,-25.205629348754883,0.014959658496081829
full_denoised_z_hat,435,hiphop__hiphop.00044,hiphop,4,-31.954294204711914,-19.9425048828125
full_denoised_z_hat,436,hiphop__hiphop.00044,hiphop,4,-30.862300872802734,-18.747098922729492
full_denoised_z_hat,437,hiphop__hiphop.00053,hiphop,4,25.256820678710938,-34.92080307006836
full_denoised_z_hat,438,hiphop__hiphop.00053,hiphop,4,34.82058334350586,18.190696716308594
full_denoised_z_hat,439,hiphop__hiphop.00053,hiphop,4,40.744102478027344,16.527856826782227
full_denoised_z_hat,440,hiphop__hiphop.00053,hiphop,4,33.06608581542969,19.446666717529297
full_denoised_z_hat,441,hiphop__hiphop.00053,hiphop,4,41.00121307373047,17.36539077758789
full_denoised_z_hat,442,hiphop__hiphop.00053,hiphop,4,31.258716583251953,-12.077096939086914
full_denoised_z_hat,443,hiphop__hiphop.00053,hiphop,4,34.56455612182617,-11.783617973327637
full_denoised_z_hat,444,hiphop__hiphop.00053,hiphop,4,35.13068771362305,-11.429628372192383
full_denoised_z_hat,445,hiphop__hiphop.00053,hiphop,4,37.46349334716797,-10.740030288696289
full_denoised_z_hat,446,hiphop__hiphop.00076,hiphop,4,31.649808883666992,-12.031292915344238
full_denoised_z_hat,447,hiphop__hiphop.00076,hiphop,4,31.06559181213379,-11.046703338623047
full_denoised_z_hat,448,hiphop__hiphop.00076,hiphop,4,28.856433868408203,-11.556859970092773
full_denoised_z_hat,449,hiphop__hiphop.00076,hiphop,4,31.333913803100586,-11.389790534973145
full_denoised_z_hat,450,hiphop__hiphop.00076,hiphop,4,34.391944885253906,-12.218585968017578
full_denoised_z_hat,451,hiphop__hiphop.00076,hiphop,4,37.7579460144043,-9.953047752380371
full_denoised_z_hat,452,hiphop__hiphop.00079,hiphop,4,56.51842498779297,-5.48061990737915
full_denoised_z_hat,453,hiphop__hiphop.00079,hiphop,4,48.7758674621582,-6.756139278411865
full_denoised_z_hat,454,hiphop__hiphop.00079,hiphop,4,55.00956344604492,-6.4383063316345215
full_denoised_z_hat,455,hiphop__hiphop.00079,hiphop,4,48.09709548950195,-6.895669937133789
full_denoised_z_hat,456,hiphop__hiphop.00079,hiphop,4,49.37807846069336,-6.124958515167236
full_denoised_z_hat,457,hiphop__hiphop.00079,hiphop,4,56.63905715942383,-5.52463960647583
full_denoised_z_hat,458,hiphop__hiphop.00079,hiphop,4,56.105533599853516,-5.409981727600098
full_denoised_z_hat,459,hiphop__hiphop.00079,hiphop,4,48.17551803588867,-6.220137596130371
full_denoised_z_hat,460,hiphop__hiphop.00082,hiphop,4,28.24481964111328,-11.667213439941406
full_denoised_z_hat,461,hiphop__hiphop.00082,hiphop,4,27.717761993408203,-10.285724639892578
full_denoised_z_hat,462,hiphop__hiphop.00082,hiphop,4,26.711267471313477,-9.817462921142578
full_denoised_z_hat,463,hiphop__hiphop.00082,hiphop,4,27.392333984375,-10.91437816619873
full_denoised_z_hat,464,hiphop__hiphop.00082,hiphop,4,26.791748046875,-9.238950729370117
full_denoised_z_hat,465,hiphop__hiphop.00082,hiphop,4,27.673484802246094,-10.19315242767334
full_denoised_z_hat,466,hiphop__hiphop.00087,hiphop,4,32.88424301147461,-11.957000732421875
full_denoised_z_hat,467,hiphop__hiphop.00087,hiphop,4,30.261348724365234,-10.426331520080566
full_denoised_z_hat,468,hiphop__hiphop.00087,hiphop,4,32.7802734375,-18.49056625366211
full_denoised_z_hat,469,hiphop__hiphop.00087,hiphop,4,32.904842376708984,-21.158985137939453
full_denoised_z_hat,470,hiphop__hiphop.00087,hiphop,4,32.78171157836914,-18.56193733215332
full_denoised_z_hat,471,hiphop__hiphop.00087,hiphop,4,33.1561164855957,-21.254318237304688
full_denoised_z_hat,472,hiphop__hiphop.00087,hiphop,4,34.31355667114258,-19.504291534423828
full_denoised_z_hat,473,hiphop__hiphop.00089,hiphop,4,25.24673843383789,-5.300594806671143
full_denoised_z_hat,474,hiphop__hiphop.00089,hiphop,4,25.33680534362793,7.230014801025391
full_denoised_z_hat,475,hiphop__hiphop.00089,hiphop,4,25.082212448120117,7.543221473693848
full_denoised_z_hat,476,hiphop__hiphop.00089,hiphop,4,25.60847282409668,7.408792018890381
full_denoised_z_hat,477,hiphop__hiphop.00089,hiphop,4,25.301610946655273,7.271251678466797
full_denoised_z_hat,478,hiphop__hiphop.00093,hiphop,4,20.046035766601562,-3.6773321628570557
full_denoised_z_hat,479,hiphop__hiphop.00093,hiphop,4,20.00916290283203,-3.6622202396392822
full_denoised_z_hat,480,hiphop__hiphop.00093,hiphop,4,6.8901472091674805,3.8470582962036133
full_denoised_z_hat,481,hiphop__hiphop.00093,hiphop,4,19.936016082763672,11.133408546447754
full_denoised_z_hat,482,hiphop__hiphop.00093,hiphop,4,-6.071593761444092,-28.774250030517578
full_denoised_z_hat,483,hiphop__hiphop.00093,hiphop,4,2.9433844089508057,0.7248755693435669
full_denoised_z_hat,484,hiphop__hiphop.00093,hiphop,4,3.951368808746338,2.564157485961914
full_denoised_z_hat,485,hiphop__hiphop.00093,hiphop,4,-4.5570759773254395,-25.33839225769043
full_denoised_z_hat,486,hiphop__hiphop.00093,hiphop,4,2.4617919921875,-5.640056610107422
full_denoised_z_hat,487,hiphop__hiphop.00094,hiphop,4,28.227325439453125,-10.068239212036133
full_denoised_z_hat,488,hiphop__hiphop.00094,hiphop,4,28.194705963134766,-10.58060359954834
full_denoised_z_hat,489,hiphop__hiphop.00094,hiphop,4,30.183443069458008,-12.185493469238281
full_denoised_z_hat,490,hiphop__hiphop.00094,hiphop,4,28.13521385192871,-10.343210220336914
full_denoised_z_hat,491,hiphop__hiphop.00094,hiphop,4,28.127336502075195,-9.143162727355957
full_denoised_z_hat,492,hiphop__hiphop.00098,hiphop,4,29.593748092651367,-9.486379623413086
full_denoised_z_hat,493,hiphop__hiphop.00098,hiphop,4,29.5721492767334,-10.408163070678711
full_denoised_z_hat,494,hiphop__hiphop.00098,hiphop,4,30.510608673095703,-9.92680835723877
full_denoised_z_hat,495,hiphop__hiphop.00098,hiphop,4,28.6825008392334,-10.185625076293945
full_denoised_z_hat,496,hiphop__hiphop.00098,hiphop,4,28.73487091064453,-8.336487770080566
full_denoised_z_hat,497,hiphop__hiphop.00098,hiphop,4,28.007041931152344,-9.945740699768066
full_denoised_z_hat,498,hiphop__hiphop.00098,hiphop,4,28.4544620513916,-11.445596694946289
full_denoised_z_hat,499,hiphop__hiphop.00098,hiphop,4,29.260433197021484,-9.718892097473145
full_denoised_z_hat,500,jazz__jazz.00033,jazz,5,-41.453521728515625,23.640718460083008
full_denoised_z_hat,501,jazz__jazz.00033,jazz,5,-40.99716567993164,23.240697860717773
full_denoised_z_hat,502,jazz__jazz.00033,jazz,5,-40.210845947265625,23.74955177307129
full_denoised_z_hat,503,jazz__jazz.00033,jazz,5,-38.52534866333008,23.191011428833008
full_denoised_z_hat,504,jazz__jazz.00033,jazz,5,-42.7294807434082,21.816221237182617
full_denoised_z_hat,505,jazz__jazz.00033,jazz,5,-40.49374008178711,24.386552810668945
full_denoised_z_hat,506,jazz__jazz.00041,jazz,5,-37.08023452758789,23.318021774291992
full_denoised_z_hat,507,jazz__jazz.00041,jazz,5,-41.350555419921875,23.46076011657715
full_denoised_z_hat,508,jazz__jazz.00041,jazz,5,-40.10176467895508,23.902713775634766
full_denoised_z_hat,509,jazz__jazz.00041,jazz,5,-41.51665496826172,23.963600158691406
full_denoised_z_hat,510,jazz__jazz.00041,jazz,5,-40.9267578125,24.13715362548828
full_denoised_z_hat,511,jazz__jazz.00041,jazz,5,-41.113258361816406,23.26154327392578
full_denoised_z_hat,512,jazz__jazz.00041,jazz,5,-39.8630256652832,22.21162986755371
full_denoised_z_hat,513,jazz__jazz.00041,jazz,5,-38.822906494140625,24.095317840576172
full_denoised_z_hat,514,jazz__jazz.00041,jazz,5,-41.21257400512695,23.193567276000977
full_denoised_z_hat,515,jazz__jazz.00041,jazz,5,-41.72103500366211,22.982219696044922
full_denoised_z_hat,516,jazz__jazz.00046,jazz,5,-38.938331604003906,23.02492332458496
full_denoised_z_hat,517,jazz__jazz.00046,jazz,5,-41.49602508544922,24.592714309692383
full_denoised_z_hat,518,jazz__jazz.00046,jazz,5,-38.18345260620117,23.3348445892334
full_denoised_z_hat,519,jazz__jazz.00046,jazz,5,-40.47417068481445,24.145021438598633
full_denoised_z_hat,520,jazz__jazz.00046,jazz,5,-41.69696807861328,23.724584579467773
full_denoised_z_hat,521,jazz__jazz.00046,jazz,5,-43.24739456176758,21.573511123657227
full_denoised_z_hat,522,jazz__jazz.00046,jazz,5,-40.83323669433594,24.610904693603516
full_denoised_z_hat,523,jazz__jazz.00046,jazz,5,-43.098968505859375,21.443378448486328
full_denoised_z_hat,524,jazz__jazz.00048,jazz,5,-31.824445724487305,21.254823684692383
full_denoised_z_hat,525,jazz__jazz.00048,jazz,5,-34.15642547607422,21.702341079711914
full_denoised_z_hat,526,jazz__jazz.00048,jazz,5,-33.36439895629883,21.7464542388916
full_denoised_z_hat,527,jazz__jazz.00048,jazz,5,-37.11647033691406,23.324188232421875
full_denoised_z_hat,528,jazz__jazz.00048,jazz,5,-34.24998092651367,21.799068450927734
full_denoised_z_hat,529,jazz__jazz.00048,jazz,5,-37.418582916259766,23.28934669494629
full_denoised_z_hat,530,jazz__jazz.00048,jazz,5,-27.477882385253906,14.425198554992676
full_denoised_z_hat,531,jazz__jazz.00048,jazz,5,-34.11336135864258,21.293107986450195
full_denoised_z_hat,532,jazz__jazz.00050,jazz,5,22.211393356323242,-42.26808166503906
full_denoised_z_hat,533,jazz__jazz.00050,jazz,5,-13.929950714111328,-15.960955619812012
full_denoised_z_hat,534,jazz__jazz.00050,jazz,5,3.2770333290100098,-39.8652458190918
full_denoised_z_hat,535,jazz__jazz.00050,jazz,5,-30.918840408325195,18.275691986083984
full_denoised_z_hat,536,jazz__jazz.00050,jazz,5,-33.22193145751953,21.78729820251465
full_denoised_z_hat,537,jazz__jazz.00050,jazz,5,-34.97128677368164,11.90950870513916
full_denoised_z_hat,538,jazz__jazz.00050,jazz,5,-14.516960144042969,-13.741634368896484
full_denoised_z_hat,539,jazz__jazz.00050,jazz,5,-26.778820037841797,12.492375373840332
full_denoised_z_hat,540,jazz__jazz.00050,jazz,5,-26.799762725830078,12.636587142944336
full_denoised_z_hat,541,jazz__jazz.00059,jazz,5,-37.088462829589844,25.205034255981445
full_denoised_z_hat,542,jazz__jazz.00059,jazz,5,-21.54692840576172,-2.038149356842041
full_denoised_z_hat,543,jazz__jazz.00060,jazz,5,-33.59175491333008,26.359630584716797
full_denoised_z_hat,544,jazz__jazz.00060,jazz,5,-31.772356033325195,19.4659481048584
full_denoised_z_hat,545,jazz__jazz.00060,jazz,5,-35.59937286376953,26.247217178344727
full_denoised_z_hat,546,jazz__jazz.00060,jazz,5,-35.79280471801758,26.105422973632812
full_denoised_z_hat,547,jazz__jazz.00060,jazz,5,-35.48174285888672,26.311084747314453
full_denoised_z_hat,548,jazz__jazz.00060,jazz,5,-36.69424057006836,26.71236228942871
full_denoised_z_hat,549,jazz__jazz.00071,jazz,5,-37.74071502685547,23.62492561340332
full_denoised_z_hat,550,jazz__jazz.00071,jazz,5,-36.88079833984375,24.207897186279297
full_denoised_z_hat,551,jazz__jazz.00071,jazz,5,-38.78506088256836,25.944965362548828
full_denoised_z_hat,552,jazz__jazz.00071,jazz,5,-40.32371520996094,25.081453323364258
full_denoised_z_hat,553,jazz__jazz.00071,jazz,5,-38.61545944213867,25.900585174560547
full_denoised_z_hat,554,jazz__jazz.00071,jazz,5,-37.34706497192383,25.90679359436035
full_denoised_z_hat,555,jazz__jazz.00071,jazz,5,-37.431827545166016,25.239185333251953
full_denoised_z_hat,556,jazz__jazz.00081,jazz,5,-26.997926712036133,11.716780662536621
full_denoised_z_hat,557,jazz__jazz.00081,jazz,5,-27.26279067993164,11.808749198913574
full_denoised_z_hat,558,jazz__jazz.00081,jazz,5,-34.840179443359375,20.355648040771484
full_denoised_z_hat,559,jazz__jazz.00081,jazz,5,-28.726978302001953,8.123359680175781
full_denoised_z_hat,560,jazz__jazz.00081,jazz,5,-25.10923194885254,2.1504464149475098
full_denoised_z_hat,561,jazz__jazz.00081,jazz,5,-27.176097869873047,11.374907493591309
full_denoised_z_hat,562,jazz__jazz.00081,jazz,5,-28.434404373168945,3.7956783771514893
full_denoised_z_hat,563,jazz__jazz.00081,jazz,5,-27.003637313842773,12.243303298950195
full_denoised_z_hat,564,jazz__jazz.00081,jazz,5,-34.203590393066406,19.8006649017334
full_denoised_z_hat,565,jazz__jazz.00084,jazz,5,-33.23198318481445,22.308246612548828
full_denoised_z_hat,566,jazz__jazz.00084,jazz,5,-35.542320251464844,24.81245231628418
full_denoised_z_hat,567,jazz__jazz.00084,jazz,5,-33.0180778503418,20.852943420410156
full_denoised_z_hat,568,jazz__jazz.00084,jazz,5,-33.7880973815918,22.441402435302734
full_denoised_z_hat,569,jazz__jazz.00084,jazz,5,-32.43056106567383,21.661787033081055
full_denoised_z_hat,570,jazz__jazz.00084,jazz,5,-33.139400482177734,22.246871948242188
full_denoised_z_hat,571,jazz__jazz.00084,jazz,5,-32.99336242675781,23.18398094177246
full_denoised_z_hat,572,jazz__jazz.00084,jazz,5,-31.645280838012695,20.74260902404785
full_denoised_z_hat,573,jazz__jazz.00086,jazz,5,-31.040699005126953,19.400434494018555
full_denoised_z_hat,574,jazz__jazz.00086,jazz,5,-31.171184539794922,18.994647979736328
full_denoised_z_hat,575,jazz__jazz.00086,jazz,5,-27.509788513183594,14.109493255615234
full_denoised_z_hat,576,jazz__jazz.00086,jazz,5,-25.372236251831055,5.1294121742248535
full_denoised_z_hat,577,jazz__jazz.00086,jazz,5,-28.7622013092041,20.906383514404297
full_denoised_z_hat,578,jazz__jazz.00091,jazz,5,-39.75981140136719,24.472522735595703
full_denoised_z_hat,579,jazz__jazz.00091,jazz,5,-37.861202239990234,22.438074111938477
full_denoised_z_hat,580,jazz__jazz.00092,jazz,5,-36.51100158691406,22.542098999023438
full_denoised_z_hat,581,jazz__jazz.00092,jazz,5,-36.22104263305664,25.968860626220703
full_denoised_z_hat,582,jazz__jazz.00092,jazz,5,-34.412105560302734,22.809123992919922
full_denoised_z_hat,583,jazz__jazz.00092,jazz,5,-37.65277099609375,21.398761749267578
full_denoised_z_hat,584,jazz__jazz.00092,jazz,5,-39.178741455078125,19.834083557128906
full_denoised_z_hat,585,jazz__jazz.00092,jazz,5,-37.601829528808594,22.094154357910156
full_denoised_z_hat,586,jazz__jazz.00092,jazz,5,-37.01383972167969,17.480758666992188
full_denoised_z_hat,587,jazz__jazz.00096,jazz,5,-36.10417938232422,25.244558334350586
full_denoised_z_hat,588,jazz__jazz.00096,jazz,5,-37.72634506225586,23.699504852294922
full_denoised_z_hat,589,jazz__jazz.00096,jazz,5,-37.16440200805664,24.224376678466797
full_denoised_z_hat,590,jazz__jazz.00096,jazz,5,-37.01429748535156,23.73858642578125
full_denoised_z_hat,591,jazz__jazz.00096,jazz,5,-37.09380340576172,26.806486129760742
full_denoised_z_hat,592,jazz__jazz.00096,jazz,5,-37.239044189453125,26.39686393737793
full_denoised_z_hat,593,jazz__jazz.00096,jazz,5,-37.6077880859375,24.5124454498291
full_denoised_z_hat,594,jazz__jazz.00096,jazz,5,-39.3941650390625,25.36327362060547
full_denoised_z_hat,595,jazz__jazz.00096,jazz,5,-38.30877685546875,24.875049591064453
full_denoised_z_hat,596,jazz__jazz.00096,jazz,5,-38.5825080871582,25.389822006225586
full_denoised_z_hat,597,jazz__jazz.00099,jazz,5,-37.739768981933594,24.220928192138672
full_denoised_z_hat,598,jazz__jazz.00099,jazz,5,-36.09238052368164,21.522123336791992
full_denoised_z_hat,599,jazz__jazz.00099,jazz,5,-38.882164001464844,26.09798812866211
full_denoised_z_hat,600,metal__metal.00002,metal,6,2.909764528274536,13.111347198486328
full_denoised_z_hat,601,metal__metal.00002,metal,6,-1.566771149635315,7.379681587219238
full_denoised_z_hat,602,metal__metal.00002,metal,6,1.6484179496765137,12.09813117980957
full_denoised_z_hat,603,metal__metal.00002,metal,6,1.9238324165344238,11.158659934997559
full_denoised_z_hat,604,metal__metal.00002,metal,6,2.3104615211486816,11.819234848022461
full_denoised_z_hat,605,metal__metal.00002,metal,6,1.0141209363937378,10.61534309387207
full_denoised_z_hat,606,metal__metal.00002,metal,6,-1.6084450483322144,6.701445579528809
full_denoised_z_hat,607,metal__metal.00002,metal,6,1.6536515951156616,9.110823631286621
full_denoised_z_hat,608,metal__metal.00002,metal,6,4.075160980224609,8.284581184387207
full_denoised_z_hat,609,metal__metal.00004,metal,6,6.920158386230469,17.998762130737305
full_denoised_z_hat,610,metal__metal.00004,metal,6,6.363602638244629,18.614294052124023
full_denoised_z_hat,611,metal__metal.00004,metal,6,6.776759624481201,18.210826873779297
full_denoised_z_hat,612,metal__metal.00004,metal,6,5.04282283782959,18.24410057067871
full_denoised_z_hat,613,metal__metal.00004,metal,6,6.997193336486816,18.25278663635254
full_denoised_z_hat,614,metal__metal.00004,metal,6,7.370706558227539,17.3951416015625
full_denoised_z_hat,615,metal__metal.00004,metal,6,6.674476623535156,18.27920150756836
full_denoised_z_hat,616,metal__metal.00012,metal,6,5.310242176055908,18.580528259277344
full_denoised_z_hat,617,metal__metal.00012,metal,6,5.804078102111816,17.603031158447266
full_denoised_z_hat,618,metal__metal.00012,metal,6,5.33486270904541,18.648401260375977
full_denoised_z_hat,619,metal__metal.00012,metal,6,3.9777095317840576,15.62159538269043
full_denoised_z_hat,620,metal__metal.00012,metal,6,2.501605987548828,14.381671905517578
full_denoised_z_hat,621,metal__metal.00012,metal,6,4.383397102355957,16.03450584411621
full_denoised_z_hat,622,metal__metal.00012,metal,6,4.587754726409912,16.227340698242188
full_denoised_z_hat,623,metal__metal.00012,metal,6,1.8122799396514893,13.93267822265625
full_denoised_z_hat,624,metal__metal.00022,metal,6,2.915127754211426,10.54356861114502
full_denoised_z_hat,625,metal__metal.00022,metal,6,2.8935720920562744,6.140722274780273
full_denoised_z_hat,626,metal__metal.00022,metal,6,3.876333475112915,7.6502251625061035
full_denoised_z_hat,627,metal__metal.00022,metal,6,3.558103322982788,3.9734079837799072
full_denoised_z_hat,628,metal__metal.00022,metal,6,0.7809880375862122,4.692532539367676
full_denoised_z_hat,629,metal__metal.00022,metal,6,0.8858347535133362,4.13657283782959
full_denoised_z_hat,630,metal__metal.00022,metal,6,3.829606533050537,7.942958354949951
full_denoised_z_hat,631,metal__metal.00022,metal,6,3.650200128555298,7.498279571533203
full_denoised_z_hat,632,metal__metal.00024,metal,6,3.1420493125915527,11.575329780578613
full_denoised_z_hat,633,metal__metal.00024,metal,6,5.2700114250183105,18.689748764038086
full_denoised_z_hat,634,metal__metal.00024,metal,6,3.9381954669952393,12.588135719299316
full_denoised_z_hat,635,metal__metal.00024,metal,6,4.342735290527344,17.07689666748047
full_denoised_z_hat,636,metal__metal.00024,metal,6,5.558320045471191,15.236360549926758
full_denoised_z_hat,637,metal__metal.00024,metal,6,3.08375883102417,12.496580123901367
full_denoised_z_hat,638,metal__metal.00024,metal,6,1.5194801092147827,10.386763572692871
full_denoised_z_hat,639,metal__metal.00024,metal,6,4.782899379730225,14.724337577819824
full_denoised_z_hat,640,metal__metal.00030,metal,6,-1.5522817373275757,-1.5633602142333984
full_denoised_z_hat,641,metal__metal.00030,metal,6,-0.9877839684486389,-1.0582982301712036
full_denoised_z_hat,642,metal__metal.00030,metal,6,-6.704899787902832,4.848918437957764
full_denoised_z_hat,643,metal__metal.00030,metal,6,2.388288736343384,11.25307846069336
full_denoised_z_hat,644,metal__metal.00030,metal,6,-1.6622560024261475,4.817871570587158
full_denoised_z_hat,645,metal__metal.00049,metal,6,6.060436725616455,16.034021377563477
full_denoised_z_hat,646,metal__metal.00049,metal,6,4.4111738204956055,17.862119674682617
full_denoised_z_hat,647,metal__metal.00049,metal,6,3.98028564453125,16.569021224975586
full_denoised_z_hat,648,metal__metal.00049,metal,6,2.712733030319214,15.000320434570312
full_denoised_z_hat,649,metal__metal.00049,metal,6,3.2754580974578857,13.214816093444824
full_denoised_z_hat,650,metal__metal.00049,metal,6,3.1755971908569336,14.439961433410645
full_denoised_z_hat,651,metal__metal.00049,metal,6,2.449799060821533,13.864112854003906
full_denoised_z_hat,652,metal__metal.00049,metal,6,3.6576125621795654,15.654293060302734
full_denoised_z_hat,653,metal__metal.00049,metal,6,5.922294616699219,17.904542922973633
full_denoised_z_hat,654,metal__metal.00051,metal,6,6.112606048583984,14.758431434631348
full_denoised_z_hat,655,metal__metal.00051,metal,6,2.5914907455444336,12.493629455566406
full_denoised_z_hat,656,metal__metal.00051,metal,6,4.566252708435059,17.179182052612305
full_denoised_z_hat,657,metal__metal.00051,metal,6,4.430781841278076,16.82793617248535
full_denoised_z_hat,658,metal__metal.00051,metal,6,5.161474227905273,18.012374877929688
full_denoised_z_hat,659,metal__metal.00051,metal,6,5.235678195953369,14.105795860290527
full_denoised_z_hat,660,metal__metal.00051,metal,6,3.7711241245269775,14.751622200012207
full_denoised_z_hat,661,metal__metal.00051,metal,6,5.039590835571289,17.206600189208984
full_denoised_z_hat,662,metal__metal.00052,metal,6,5.708985328674316,13.443930625915527
full_denoised_z_hat,663,metal__metal.00052,metal,6,6.007168292999268,14.0559720993042
full_denoised_z_hat,664,metal__metal.00052,metal,6,6.883080959320068,15.948944091796875
full_denoised_z_hat,665,metal__metal.00052,metal,6,22.716638565063477,-5.2144036293029785
full_denoised_z_hat,666,metal__metal.00052,metal,6,23.017166137695312,-5.449349880218506
full_denoised_z_hat,667,metal__metal.00056,metal,6,2.607501983642578,11.975207328796387
full_denoised_z_hat,668,metal__metal.00056,metal,6,5.567850112915039,17.143138885498047
full_denoised_z_hat,669,metal__metal.00056,metal,6,6.239270210266113,13.965743064880371
full_denoised_z_hat,670,metal__metal.00056,metal,6,6.623615264892578,15.60486125946045
full_denoised_z_hat,671,metal__metal.00056,metal,6,5.580792427062988,14.250765800476074
full_denoised_z_hat,672,metal__metal.00056,metal,6,4.224968433380127,16.340538024902344
full_denoised_z_hat,673,metal__metal.00069,metal,6,4.547686576843262,9.082547187805176
full_denoised_z_hat,674,metal__metal.00069,metal,6,5.757802486419678,6.638791561126709
full_denoised_z_hat,675,metal__metal.00069,metal,6,24.883708953857422,-38.75069046020508
full_denoised_z_hat,676,metal__metal.00069,metal,6,32.96622085571289,-22.911853790283203
full_denoised_z_hat,677,metal__metal.00069,metal,6,6.6020894050598145,7.671264171600342
full_denoised_z_hat,678,metal__metal.00069,metal,6,7.0818772315979,15.128226280212402
full_denoised_z_hat,679,metal__metal.00069,metal,6,6.416167259216309,7.993013381958008
full_denoised_z_hat,680,metal__metal.00091,metal,6,-10.63746166229248,5.510525226593018
full_denoised_z_hat,681,metal__metal.00091,metal,6,-11.1331205368042,5.578330993652344
full_denoised_z_hat,682,metal__metal.00091,metal,6,-13.754413604736328,-1.0926508903503418
full_denoised_z_hat,683,metal__metal.00091,metal,6,-14.943204879760742,-1.367041826248169
full_denoised_z_hat,684,metal__metal.00091,metal,6,-12.702640533447266,4.6471428871154785
full_denoised_z_hat,685,metal__metal.00091,metal,6,-11.440006256103516,4.411380767822266
full_denoised_z_hat,686,metal__metal.00092,metal,6,-1.3162972927093506,5.04799747467041
full_denoised_z_hat,687,metal__metal.00092,metal,6,-0.7877164483070374,4.6982526779174805
full_denoised_z_hat,688,metal__metal.00092,metal,6,-0.9174643158912659,-0.8369359374046326
full_denoised_z_hat,689,metal__metal.00092,metal,6,2.5429039001464844,1.2959074974060059
full_denoised_z_hat,690,metal__metal.00092,metal,6,5.900195598602295,5.010072231292725
full_denoised_z_hat,691,metal__metal.00092,metal,6,4.601975440979004,8.286696434020996
full_denoised_z_hat,692,metal__metal.00096,metal,6,8.211387634277344,14.664399147033691
full_denoised_z_hat,693,metal__metal.00096,metal,6,2.0501976013183594,13.360109329223633
full_denoised_z_hat,694,metal__metal.00097,metal,6,2.2566630840301514,4.005162239074707
full_denoised_z_hat,695,metal__metal.00097,metal,6,-7.544209003448486,-26.48003578186035
full_denoised_z_hat,696,metal__metal.00097,metal,6,4.8764166831970215,14.87475299835205
full_denoised_z_hat,697,metal__metal.00097,metal,6,6.207570552825928,11.703944206237793
full_denoised_z_hat,698,metal__metal.00097,metal,6,3.2005956172943115,13.778098106384277
full_denoised_z_hat,699,metal__metal.00097,metal,6,6.638739109039307,16.718509674072266
full_denoised_z_hat,700,pop__pop.00003,pop,7,46.39759063720703,-7.155921459197998
full_denoised_z_hat,701,pop__pop.00003,pop,7,24.814298629760742,-34.61153793334961
full_denoised_z_hat,702,pop__pop.00003,pop,7,21.946571350097656,-37.33026885986328
full_denoised_z_hat,703,pop__pop.00003,pop,7,33.05280303955078,-23.11149024963379
full_denoised_z_hat,704,pop__pop.00003,pop,7,-36.79219055175781,-10.067935943603516
full_denoised_z_hat,705,pop__pop.00003,pop,7,34.67111587524414,-5.164279460906982
full_denoised_z_hat,706,pop__pop.00003,pop,7,34.61239242553711,-6.438174724578857
full_denoised_z_hat,707,pop__pop.00007,pop,7,-28.020891189575195,-11.330937385559082
full_denoised_z_hat,708,pop__pop.00007,pop,7,-30.054786682128906,-13.91716194152832
full_denoised_z_hat,709,pop__pop.00007,pop,7,50.54922866821289,1.1291885375976562
full_denoised_z_hat,710,pop__pop.00007,pop,7,50.21505355834961,2.3229315280914307
full_denoised_z_hat,711,pop__pop.00007,pop,7,-28.92440414428711,3.7242796421051025
full_denoised_z_hat,712,pop__pop.00007,pop,7,-33.48003005981445,-18.824926376342773
full_denoised_z_hat,713,pop__pop.00007,pop,7,-39.044132232666016,-17.51433753967285
full_denoised_z_hat,714,pop__pop.00007,pop,7,-36.25300216674805,-18.970216751098633
full_denoised_z_hat,715,pop__pop.00015,pop,7,58.1856803894043,-1.8792412281036377
full_denoised_z_hat,716,pop__pop.00015,pop,7,57.828372955322266,-3.000006675720215
full_denoised_z_hat,717,pop__pop.00015,pop,7,57.320831298828125,-1.1883143186569214
full_denoised_z_hat,718,pop__pop.00015,pop,7,58.792564392089844,-2.0454585552215576
full_denoised_z_hat,719,pop__pop.00015,pop,7,54.50898361206055,0.4129624366760254
full_denoised_z_hat,720,pop__pop.00015,pop,7,57.150657653808594,-0.8868179321289062
full_denoised_z_hat,721,pop__pop.00021,pop,7,57.33493423461914,-3.266049861907959
full_denoised_z_hat,722,pop__pop.00021,pop,7,56.92509078979492,-2.172121047973633
full_denoised_z_hat,723,pop__pop.00021,pop,7,56.07687759399414,-4.919785022735596
full_denoised_z_hat,724,pop__pop.00021,pop,7,55.7385139465332,-0.1259377896785736
full_denoised_z_hat,725,pop__pop.00021,pop,7,51.179832458496094,0.648131251335144
full_denoised_z_hat,726,pop__pop.00021,pop,7,56.7177619934082,-1.4360004663467407
full_denoised_z_hat,727,pop__pop.00021,pop,7,50.51382064819336,1.1057835817337036
full_denoised_z_hat,728,pop__pop.00021,pop,7,50.6423454284668,1.1978371143341064
full_denoised_z_hat,729,pop__pop.00028,pop,7,55.39727783203125,-2.0860683917999268
full_denoised_z_hat,730,pop__pop.00028,pop,7,56.49781036376953,0.4352681338787079
full_denoised_z_hat,731,pop__pop.00028,pop,7,58.847164154052734,-4.238008499145508
full_denoised_z_hat,732,pop__pop.00028,pop,7,56.62321090698242,0.8106682300567627
full_denoised_z_hat,733,pop__pop.00028,pop,7,54.92049789428711,-2.385214328765869
full_denoised_z_hat,734,pop__pop.00028,pop,7,59.13425064086914,-3.080603837966919
full_denoised_z_hat,735,pop__pop.00029,pop,7,55.064208984375,-6.360884666442871
full_denoised_z_hat,736,pop__pop.00029,pop,7,57.343746185302734,-3.8468387126922607
full_denoised_z_hat,737,pop__pop.00029,pop,7,34.15789794921875,-38.504215240478516
full_denoised_z_hat,738,pop__pop.00029,pop,7,57.318668365478516,-4.290061950683594
full_denoised_z_hat,739,pop__pop.00029,pop,7,59.38764953613281,-3.3349931240081787
full_denoised_z_hat,740,pop__pop.00029,pop,7,57.88801193237305,-4.356118202209473
full_denoised_z_hat,741,pop__pop.00029,pop,7,59.37156677246094,-2.33925724029541
full_denoised_z_hat,742,pop__pop.00029,pop,7,56.42300033569336,-3.5640921592712402
full_denoised_z_hat,743,pop__pop.00033,pop,7,48.43796920776367,-2.1699345111846924
full_denoised_z_hat,744,pop__pop.00033,pop,7,49.118831634521484,-5.313547134399414
full_denoised_z_hat,745,pop__pop.00033,pop,7,36.830360412597656,-9.330855369567871
full_denoised_z_hat,746,pop__pop.00033,pop,7,47.27517318725586,-4.605842590332031
full_denoised_z_hat,747,pop__pop.00033,pop,7,42.34326171875,-3.810270071029663
full_denoised_z_hat,748,pop__pop.00033,pop,7,45.67856979370117,-7.292768955230713
full_denoised_z_hat,749,pop__pop.00033,pop,7,47.14654541015625,-4.127222061157227
full_denoised_z_hat,750,pop__pop.00033,pop,7,47.03608703613281,-4.988251686096191
full_denoised_z_hat,751,pop__pop.00034,pop,7,48.13551712036133,-4.895908355712891
full_denoised_z_hat,752,pop__pop.00034,pop,7,54.00843048095703,-4.668654918670654
full_denoised_z_hat,753,pop__pop.00034,pop,7,57.77140808105469,-3.2325682640075684
full_denoised_z_hat,754,pop__pop.00034,pop,7,48.9122200012207,-4.672795295715332
full_denoised_z_hat,755,pop__pop.00034,pop,7,54.15803527832031,-3.6276910305023193
full_denoised_z_hat,756,pop__pop.00034,pop,7,53.04742431640625,-3.8293228149414062
full_denoised_z_hat,757,pop__pop.00034,pop,7,49.375186920166016,-6.137092113494873
full_denoised_z_hat,758,pop__pop.00035,pop,7,59.54947280883789,-3.10819149017334
full_denoised_z_hat,759,pop__pop.00035,pop,7,58.8436279296875,-2.817340135574341
full_denoised_z_hat,760,pop__pop.00035,pop,7,58.18675994873047,-0.7636706829071045
full_denoised_z_hat,761,pop__pop.00035,pop,7,56.18382263183594,-0.5103312730789185
full_denoised_z_hat,762,pop__pop.00035,pop,7,56.94998550415039,-0.351039856672287
full_denoised_z_hat,763,pop__pop.00038,pop,7,48.3422966003418,-6.639496326446533
full_denoised_z_hat,764,pop__pop.00038,pop,7,53.353885650634766,-3.925579309463501
full_denoised_z_hat,765,pop__pop.00038,pop,7,49.025264739990234,-3.0197832584381104
full_denoised_z_hat,766,pop__pop.00038,pop,7,49.42880630493164,-4.825313091278076
full_denoised_z_hat,767,pop__pop.00039,pop,7,57.77102279663086,-4.875307083129883
full_denoised_z_hat,768,pop__pop.00039,pop,7,58.97768783569336,-2.6852071285247803
full_denoised_z_hat,769,pop__pop.00039,pop,7,58.334835052490234,-3.7449803352355957
full_denoised_z_hat,770,pop__pop.00039,pop,7,58.59897232055664,-3.1990363597869873
full_denoised_z_hat,771,pop__pop.00039,pop,7,58.70296096801758,0.5835155844688416
full_denoised_z_hat,772,pop__pop.00039,pop,7,59.0713996887207,-0.0389493890106678
full_denoised_z_hat,773,pop__pop.00039,pop,7,58.77914047241211,-1.290513277053833
full_denoised_z_hat,774,pop__pop.00039,pop,7,59.092830657958984,-0.15442264080047607
full_denoised_z_hat,775,pop__pop.00045,pop,7,35.66584777832031,-11.762996673583984
full_denoised_z_hat,776,pop__pop.00045,pop,7,45.369789123535156,-9.272339820861816
full_denoised_z_hat,777,pop__pop.00045,pop,7,47.06204605102539,-10.160058975219727
full_denoised_z_hat,778,pop__pop.00045,pop,7,41.174949645996094,15.941179275512695
full_denoised_z_hat,779,pop__pop.00045,pop,7,59.496337890625,-3.91298246383667
full_denoised_z_hat,780,pop__pop.00049,pop,7,59.12530517578125,-3.579249620437622
full_denoised_z_hat,781,pop__pop.00049,pop,7,58.521636962890625,-3.4738926887512207
full_denoised_z_hat,782,pop__pop.00049,pop,7,58.43217849731445,-0.009037433192133904
full_denoised_z_hat,783,pop__pop.00049,pop,7,59.658382415771484,-3.3704357147216797
full_denoised_z_hat,784,pop__pop.00049,pop,7,58.79244613647461,-0.10487288236618042
full_denoised_z_hat,785,pop__pop.00049,pop,7,58.872528076171875,-1.100031852722168
full_denoised_z_hat,786,pop__pop.00049,pop,7,58.1474609375,0.0978078618645668
full_denoised_z_hat,787,pop__pop.00079,pop,7,-26.756139755249023,13.354976654052734
full_denoised_z_hat,788,pop__pop.00079,pop,7,-12.907716751098633,54.95404052734375
full_denoised_z_hat,789,pop__pop.00079,pop,7,-8.257858276367188,48.42259216308594
full_denoised_z_hat,790,pop__pop.00079,pop,7,-12.393603324890137,2.033756732940674
full_denoised_z_hat,791,pop__pop.00081,pop,7,-40.8307991027832,-15.651350975036621
full_denoised_z_hat,792,pop__pop.00081,pop,7,-39.73460006713867,-15.837003707885742
full_denoised_z_hat,793,pop__pop.00081,pop,7,-30.247777938842773,-16.397659301757812
full_denoised_z_hat,794,pop__pop.00081,pop,7,-31.148405075073242,-16.01904296875
full_denoised_z_hat,795,pop__pop.00081,pop,7,-39.50080490112305,-15.174531936645508
full_denoised_z_hat,796,pop__pop.00081,pop,7,-40.16347885131836,-16.526517868041992
full_denoised_z_hat,797,pop__pop.00081,pop,7,-39.839412689208984,-15.311820983886719
full_denoised_z_hat,798,pop__pop.00081,pop,7,-39.48536682128906,-15.995134353637695
full_denoised_z_hat,799,pop__pop.00081,pop,7,-40.14013671875,-15.695086479187012
full_denoised_z_hat,800,reggae__reggae.00029,reggae,8,25.2908992767334,-44.67716979980469
full_denoised_z_hat,801,reggae__reggae.00029,reggae,8,25.055269241333008,-42.40290069580078
full_denoised_z_hat,802,reggae__reggae.00029,reggae,8,24.70747947692871,-43.446739196777344
full_denoised_z_hat,803,reggae__reggae.00029,reggae,8,23.063669204711914,-43.68288040161133
full_denoised_z_hat,804,reggae__reggae.00029,reggae,8,26.061525344848633,-44.834197998046875
full_denoised_z_hat,805,reggae__reggae.00029,reggae,8,22.64311408996582,-41.971527099609375
full_denoised_z_hat,806,reggae__reggae.00029,reggae,8,26.567285537719727,-43.121055603027344
full_denoised_z_hat,807,reggae__reggae.00029,reggae,8,21.793739318847656,-40.986778259277344
full_denoised_z_hat,808,reggae__reggae.00029,reggae,8,24.779502868652344,-43.265472412109375
full_denoised_z_hat,809,reggae__reggae.00029,reggae,8,26.0496768951416,-43.87674331665039
full_denoised_z_hat,810,reggae__reggae.00034,reggae,8,19.93482780456543,-37.43181610107422
full_denoised_z_hat,811,reggae__reggae.00034,reggae,8,24.307228088378906,-42.0523796081543
full_denoised_z_hat,812,reggae__reggae.00034,reggae,8,25.976381301879883,-41.896949768066406
full_denoised_z_hat,813,reggae__reggae.00034,reggae,8,26.262147903442383,-41.61811065673828
full_denoised_z_hat,814,reggae__reggae.00034,reggae,8,26.533357620239258,-42.62898635864258
full_denoised_z_hat,815,reggae__reggae.00034,reggae,8,25.18916130065918,-40.33513259887695
full_denoised_z_hat,816,reggae__reggae.00034,reggae,8,23.408044815063477,-39.921295166015625
full_denoised_z_hat,817,reggae__reggae.00034,reggae,8,21.504009246826172,-40.41942596435547
full_denoised_z_hat,818,reggae__reggae.00035,reggae,8,27.594844818115234,-41.52727127075195
full_denoised_z_hat,819,reggae__reggae.00035,reggae,8,27.546859741210938,-43.129730224609375
full_denoised_z_hat,820,reggae__reggae.00035,reggae,8,26.762269973754883,-44.781166076660156
full_denoised_z_hat,821,reggae__reggae.00035,reggae,8,25.17237663269043,-43.55132293701172
full_denoised_z_hat,822,reggae__reggae.00035,reggae,8,25.891971588134766,-43.68242263793945
full_denoised_z_hat,823,reggae__reggae.00035,reggae,8,26.155813217163086,-43.74650573730469
full_denoised_z_hat,824,reggae__reggae.00035,reggae,8,27.725923538208008,-42.08485794067383
full_denoised_z_hat,825,reggae__reggae.00040,reggae,8,-14.393199920654297,-14.148877143859863
full_denoised_z_hat,826,reggae__reggae.00040,reggae,8,-15.605574607849121,-1.6434071063995361
full_denoised_z_hat,827,reggae__reggae.00040,reggae,8,-35.21293258666992,13.264086723327637
full_denoised_z_hat,828,reggae__reggae.00040,reggae,8,-12.287826538085938,3.429757595062256
full_denoised_z_hat,829,reggae__reggae.00040,reggae,8,-22.335962295532227,5.4352707862854
full_denoised_z_hat,830,reggae__reggae.00040,reggae,8,-22.738359451293945,6.316775798797607
full_denoised_z_hat,831,reggae__reggae.00040,reggae,8,-14.687227249145508,-16.3963565826416
full_denoised_z_hat,832,reggae__reggae.00040,reggae,8,-11.950228691101074,-20.925535202026367
full_denoised_z_hat,833,reggae__reggae.00047,reggae,8,26.710187911987305,-43.828487396240234
full_denoised_z_hat,834,reggae__reggae.00047,reggae,8,27.424095153808594,-44.4841194152832
full_denoised_z_hat,835,reggae__reggae.00047,reggae,8,29.459901809692383,-41.61525344848633
full_denoised_z_hat,836,reggae__reggae.00047,reggae,8,27.00096321105957,-42.06938552856445
full_denoised_z_hat,837,reggae__reggae.00047,reggae,8,28.49503517150879,-43.020713806152344
full_denoised_z_hat,838,reggae__reggae.00049,reggae,8,-34.55198287963867,12.573007583618164
full_denoised_z_hat,839,reggae__reggae.00049,reggae,8,-32.55716323852539,17.84606170654297
full_denoised_z_hat,840,reggae__reggae.00049,reggae,8,34.493526458740234,-5.935873985290527
full_denoised_z_hat,841,reggae__reggae.00049,reggae,8,-31.76299476623535,13.155043601989746
full_denoised_z_hat,842,reggae__reggae.00049,reggae,8,-33.185455322265625,15.662134170532227
full_denoised_z_hat,843,reggae__reggae.00049,reggae,8,-34.19486618041992,15.833443641662598
full_denoised_z_hat,844,reggae__reggae.00049,reggae,8,-27.102094650268555,4.669137477874756
full_denoised_z_hat,845,reggae__reggae.00062,reggae,8,24.83647346496582,-42.549224853515625
full_denoised_z_hat,846,reggae__reggae.00062,reggae,8,23.921554565429688,-40.95822525024414
full_denoised_z_hat,847,reggae__reggae.00062,reggae,8,25.47662925720215,-41.76251983642578
full_denoised_z_hat,848,reggae__reggae.00062,reggae,8,18.563875198364258,-40.48249435424805
full_denoised_z_hat,849,reggae__reggae.00062,reggae,8,21.020755767822266,-41.17211151123047
full_denoised_z_hat,850,reggae__reggae.00062,reggae,8,24.126754760742188,-43.0643310546875
full_denoised_z_hat,851,reggae__reggae.00062,reggae,8,26.19955062866211,-41.77131271362305
full_denoised_z_hat,852,reggae__reggae.00062,reggae,8,25.537565231323242,-43.2177619934082
full_denoised_z_hat,853,reggae__reggae.00062,reggae,8,22.486570358276367,-43.199615478515625
full_denoised_z_hat,854,reggae__reggae.00064,reggae,8,29.627933502197266,-41.761634826660156
full_denoised_z_hat,855,reggae__reggae.00064,reggae,8,29.98988914489746,-40.444366455078125
full_denoised_z_hat,856,reggae__reggae.00064,reggae,8,29.994701385498047,-40.62777328491211
full_denoised_z_hat,857,reggae__reggae.00064,reggae,8,30.108707427978516,-40.24937057495117
full_denoised_z_hat,858,reggae__reggae.00064,reggae,8,33.76084899902344,-37.50823211669922
full_denoised_z_hat,859,reggae__reggae.00064,reggae,8,33.7758903503418,-37.276981353759766
full_denoised_z_hat,860,reggae__reggae.00065,reggae,8,30.622058868408203,-30.78533172607422
full_denoised_z_hat,861,reggae__reggae.00065,reggae,8,24.261598587036133,-38.21089553833008
full_denoised_z_hat,862,reggae__reggae.00065,reggae,8,27.848888397216797,-41.33380126953125
full_denoised_z_hat,863,reggae__reggae.00065,reggae,8,29.70760726928711,-42.37434005737305
full_denoised_z_hat,864,reggae__reggae.00065,reggae,8,30.534421920776367,-30.805355072021484
full_denoised_z_hat,865,reggae__reggae.00065,reggae,8,35.764869689941406,-11.72025203704834
full_denoised_z_hat,866,reggae__reggae.00065,reggae,8,37.99219512939453,-11.506690979003906
full_denoised_z_hat,867,reggae__reggae.00065,reggae,8,37.527793884277344,-11.573490142822266
full_denoised_z_hat,868,reggae__reggae.00071,reggae,8,29.520793914794922,-41.11947250366211
full_denoised_z_hat,869,reggae__reggae.00071,reggae,8,28.815967559814453,-41.53554153442383
full_denoised_z_hat,870,reggae__reggae.00071,reggae,8,29.3804988861084,-41.47100067138672
full_denoised_z_hat,871,reggae__reggae.00071,reggae,8,29.650211334228516,-41.650691986083984
full_denoised_z_hat,872,reggae__reggae.00076,reggae,8,34.79450607299805,-18.970487594604492
full_denoised_z_hat,873,reggae__reggae.00076,reggae,8,30.647220611572266,-12.385782241821289
full_denoised_z_hat,874,reggae__reggae.00076,reggae,8,30.205801010131836,-12.150641441345215
full_denoised_z_hat,875,reggae__reggae.00076,reggae,8,36.03546905517578,-11.870561599731445
full_denoised_z_hat,876,reggae__reggae.00076,reggae,8,34.99908447265625,-18.776823043823242
full_denoised_z_hat,877,reggae__reggae.00090,reggae,8,25.94829750061035,-43.11225891113281
full_denoised_z_hat,878,reggae__reggae.00090,reggae,8,26.085763931274414,-44.055755615234375
full_denoised_z_hat,879,reggae__reggae.00090,reggae,8,27.90415382385254,-43.17930603027344
full_denoised_z_hat,880,reggae__reggae.00090,reggae,8,27.833555221557617,-44.10436248779297
full_denoised_z_hat,881,reggae__reggae.00090,reggae,8,28.057222366333008,-43.95555877685547
full_denoised_z_hat,882,reggae__reggae.00090,reggae,8,27.83941650390625,-43.34117126464844
full_denoised_z_hat,883,reggae__reggae.00090,reggae,8,28.406383514404297,-42.26628875732422
full_denoised_z_hat,884,reggae__reggae.00091,reggae,8,24.983102798461914,-42.69461441040039
full_denoised_z_hat,885,reggae__reggae.00091,reggae,8,21.37098503112793,-41.12689971923828
full_denoised_z_hat,886,reggae__reggae.00091,reggae,8,20.307435989379883,-39.248252868652344
full_denoised_z_hat,887,reggae__reggae.00091,reggae,8,18.391136169433594,-40.18905258178711
full_denoised_z_hat,888,reggae__reggae.00091,reggae,8,20.356964111328125,-40.98244094848633
full_denoised_z_hat,889,reggae__reggae.00092,reggae,8,22.11522674560547,-43.11723709106445
full_denoised_z_hat,890,reggae__reggae.00092,reggae,8,20.781970977783203,-39.90803527832031
full_denoised_z_hat,891,reggae__reggae.00092,reggae,8,22.298019409179688,-41.980342864990234
full_denoised_z_hat,892,reggae__reggae.00092,reggae,8,21.690582275390625,-41.44451904296875
full_denoised_z_hat,893,reggae__reggae.00092,reggae,8,24.520601272583008,-42.24058151245117
full_denoised_z_hat,894,reggae__reggae.00092,reggae,8,20.902345657348633,-39.728660583496094
full_denoised_z_hat,895,reggae__reggae.00092,reggae,8,25.264938354492188,-42.34891128540039
full_denoised_z_hat,896,reggae__reggae.00092,reggae,8,24.640073776245117,-43.02131271362305
full_denoised_z_hat,897,reggae__reggae.00092,reggae,8,20.906408309936523,-40.726200103759766
full_denoised_z_hat,898,reggae__reggae.00092,reggae,8,19.59111213684082,-37.774139404296875
full_denoised_z_hat,899,reggae__reggae.00092,reggae,8,25.789592742919922,-43.26350402832031
full_denoised_z_hat,900,rock__rock.00000,rock,9,0.05825980380177498,4.591104030609131
full_denoised_z_hat,901,rock__rock.00000,rock,9,3.0032949447631836,11.431687355041504
full_denoised_z_hat,902,rock__rock.00000,rock,9,2.392618179321289,4.267223358154297
full_denoised_z_hat,903,rock__rock.00000,rock,9,-10.81745433807373,-26.157697677612305
full_denoised_z_hat,904,rock__rock.00000,rock,9,-14.62603759765625,-21.21256446838379
full_denoised_z_hat,905,rock__rock.00000,rock,9,-13.952788352966309,5.956971645355225
full_denoised_z_hat,906,rock__rock.00000,rock,9,-14.039003372192383,5.9131669998168945
full_denoised_z_hat,907,rock__rock.00000,rock,9,-25.490455627441406,12.0559663772583
full_denoised_z_hat,908,rock__rock.00000,rock,9,-13.537525177001953,6.246443271636963
full_denoised_z_hat,909,rock__rock.00003,rock,9,-8.205376625061035,-24.711305618286133
full_denoised_z_hat,910,rock__rock.00003,rock,9,-19.055320739746094,-27.092681884765625
full_denoised_z_hat,911,rock__rock.00003,rock,9,-18.694150924682617,-25.011676788330078
full_denoised_z_hat,912,rock__rock.00003,rock,9,-18.526275634765625,-25.09874153137207
full_denoised_z_hat,913,rock__rock.00003,rock,9,-13.079237937927246,-22.83198356628418
full_denoised_z_hat,914,rock__rock.00003,rock,9,-8.445724487304688,-23.819076538085938
full_denoised_z_hat,915,rock__rock.00008,rock,9,5.214229106903076,12.388229370117188
full_denoised_z_hat,916,rock__rock.00008,rock,9,2.8566811084747314,10.647829055786133
full_denoised_z_hat,917,rock__rock.00008,rock,9,2.4309566020965576,14.795757293701172
full_denoised_z_hat,918,rock__rock.00008,rock,9,3.3749213218688965,12.635213851928711
full_denoised_z_hat,919,rock__rock.00008,rock,9,-1.740290641784668,6.769126892089844
full_denoised_z_hat,920,rock__rock.00008,rock,9,-1.7319774627685547,5.905501842498779
full_denoised_z_hat,921,rock__rock.00008,rock,9,-2.263934373855591,6.4743266105651855
full_denoised_z_hat,922,rock__rock.00032,rock,9,-14.105676651000977,4.78840446472168
full_denoised_z_hat,923,rock__rock.00032,rock,9,-3.0579028129577637,6.005158424377441
full_denoised_z_hat,924,rock__rock.00034,rock,9,-38.28981399536133,-8.176865577697754
full_denoised_z_hat,925,rock__rock.00034,rock,9,-36.14508819580078,-10.584831237792969
full_denoised_z_hat,926,rock__rock.00034,rock,9,-38.003944396972656,-14.202180862426758
full_denoised_z_hat,927,rock__rock.00034,rock,9,-6.6979780197143555,4.100679397583008
full_denoised_z_hat,928,rock__rock.00034,rock,9,-19.401002883911133,2.0252950191497803
full_denoised_z_hat,929,rock__rock.00034,rock,9,31.768959045410156,16.30571174621582
full_denoised_z_hat,930,rock__rock.00039,rock,9,-25.03669548034668,0.18929935991764069
full_denoised_z_hat,931,rock__rock.00039,rock,9,-6.239293098449707,4.276360988616943
full_denoised_z_hat,932,rock__rock.00039,rock,9,-38.80253982543945,-9.026494979858398
full_denoised_z_hat,933,rock__rock.00039,rock,9,30.28350067138672,16.728721618652344
full_denoised_z_hat,934,rock__rock.00044,rock,9,-32.32789993286133,-18.71860694885254
full_denoised_z_hat,935,rock__rock.00044,rock,9,-36.08574295043945,-14.244240760803223
full_denoised_z_hat,936,rock__rock.00044,rock,9,-33.07684326171875,18.705163955688477
full_denoised_z_hat,937,rock__rock.00044,rock,9,-23.425437927246094,0.7396420836448669
full_denoised_z_hat,938,rock__rock.00044,rock,9,-23.414569854736328,0.503786027431488
full_denoised_z_hat,939,rock__rock.00044,rock,9,-24.66750144958496,-2.1122870445251465
full_denoised_z_hat,940,rock__rock.00044,rock,9,-24.5526123046875,-2.156839370727539
full_denoised_z_hat,941,rock__rock.00048,rock,9,-22.99628257751465,9.509480476379395
full_denoised_z_hat,942,rock__rock.00048,rock,9,-22.651670455932617,9.28760051727295
full_denoised_z_hat,943,rock__rock.00048,rock,9,-26.464412689208984,12.655404090881348
full_denoised_z_hat,944,rock__rock.00048,rock,9,-27.850971221923828,14.90997314453125
full_denoised_z_hat,945,rock__rock.00048,rock,9,-25.963186264038086,11.983014106750488
full_denoised_z_hat,946,rock__rock.00048,rock,9,-26.307783126831055,12.117061614990234
full_denoised_z_hat,947,rock__rock.00048,rock,9,-12.581348419189453,5.834470272064209
full_denoised_z_hat,948,rock__rock.00049,rock,9,-28.597789764404297,-22.58202362060547
full_denoised_z_hat,949,rock__rock.00049,rock,9,-32.24979019165039,-19.306110382080078
full_denoised_z_hat,950,rock__rock.00049,rock,9,-30.8000431060791,-18.048429489135742
full_denoised_z_hat,951,rock__rock.00049,rock,9,-36.12405776977539,-19.284175872802734
full_denoised_z_hat,952,rock__rock.00049,rock,9,-32.84527587890625,-19.45808982849121
full_denoised_z_hat,953,rock__rock.00049,rock,9,-40.88720703125,-15.92303466796875
full_denoised_z_hat,954,rock__rock.00049,rock,9,-40.297332763671875,-16.25416374206543
full_denoised_z_hat,955,rock__rock.00049,rock,9,-42.417903900146484,-10.779051780700684
full_denoised_z_hat,956,rock__rock.00049,rock,9,-41.573143005371094,-7.457886219024658
full_denoised_z_hat,957,rock__rock.00049,rock,9,-42.44609832763672,-10.928034782409668
full_denoised_z_hat,958,rock__rock.00050,rock,9,-40.81937026977539,-10.519976615905762
full_denoised_z_hat,959,rock__rock.00050,rock,9,-41.408836364746094,-10.691241264343262
full_denoised_z_hat,960,rock__rock.00050,rock,9,-42.44044494628906,-10.454952239990234
full_denoised_z_hat,961,rock__rock.00050,rock,9,-40.49289321899414,-10.404182434082031
full_denoised_z_hat,962,rock__rock.00050,rock,9,-42.33106231689453,-9.943915367126465
full_denoised_z_hat,963,rock__rock.00050,rock,9,-41.565086364746094,-8.657858848571777
full_denoised_z_hat,964,rock__rock.00050,rock,9,-39.96424865722656,-13.73051643371582
full_denoised_z_hat,965,rock__rock.00050,rock,9,-42.148406982421875,-10.437952041625977
full_denoised_z_hat,966,rock__rock.00054,rock,9,-28.267559051513672,1.815496563911438
full_denoised_z_hat,967,rock__rock.00054,rock,9,-23.62047576904297,1.295536756515503
full_denoised_z_hat,968,rock__rock.00054,rock,9,-25.055315017700195,-1.5599421262741089
full_denoised_z_hat,969,rock__rock.00054,rock,9,-25.232498168945312,-1.1544740200042725
full_denoised_z_hat,970,rock__rock.00054,rock,9,-28.0732421875,-4.431150913238525
full_denoised_z_hat,971,rock__rock.00054,rock,9,-26.297924041748047,-1.3624452352523804
full_denoised_z_hat,972,rock__rock.00054,rock,9,-26.131847381591797,-2.234480381011963
full_denoised_z_hat,973,rock__rock.00054,rock,9,-24.722518920898438,-0.2962687313556671
full_denoised_z_hat,974,rock__rock.00054,rock,9,-25.0770320892334,-2.242588758468628
full_denoised_z_hat,975,rock__rock.00054,rock,9,-25.066909790039062,-0.011065511964261532
full_denoised_z_hat,976,rock__rock.00080,rock,9,-2.6603660583496094,8.500685691833496
full_denoised_z_hat,977,rock__rock.00080,rock,9,-11.16281795501709,3.785336494445801
full_denoised_z_hat,978,rock__rock.00080,rock,9,-10.63386058807373,3.1694276332855225
full_denoised_z_hat,979,rock__rock.00080,rock,9,-4.3623175621032715,9.043731689453125
full_denoised_z_hat,980,rock__rock.00080,rock,9,-6.447434425354004,6.506068706512451
full_denoised_z_hat,981,rock__rock.00085,rock,9,-12.970473289489746,0.9762645959854126
full_denoised_z_hat,982,rock__rock.00085,rock,9,-14.653136253356934,-1.6435574293136597
full_denoised_z_hat,983,rock__rock.00085,rock,9,-11.546847343444824,5.019066333770752
full_denoised_z_hat,984,rock__rock.00085,rock,9,-18.481821060180664,2.5449814796447754
full_denoised_z_hat,985,rock__rock.00085,rock,9,-13.128040313720703,1.4501632452011108
full_denoised_z_hat,986,rock__rock.00085,rock,9,-13.56333065032959,1.121655821800232
full_denoised_z_hat,987,rock__rock.00086,rock,9,21.95673370361328,16.526973724365234
full_denoised_z_hat,988,rock__rock.00086,rock,9,-15.101425170898438,-1.7788585424423218
full_denoised_z_hat,989,rock__rock.00086,rock,9,-14.378251075744629,-2.284637928009033
full_denoised_z_hat,990,rock__rock.00086,rock,9,21.357540130615234,-32.362430572509766
full_denoised_z_hat,991,rock__rock.00092,rock,9,-4.4777607917785645,7.793628692626953
full_denoised_z_hat,992,rock__rock.00092,rock,9,-4.943785667419434,7.271228313446045
full_denoised_z_hat,993,rock__rock.00092,rock,9,-10.60738754272461,5.356496810913086
full_denoised_z_hat,994,rock__rock.00092,rock,9,-10.22910213470459,5.76099967956543
full_denoised_z_hat,995,rock__rock.00092,rock,9,-4.029346466064453,8.217869758605957
full_denoised_z_hat,996,rock__rock.00092,rock,9,-10.1998929977417,5.604557037353516
full_denoised_z_hat,997,rock__rock.00092,rock,9,-5.0349531173706055,7.247659683227539
full_denoised_z_hat,998,rock__rock.00092,rock,9,-6.031130313873291,7.1334428787231445
full_denoised_z_hat,999,rock__rock.00092,rock,9,-4.635977745056152,7.3940582275390625
