embedding,sample_index,song_id,genre,label,tsne_x,tsne_y
full_clean_z,0,blues__blues.00000,blues,0,-23.096025466918945,46.7249755859375
full_clean_z,1,blues__blues.00000,blues,0,-9.716238021850586,36.98717498779297
full_clean_z,2,blues__blues.00000,blues,0,-22.871156692504883,46.139129638671875
full_clean_z,3,blues__blues.00000,blues,0,-22.024169921875,46.66592788696289
full_clean_z,4,blues__blues.00000,blues,0,-21.067697525024414,32.68505096435547
full_clean_z,5,blues__blues.00000,blues,0,-21.583608627319336,33.27854919433594
full_clean_z,6,blues__blues.00000,blues,0,-23.532766342163086,44.68606185913086
full_clean_z,7,blues__blues.00001,blues,0,-25.550249099731445,49.532352447509766
full_clean_z,8,blues__blues.00001,blues,0,-23.623981475830078,42.99911117553711
full_clean_z,9,blues__blues.00001,blues,0,-23.01017189025879,43.77867126464844
full_clean_z,10,blues__blues.00001,blues,0,-26.52230453491211,28.553176879882812
full_clean_z,11,blues__blues.00001,blues,0,-23.21120834350586,43.57527160644531
full_clean_z,12,blues__blues.00001,blues,0,-22.899700164794922,43.98138427734375
full_clean_z,13,blues__blues.00001,blues,0,-23.607702255249023,44.38299560546875
full_clean_z,14,blues__blues.00009,blues,0,-13.677674293518066,54.562744140625
full_clean_z,15,blues__blues.00009,blues,0,-16.38787841796875,52.6776123046875
full_clean_z,16,blues__blues.00009,blues,0,-17.222455978393555,53.00916290283203
full_clean_z,17,blues__blues.00009,blues,0,-15.840259552001953,52.79066467285156
full_clean_z,18,blues__blues.00009,blues,0,-14.633225440979004,52.88935852050781
full_clean_z,19,blues__blues.00009,blues,0,-14.649312973022461,54.365501403808594
full_clean_z,20,blues__blues.00009,blues,0,-18.626140594482422,37.6749382019043
full_clean_z,21,blues__blues.00009,blues,0,48.99996566772461,20.009584426879883
full_clean_z,22,blues__blues.00009,blues,0,-13.863686561584473,52.9515495300293
full_clean_z,23,blues__blues.00011,blues,0,-19.610031127929688,23.519014358520508
full_clean_z,24,blues__blues.00011,blues,0,-22.388765335083008,31.80447006225586
full_clean_z,25,blues__blues.00011,blues,0,-32.34195327758789,24.001455307006836
full_clean_z,26,blues__blues.00011,blues,0,-19.622177124023438,23.60658073425293
full_clean_z,27,blues__blues.00011,blues,0,-19.624876022338867,23.502134323120117
full_clean_z,28,blues__blues.00011,blues,0,-31.323286056518555,23.228761672973633
full_clean_z,29,blues__blues.00011,blues,0,-20.980792999267578,33.134132385253906
full_clean_z,30,blues__blues.00031,blues,0,-23.033876419067383,48.382022857666016
full_clean_z,31,blues__blues.00031,blues,0,-21.72455406188965,48.7806396484375
full_clean_z,32,blues__blues.00031,blues,0,-21.524152755737305,48.81373596191406
full_clean_z,33,blues__blues.00031,blues,0,-22.109222412109375,49.09733581542969
full_clean_z,34,blues__blues.00034,blues,0,-21.465707778930664,50.37781524658203
full_clean_z,35,blues__blues.00034,blues,0,-14.058940887451172,53.00998306274414
full_clean_z,36,blues__blues.00034,blues,0,-22.144710540771484,46.656494140625
full_clean_z,37,blues__blues.00034,blues,0,-21.53709602355957,46.6666145324707
full_clean_z,38,blues__blues.00034,blues,0,-22.28502655029297,49.81996536254883
full_clean_z,39,blues__blues.00034,blues,0,-22.70014190673828,49.89899444580078
full_clean_z,40,blues__blues.00039,blues,0,-24.513179779052734,46.784271240234375
full_clean_z,41,blues__blues.00039,blues,0,-23.091224670410156,49.442405700683594
full_clean_z,42,blues__blues.00039,blues,0,-23.693302154541016,42.4400634765625
full_clean_z,43,blues__blues.00039,blues,0,-24.284835815429688,46.85493469238281
full_clean_z,44,blues__blues.00039,blues,0,-22.427339553833008,46.67414474487305
full_clean_z,45,blues__blues.00052,blues,0,-20.67057228088379,45.539878845214844
full_clean_z,46,blues__blues.00052,blues,0,-9.556686401367188,36.83665084838867
full_clean_z,47,blues__blues.00052,blues,0,-23.575864791870117,46.867271423339844
full_clean_z,48,blues__blues.00052,blues,0,-20.15035057067871,51.81532669067383
full_clean_z,49,blues__blues.00052,blues,0,-25.863168716430664,28.507919311523438
full_clean_z,50,blues__blues.00052,blues,0,-32.37886428833008,25.992216110229492
full_clean_z,51,blues__blues.00054,blues,0,-16.62882423400879,55.176090240478516
full_clean_z,52,blues__blues.00054,blues,0,-15.80929183959961,54.777462005615234
full_clean_z,53,blues__blues.00054,blues,0,-15.784870147705078,54.75904083251953
full_clean_z,54,blues__blues.00054,blues,0,-15.834090232849121,54.82807922363281
full_clean_z,55,blues__blues.00054,blues,0,-15.830543518066406,54.881080627441406
full_clean_z,56,blues__blues.00054,blues,0,-14.944087028503418,54.394229888916016
full_clean_z,57,blues__blues.00057,blues,0,-20.19917106628418,50.904537200927734
full_clean_z,58,blues__blues.00057,blues,0,-16.593935012817383,55.811100006103516
full_clean_z,59,blues__blues.00057,blues,0,-16.710968017578125,56.107398986816406
full_clean_z,60,blues__blues.00057,blues,0,-16.593963623046875,55.98293685913086
full_clean_z,61,blues__blues.00060,blues,0,-22.862220764160156,52.59260940551758
full_clean_z,62,blues__blues.00060,blues,0,-20.8203182220459,50.67497634887695
full_clean_z,63,blues__blues.00060,blues,0,-20.48965072631836,50.824790954589844
full_clean_z,64,blues__blues.00060,blues,0,-19.525466918945312,51.40604782104492
full_clean_z,65,blues__blues.00060,blues,0,-23.39030647277832,52.61792755126953
full_clean_z,66,blues__blues.00060,blues,0,-23.69687843322754,52.572486877441406
full_clean_z,67,blues__blues.00060,blues,0,-23.20623016357422,52.69633483886719
full_clean_z,68,blues__blues.00066,blues,0,-23.545413970947266,32.51020812988281
full_clean_z,69,blues__blues.00066,blues,0,-24.534523010253906,46.73552703857422
full_clean_z,70,blues__blues.00066,blues,0,-22.905548095703125,31.952882766723633
full_clean_z,71,blues__blues.00066,blues,0,-19.911672592163086,52.99681091308594
full_clean_z,72,blues__blues.00066,blues,0,-18.46100616455078,54.59177780151367
full_clean_z,73,blues__blues.00066,blues,0,-19.84400749206543,53.06089782714844
full_clean_z,74,blues__blues.00066,blues,0,-19.02691078186035,51.85081481933594
full_clean_z,75,blues__blues.00066,blues,0,-18.563140869140625,52.819908142089844
full_clean_z,76,blues__blues.00066,blues,0,-18.563840866088867,52.80668640136719
full_clean_z,77,blues__blues.00068,blues,0,-23.647987365722656,50.74491500854492
full_clean_z,78,blues__blues.00068,blues,0,-22.436771392822266,51.966705322265625
full_clean_z,79,blues__blues.00068,blues,0,-22.788063049316406,51.54890823364258
full_clean_z,80,blues__blues.00068,blues,0,-23.264484405517578,51.1131706237793
full_clean_z,81,blues__blues.00068,blues,0,-22.787986755371094,51.510292053222656
full_clean_z,82,blues__blues.00068,blues,0,-21.85350799560547,51.61479568481445
full_clean_z,83,blues__blues.00068,blues,0,-22.392139434814453,51.65749740600586
full_clean_z,84,blues__blues.00070,blues,0,-31.333330154418945,23.341707229614258
full_clean_z,85,blues__blues.00070,blues,0,-23.108457565307617,32.28449249267578
full_clean_z,86,blues__blues.00070,blues,0,-25.283777236938477,29.69025230407715
full_clean_z,87,blues__blues.00070,blues,0,-25.028335571289062,30.181150436401367
full_clean_z,88,blues__blues.00070,blues,0,-10.142131805419922,51.03338623046875
full_clean_z,89,blues__blues.00070,blues,0,-26.120975494384766,28.770851135253906
full_clean_z,90,blues__blues.00070,blues,0,-31.054645538330078,23.963218688964844
full_clean_z,91,blues__blues.00071,blues,0,-25.998703002929688,51.21337127685547
full_clean_z,92,blues__blues.00071,blues,0,-25.55506134033203,51.18136215209961
full_clean_z,93,blues__blues.00071,blues,0,-24.626392364501953,51.02997589111328
full_clean_z,94,blues__blues.00071,blues,0,-25.251466751098633,51.55399703979492
full_clean_z,95,blues__blues.00071,blues,0,-25.767715454101562,51.62637710571289
full_clean_z,96,blues__blues.00071,blues,0,-26.05486297607422,51.3968505859375
full_clean_z,97,blues__blues.00071,blues,0,-24.563112258911133,51.14564895629883
full_clean_z,98,blues__blues.00071,blues,0,-25.058855056762695,50.720436096191406
full_clean_z,99,blues__blues.00071,blues,0,-25.059268951416016,50.578948974609375
full_clean_z,100,classical__classical.00000,classical,1,51.97066879272461,-34.714874267578125
full_clean_z,101,classical__classical.00000,classical,1,50.61583709716797,-32.48907470703125
full_clean_z,102,classical__classical.00000,classical,1,50.54533004760742,-31.53611946105957
full_clean_z,103,classical__classical.00000,classical,1,48.9492073059082,-32.68826675415039
full_clean_z,104,classical__classical.00000,classical,1,49.48204040527344,-31.982097625732422
full_clean_z,105,classical__classical.00000,classical,1,50.865638732910156,-31.953126907348633
full_clean_z,106,classical__classical.00002,classical,1,50.5538215637207,-34.17076873779297
full_clean_z,107,classical__classical.00002,classical,1,49.974365234375,-33.6510009765625
full_clean_z,108,classical__classical.00002,classical,1,49.22648620605469,-33.50828552246094
full_clean_z,109,classical__classical.00006,classical,1,48.59502029418945,-31.468965530395508
full_clean_z,110,classical__classical.00006,classical,1,47.960628509521484,-31.357688903808594
full_clean_z,111,classical__classical.00006,classical,1,50.064369201660156,-31.49740982055664
full_clean_z,112,classical__classical.00006,classical,1,47.93854522705078,-31.76909828186035
full_clean_z,113,classical__classical.00006,classical,1,51.52647018432617,-30.519132614135742
full_clean_z,114,classical__classical.00006,classical,1,50.47988510131836,-30.41901969909668
full_clean_z,115,classical__classical.00006,classical,1,50.330665588378906,-30.35929298400879
full_clean_z,116,classical__classical.00009,classical,1,50.92123031616211,-30.313642501831055
full_clean_z,117,classical__classical.00009,classical,1,50.53543472290039,-31.21642303466797
full_clean_z,118,classical__classical.00009,classical,1,50.7004280090332,-30.843017578125
full_clean_z,119,classical__classical.00009,classical,1,47.720054626464844,-25.94407081604004
full_clean_z,120,classical__classical.00009,classical,1,48.67134094238281,-26.23000144958496
full_clean_z,121,classical__classical.00009,classical,1,48.863285064697266,-26.49774742126465
full_clean_z,122,classical__classical.00009,classical,1,51.479698181152344,-31.011280059814453
full_clean_z,123,classical__classical.00022,classical,1,50.931068420410156,-32.736026763916016
full_clean_z,124,classical__classical.00022,classical,1,49.23740005493164,-32.631629943847656
full_clean_z,125,classical__classical.00022,classical,1,48.197845458984375,-32.093955993652344
full_clean_z,126,classical__classical.00022,classical,1,48.56193161010742,-29.49676513671875
full_clean_z,127,classical__classical.00022,classical,1,49.484092712402344,-31.4130916595459
full_clean_z,128,classical__classical.00022,classical,1,51.88227462768555,-32.83726119995117
full_clean_z,129,classical__classical.00022,classical,1,51.889198303222656,-32.898475646972656
full_clean_z,130,classical__classical.00034,classical,1,47.376522064208984,-30.20845603942871
full_clean_z,131,classical__classical.00034,classical,1,46.29789733886719,-30.368854522705078
full_clean_z,132,classical__classical.00034,classical,1,46.91431427001953,-30.73335075378418
full_clean_z,133,classical__classical.00034,classical,1,46.970924377441406,-30.91082191467285
full_clean_z,134,classical__classical.00034,classical,1,47.60186004638672,-31.056102752685547
full_clean_z,135,classical__classical.00034,classical,1,49.920536041259766,-30.81898307800293
full_clean_z,136,classical__classical.00034,classical,1,49.779266357421875,-30.502748489379883
full_clean_z,137,classical__classical.00037,classical,1,47.68721008300781,-33.189937591552734
full_clean_z,138,classical__classical.00037,classical,1,52.30219650268555,-32.660804748535156
full_clean_z,139,classical__classical.00037,classical,1,45.011878967285156,-4.777929306030273
full_clean_z,140,classical__classical.00037,classical,1,52.02646255493164,-34.70933532714844
full_clean_z,141,classical__classical.00037,classical,1,48.34833908081055,-30.763530731201172
full_clean_z,142,classical__classical.00037,classical,1,46.85235595703125,-32.069705963134766
full_clean_z,143,classical__classical.00037,classical,1,47.687198638916016,-31.91203498840332
full_clean_z,144,classical__classical.00037,classical,1,49.07127380371094,-29.466960906982422
full_clean_z,145,classical__classical.00039,classical,1,53.64985275268555,-32.818931579589844
full_clean_z,146,classical__classical.00039,classical,1,53.322792053222656,-33.39614486694336
full_clean_z,147,classical__classical.00039,classical,1,44.13167953491211,-2.961493492126465
full_clean_z,148,classical__classical.00039,classical,1,52.108158111572266,-33.954017639160156
full_clean_z,149,classical__classical.00039,classical,1,47.66560363769531,-33.5234489440918
full_clean_z,150,classical__classical.00039,classical,1,48.39241027832031,-30.357555389404297
full_clean_z,151,classical__classical.00047,classical,1,48.78937911987305,-28.95436668395996
full_clean_z,152,classical__classical.00047,classical,1,48.826904296875,-26.935218811035156
full_clean_z,153,classical__classical.00047,classical,1,46.710548400878906,-25.68562126159668
full_clean_z,154,classical__classical.00047,classical,1,49.05567932128906,-27.04803466796875
full_clean_z,155,classical__classical.00047,classical,1,49.67390060424805,-27.75619888305664
full_clean_z,156,classical__classical.00047,classical,1,49.21937561035156,-27.63085174560547
full_clean_z,157,classical__classical.00053,classical,1,54.4134521484375,-31.97770881652832
full_clean_z,158,classical__classical.00053,classical,1,48.32052230834961,-32.6686897277832
full_clean_z,159,classical__classical.00053,classical,1,48.19371795654297,-32.67643356323242
full_clean_z,160,classical__classical.00053,classical,1,54.40980529785156,-31.985401153564453
full_clean_z,161,classical__classical.00053,classical,1,54.316219329833984,-32.076656341552734
full_clean_z,162,classical__classical.00056,classical,1,42.3050422668457,-23.917236328125
full_clean_z,163,classical__classical.00056,classical,1,42.389747619628906,-23.972515106201172
full_clean_z,164,classical__classical.00056,classical,1,45.42993927001953,-24.894489288330078
full_clean_z,165,classical__classical.00056,classical,1,44.37775802612305,-24.821197509765625
full_clean_z,166,classical__classical.00056,classical,1,44.34269332885742,-24.781091690063477
full_clean_z,167,classical__classical.00056,classical,1,44.16559600830078,-24.684459686279297
full_clean_z,168,classical__classical.00056,classical,1,42.39927673339844,-23.74734878540039
full_clean_z,169,classical__classical.00056,classical,1,42.33565902709961,-23.678476333618164
full_clean_z,170,classical__classical.00056,classical,1,44.627098083496094,-23.009859085083008
full_clean_z,171,classical__classical.00056,classical,1,44.5970573425293,-23.04652976989746
full_clean_z,172,classical__classical.00057,classical,1,43.517242431640625,-3.832817554473877
full_clean_z,173,classical__classical.00057,classical,1,45.70939636230469,-27.812593460083008
full_clean_z,174,classical__classical.00057,classical,1,49.748477935791016,-26.626672744750977
full_clean_z,175,classical__classical.00057,classical,1,51.01750183105469,-25.706579208374023
full_clean_z,176,classical__classical.00057,classical,1,51.36079025268555,-25.892412185668945
full_clean_z,177,classical__classical.00057,classical,1,51.63671112060547,-26.059114456176758
full_clean_z,178,classical__classical.00057,classical,1,49.33721160888672,-28.7675838470459
full_clean_z,179,classical__classical.00057,classical,1,51.22208023071289,-24.825525283813477
full_clean_z,180,classical__classical.00057,classical,1,48.38347625732422,-28.02604866027832
full_clean_z,181,classical__classical.00057,classical,1,48.290653228759766,-28.536394119262695
full_clean_z,182,classical__classical.00065,classical,1,49.98915481567383,-27.96100616455078
full_clean_z,183,classical__classical.00065,classical,1,50.81783676147461,-27.083974838256836
full_clean_z,184,classical__classical.00065,classical,1,52.14799499511719,-31.78550148010254
full_clean_z,185,classical__classical.00065,classical,1,51.3842887878418,-31.945173263549805
full_clean_z,186,classical__classical.00082,classical,1,46.41933059692383,-28.716007232666016
full_clean_z,187,classical__classical.00082,classical,1,46.29246520996094,-28.50316047668457
full_clean_z,188,classical__classical.00082,classical,1,46.508689880371094,-28.49660873413086
full_clean_z,189,classical__classical.00082,classical,1,49.3139533996582,-29.938766479492188
full_clean_z,190,classical__classical.00082,classical,1,45.861488342285156,-27.59950065612793
full_clean_z,191,classical__classical.00082,classical,1,45.98329544067383,-27.386791229248047
full_clean_z,192,classical__classical.00091,classical,1,45.803199768066406,-30.46240997314453
full_clean_z,193,classical__classical.00091,classical,1,50.30942153930664,-31.435791015625
full_clean_z,194,classical__classical.00091,classical,1,50.23451232910156,-31.361196517944336
full_clean_z,195,classical__classical.00091,classical,1,48.89829635620117,-31.92836570739746
full_clean_z,196,classical__classical.00091,classical,1,50.32929992675781,-33.07851791381836
full_clean_z,197,classical__classical.00091,classical,1,50.24624252319336,-32.40081024169922
full_clean_z,198,classical__classical.00091,classical,1,49.94700622558594,-32.607666015625
full_clean_z,199,classical__classical.00091,classical,1,51.06976318359375,-32.955631256103516
full_clean_z,200,country__country.00001,country,2,-37.3369255065918,12.862042427062988
full_clean_z,201,country__country.00001,country,2,-39.42972183227539,12.918420791625977
full_clean_z,202,country__country.00001,country,2,-39.37823486328125,13.056260108947754
full_clean_z,203,country__country.00001,country,2,-37.286251068115234,12.89888858795166
full_clean_z,204,country__country.00001,country,2,-38.840187072753906,13.051525115966797
full_clean_z,205,country__country.00011,country,2,-19.653779983520508,7.12599515914917
full_clean_z,206,country__country.00011,country,2,-7.175860404968262,9.286758422851562
full_clean_z,207,country__country.00011,country,2,-27.364055633544922,5.0395660400390625
full_clean_z,208,country__country.00011,country,2,-20.31615447998047,7.0358357429504395
full_clean_z,209,country__country.00011,country,2,-14.456750869750977,-5.8978590965271
full_clean_z,210,country__country.00011,country,2,-3.7253894805908203,-7.728005886077881
full_clean_z,211,country__country.00011,country,2,-14.219341278076172,-5.870048999786377
full_clean_z,212,country__country.00011,country,2,-20.008499145507812,7.084957122802734
full_clean_z,213,country__country.00013,country,2,-17.585847854614258,9.197989463806152
full_clean_z,214,country__country.00013,country,2,-17.53997039794922,9.235597610473633
full_clean_z,215,country__country.00013,country,2,-13.837194442749023,12.439011573791504
full_clean_z,216,country__country.00013,country,2,-18.985227584838867,7.248862266540527
full_clean_z,217,country__country.00013,country,2,-19.186134338378906,7.220234394073486
full_clean_z,218,country__country.00013,country,2,-6.79563045501709,-48.126102447509766
full_clean_z,219,country__country.00013,country,2,-13.790487289428711,12.583892822265625
full_clean_z,220,country__country.00013,country,2,-2.3159682750701904,12.1901273727417
full_clean_z,221,country__country.00013,country,2,1.7337579727172852,12.237239837646484
full_clean_z,222,country__country.00013,country,2,-34.163360595703125,10.71684455871582
full_clean_z,223,country__country.00029,country,2,-41.62092971801758,20.43160629272461
full_clean_z,224,country__country.00029,country,2,-41.982093811035156,19.919353485107422
full_clean_z,225,country__country.00029,country,2,-41.61027526855469,19.810375213623047
full_clean_z,226,country__country.00029,country,2,-41.273197174072266,21.827808380126953
full_clean_z,227,country__country.00029,country,2,-40.11737060546875,22.178661346435547
full_clean_z,228,country__country.00029,country,2,-41.55867004394531,21.222902297973633
full_clean_z,229,country__country.00047,country,2,-40.00602722167969,22.344860076904297
full_clean_z,230,country__country.00057,country,2,-44.79060745239258,16.773855209350586
full_clean_z,231,country__country.00057,country,2,-45.45392608642578,15.536141395568848
full_clean_z,232,country__country.00057,country,2,-45.1515007019043,15.002737998962402
full_clean_z,233,country__country.00057,country,2,-45.25309371948242,15.114377975463867
full_clean_z,234,country__country.00057,country,2,-45.46303939819336,15.52955150604248
full_clean_z,235,country__country.00057,country,2,-45.022911071777344,16.46240234375
full_clean_z,236,country__country.00057,country,2,-44.91634750366211,16.649566650390625
full_clean_z,237,country__country.00057,country,2,1.487208604812622,15.095264434814453
full_clean_z,238,country__country.00057,country,2,-33.82795333862305,20.5031795501709
full_clean_z,239,country__country.00057,country,2,-35.18209457397461,21.45989227294922
full_clean_z,240,country__country.00059,country,2,-36.32407760620117,23.85318946838379
full_clean_z,241,country__country.00059,country,2,-36.931941986083984,21.83498191833496
full_clean_z,242,country__country.00059,country,2,-37.023563385009766,21.878652572631836
full_clean_z,243,country__country.00059,country,2,-36.8726692199707,21.488834381103516
full_clean_z,244,country__country.00059,country,2,-36.424110412597656,23.602699279785156
full_clean_z,245,country__country.00059,country,2,-36.99947738647461,21.89435386657715
full_clean_z,246,country__country.00067,country,2,-43.791561126708984,19.131853103637695
full_clean_z,247,country__country.00067,country,2,-44.726409912109375,19.117279052734375
full_clean_z,248,country__country.00067,country,2,-39.036224365234375,20.871091842651367
full_clean_z,249,country__country.00067,country,2,-40.647396087646484,19.712535858154297
full_clean_z,250,country__country.00067,country,2,-32.37946319580078,26.00023078918457
full_clean_z,251,country__country.00067,country,2,-21.50848388671875,39.5511360168457
full_clean_z,252,country__country.00067,country,2,-40.28018569946289,19.64705467224121
full_clean_z,253,country__country.00067,country,2,-39.078922271728516,20.72273826599121
full_clean_z,254,country__country.00068,country,2,-29.00123405456543,22.169513702392578
full_clean_z,255,country__country.00068,country,2,-28.759218215942383,21.144912719726562
full_clean_z,256,country__country.00068,country,2,-29.64573860168457,21.525379180908203
full_clean_z,257,country__country.00068,country,2,-30.247543334960938,21.28400230407715
full_clean_z,258,country__country.00068,country,2,-30.841218948364258,23.629955291748047
full_clean_z,259,country__country.00068,country,2,-39.53504180908203,19.012983322143555
full_clean_z,260,country__country.00068,country,2,-40.64926528930664,19.200305938720703
full_clean_z,261,country__country.00068,country,2,-21.082962036132812,33.54326629638672
full_clean_z,262,country__country.00069,country,2,45.720252990722656,-25.004690170288086
full_clean_z,263,country__country.00069,country,2,-41.18442153930664,16.90614891052246
full_clean_z,264,country__country.00069,country,2,-41.442142486572266,16.74224281311035
full_clean_z,265,country__country.00069,country,2,-21.65999412536621,34.09440612792969
full_clean_z,266,country__country.00069,country,2,-43.682247161865234,17.291664123535156
full_clean_z,267,country__country.00069,country,2,-41.07369613647461,17.057573318481445
full_clean_z,268,country__country.00069,country,2,-43.24492263793945,18.040874481201172
full_clean_z,269,country__country.00075,country,2,-18.824600219726562,35.743133544921875
full_clean_z,270,country__country.00075,country,2,-14.227559089660645,15.018935203552246
full_clean_z,271,country__country.00075,country,2,-11.264952659606934,53.04841995239258
full_clean_z,272,country__country.00075,country,2,0.18066440522670746,15.472283363342285
full_clean_z,273,country__country.00075,country,2,-18.709266662597656,36.54950714111328
full_clean_z,274,country__country.00075,country,2,-44.682647705078125,19.082897186279297
full_clean_z,275,country__country.00076,country,2,-39.72783279418945,20.170175552368164
full_clean_z,276,country__country.00076,country,2,-39.86771011352539,20.026248931884766
full_clean_z,277,country__country.00076,country,2,-38.86075973510742,20.861223220825195
full_clean_z,278,country__country.00076,country,2,-39.25967025756836,20.711246490478516
full_clean_z,279,country__country.00076,country,2,-40.597049713134766,19.032169342041016
full_clean_z,280,country__country.00076,country,2,-8.752457618713379,1.0099538564682007
full_clean_z,281,country__country.00076,country,2,-32.34513473510742,26.00292205810547
full_clean_z,282,country__country.00077,country,2,-41.339744567871094,18.804481506347656
full_clean_z,283,country__country.00077,country,2,-41.321311950683594,18.66678810119629
full_clean_z,284,country__country.00077,country,2,-39.75509262084961,14.474486351013184
full_clean_z,285,country__country.00077,country,2,-39.755794525146484,14.3847017288208
full_clean_z,286,country__country.00077,country,2,-40.8986701965332,18.555742263793945
full_clean_z,287,country__country.00077,country,2,-40.77804946899414,18.682710647583008
full_clean_z,288,country__country.00097,country,2,-41.802528381347656,18.523401260375977
full_clean_z,289,country__country.00097,country,2,-42.89316940307617,17.99683380126953
full_clean_z,290,country__country.00097,country,2,-43.033180236816406,18.2242431640625
full_clean_z,291,country__country.00097,country,2,-43.15544128417969,18.39407730102539
full_clean_z,292,country__country.00097,country,2,-43.311092376708984,18.416475296020508
full_clean_z,293,country__country.00099,country,2,-19.53527069091797,42.99863052368164
full_clean_z,294,country__country.00099,country,2,-35.134525299072266,22.383556365966797
full_clean_z,295,country__country.00099,country,2,-20.371349334716797,37.00825881958008
full_clean_z,296,country__country.00099,country,2,-35.158695220947266,21.72187614440918
full_clean_z,297,country__country.00099,country,2,-25.35054588317871,28.89061164855957
full_clean_z,298,country__country.00099,country,2,-22.73053741455078,50.88112258911133
full_clean_z,299,country__country.00099,country,2,-25.42530632019043,50.21064376831055
full_clean_z,300,disco__disco.00000,disco,3,8.246858596801758,-55.672576904296875
full_clean_z,301,disco__disco.00000,disco,3,8.20317268371582,-55.68163299560547
full_clean_z,302,disco__disco.00000,disco,3,8.186835289001465,-55.601715087890625
full_clean_z,303,disco__disco.00000,disco,3,-9.9396390914917,-51.264854431152344
full_clean_z,304,disco__disco.00000,disco,3,-9.973395347595215,-51.3914794921875
full_clean_z,305,disco__disco.00000,disco,3,8.436781883239746,-56.259765625
full_clean_z,306,disco__disco.00000,disco,3,9.05246639251709,-57.212013244628906
full_clean_z,307,disco__disco.00000,disco,3,8.837299346923828,-56.71479415893555
full_clean_z,308,disco__disco.00000,disco,3,8.824505805969238,-56.115325927734375
full_clean_z,309,disco__disco.00003,disco,3,-16.502641677856445,10.80185604095459
full_clean_z,310,disco__disco.00003,disco,3,-2.960533857345581,-41.94219970703125
full_clean_z,311,disco__disco.00003,disco,3,-3.754678249359131,-57.70466232299805
full_clean_z,312,disco__disco.00003,disco,3,1.8544914722442627,-61.332332611083984
full_clean_z,313,disco__disco.00003,disco,3,3.2219367027282715,-61.75006103515625
full_clean_z,314,disco__disco.00003,disco,3,1.3809829950332642,-61.45914840698242
full_clean_z,315,disco__disco.00010,disco,3,-17.687122344970703,-41.73303985595703
full_clean_z,316,disco__disco.00010,disco,3,-9.889470100402832,-51.617652893066406
full_clean_z,317,disco__disco.00010,disco,3,-36.77878189086914,10.389862060546875
full_clean_z,318,disco__disco.00010,disco,3,-19.11815071105957,-42.98568344116211
full_clean_z,319,disco__disco.00010,disco,3,-19.121095657348633,-43.007659912109375
full_clean_z,320,disco__disco.00010,disco,3,-36.75429916381836,10.278036117553711
full_clean_z,321,disco__disco.00020,disco,3,-29.161487579345703,21.19266128540039
full_clean_z,322,disco__disco.00020,disco,3,6.267007350921631,-23.60177230834961
full_clean_z,323,disco__disco.00020,disco,3,6.4839935302734375,-23.390602111816406
full_clean_z,324,disco__disco.00021,disco,3,7.131201267242432,-53.64384078979492
full_clean_z,325,disco__disco.00021,disco,3,7.018691062927246,-52.852439880371094
full_clean_z,326,disco__disco.00021,disco,3,7.008828163146973,-52.7529411315918
full_clean_z,327,disco__disco.00021,disco,3,7.038410186767578,-52.976646423339844
full_clean_z,328,disco__disco.00021,disco,3,7.105433464050293,-53.504539489746094
full_clean_z,329,disco__disco.00021,disco,3,6.833405494689941,-52.1759147644043
full_clean_z,330,disco__disco.00021,disco,3,-13.183783531188965,8.653597831726074
full_clean_z,331,disco__disco.00021,disco,3,-32.59556579589844,-15.791901588439941
full_clean_z,332,disco__disco.00030,disco,3,3.293487548828125,-59.74850082397461
full_clean_z,333,disco__disco.00030,disco,3,3.4164416790008545,-60.00902557373047
full_clean_z,334,disco__disco.00030,disco,3,2.895420789718628,-60.194114685058594
full_clean_z,335,disco__disco.00030,disco,3,-8.567999839782715,-49.276023864746094
full_clean_z,336,disco__disco.00030,disco,3,-9.485824584960938,-49.75456237792969
full_clean_z,337,disco__disco.00030,disco,3,-9.603931427001953,-49.751487731933594
full_clean_z,338,disco__disco.00030,disco,3,-9.680521011352539,-50.50502014160156
full_clean_z,339,disco__disco.00030,disco,3,8.811239242553711,-57.1496467590332
full_clean_z,340,disco__disco.00030,disco,3,4.849981784820557,-58.334693908691406
full_clean_z,341,disco__disco.00030,disco,3,-7.79735803604126,-48.68082809448242
full_clean_z,342,disco__disco.00040,disco,3,1.358900785446167,-19.091156005859375
full_clean_z,343,disco__disco.00040,disco,3,0.15936467051506042,-18.505830764770508
full_clean_z,344,disco__disco.00040,disco,3,1.6325870752334595,-19.107059478759766
full_clean_z,345,disco__disco.00040,disco,3,1.5089566707611084,-19.04369354248047
full_clean_z,346,disco__disco.00040,disco,3,0.3744785487651825,-18.55634117126465
full_clean_z,347,disco__disco.00040,disco,3,5.501116752624512,-18.455245971679688
full_clean_z,348,disco__disco.00044,disco,3,6.997014999389648,-54.16150665283203
full_clean_z,349,disco__disco.00044,disco,3,5.9179463386535645,-56.2460823059082
full_clean_z,350,disco__disco.00044,disco,3,5.479839324951172,-55.56377410888672
full_clean_z,351,disco__disco.00044,disco,3,5.815436363220215,-56.9536247253418
full_clean_z,352,disco__disco.00044,disco,3,5.899126052856445,-54.53839874267578
full_clean_z,353,disco__disco.00044,disco,3,5.642422676086426,-54.71436309814453
full_clean_z,354,disco__disco.00044,disco,3,5.205405235290527,-54.68907928466797
full_clean_z,355,disco__disco.00044,disco,3,5.0374755859375,-54.68206787109375
full_clean_z,356,disco__disco.00044,disco,3,5.724212169647217,-57.02640914916992
full_clean_z,357,disco__disco.00044,disco,3,5.4521803855896,-57.254005432128906
full_clean_z,358,disco__disco.00044,disco,3,5.852428913116455,-56.63615798950195
full_clean_z,359,disco__disco.00055,disco,3,4.375601291656494,-61.92739486694336
full_clean_z,360,disco__disco.00055,disco,3,6.767551898956299,-60.95098876953125
full_clean_z,361,disco__disco.00055,disco,3,6.099602699279785,-61.39997100830078
full_clean_z,362,disco__disco.00055,disco,3,5.236269474029541,-61.11728286743164
full_clean_z,363,disco__disco.00055,disco,3,5.513720512390137,-61.28828048706055
full_clean_z,364,disco__disco.00055,disco,3,4.860673904418945,-61.45566177368164
full_clean_z,365,disco__disco.00055,disco,3,4.097812652587891,-61.89126968383789
full_clean_z,366,disco__disco.00064,disco,3,4.495854377746582,-61.92644500732422
full_clean_z,367,disco__disco.00064,disco,3,4.422291278839111,-61.90574645996094
full_clean_z,368,disco__disco.00064,disco,3,4.5259318351745605,-62.01081085205078
full_clean_z,369,disco__disco.00064,disco,3,7.204997539520264,-61.0715217590332
full_clean_z,370,disco__disco.00075,disco,3,3.028740406036377,-64.15483856201172
full_clean_z,371,disco__disco.00075,disco,3,2.944744110107422,-64.27201843261719
full_clean_z,372,disco__disco.00075,disco,3,2.781477689743042,-64.14385986328125
full_clean_z,373,disco__disco.00075,disco,3,-2.781114339828491,44.06924057006836
full_clean_z,374,disco__disco.00075,disco,3,3.4755971431732178,-63.76253128051758
full_clean_z,375,disco__disco.00075,disco,3,2.869079113006592,-64.37511444091797
full_clean_z,376,disco__disco.00075,disco,3,2.8434348106384277,-64.3599624633789
full_clean_z,377,disco__disco.00075,disco,3,8.119285583496094,-60.370365142822266
full_clean_z,378,disco__disco.00084,disco,3,7.23463249206543,-59.25031280517578
full_clean_z,379,disco__disco.00084,disco,3,6.1810688972473145,-60.09944534301758
full_clean_z,380,disco__disco.00084,disco,3,7.435556411743164,-60.68510055541992
full_clean_z,381,disco__disco.00084,disco,3,6.14137077331543,-60.15135192871094
full_clean_z,382,disco__disco.00084,disco,3,5.857839584350586,-59.893463134765625
full_clean_z,383,disco__disco.00084,disco,3,-1.8380062580108643,-61.06460952758789
full_clean_z,384,disco__disco.00084,disco,3,-1.8386991024017334,-61.0645637512207
full_clean_z,385,disco__disco.00093,disco,3,4.797086238861084,-59.64823532104492
full_clean_z,386,disco__disco.00093,disco,3,5.171445846557617,-58.9017448425293
full_clean_z,387,disco__disco.00093,disco,3,5.660145282745361,-59.20341491699219
full_clean_z,388,disco__disco.00093,disco,3,6.2799553871154785,-59.549591064453125
full_clean_z,389,disco__disco.00093,disco,3,4.510815620422363,-59.397727966308594
full_clean_z,390,disco__disco.00093,disco,3,6.396816730499268,-59.253501892089844
full_clean_z,391,disco__disco.00094,disco,3,-4.81817102432251,45.25777816772461
full_clean_z,392,disco__disco.00094,disco,3,-3.974860191345215,44.2878303527832
full_clean_z,393,disco__disco.00094,disco,3,-3.9073028564453125,44.283058166503906
full_clean_z,394,disco__disco.00094,disco,3,-4.879511833190918,45.25650405883789
full_clean_z,395,disco__disco.00094,disco,3,-24.29629135131836,52.70051574707031
full_clean_z,396,disco__disco.00095,disco,3,5.724133014678955,-58.17121124267578
full_clean_z,397,disco__disco.00095,disco,3,5.897554874420166,-59.50895690917969
full_clean_z,398,disco__disco.00095,disco,3,5.340144634246826,-57.82060241699219
full_clean_z,399,disco__disco.00095,disco,3,4.294710159301758,-61.15139389038086
full_clean_z,400,hiphop__hiphop.00002,hiphop,4,-18.94798469543457,-31.388126373291016
full_clean_z,401,hiphop__hiphop.00002,hiphop,4,-16.80979347229004,-38.54362487792969
full_clean_z,402,hiphop__hiphop.00002,hiphop,4,-16.46989631652832,-38.76250457763672
full_clean_z,403,hiphop__hiphop.00002,hiphop,4,-17.59061050415039,-38.312923431396484
full_clean_z,404,hiphop__hiphop.00002,hiphop,4,-18.27135467529297,-31.921546936035156
full_clean_z,405,hiphop__hiphop.00034,hiphop,4,-33.283138275146484,-39.3604850769043
full_clean_z,406,hiphop__hiphop.00034,hiphop,4,-33.18914031982422,-39.47347640991211
full_clean_z,407,hiphop__hiphop.00034,hiphop,4,-33.40150451660156,-39.25374984741211
full_clean_z,408,hiphop__hiphop.00034,hiphop,4,-33.84215545654297,-38.79630661010742
full_clean_z,409,hiphop__hiphop.00034,hiphop,4,-33.619869232177734,-39.0738410949707
full_clean_z,410,hiphop__hiphop.00034,hiphop,4,-33.5556640625,-39.12906265258789
full_clean_z,411,hiphop__hiphop.00038,hiphop,4,-32.9605827331543,-36.777587890625
full_clean_z,412,hiphop__hiphop.00038,hiphop,4,-32.925289154052734,-36.65749740600586
full_clean_z,413,hiphop__hiphop.00038,hiphop,4,-32.939910888671875,-36.57731628417969
full_clean_z,414,hiphop__hiphop.00038,hiphop,4,-33.040855407714844,-36.62775802612305
full_clean_z,415,hiphop__hiphop.00040,hiphop,4,-35.840492248535156,6.8016533851623535
full_clean_z,416,hiphop__hiphop.00040,hiphop,4,-36.00514221191406,7.558557987213135
full_clean_z,417,hiphop__hiphop.00040,hiphop,4,-35.860992431640625,7.664871692657471
full_clean_z,418,hiphop__hiphop.00040,hiphop,4,-5.23241662979126,-9.475126266479492
full_clean_z,419,hiphop__hiphop.00040,hiphop,4,-11.570134162902832,-9.842569351196289
full_clean_z,420,hiphop__hiphop.00040,hiphop,4,-3.90154767036438,-11.55848217010498
full_clean_z,421,hiphop__hiphop.00040,hiphop,4,-10.514405250549316,-9.279273986816406
full_clean_z,422,hiphop__hiphop.00042,hiphop,4,-30.41152572631836,-18.516401290893555
full_clean_z,423,hiphop__hiphop.00042,hiphop,4,-29.996030807495117,-36.44108200073242
full_clean_z,424,hiphop__hiphop.00042,hiphop,4,-29.87574577331543,-36.35811996459961
full_clean_z,425,hiphop__hiphop.00042,hiphop,4,-29.947595596313477,-36.41755676269531
full_clean_z,426,hiphop__hiphop.00042,hiphop,4,-30.013784408569336,-36.49359130859375
full_clean_z,427,hiphop__hiphop.00042,hiphop,4,-17.553361892700195,-29.621212005615234
full_clean_z,428,hiphop__hiphop.00042,hiphop,4,-17.59700584411621,-29.67875099182129
full_clean_z,429,hiphop__hiphop.00042,hiphop,4,-29.172826766967773,-35.58795166015625
full_clean_z,430,hiphop__hiphop.00044,hiphop,4,-24.79488182067871,-31.753320693969727
full_clean_z,431,hiphop__hiphop.00044,hiphop,4,-9.831575393676758,-5.802905559539795
full_clean_z,432,hiphop__hiphop.00044,hiphop,4,-9.427397727966309,-5.33005952835083
full_clean_z,433,hiphop__hiphop.00044,hiphop,4,-9.270755767822266,-5.002979755401611
full_clean_z,434,hiphop__hiphop.00044,hiphop,4,2.0845744609832764,11.87280559539795
full_clean_z,435,hiphop__hiphop.00044,hiphop,4,-34.58168411254883,7.2906880378723145
full_clean_z,436,hiphop__hiphop.00044,hiphop,4,-34.163475036621094,22.899803161621094
full_clean_z,437,hiphop__hiphop.00053,hiphop,4,3.9753506183624268,-45.16084289550781
full_clean_z,438,hiphop__hiphop.00053,hiphop,4,4.025216579437256,-45.96028518676758
full_clean_z,439,hiphop__hiphop.00053,hiphop,4,4.002803325653076,-45.55820083618164
full_clean_z,440,hiphop__hiphop.00053,hiphop,4,4.067567348480225,-46.07151794433594
full_clean_z,441,hiphop__hiphop.00053,hiphop,4,4.088788986206055,-46.89563751220703
full_clean_z,442,hiphop__hiphop.00053,hiphop,4,-24.82527732849121,-31.64718246459961
full_clean_z,443,hiphop__hiphop.00053,hiphop,4,-20.4339542388916,-40.75236892700195
full_clean_z,444,hiphop__hiphop.00053,hiphop,4,-27.494293212890625,-32.56841278076172
full_clean_z,445,hiphop__hiphop.00053,hiphop,4,-27.573514938354492,-32.59147262573242
full_clean_z,446,hiphop__hiphop.00076,hiphop,4,-30.872364044189453,-42.25968933105469
full_clean_z,447,hiphop__hiphop.00076,hiphop,4,-30.87930679321289,-42.154876708984375
full_clean_z,448,hiphop__hiphop.00076,hiphop,4,-30.90907096862793,-42.26569366455078
full_clean_z,449,hiphop__hiphop.00076,hiphop,4,-30.866174697875977,-42.149635314941406
full_clean_z,450,hiphop__hiphop.00076,hiphop,4,-30.83711814880371,-42.02316665649414
full_clean_z,451,hiphop__hiphop.00076,hiphop,4,-30.8134765625,-41.79005813598633
full_clean_z,452,hiphop__hiphop.00079,hiphop,4,-22.355316162109375,-23.42093276977539
full_clean_z,453,hiphop__hiphop.00079,hiphop,4,-22.406982421875,-23.309053421020508
full_clean_z,454,hiphop__hiphop.00079,hiphop,4,-21.98624610900879,-24.920747756958008
full_clean_z,455,hiphop__hiphop.00079,hiphop,4,-21.968002319335938,-25.59526824951172
full_clean_z,456,hiphop__hiphop.00079,hiphop,4,-21.921737670898438,-25.285837173461914
full_clean_z,457,hiphop__hiphop.00079,hiphop,4,-21.871660232543945,-25.34476089477539
full_clean_z,458,hiphop__hiphop.00079,hiphop,4,-22.011791229248047,-24.627695083618164
full_clean_z,459,hiphop__hiphop.00079,hiphop,4,-22.409242630004883,-23.449617385864258
full_clean_z,460,hiphop__hiphop.00082,hiphop,4,-26.738910675048828,-45.24147415161133
full_clean_z,461,hiphop__hiphop.00082,hiphop,4,-26.50084114074707,-45.417667388916016
full_clean_z,462,hiphop__hiphop.00082,hiphop,4,-26.361934661865234,-45.79587173461914
full_clean_z,463,hiphop__hiphop.00082,hiphop,4,-26.323610305786133,-45.59686279296875
full_clean_z,464,hiphop__hiphop.00082,hiphop,4,-26.38313102722168,-45.47089385986328
full_clean_z,465,hiphop__hiphop.00082,hiphop,4,-26.669692993164062,-45.28868865966797
full_clean_z,466,hiphop__hiphop.00087,hiphop,4,-30.92552375793457,-39.18448257446289
full_clean_z,467,hiphop__hiphop.00087,hiphop,4,-30.90611457824707,-39.30518341064453
full_clean_z,468,hiphop__hiphop.00087,hiphop,4,-30.88839340209961,-39.24996566772461
full_clean_z,469,hiphop__hiphop.00087,hiphop,4,-30.9346923828125,-39.07550811767578
full_clean_z,470,hiphop__hiphop.00087,hiphop,4,-30.951183319091797,-39.106204986572266
full_clean_z,471,hiphop__hiphop.00087,hiphop,4,-30.930294036865234,-39.07929992675781
full_clean_z,472,hiphop__hiphop.00087,hiphop,4,-30.9350528717041,-39.0190544128418
full_clean_z,473,hiphop__hiphop.00089,hiphop,4,-23.87965202331543,-44.81782531738281
full_clean_z,474,hiphop__hiphop.00089,hiphop,4,-23.65867805480957,-45.139892578125
full_clean_z,475,hiphop__hiphop.00089,hiphop,4,-23.51146697998047,-45.12113952636719
full_clean_z,476,hiphop__hiphop.00089,hiphop,4,-23.764225006103516,-45.25284957885742
full_clean_z,477,hiphop__hiphop.00089,hiphop,4,-23.883256912231445,-45.23078155517578
full_clean_z,478,hiphop__hiphop.00093,hiphop,4,-0.011750954203307629,45.028236389160156
full_clean_z,479,hiphop__hiphop.00093,hiphop,4,-0.09259790182113647,44.67735290527344
full_clean_z,480,hiphop__hiphop.00093,hiphop,4,-0.6148531436920166,44.04011535644531
full_clean_z,481,hiphop__hiphop.00093,hiphop,4,-3.6293482780456543,40.990135192871094
full_clean_z,482,hiphop__hiphop.00093,hiphop,4,-3.6496775150299072,40.96579360961914
full_clean_z,483,hiphop__hiphop.00093,hiphop,4,-0.3515673279762268,43.75346374511719
full_clean_z,484,hiphop__hiphop.00093,hiphop,4,-0.539094090461731,43.82402801513672
full_clean_z,485,hiphop__hiphop.00093,hiphop,4,-0.16067509353160858,44.98854446411133
full_clean_z,486,hiphop__hiphop.00093,hiphop,4,-0.7628054022789001,43.676849365234375
full_clean_z,487,hiphop__hiphop.00094,hiphop,4,-30.244295120239258,-45.082637786865234
full_clean_z,488,hiphop__hiphop.00094,hiphop,4,-30.46999740600586,-45.14593505859375
full_clean_z,489,hiphop__hiphop.00094,hiphop,4,-30.694604873657227,-45.02829360961914
full_clean_z,490,hiphop__hiphop.00094,hiphop,4,-30.36811637878418,-45.136810302734375
full_clean_z,491,hiphop__hiphop.00094,hiphop,4,-30.46349334716797,-45.19733810424805
full_clean_z,492,hiphop__hiphop.00098,hiphop,4,-27.912683486938477,-46.123939514160156
full_clean_z,493,hiphop__hiphop.00098,hiphop,4,-22.32908058166504,-44.88333511352539
full_clean_z,494,hiphop__hiphop.00098,hiphop,4,-27.886577606201172,-46.16834259033203
full_clean_z,495,hiphop__hiphop.00098,hiphop,4,-28.335529327392578,-45.48903274536133
full_clean_z,496,hiphop__hiphop.00098,hiphop,4,-29.06837272644043,-44.854835510253906
full_clean_z,497,hiphop__hiphop.00098,hiphop,4,-29.056203842163086,-44.92069625854492
full_clean_z,498,hiphop__hiphop.00098,hiphop,4,-28.916358947753906,-44.7346305847168
full_clean_z,499,hiphop__hiphop.00098,hiphop,4,-29.03009796142578,-44.740909576416016
full_clean_z,500,jazz__jazz.00033,jazz,5,49.628868103027344,15.690159797668457
full_clean_z,501,jazz__jazz.00033,jazz,5,50.04832458496094,15.662479400634766
full_clean_z,502,jazz__jazz.00033,jazz,5,49.64921951293945,15.92892837524414
full_clean_z,503,jazz__jazz.00033,jazz,5,48.66849136352539,15.619760513305664
full_clean_z,504,jazz__jazz.00033,jazz,5,48.58492660522461,15.647050857543945
full_clean_z,505,jazz__jazz.00033,jazz,5,49.64619827270508,15.93969440460205
full_clean_z,506,jazz__jazz.00041,jazz,5,46.871952056884766,17.74864387512207
full_clean_z,507,jazz__jazz.00041,jazz,5,43.60521697998047,17.85853385925293
full_clean_z,508,jazz__jazz.00041,jazz,5,43.677242279052734,17.735509872436523
full_clean_z,509,jazz__jazz.00041,jazz,5,46.584529876708984,17.470727920532227
full_clean_z,510,jazz__jazz.00041,jazz,5,46.57760238647461,17.538881301879883
full_clean_z,511,jazz__jazz.00041,jazz,5,44.25811767578125,17.18727684020996
full_clean_z,512,jazz__jazz.00041,jazz,5,46.454769134521484,16.79398536682129
full_clean_z,513,jazz__jazz.00041,jazz,5,46.74828338623047,16.52758026123047
full_clean_z,514,jazz__jazz.00041,jazz,5,45.95782470703125,17.513134002685547
full_clean_z,515,jazz__jazz.00041,jazz,5,46.73841094970703,16.36701202392578
full_clean_z,516,jazz__jazz.00046,jazz,5,46.91449737548828,18.39261245727539
full_clean_z,517,jazz__jazz.00046,jazz,5,43.102508544921875,17.887361526489258
full_clean_z,518,jazz__jazz.00046,jazz,5,47.76499938964844,19.46367645263672
full_clean_z,519,jazz__jazz.00046,jazz,5,47.52083206176758,19.037166595458984
full_clean_z,520,jazz__jazz.00046,jazz,5,47.754730224609375,19.059650421142578
full_clean_z,521,jazz__jazz.00046,jazz,5,46.54646682739258,19.491016387939453
full_clean_z,522,jazz__jazz.00046,jazz,5,46.53936004638672,19.384244918823242
full_clean_z,523,jazz__jazz.00046,jazz,5,46.472434997558594,19.431930541992188
full_clean_z,524,jazz__jazz.00048,jazz,5,48.614192962646484,19.791278839111328
full_clean_z,525,jazz__jazz.00048,jazz,5,50.205413818359375,17.434757232666016
full_clean_z,526,jazz__jazz.00048,jazz,5,50.10968017578125,18.582231521606445
full_clean_z,527,jazz__jazz.00048,jazz,5,50.18064498901367,16.965042114257812
full_clean_z,528,jazz__jazz.00048,jazz,5,50.03432846069336,16.61463737487793
full_clean_z,529,jazz__jazz.00048,jazz,5,50.1129150390625,16.99468994140625
full_clean_z,530,jazz__jazz.00048,jazz,5,6.385709285736084,11.8450345993042
full_clean_z,531,jazz__jazz.00048,jazz,5,50.093204498291016,18.717626571655273
full_clean_z,532,jazz__jazz.00050,jazz,5,49.46809768676758,5.157084941864014
full_clean_z,533,jazz__jazz.00050,jazz,5,49.475311279296875,5.183769702911377
full_clean_z,534,jazz__jazz.00050,jazz,5,49.74168014526367,5.968822956085205
full_clean_z,535,jazz__jazz.00050,jazz,5,49.80175018310547,6.314337253570557
full_clean_z,536,jazz__jazz.00050,jazz,5,43.542579650878906,5.646178245544434
full_clean_z,537,jazz__jazz.00050,jazz,5,44.24609375,2.1521706581115723
full_clean_z,538,jazz__jazz.00050,jazz,5,49.66143035888672,5.790409088134766
full_clean_z,539,jazz__jazz.00050,jazz,5,37.81635284423828,2.48140549659729
full_clean_z,540,jazz__jazz.00050,jazz,5,37.814964294433594,2.4789669513702393
full_clean_z,541,jazz__jazz.00059,jazz,5,49.6718864440918,6.837685585021973
full_clean_z,542,jazz__jazz.00059,jazz,5,7.6206183433532715,-20.650419235229492
full_clean_z,543,jazz__jazz.00060,jazz,5,29.972686767578125,2.9640252590179443
full_clean_z,544,jazz__jazz.00060,jazz,5,29.612611770629883,2.8140017986297607
full_clean_z,545,jazz__jazz.00060,jazz,5,52.829750061035156,7.267516613006592
full_clean_z,546,jazz__jazz.00060,jazz,5,53.10002136230469,6.954837322235107
full_clean_z,547,jazz__jazz.00060,jazz,5,52.09378433227539,7.837903022766113
full_clean_z,548,jazz__jazz.00060,jazz,5,52.09539031982422,7.733504772186279
full_clean_z,549,jazz__jazz.00071,jazz,5,49.93210983276367,10.978960037231445
full_clean_z,550,jazz__jazz.00071,jazz,5,51.95589828491211,8.653316497802734
full_clean_z,551,jazz__jazz.00071,jazz,5,51.82410430908203,8.627333641052246
full_clean_z,552,jazz__jazz.00071,jazz,5,52.3626823425293,7.619239330291748
full_clean_z,553,jazz__jazz.00071,jazz,5,52.22416687011719,8.056769371032715
full_clean_z,554,jazz__jazz.00071,jazz,5,53.275611877441406,8.99039363861084
full_clean_z,555,jazz__jazz.00071,jazz,5,35.10957717895508,3.912930965423584
full_clean_z,556,jazz__jazz.00081,jazz,5,31.587867736816406,12.623987197875977
full_clean_z,557,jazz__jazz.00081,jazz,5,31.55514144897461,12.026352882385254
full_clean_z,558,jazz__jazz.00081,jazz,5,31.563365936279297,12.068156242370605
full_clean_z,559,jazz__jazz.00081,jazz,5,31.505428314208984,11.863554954528809
full_clean_z,560,jazz__jazz.00081,jazz,5,31.340288162231445,11.450194358825684
full_clean_z,561,jazz__jazz.00081,jazz,5,50.87607192993164,13.273478507995605
full_clean_z,562,jazz__jazz.00081,jazz,5,50.86837387084961,13.276288032531738
full_clean_z,563,jazz__jazz.00081,jazz,5,31.605449676513672,12.979302406311035
full_clean_z,564,jazz__jazz.00081,jazz,5,31.600425720214844,12.947922706604004
full_clean_z,565,jazz__jazz.00084,jazz,5,53.64041519165039,10.205830574035645
full_clean_z,566,jazz__jazz.00084,jazz,5,53.14444351196289,9.516252517700195
full_clean_z,567,jazz__jazz.00084,jazz,5,53.44584274291992,10.159153938293457
full_clean_z,568,jazz__jazz.00084,jazz,5,53.239418029785156,9.54940414428711
full_clean_z,569,jazz__jazz.00084,jazz,5,53.30411148071289,8.60973072052002
full_clean_z,570,jazz__jazz.00084,jazz,5,53.145164489746094,10.063847541809082
full_clean_z,571,jazz__jazz.00084,jazz,5,53.3577880859375,10.010273933410645
full_clean_z,572,jazz__jazz.00084,jazz,5,53.53602981567383,10.011336326599121
full_clean_z,573,jazz__jazz.00086,jazz,5,52.60009765625,9.973409652709961
full_clean_z,574,jazz__jazz.00086,jazz,5,52.489646911621094,10.234087944030762
full_clean_z,575,jazz__jazz.00086,jazz,5,45.933387756347656,4.4615960121154785
full_clean_z,576,jazz__jazz.00086,jazz,5,46.396690368652344,5.187160015106201
full_clean_z,577,jazz__jazz.00086,jazz,5,46.64148712158203,5.670986652374268
full_clean_z,578,jazz__jazz.00091,jazz,5,49.951534271240234,10.713662147521973
full_clean_z,579,jazz__jazz.00091,jazz,5,44.76521301269531,-1.6033835411071777
full_clean_z,580,jazz__jazz.00092,jazz,5,45.0735969543457,3.705420732498169
full_clean_z,581,jazz__jazz.00092,jazz,5,50.54280471801758,9.811302185058594
full_clean_z,582,jazz__jazz.00092,jazz,5,50.41336441040039,9.914261817932129
full_clean_z,583,jazz__jazz.00092,jazz,5,45.112613677978516,-1.1623492240905762
full_clean_z,584,jazz__jazz.00092,jazz,5,51.423431396484375,10.164502143859863
full_clean_z,585,jazz__jazz.00092,jazz,5,50.54820251464844,9.667378425598145
full_clean_z,586,jazz__jazz.00092,jazz,5,45.19313049316406,-0.8563588261604309
full_clean_z,587,jazz__jazz.00096,jazz,5,48.09786605834961,14.04992961883545
full_clean_z,588,jazz__jazz.00096,jazz,5,51.15153121948242,6.583078861236572
full_clean_z,589,jazz__jazz.00096,jazz,5,48.45881652832031,12.30987548828125
full_clean_z,590,jazz__jazz.00096,jazz,5,48.99267578125,15.086275100708008
full_clean_z,591,jazz__jazz.00096,jazz,5,53.49088668823242,11.302871704101562
full_clean_z,592,jazz__jazz.00096,jazz,5,46.459571838378906,16.190473556518555
full_clean_z,593,jazz__jazz.00096,jazz,5,45.183589935302734,16.803022384643555
full_clean_z,594,jazz__jazz.00096,jazz,5,45.32921600341797,16.020931243896484
full_clean_z,595,jazz__jazz.00096,jazz,5,46.21232223510742,15.702997207641602
full_clean_z,596,jazz__jazz.00096,jazz,5,46.32451629638672,15.64472484588623
full_clean_z,597,jazz__jazz.00099,jazz,5,47.3128547668457,15.860608100891113
full_clean_z,598,jazz__jazz.00099,jazz,5,44.706214904785156,16.756423950195312
full_clean_z,599,jazz__jazz.00099,jazz,5,44.18765640258789,17.00896644592285
full_clean_z,600,metal__metal.00002,metal,6,20.907901763916016,35.825775146484375
full_clean_z,601,metal__metal.00002,metal,6,19.854297637939453,36.88161087036133
full_clean_z,602,metal__metal.00002,metal,6,20.26395034790039,36.69772720336914
full_clean_z,603,metal__metal.00002,metal,6,21.089344024658203,38.104061126708984
full_clean_z,604,metal__metal.00002,metal,6,18.17473030090332,31.190673828125
full_clean_z,605,metal__metal.00002,metal,6,18.120071411132812,31.09688949584961
full_clean_z,606,metal__metal.00002,metal,6,18.158117294311523,31.21354103088379
full_clean_z,607,metal__metal.00002,metal,6,17.891433715820312,31.209903717041016
full_clean_z,608,metal__metal.00002,metal,6,8.41876220703125,22.655672073364258
full_clean_z,609,metal__metal.00004,metal,6,16.365230560302734,43.25121307373047
full_clean_z,610,metal__metal.00004,metal,6,16.396089553833008,43.22213363647461
full_clean_z,611,metal__metal.00004,metal,6,17.20357322692871,42.16253662109375
full_clean_z,612,metal__metal.00004,metal,6,17.174365997314453,42.31135940551758
full_clean_z,613,metal__metal.00004,metal,6,16.93552017211914,42.64115905761719
full_clean_z,614,metal__metal.00004,metal,6,16.430606842041016,43.134483337402344
full_clean_z,615,metal__metal.00004,metal,6,17.36240577697754,42.0284309387207
full_clean_z,616,metal__metal.00012,metal,6,17.85918426513672,40.48662185668945
full_clean_z,617,metal__metal.00012,metal,6,17.87888526916504,40.424835205078125
full_clean_z,618,metal__metal.00012,metal,6,17.894407272338867,40.47745132446289
full_clean_z,619,metal__metal.00012,metal,6,19.494232177734375,40.16276550292969
full_clean_z,620,metal__metal.00012,metal,6,19.516021728515625,38.858741760253906
full_clean_z,621,metal__metal.00012,metal,6,19.44264793395996,38.9142951965332
full_clean_z,622,metal__metal.00012,metal,6,19.50953483581543,38.70425796508789
full_clean_z,623,metal__metal.00012,metal,6,19.671403884887695,37.950897216796875
full_clean_z,624,metal__metal.00022,metal,6,2.682727098464966,30.37009620666504
full_clean_z,625,metal__metal.00022,metal,6,2.4905033111572266,30.805923461914062
full_clean_z,626,metal__metal.00022,metal,6,2.6047751903533936,30.65154457092285
full_clean_z,627,metal__metal.00022,metal,6,2.1634414196014404,31.132144927978516
full_clean_z,628,metal__metal.00022,metal,6,2.4905898571014404,30.844419479370117
full_clean_z,629,metal__metal.00022,metal,6,2.5314581394195557,30.830421447753906
full_clean_z,630,metal__metal.00022,metal,6,2.6399967670440674,30.72780418395996
full_clean_z,631,metal__metal.00022,metal,6,2.6399080753326416,30.72728729248047
full_clean_z,632,metal__metal.00024,metal,6,21.03118896484375,34.299983978271484
full_clean_z,633,metal__metal.00024,metal,6,20.971973419189453,34.56634521484375
full_clean_z,634,metal__metal.00024,metal,6,19.385358810424805,32.31217575073242
full_clean_z,635,metal__metal.00024,metal,6,21.009098052978516,35.23008728027344
full_clean_z,636,metal__metal.00024,metal,6,20.443065643310547,33.49656677246094
full_clean_z,637,metal__metal.00024,metal,6,20.54659652709961,33.5535888671875
full_clean_z,638,metal__metal.00024,metal,6,20.594972610473633,33.47509765625
full_clean_z,639,metal__metal.00024,metal,6,20.565465927124023,33.88374710083008
full_clean_z,640,metal__metal.00030,metal,6,1.4846084117889404,16.48215103149414
full_clean_z,641,metal__metal.00030,metal,6,1.3434598445892334,16.33395004272461
full_clean_z,642,metal__metal.00030,metal,6,1.9323015213012695,16.79996109008789
full_clean_z,643,metal__metal.00030,metal,6,16.297391891479492,28.489402770996094
full_clean_z,644,metal__metal.00030,metal,6,16.211872100830078,28.41621971130371
full_clean_z,645,metal__metal.00049,metal,6,22.941741943359375,38.531497955322266
full_clean_z,646,metal__metal.00049,metal,6,22.04100799560547,39.412452697753906
full_clean_z,647,metal__metal.00049,metal,6,22.930727005004883,39.209930419921875
full_clean_z,648,metal__metal.00049,metal,6,22.627153396606445,39.328433990478516
full_clean_z,649,metal__metal.00049,metal,6,22.79503631591797,39.05178451538086
full_clean_z,650,metal__metal.00049,metal,6,22.78146743774414,38.8929443359375
full_clean_z,651,metal__metal.00049,metal,6,22.936141967773438,37.96894836425781
full_clean_z,652,metal__metal.00049,metal,6,23.60926628112793,39.4760627746582
full_clean_z,653,metal__metal.00049,metal,6,22.10483741760254,37.467403411865234
full_clean_z,654,metal__metal.00051,metal,6,23.2967529296875,38.17148971557617
full_clean_z,655,metal__metal.00051,metal,6,23.2233829498291,37.95220947265625
full_clean_z,656,metal__metal.00051,metal,6,20.938980102539062,36.964744567871094
full_clean_z,657,metal__metal.00051,metal,6,20.737064361572266,37.003196716308594
full_clean_z,658,metal__metal.00051,metal,6,22.33516502380371,36.985931396484375
full_clean_z,659,metal__metal.00051,metal,6,21.497682571411133,36.84819412231445
full_clean_z,660,metal__metal.00051,metal,6,21.943588256835938,36.83202362060547
full_clean_z,661,metal__metal.00051,metal,6,22.168975830078125,37.18449401855469
full_clean_z,662,metal__metal.00052,metal,6,21.157325744628906,37.75217819213867
full_clean_z,663,metal__metal.00052,metal,6,21.014694213867188,37.75123596191406
full_clean_z,664,metal__metal.00052,metal,6,22.05792808532715,40.05067443847656
full_clean_z,665,metal__metal.00052,metal,6,21.106325149536133,43.54376220703125
full_clean_z,666,metal__metal.00052,metal,6,21.117887496948242,43.57850646972656
full_clean_z,667,metal__metal.00056,metal,6,23.48828887939453,40.71952438354492
full_clean_z,668,metal__metal.00056,metal,6,23.400781631469727,38.88560104370117
full_clean_z,669,metal__metal.00056,metal,6,22.279111862182617,37.80288314819336
full_clean_z,670,metal__metal.00056,metal,6,23.462656021118164,39.57509231567383
full_clean_z,671,metal__metal.00056,metal,6,23.559825897216797,40.54328918457031
full_clean_z,672,metal__metal.00056,metal,6,23.2211856842041,39.14776611328125
full_clean_z,673,metal__metal.00069,metal,6,18.626415252685547,37.128448486328125
full_clean_z,674,metal__metal.00069,metal,6,16.419614791870117,36.95861053466797
full_clean_z,675,metal__metal.00069,metal,6,14.103813171386719,28.442798614501953
full_clean_z,676,metal__metal.00069,metal,6,14.181073188781738,28.483619689941406
full_clean_z,677,metal__metal.00069,metal,6,17.661706924438477,38.83179473876953
full_clean_z,678,metal__metal.00069,metal,6,17.740869522094727,39.091575622558594
full_clean_z,679,metal__metal.00069,metal,6,0.3379386067390442,43.61854553222656
full_clean_z,680,metal__metal.00091,metal,6,-10.199915885925293,33.11185073852539
full_clean_z,681,metal__metal.00091,metal,6,-10.217473983764648,33.26127624511719
full_clean_z,682,metal__metal.00091,metal,6,-20.607372283935547,28.92580795288086
full_clean_z,683,metal__metal.00091,metal,6,-29.367557525634766,21.404611587524414
full_clean_z,684,metal__metal.00091,metal,6,-29.811616897583008,23.705995559692383
full_clean_z,685,metal__metal.00091,metal,6,-29.469667434692383,23.462007522583008
full_clean_z,686,metal__metal.00092,metal,6,16.68032455444336,31.82068634033203
full_clean_z,687,metal__metal.00092,metal,6,16.44161605834961,31.25048065185547
full_clean_z,688,metal__metal.00092,metal,6,16.25128746032715,31.410892486572266
full_clean_z,689,metal__metal.00092,metal,6,15.51366138458252,36.01645278930664
full_clean_z,690,metal__metal.00092,metal,6,16.08612060546875,28.366056442260742
full_clean_z,691,metal__metal.00092,metal,6,24.28973388671875,38.2216911315918
full_clean_z,692,metal__metal.00096,metal,6,16.164182662963867,40.96693801879883
full_clean_z,693,metal__metal.00096,metal,6,21.33294105529785,42.25331115722656
full_clean_z,694,metal__metal.00097,metal,6,-7.710197448730469,50.380985260009766
full_clean_z,695,metal__metal.00097,metal,6,-7.72629451751709,50.41462707519531
full_clean_z,696,metal__metal.00097,metal,6,20.398141860961914,41.94462966918945
full_clean_z,697,metal__metal.00097,metal,6,20.362794876098633,41.81570816040039
full_clean_z,698,metal__metal.00097,metal,6,20.40782928466797,41.861717224121094
full_clean_z,699,metal__metal.00097,metal,6,20.28710174560547,41.73701095581055
full_clean_z,700,pop__pop.00003,pop,7,-33.42927932739258,-13.625924110412598
full_clean_z,701,pop__pop.00003,pop,7,-3.650777578353882,-44.706459045410156
full_clean_z,702,pop__pop.00003,pop,7,-3.6660287380218506,-44.70193099975586
full_clean_z,703,pop__pop.00003,pop,7,-15.62800407409668,0.6132889986038208
full_clean_z,704,pop__pop.00003,pop,7,-31.431169509887695,-9.723559379577637
full_clean_z,705,pop__pop.00003,pop,7,-15.58181095123291,-14.048012733459473
full_clean_z,706,pop__pop.00003,pop,7,-15.636551856994629,-13.94458293914795
full_clean_z,707,pop__pop.00007,pop,7,-11.72716999053955,-10.620682716369629
full_clean_z,708,pop__pop.00007,pop,7,-11.717551231384277,-10.577765464782715
full_clean_z,709,pop__pop.00007,pop,7,-36.45534896850586,-15.99814224243164
full_clean_z,710,pop__pop.00007,pop,7,-36.399959564208984,-15.967631340026855
full_clean_z,711,pop__pop.00007,pop,7,-36.811283111572266,-16.078800201416016
full_clean_z,712,pop__pop.00007,pop,7,-42.429569244384766,13.509432792663574
full_clean_z,713,pop__pop.00007,pop,7,-42.3589973449707,14.392772674560547
full_clean_z,714,pop__pop.00007,pop,7,-19.202470779418945,11.281991958618164
full_clean_z,715,pop__pop.00015,pop,7,-34.58805847167969,-15.27176284790039
full_clean_z,716,pop__pop.00015,pop,7,-34.65606689453125,-15.241120338439941
full_clean_z,717,pop__pop.00015,pop,7,-34.87228775024414,-15.321685791015625
full_clean_z,718,pop__pop.00015,pop,7,-34.571998596191406,-14.858563423156738
full_clean_z,719,pop__pop.00015,pop,7,-34.78765106201172,-14.800219535827637
full_clean_z,720,pop__pop.00015,pop,7,-34.7576904296875,-14.547179222106934
full_clean_z,721,pop__pop.00021,pop,7,-23.97760009765625,-21.80060577392578
full_clean_z,722,pop__pop.00021,pop,7,-35.3161506652832,-13.128382682800293
full_clean_z,723,pop__pop.00021,pop,7,-36.16931915283203,-13.61984920501709
full_clean_z,724,pop__pop.00021,pop,7,-36.735740661621094,-12.561612129211426
full_clean_z,725,pop__pop.00021,pop,7,-36.077239990234375,-13.329081535339355
full_clean_z,726,pop__pop.00021,pop,7,-35.13018798828125,-14.445762634277344
full_clean_z,727,pop__pop.00021,pop,7,-35.625083923339844,-14.590173721313477
full_clean_z,728,pop__pop.00021,pop,7,-35.83110427856445,-13.892891883850098
full_clean_z,729,pop__pop.00028,pop,7,-33.43174362182617,-17.152206420898438
full_clean_z,730,pop__pop.00028,pop,7,-34.08000946044922,-16.260866165161133
full_clean_z,731,pop__pop.00028,pop,7,-33.378475189208984,-17.197832107543945
full_clean_z,732,pop__pop.00028,pop,7,-33.81972122192383,-16.723400115966797
full_clean_z,733,pop__pop.00028,pop,7,-33.962989807128906,-16.80653953552246
full_clean_z,734,pop__pop.00028,pop,7,-33.72361755371094,-10.890483856201172
full_clean_z,735,pop__pop.00029,pop,7,-13.892176628112793,-13.467506408691406
full_clean_z,736,pop__pop.00029,pop,7,-14.51911735534668,-14.07144546508789
full_clean_z,737,pop__pop.00029,pop,7,-13.204554557800293,-13.136574745178223
full_clean_z,738,pop__pop.00029,pop,7,-14.30152416229248,-14.167159080505371
full_clean_z,739,pop__pop.00029,pop,7,-30.520423889160156,-17.63084602355957
full_clean_z,740,pop__pop.00029,pop,7,-33.43964767456055,-9.171625137329102
full_clean_z,741,pop__pop.00029,pop,7,-13.840210914611816,-13.268619537353516
full_clean_z,742,pop__pop.00029,pop,7,-31.945323944091797,-9.081698417663574
full_clean_z,743,pop__pop.00033,pop,7,-37.36003875732422,-11.636162757873535
full_clean_z,744,pop__pop.00033,pop,7,-22.292766571044922,-22.205942153930664
full_clean_z,745,pop__pop.00033,pop,7,-17.679166793823242,-24.931867599487305
full_clean_z,746,pop__pop.00033,pop,7,-18.32656478881836,-22.189565658569336
full_clean_z,747,pop__pop.00033,pop,7,-18.62590789794922,-20.550065994262695
full_clean_z,748,pop__pop.00033,pop,7,-18.341785430908203,-22.24212646484375
full_clean_z,749,pop__pop.00033,pop,7,-37.29589080810547,-11.859269142150879
full_clean_z,750,pop__pop.00033,pop,7,-37.29579162597656,-11.859428405761719
full_clean_z,751,pop__pop.00034,pop,7,-34.10917663574219,-11.92148208618164
full_clean_z,752,pop__pop.00034,pop,7,-34.070682525634766,-13.468524932861328
full_clean_z,753,pop__pop.00034,pop,7,-34.70156478881836,-12.73281478881836
full_clean_z,754,pop__pop.00034,pop,7,-34.43328857421875,-12.270232200622559
full_clean_z,755,pop__pop.00034,pop,7,-33.499332427978516,-10.53873062133789
full_clean_z,756,pop__pop.00034,pop,7,-33.843265533447266,-11.386673927307129
full_clean_z,757,pop__pop.00034,pop,7,-22.748140335083008,-20.79005241394043
full_clean_z,758,pop__pop.00035,pop,7,-34.261962890625,-13.486074447631836
full_clean_z,759,pop__pop.00035,pop,7,-34.35145568847656,-14.461347579956055
full_clean_z,760,pop__pop.00035,pop,7,-33.89841079711914,-14.799407958984375
full_clean_z,761,pop__pop.00035,pop,7,-35.69935607910156,-13.191825866699219
full_clean_z,762,pop__pop.00035,pop,7,-35.702003479003906,-13.188880920410156
full_clean_z,763,pop__pop.00038,pop,7,-28.569181442260742,-37.260616302490234
full_clean_z,764,pop__pop.00038,pop,7,-22.703739166259766,-22.662700653076172
full_clean_z,765,pop__pop.00038,pop,7,-22.534658432006836,-22.613046646118164
full_clean_z,766,pop__pop.00038,pop,7,-23.14495849609375,-22.685104370117188
full_clean_z,767,pop__pop.00039,pop,7,-14.56572151184082,-13.975279808044434
full_clean_z,768,pop__pop.00039,pop,7,-32.990386962890625,-18.806659698486328
full_clean_z,769,pop__pop.00039,pop,7,-33.466064453125,-9.262580871582031
full_clean_z,770,pop__pop.00039,pop,7,-30.44225311279297,-17.28431510925293
full_clean_z,771,pop__pop.00039,pop,7,-33.55657958984375,-9.040709495544434
full_clean_z,772,pop__pop.00039,pop,7,-33.3129997253418,-14.956921577453613
full_clean_z,773,pop__pop.00039,pop,7,-33.236854553222656,-9.30301570892334
full_clean_z,774,pop__pop.00039,pop,7,-33.37041473388672,-8.831912994384766
full_clean_z,775,pop__pop.00045,pop,7,-21.69304084777832,-30.667064666748047
full_clean_z,776,pop__pop.00045,pop,7,-32.788734436035156,-18.00916862487793
full_clean_z,777,pop__pop.00045,pop,7,-32.82442092895508,-18.6357421875
full_clean_z,778,pop__pop.00045,pop,7,-32.47760009765625,-18.162281036376953
full_clean_z,779,pop__pop.00045,pop,7,-32.519996643066406,-18.477670669555664
full_clean_z,780,pop__pop.00049,pop,7,-32.7713737487793,-16.87431526184082
full_clean_z,781,pop__pop.00049,pop,7,-30.676443099975586,-17.812944412231445
full_clean_z,782,pop__pop.00049,pop,7,-17.58391571044922,-6.515079498291016
full_clean_z,783,pop__pop.00049,pop,7,-14.747039794921875,-12.888837814331055
full_clean_z,784,pop__pop.00049,pop,7,-32.7536735534668,-15.957499504089355
full_clean_z,785,pop__pop.00049,pop,7,-31.51089096069336,-9.480737686157227
full_clean_z,786,pop__pop.00049,pop,7,-31.509740829467773,-9.480927467346191
full_clean_z,787,pop__pop.00079,pop,7,-5.600983142852783,11.031298637390137
full_clean_z,788,pop__pop.00079,pop,7,42.4984130859375,-2.176447868347168
full_clean_z,789,pop__pop.00079,pop,7,-38.75666427612305,25.370027542114258
full_clean_z,790,pop__pop.00079,pop,7,-38.76255798339844,25.364383697509766
full_clean_z,791,pop__pop.00081,pop,7,-40.96419143676758,12.110142707824707
full_clean_z,792,pop__pop.00081,pop,7,-16.73460578918457,2.968790054321289
full_clean_z,793,pop__pop.00081,pop,7,-16.128360748291016,2.6612234115600586
full_clean_z,794,pop__pop.00081,pop,7,-16.552026748657227,2.8561770915985107
full_clean_z,795,pop__pop.00081,pop,7,-20.742708206176758,-4.185534477233887
full_clean_z,796,pop__pop.00081,pop,7,-42.1694221496582,12.29525375366211
full_clean_z,797,pop__pop.00081,pop,7,-42.20854568481445,12.315671920776367
full_clean_z,798,pop__pop.00081,pop,7,-16.479698181152344,2.9696640968322754
full_clean_z,799,pop__pop.00081,pop,7,-40.76034164428711,12.14121150970459
full_clean_z,800,reggae__reggae.00029,reggae,8,12.028017044067383,-23.506906509399414
full_clean_z,801,reggae__reggae.00029,reggae,8,11.241800308227539,-25.19756317138672
full_clean_z,802,reggae__reggae.00029,reggae,8,11.428436279296875,-25.037338256835938
full_clean_z,803,reggae__reggae.00029,reggae,8,11.407694816589355,-25.167776107788086
full_clean_z,804,reggae__reggae.00029,reggae,8,10.314888954162598,-25.448421478271484
full_clean_z,805,reggae__reggae.00029,reggae,8,10.266878128051758,-25.467151641845703
full_clean_z,806,reggae__reggae.00029,reggae,8,10.96364688873291,-25.823957443237305
full_clean_z,807,reggae__reggae.00029,reggae,8,10.656128883361816,-26.21993637084961
full_clean_z,808,reggae__reggae.00029,reggae,8,2.9398858547210693,-23.752939224243164
full_clean_z,809,reggae__reggae.00029,reggae,8,2.9111580848693848,-23.760208129882812
full_clean_z,810,reggae__reggae.00034,reggae,8,8.9839506149292,-24.595544815063477
full_clean_z,811,reggae__reggae.00034,reggae,8,11.642621994018555,-23.24799346923828
full_clean_z,812,reggae__reggae.00034,reggae,8,11.180793762207031,-23.241491317749023
full_clean_z,813,reggae__reggae.00034,reggae,8,12.0066499710083,-23.169631958007812
full_clean_z,814,reggae__reggae.00034,reggae,8,11.944095611572266,-23.00100326538086
full_clean_z,815,reggae__reggae.00034,reggae,8,12.483774185180664,-24.636886596679688
full_clean_z,816,reggae__reggae.00034,reggae,8,12.300666809082031,-24.223522186279297
full_clean_z,817,reggae__reggae.00034,reggae,8,11.922710418701172,-23.84086799621582
full_clean_z,818,reggae__reggae.00035,reggae,8,13.194534301757812,-23.327245712280273
full_clean_z,819,reggae__reggae.00035,reggae,8,14.019071578979492,-21.88028335571289
full_clean_z,820,reggae__reggae.00035,reggae,8,13.057632446289062,-22.507253646850586
full_clean_z,821,reggae__reggae.00035,reggae,8,13.057559967041016,-22.33517074584961
full_clean_z,822,reggae__reggae.00035,reggae,8,12.541875839233398,-22.599363327026367
full_clean_z,823,reggae__reggae.00035,reggae,8,13.255855560302734,-22.13556480407715
full_clean_z,824,reggae__reggae.00035,reggae,8,13.416525840759277,-21.78777503967285
full_clean_z,825,reggae__reggae.00040,reggae,8,0.46431785821914673,2.2926740646362305
full_clean_z,826,reggae__reggae.00040,reggae,8,11.819605827331543,-7.997082233428955
full_clean_z,827,reggae__reggae.00040,reggae,8,11.81821060180664,-7.591618537902832
full_clean_z,828,reggae__reggae.00040,reggae,8,0.2281537801027298,5.037717342376709
full_clean_z,829,reggae__reggae.00040,reggae,8,0.5355859994888306,1.8855880498886108
full_clean_z,830,reggae__reggae.00040,reggae,8,0.45562469959259033,2.5455400943756104
full_clean_z,831,reggae__reggae.00040,reggae,8,15.486809730529785,-25.842126846313477
full_clean_z,832,reggae__reggae.00040,reggae,8,15.065345764160156,-25.885231018066406
full_clean_z,833,reggae__reggae.00047,reggae,8,7.839522361755371,-22.787334442138672
full_clean_z,834,reggae__reggae.00047,reggae,8,11.17680549621582,-22.594860076904297
full_clean_z,835,reggae__reggae.00047,reggae,8,12.838078498840332,-26.476661682128906
full_clean_z,836,reggae__reggae.00047,reggae,8,9.8141508102417,-24.72852897644043
full_clean_z,837,reggae__reggae.00047,reggae,8,12.281705856323242,-23.94972038269043
full_clean_z,838,reggae__reggae.00049,reggae,8,5.894448280334473,-2.8753292560577393
full_clean_z,839,reggae__reggae.00049,reggae,8,6.004416465759277,-3.1327104568481445
full_clean_z,840,reggae__reggae.00049,reggae,8,5.8394694328308105,-2.5525949001312256
full_clean_z,841,reggae__reggae.00049,reggae,8,6.761396884918213,-3.8695669174194336
full_clean_z,842,reggae__reggae.00049,reggae,8,6.099869251251221,-3.3187808990478516
full_clean_z,843,reggae__reggae.00049,reggae,8,-3.2728936672210693,-0.9648590683937073
full_clean_z,844,reggae__reggae.00049,reggae,8,-3.2727839946746826,-0.9636871814727783
full_clean_z,845,reggae__reggae.00062,reggae,8,13.313154220581055,-26.136533737182617
full_clean_z,846,reggae__reggae.00062,reggae,8,13.885721206665039,-25.809619903564453
full_clean_z,847,reggae__reggae.00062,reggae,8,13.716315269470215,-26.71782684326172
full_clean_z,848,reggae__reggae.00062,reggae,8,12.845306396484375,-26.06814956665039
full_clean_z,849,reggae__reggae.00062,reggae,8,13.600912094116211,-25.618492126464844
full_clean_z,850,reggae__reggae.00062,reggae,8,13.82783317565918,-25.742464065551758
full_clean_z,851,reggae__reggae.00062,reggae,8,13.543098449707031,-26.221277236938477
full_clean_z,852,reggae__reggae.00062,reggae,8,14.015545845031738,-25.83477020263672
full_clean_z,853,reggae__reggae.00062,reggae,8,13.861536979675293,-25.738067626953125
full_clean_z,854,reggae__reggae.00064,reggae,8,11.834556579589844,-20.899858474731445
full_clean_z,855,reggae__reggae.00064,reggae,8,5.427934646606445,-22.1693172454834
full_clean_z,856,reggae__reggae.00064,reggae,8,4.7185187339782715,-20.83635711669922
full_clean_z,857,reggae__reggae.00064,reggae,8,4.7592597007751465,-20.948930740356445
full_clean_z,858,reggae__reggae.00064,reggae,8,-6.480906009674072,-12.78443431854248
full_clean_z,859,reggae__reggae.00064,reggae,8,-6.480772018432617,-12.784229278564453
full_clean_z,860,reggae__reggae.00065,reggae,8,10.125506401062012,-18.202157974243164
full_clean_z,861,reggae__reggae.00065,reggae,8,10.176778793334961,-18.149511337280273
full_clean_z,862,reggae__reggae.00065,reggae,8,9.56204605102539,-19.024131774902344
full_clean_z,863,reggae__reggae.00065,reggae,8,9.55221939086914,-18.947654724121094
full_clean_z,864,reggae__reggae.00065,reggae,8,8.776613235473633,-19.126970291137695
full_clean_z,865,reggae__reggae.00065,reggae,8,8.064828872680664,-19.86202621459961
full_clean_z,866,reggae__reggae.00065,reggae,8,8.08742904663086,-19.839576721191406
full_clean_z,867,reggae__reggae.00065,reggae,8,8.087307929992676,-19.841651916503906
full_clean_z,868,reggae__reggae.00071,reggae,8,13.177266120910645,-19.767234802246094
full_clean_z,869,reggae__reggae.00071,reggae,8,13.111672401428223,-20.53007698059082
full_clean_z,870,reggae__reggae.00071,reggae,8,13.099676132202148,-19.88090705871582
full_clean_z,871,reggae__reggae.00071,reggae,8,13.098215103149414,-19.88585662841797
full_clean_z,872,reggae__reggae.00076,reggae,8,13.885644912719727,-23.790966033935547
full_clean_z,873,reggae__reggae.00076,reggae,8,11.133913040161133,-21.923377990722656
full_clean_z,874,reggae__reggae.00076,reggae,8,-17.523571014404297,-29.36111068725586
full_clean_z,875,reggae__reggae.00076,reggae,8,8.861960411071777,-21.823009490966797
full_clean_z,876,reggae__reggae.00076,reggae,8,9.032580375671387,-22.467018127441406
full_clean_z,877,reggae__reggae.00090,reggae,8,12.313664436340332,-22.14644432067871
full_clean_z,878,reggae__reggae.00090,reggae,8,12.549718856811523,-23.110958099365234
full_clean_z,879,reggae__reggae.00090,reggae,8,13.054448127746582,-23.699613571166992
full_clean_z,880,reggae__reggae.00090,reggae,8,12.728416442871094,-22.810157775878906
full_clean_z,881,reggae__reggae.00090,reggae,8,12.290491104125977,-22.256492614746094
full_clean_z,882,reggae__reggae.00090,reggae,8,12.796293258666992,-21.63357925415039
full_clean_z,883,reggae__reggae.00090,reggae,8,12.29880142211914,-21.917800903320312
full_clean_z,884,reggae__reggae.00091,reggae,8,8.988276481628418,-23.709287643432617
full_clean_z,885,reggae__reggae.00091,reggae,8,7.673530578613281,-25.459854125976562
full_clean_z,886,reggae__reggae.00091,reggae,8,6.2155070304870605,-24.826698303222656
full_clean_z,887,reggae__reggae.00091,reggae,8,9.063467979431152,-23.473791122436523
full_clean_z,888,reggae__reggae.00091,reggae,8,7.549379825592041,-25.558074951171875
full_clean_z,889,reggae__reggae.00092,reggae,8,6.462778091430664,-24.743900299072266
full_clean_z,890,reggae__reggae.00092,reggae,8,7.222137928009033,-24.34885025024414
full_clean_z,891,reggae__reggae.00092,reggae,8,7.199612617492676,-24.449352264404297
full_clean_z,892,reggae__reggae.00092,reggae,8,7.839745044708252,-25.17876625061035
full_clean_z,893,reggae__reggae.00092,reggae,8,7.79638671875,-24.230112075805664
full_clean_z,894,reggae__reggae.00092,reggae,8,6.014892578125,-24.244958877563477
full_clean_z,895,reggae__reggae.00092,reggae,8,6.951982021331787,-24.292194366455078
full_clean_z,896,reggae__reggae.00092,reggae,8,8.270974159240723,-24.52509880065918
full_clean_z,897,reggae__reggae.00092,reggae,8,9.41320514678955,-23.346281051635742
full_clean_z,898,reggae__reggae.00092,reggae,8,8.115798950195312,-23.99199867248535
full_clean_z,899,reggae__reggae.00092,reggae,8,8.269257545471191,-24.066139221191406
full_clean_z,900,rock__rock.00000,rock,9,20.58197593688965,41.143524169921875
full_clean_z,901,rock__rock.00000,rock,9,20.836654663085938,40.35873031616211
full_clean_z,902,rock__rock.00000,rock,9,8.07851791381836,26.19236183166504
full_clean_z,903,rock__rock.00000,rock,9,-10.350508689880371,31.700551986694336
full_clean_z,904,rock__rock.00000,rock,9,0.7890879511833191,14.668395042419434
full_clean_z,905,rock__rock.00000,rock,9,3.0984318256378174,13.003310203552246
full_clean_z,906,rock__rock.00000,rock,9,3.6261239051818848,13.658246040344238
full_clean_z,907,rock__rock.00000,rock,9,4.375753402709961,9.901310920715332
full_clean_z,908,rock__rock.00000,rock,9,4.373440742492676,9.898241996765137
full_clean_z,909,rock__rock.00003,rock,9,-14.438668251037598,52.140663146972656
full_clean_z,910,rock__rock.00003,rock,9,-11.231496810913086,52.99191665649414
full_clean_z,911,rock__rock.00003,rock,9,33.25129318237305,4.723575115203857
full_clean_z,912,rock__rock.00003,rock,9,33.30482482910156,4.67450475692749
full_clean_z,913,rock__rock.00003,rock,9,-13.29924201965332,54.539955139160156
full_clean_z,914,rock__rock.00003,rock,9,-12.809614181518555,33.22929763793945
full_clean_z,915,rock__rock.00008,rock,9,13.045063972473145,25.458202362060547
full_clean_z,916,rock__rock.00008,rock,9,12.922099113464355,25.392047882080078
full_clean_z,917,rock__rock.00008,rock,9,13.330582618713379,25.535612106323242
full_clean_z,918,rock__rock.00008,rock,9,13.033352851867676,25.440732955932617
full_clean_z,919,rock__rock.00008,rock,9,12.196285247802734,24.905500411987305
full_clean_z,920,rock__rock.00008,rock,9,-17.10729217529297,20.178144454956055
full_clean_z,921,rock__rock.00008,rock,9,13.359481811523438,25.630517959594727
full_clean_z,922,rock__rock.00032,rock,9,-30.912309646606445,19.345855712890625
full_clean_z,923,rock__rock.00032,rock,9,-3.818079948425293,13.035982131958008
full_clean_z,924,rock__rock.00034,rock,9,-39.5761833190918,12.643743515014648
full_clean_z,925,rock__rock.00034,rock,9,-38.489837646484375,11.954793930053711
full_clean_z,926,rock__rock.00034,rock,9,-39.32575225830078,13.071389198303223
full_clean_z,927,rock__rock.00034,rock,9,-39.901329040527344,11.012179374694824
full_clean_z,928,rock__rock.00034,rock,9,-31.057147979736328,19.144433975219727
full_clean_z,929,rock__rock.00034,rock,9,-39.281768798828125,15.280781745910645
full_clean_z,930,rock__rock.00039,rock,9,4.26671838760376,13.107804298400879
full_clean_z,931,rock__rock.00039,rock,9,-3.3643012046813965,10.546318054199219
full_clean_z,932,rock__rock.00039,rock,9,-24.49751853942871,6.81244421005249
full_clean_z,933,rock__rock.00039,rock,9,-44.65521240234375,14.463165283203125
full_clean_z,934,rock__rock.00044,rock,9,-35.88529968261719,7.664679050445557
full_clean_z,935,rock__rock.00044,rock,9,-35.71839904785156,7.663357734680176
full_clean_z,936,rock__rock.00044,rock,9,-22.568683624267578,-3.4508938789367676
full_clean_z,937,rock__rock.00044,rock,9,-2.366605043411255,8.85267448425293
full_clean_z,938,rock__rock.00044,rock,9,-26.60669708251953,-5.696988582611084
full_clean_z,939,rock__rock.00044,rock,9,-26.91930389404297,-5.886491298675537
full_clean_z,940,rock__rock.00044,rock,9,-27.059934616088867,-5.980401039123535
full_clean_z,941,rock__rock.00048,rock,9,-7.687172889709473,14.495737075805664
full_clean_z,942,rock__rock.00048,rock,9,-6.412924289703369,4.448333263397217
full_clean_z,943,rock__rock.00048,rock,9,-0.988338828086853,7.297307968139648
full_clean_z,944,rock__rock.00048,rock,9,-6.968017578125,14.751256942749023
full_clean_z,945,rock__rock.00048,rock,9,34.57763671875,7.319845676422119
full_clean_z,946,rock__rock.00048,rock,9,2.3826186656951904,-2.0266993045806885
full_clean_z,947,rock__rock.00048,rock,9,-1.743857741355896,14.526309967041016
full_clean_z,948,rock__rock.00049,rock,9,-40.449127197265625,13.102275848388672
full_clean_z,949,rock__rock.00049,rock,9,-41.80142593383789,15.434403419494629
full_clean_z,950,rock__rock.00049,rock,9,-42.219783782958984,15.389725685119629
full_clean_z,951,rock__rock.00049,rock,9,-42.02152633666992,15.442987442016602
full_clean_z,952,rock__rock.00049,rock,9,-42.12614059448242,15.552762031555176
full_clean_z,953,rock__rock.00049,rock,9,-17.46479034423828,6.657083988189697
full_clean_z,954,rock__rock.00049,rock,9,-17.43006706237793,6.660922050476074
full_clean_z,955,rock__rock.00049,rock,9,-4.203425884246826,8.564615249633789
full_clean_z,956,rock__rock.00049,rock,9,-37.62274169921875,-11.626612663269043
full_clean_z,957,rock__rock.00049,rock,9,-40.08256912231445,11.72381591796875
full_clean_z,958,rock__rock.00050,rock,9,-11.658869743347168,9.687026977539062
full_clean_z,959,rock__rock.00050,rock,9,-26.234689712524414,-5.3935065269470215
full_clean_z,960,rock__rock.00050,rock,9,-27.357580184936523,-6.205350875854492
full_clean_z,961,rock__rock.00050,rock,9,-28.096477508544922,-6.8599138259887695
full_clean_z,962,rock__rock.00050,rock,9,-12.812681198120117,9.737814903259277
full_clean_z,963,rock__rock.00050,rock,9,-12.982715606689453,9.939896583557129
full_clean_z,964,rock__rock.00050,rock,9,-13.104146957397461,9.222079277038574
full_clean_z,965,rock__rock.00050,rock,9,-28.191797256469727,-6.951363563537598
full_clean_z,966,rock__rock.00054,rock,9,34.41004943847656,-10.164570808410645
full_clean_z,967,rock__rock.00054,rock,9,-8.96801471710205,-4.8010382652282715
full_clean_z,968,rock__rock.00054,rock,9,1.2177581787109375,8.710787773132324
full_clean_z,969,rock__rock.00054,rock,9,1.2547917366027832,8.725504875183105
full_clean_z,970,rock__rock.00054,rock,9,-19.185474395751953,11.291555404663086
full_clean_z,971,rock__rock.00054,rock,9,-19.375961303710938,11.06475830078125
full_clean_z,972,rock__rock.00054,rock,9,43.67844772338867,-29.079078674316406
full_clean_z,973,rock__rock.00054,rock,9,1.6017844676971436,8.564447402954102
full_clean_z,974,rock__rock.00054,rock,9,34.71744155883789,-12.416563987731934
full_clean_z,975,rock__rock.00054,rock,9,43.57221984863281,-29.012178421020508
full_clean_z,976,rock__rock.00080,rock,9,-0.8607397675514221,11.15398120880127
full_clean_z,977,rock__rock.00080,rock,9,-0.7599799036979675,14.302090644836426
full_clean_z,978,rock__rock.00080,rock,9,0.2968784272670746,14.76383113861084
full_clean_z,979,rock__rock.00080,rock,9,6.039217948913574,15.702799797058105
full_clean_z,980,rock__rock.00080,rock,9,6.2310872077941895,16.33489227294922
full_clean_z,981,rock__rock.00085,rock,9,-12.132152557373047,-7.2154541015625
full_clean_z,982,rock__rock.00085,rock,9,-3.7235357761383057,2.613389015197754
full_clean_z,983,rock__rock.00085,rock,9,-39.13187026977539,13.618169784545898
full_clean_z,984,rock__rock.00085,rock,9,-19.12961769104004,14.186901092529297
full_clean_z,985,rock__rock.00085,rock,9,3.2522919178009033,9.121672630310059
full_clean_z,986,rock__rock.00085,rock,9,42.094966888427734,-22.971609115600586
full_clean_z,987,rock__rock.00086,rock,9,16.981714248657227,31.708587646484375
full_clean_z,988,rock__rock.00086,rock,9,1.762531042098999,14.469436645507812
full_clean_z,989,rock__rock.00086,rock,9,0.1425197273492813,5.048482418060303
full_clean_z,990,rock__rock.00086,rock,9,0.9332149028778076,-19.459951400756836
full_clean_z,991,rock__rock.00092,rock,9,4.636774063110352,18.0233211517334
full_clean_z,992,rock__rock.00092,rock,9,4.889034748077393,18.539796829223633
full_clean_z,993,rock__rock.00092,rock,9,3.8444712162017822,16.310468673706055
full_clean_z,994,rock__rock.00092,rock,9,4.257772445678711,17.142059326171875
full_clean_z,995,rock__rock.00092,rock,9,16.217491149902344,30.33604621887207
full_clean_z,996,rock__rock.00092,rock,9,3.856109619140625,16.518688201904297
full_clean_z,997,rock__rock.00092,rock,9,4.902742862701416,18.39908218383789
full_clean_z,998,rock__rock.00092,rock,9,4.802265644073486,18.091983795166016
full_clean_z,999,rock__rock.00092,rock,9,4.773605823516846,18.079517364501953
full_noisy_z_t,0,blues__blues.00000,blues,0,-13.340269088745117,40.5924186706543
full_noisy_z_t,1,blues__blues.00000,blues,0,-9.991557121276855,37.412601470947266
full_noisy_z_t,2,blues__blues.00000,blues,0,-10.206975936889648,41.395263671875
full_noisy_z_t,3,blues__blues.00000,blues,0,-12.316985130310059,46.07128143310547
full_noisy_z_t,4,blues__blues.00000,blues,0,-19.52738380432129,32.55176544189453
full_noisy_z_t,5,blues__blues.00000,blues,0,-17.514596939086914,34.14129638671875
full_noisy_z_t,6,blues__blues.00000,blues,0,-15.375328063964844,39.277061462402344
full_noisy_z_t,7,blues__blues.00001,blues,0,-16.349594116210938,38.08952331542969
full_noisy_z_t,8,blues__blues.00001,blues,0,-15.886911392211914,36.7704963684082
full_noisy_z_t,9,blues__blues.00001,blues,0,-16.059823989868164,39.118011474609375
full_noisy_z_t,10,blues__blues.00001,blues,0,-22.469234466552734,23.396791458129883
full_noisy_z_t,11,blues__blues.00001,blues,0,-13.323143005371094,37.676021575927734
full_noisy_z_t,12,blues__blues.00001,blues,0,-14.918166160583496,40.895050048828125
full_noisy_z_t,13,blues__blues.00001,blues,0,-15.099925994873047,37.91699981689453
full_noisy_z_t,14,blues__blues.00009,blues,0,-9.4889554977417,47.66755294799805
full_noisy_z_t,15,blues__blues.00009,blues,0,-11.746939659118652,47.71119689941406
full_noisy_z_t,16,blues__blues.00009,blues,0,-10.68152141571045,43.92131423950195
full_noisy_z_t,17,blues__blues.00009,blues,0,-15.39881420135498,41.67763900756836
full_noisy_z_t,18,blues__blues.00009,blues,0,-11.278982162475586,38.90397262573242
full_noisy_z_t,19,blues__blues.00009,blues,0,-12.054216384887695,40.26718521118164
full_noisy_z_t,20,blues__blues.00009,blues,0,-18.4773006439209,37.845890045166016
full_noisy_z_t,21,blues__blues.00009,blues,0,35.38942337036133,14.713507652282715
full_noisy_z_t,22,blues__blues.00009,blues,0,-12.689844131469727,52.22029495239258
full_noisy_z_t,23,blues__blues.00011,blues,0,-19.583194732666016,22.408090591430664
full_noisy_z_t,24,blues__blues.00011,blues,0,-18.553096771240234,34.03924560546875
full_noisy_z_t,25,blues__blues.00011,blues,0,-23.629650115966797,19.08561134338379
full_noisy_z_t,26,blues__blues.00011,blues,0,-19.513076782226562,20.342180252075195
full_noisy_z_t,27,blues__blues.00011,blues,0,-19.6782169342041,22.68874168395996
full_noisy_z_t,28,blues__blues.00011,blues,0,-24.49901580810547,19.31489372253418
full_noisy_z_t,29,blues__blues.00011,blues,0,-19.912702560424805,33.12411880493164
full_noisy_z_t,30,blues__blues.00031,blues,0,-11.806802749633789,44.27556610107422
full_noisy_z_t,31,blues__blues.00031,blues,0,-14.387454986572266,38.58917236328125
full_noisy_z_t,32,blues__blues.00031,blues,0,-12.516154289245605,42.42094039916992
full_noisy_z_t,33,blues__blues.00031,blues,0,-14.9254732131958,44.70001983642578
full_noisy_z_t,34,blues__blues.00034,blues,0,-13.010750770568848,44.33929443359375
full_noisy_z_t,35,blues__blues.00034,blues,0,-14.58746337890625,40.06707000732422
full_noisy_z_t,36,blues__blues.00034,blues,0,-11.464784622192383,46.36326217651367
full_noisy_z_t,37,blues__blues.00034,blues,0,-9.975054740905762,43.23820495605469
full_noisy_z_t,38,blues__blues.00034,blues,0,-14.404327392578125,43.84782791137695
full_noisy_z_t,39,blues__blues.00034,blues,0,-16.489795684814453,39.713172912597656
full_noisy_z_t,40,blues__blues.00039,blues,0,-12.71895980834961,38.56075668334961
full_noisy_z_t,41,blues__blues.00039,blues,0,-14.682124137878418,41.683311462402344
full_noisy_z_t,42,blues__blues.00039,blues,0,-16.941524505615234,35.67970275878906
full_noisy_z_t,43,blues__blues.00039,blues,0,-9.625125885009766,42.00651550292969
full_noisy_z_t,44,blues__blues.00039,blues,0,-11.49044132232666,42.30843734741211
full_noisy_z_t,45,blues__blues.00052,blues,0,-11.557632446289062,34.784122467041016
full_noisy_z_t,46,blues__blues.00052,blues,0,-3.8922488689422607,0.840244710445404
full_noisy_z_t,47,blues__blues.00052,blues,0,-8.894190788269043,41.44223403930664
full_noisy_z_t,48,blues__blues.00052,blues,0,-10.780324935913086,45.20438003540039
full_noisy_z_t,49,blues__blues.00052,blues,0,-24.998037338256836,24.219799041748047
full_noisy_z_t,50,blues__blues.00052,blues,0,-21.33170509338379,19.705841064453125
full_noisy_z_t,51,blues__blues.00054,blues,0,-8.880757331848145,43.91313171386719
full_noisy_z_t,52,blues__blues.00054,blues,0,-10.072884559631348,46.37408447265625
full_noisy_z_t,53,blues__blues.00054,blues,0,-9.351542472839355,45.11043930053711
full_noisy_z_t,54,blues__blues.00054,blues,0,-11.894125938415527,50.81315231323242
full_noisy_z_t,55,blues__blues.00054,blues,0,-7.937384605407715,45.58233642578125
full_noisy_z_t,56,blues__blues.00054,blues,0,-11.542403221130371,49.12561798095703
full_noisy_z_t,57,blues__blues.00057,blues,0,-12.978765487670898,46.14043426513672
full_noisy_z_t,58,blues__blues.00057,blues,0,-13.529523849487305,47.959571838378906
full_noisy_z_t,59,blues__blues.00057,blues,0,-7.090269088745117,41.090126037597656
full_noisy_z_t,60,blues__blues.00057,blues,0,-12.60325813293457,47.39469528198242
full_noisy_z_t,61,blues__blues.00060,blues,0,-14.319214820861816,42.43798828125
full_noisy_z_t,62,blues__blues.00060,blues,0,-13.551080703735352,46.989540100097656
full_noisy_z_t,63,blues__blues.00060,blues,0,-13.714189529418945,44.07475280761719
full_noisy_z_t,64,blues__blues.00060,blues,0,-11.492070198059082,41.21101379394531
full_noisy_z_t,65,blues__blues.00060,blues,0,-10.624833106994629,42.61689376831055
full_noisy_z_t,66,blues__blues.00060,blues,0,-16.622161865234375,43.8227424621582
full_noisy_z_t,67,blues__blues.00060,blues,0,-17.988006591796875,44.03646469116211
full_noisy_z_t,68,blues__blues.00066,blues,0,-13.879030227661133,39.59406280517578
full_noisy_z_t,69,blues__blues.00066,blues,0,-8.574260711669922,42.531005859375
full_noisy_z_t,70,blues__blues.00066,blues,0,-20.259510040283203,31.44487953186035
full_noisy_z_t,71,blues__blues.00066,blues,0,-13.189762115478516,39.481201171875
full_noisy_z_t,72,blues__blues.00066,blues,0,-9.314728736877441,40.08441925048828
full_noisy_z_t,73,blues__blues.00066,blues,0,-10.473356246948242,40.158485412597656
full_noisy_z_t,74,blues__blues.00066,blues,0,-10.772627830505371,49.48994445800781
full_noisy_z_t,75,blues__blues.00066,blues,0,-10.657940864562988,47.83231735229492
full_noisy_z_t,76,blues__blues.00066,blues,0,-15.284537315368652,39.96685791015625
full_noisy_z_t,77,blues__blues.00068,blues,0,-16.775516510009766,43.00254440307617
full_noisy_z_t,78,blues__blues.00068,blues,0,-14.029119491577148,41.313133239746094
full_noisy_z_t,79,blues__blues.00068,blues,0,-13.424704551696777,41.83283233642578
full_noisy_z_t,80,blues__blues.00068,blues,0,-15.808634757995605,42.903709411621094
full_noisy_z_t,81,blues__blues.00068,blues,0,-11.621371269226074,44.93184280395508
full_noisy_z_t,82,blues__blues.00068,blues,0,-11.476095199584961,43.17782974243164
full_noisy_z_t,83,blues__blues.00068,blues,0,-13.81420612335205,42.98712921142578
full_noisy_z_t,84,blues__blues.00070,blues,0,-22.185869216918945,19.477794647216797
full_noisy_z_t,85,blues__blues.00070,blues,0,-15.184433937072754,36.738502502441406
full_noisy_z_t,86,blues__blues.00070,blues,0,-23.757518768310547,23.52617835998535
full_noisy_z_t,87,blues__blues.00070,blues,0,-16.596527099609375,37.27196502685547
full_noisy_z_t,88,blues__blues.00070,blues,0,-9.940404891967773,50.37791061401367
full_noisy_z_t,89,blues__blues.00070,blues,0,-25.25299072265625,21.96799087524414
full_noisy_z_t,90,blues__blues.00070,blues,0,-22.546714782714844,22.008085250854492
full_noisy_z_t,91,blues__blues.00071,blues,0,-17.121707916259766,38.80885314941406
full_noisy_z_t,92,blues__blues.00071,blues,0,-16.010379791259766,40.622840881347656
full_noisy_z_t,93,blues__blues.00071,blues,0,-17.53533363342285,41.50092697143555
full_noisy_z_t,94,blues__blues.00071,blues,0,-17.98066520690918,42.42523956298828
full_noisy_z_t,95,blues__blues.00071,blues,0,-17.5859432220459,40.26858901977539
full_noisy_z_t,96,blues__blues.00071,blues,0,-17.698152542114258,38.757713317871094
full_noisy_z_t,97,blues__blues.00071,blues,0,-16.18484115600586,41.935760498046875
full_noisy_z_t,98,blues__blues.00071,blues,0,-16.371822357177734,41.8280143737793
full_noisy_z_t,99,blues__blues.00071,blues,0,-16.78523063659668,40.827369689941406
full_noisy_z_t,100,classical__classical.00000,classical,1,46.111873626708984,-8.71419906616211
full_noisy_z_t,101,classical__classical.00000,classical,1,48.058494567871094,-12.730334281921387
full_noisy_z_t,102,classical__classical.00000,classical,1,45.960655212402344,-9.811670303344727
full_noisy_z_t,103,classical__classical.00000,classical,1,39.0283088684082,-14.977949142456055
full_noisy_z_t,104,classical__classical.00000,classical,1,45.081878662109375,-12.267938613891602
full_noisy_z_t,105,classical__classical.00000,classical,1,41.0562629699707,-13.10919189453125
full_noisy_z_t,106,classical__classical.00002,classical,1,46.140708923339844,-9.692155838012695
full_noisy_z_t,107,classical__classical.00002,classical,1,48.02684783935547,-11.418107986450195
full_noisy_z_t,108,classical__classical.00002,classical,1,42.065792083740234,-16.18416976928711
full_noisy_z_t,109,classical__classical.00006,classical,1,36.83517074584961,-14.162091255187988
full_noisy_z_t,110,classical__classical.00006,classical,1,41.534278869628906,-15.259562492370605
full_noisy_z_t,111,classical__classical.00006,classical,1,42.62411880493164,-15.352628707885742
full_noisy_z_t,112,classical__classical.00006,classical,1,42.15190124511719,-17.142471313476562
full_noisy_z_t,113,classical__classical.00006,classical,1,42.885108947753906,-11.145391464233398
full_noisy_z_t,114,classical__classical.00006,classical,1,37.92945861816406,-9.738348960876465
full_noisy_z_t,115,classical__classical.00006,classical,1,39.95645523071289,-16.227087020874023
full_noisy_z_t,116,classical__classical.00009,classical,1,43.393985748291016,-10.036005020141602
full_noisy_z_t,117,classical__classical.00009,classical,1,44.20448303222656,-10.383996963500977
full_noisy_z_t,118,classical__classical.00009,classical,1,41.806671142578125,-14.615706443786621
full_noisy_z_t,119,classical__classical.00009,classical,1,38.36015319824219,-15.730810165405273
full_noisy_z_t,120,classical__classical.00009,classical,1,38.6627082824707,-16.552600860595703
full_noisy_z_t,121,classical__classical.00009,classical,1,38.4183464050293,-14.284012794494629
full_noisy_z_t,122,classical__classical.00009,classical,1,46.49897003173828,-11.994508743286133
full_noisy_z_t,123,classical__classical.00022,classical,1,37.773258209228516,-13.655808448791504
full_noisy_z_t,124,classical__classical.00022,classical,1,37.720664978027344,-10.97797679901123
full_noisy_z_t,125,classical__classical.00022,classical,1,42.46610641479492,-18.889095306396484
full_noisy_z_t,126,classical__classical.00022,classical,1,38.50308609008789,-19.517932891845703
full_noisy_z_t,127,classical__classical.00022,classical,1,43.912837982177734,-11.847845077514648
full_noisy_z_t,128,classical__classical.00022,classical,1,44.05107498168945,-7.489269256591797
full_noisy_z_t,129,classical__classical.00022,classical,1,44.635704040527344,-11.384377479553223
full_noisy_z_t,130,classical__classical.00034,classical,1,43.10374450683594,-13.10237979888916
full_noisy_z_t,131,classical__classical.00034,classical,1,43.197044372558594,-14.68492603302002
full_noisy_z_t,132,classical__classical.00034,classical,1,41.34967041015625,-16.29563331604004
full_noisy_z_t,133,classical__classical.00034,classical,1,42.07894515991211,-18.000669479370117
full_noisy_z_t,134,classical__classical.00034,classical,1,40.2352294921875,-15.10806941986084
full_noisy_z_t,135,classical__classical.00034,classical,1,41.472381591796875,-13.899175643920898
full_noisy_z_t,136,classical__classical.00034,classical,1,43.15983963012695,-12.138152122497559
full_noisy_z_t,137,classical__classical.00037,classical,1,44.07588195800781,-14.344297409057617
full_noisy_z_t,138,classical__classical.00037,classical,1,46.40414810180664,-11.068693161010742
full_noisy_z_t,139,classical__classical.00037,classical,1,44.23947525024414,-4.4810051918029785
full_noisy_z_t,140,classical__classical.00037,classical,1,44.71426773071289,-6.0144877433776855
full_noisy_z_t,141,classical__classical.00037,classical,1,39.15961456298828,-9.304169654846191
full_noisy_z_t,142,classical__classical.00037,classical,1,41.28617477416992,-18.20783233642578
full_noisy_z_t,143,classical__classical.00037,classical,1,39.49354553222656,-17.25984001159668
full_noisy_z_t,144,classical__classical.00037,classical,1,41.614009857177734,-11.0555419921875
full_noisy_z_t,145,classical__classical.00039,classical,1,43.40214538574219,-11.036544799804688
full_noisy_z_t,146,classical__classical.00039,classical,1,42.980064392089844,-6.718489170074463
full_noisy_z_t,147,classical__classical.00039,classical,1,43.78407669067383,-2.254589557647705
full_noisy_z_t,148,classical__classical.00039,classical,1,45.548519134521484,-7.754217624664307
full_noisy_z_t,149,classical__classical.00039,classical,1,38.63859939575195,-12.595561027526855
full_noisy_z_t,150,classical__classical.00039,classical,1,40.25139617919922,-11.171137809753418
full_noisy_z_t,151,classical__classical.00047,classical,1,43.56559753417969,-12.690019607543945
full_noisy_z_t,152,classical__classical.00047,classical,1,39.18259048461914,-18.31574249267578
full_noisy_z_t,153,classical__classical.00047,classical,1,37.42706298828125,-18.051481246948242
full_noisy_z_t,154,classical__classical.00047,classical,1,41.9301872253418,-13.01916217803955
full_noisy_z_t,155,classical__classical.00047,classical,1,41.18547058105469,-10.184959411621094
full_noisy_z_t,156,classical__classical.00047,classical,1,38.04269790649414,-12.1509428024292
full_noisy_z_t,157,classical__classical.00053,classical,1,37.768592834472656,-14.60566234588623
full_noisy_z_t,158,classical__classical.00053,classical,1,42.764312744140625,-9.053767204284668
full_noisy_z_t,159,classical__classical.00053,classical,1,45.348175048828125,-10.47940444946289
full_noisy_z_t,160,classical__classical.00053,classical,1,38.88347244262695,-13.43607234954834
full_noisy_z_t,161,classical__classical.00053,classical,1,40.533775329589844,-17.43604850769043
full_noisy_z_t,162,classical__classical.00056,classical,1,36.32595443725586,-16.67742919921875
full_noisy_z_t,163,classical__classical.00056,classical,1,37.08061599731445,-16.339197158813477
full_noisy_z_t,164,classical__classical.00056,classical,1,38.41007614135742,-17.42761993408203
full_noisy_z_t,165,classical__classical.00056,classical,1,36.64662170410156,-13.1394624710083
full_noisy_z_t,166,classical__classical.00056,classical,1,39.27412033081055,-15.980209350585938
full_noisy_z_t,167,classical__classical.00056,classical,1,37.43342971801758,-16.797870635986328
full_noisy_z_t,168,classical__classical.00056,classical,1,37.31624221801758,-15.661187171936035
full_noisy_z_t,169,classical__classical.00056,classical,1,36.367759704589844,-17.07314109802246
full_noisy_z_t,170,classical__classical.00056,classical,1,35.632904052734375,-14.34538459777832
full_noisy_z_t,171,classical__classical.00056,classical,1,36.87110137939453,-15.319620132446289
full_noisy_z_t,172,classical__classical.00057,classical,1,43.229400634765625,-5.088052749633789
full_noisy_z_t,173,classical__classical.00057,classical,1,40.153526306152344,-14.184511184692383
full_noisy_z_t,174,classical__classical.00057,classical,1,37.51193618774414,-12.549201965332031
full_noisy_z_t,175,classical__classical.00057,classical,1,39.053157806396484,-10.986248016357422
full_noisy_z_t,176,classical__classical.00057,classical,1,38.32423400878906,-11.547255516052246
full_noisy_z_t,177,classical__classical.00057,classical,1,44.1087532043457,-9.048375129699707
full_noisy_z_t,178,classical__classical.00057,classical,1,42.2674446105957,-14.013649940490723
full_noisy_z_t,179,classical__classical.00057,classical,1,40.59461975097656,-9.196166038513184
full_noisy_z_t,180,classical__classical.00057,classical,1,38.1511116027832,-15.056438446044922
full_noisy_z_t,181,classical__classical.00057,classical,1,41.250972747802734,-11.979849815368652
full_noisy_z_t,182,classical__classical.00065,classical,1,42.18523025512695,-11.704922676086426
full_noisy_z_t,183,classical__classical.00065,classical,1,40.283878326416016,-10.172425270080566
full_noisy_z_t,184,classical__classical.00065,classical,1,39.66582107543945,-12.166385650634766
full_noisy_z_t,185,classical__classical.00065,classical,1,42.27998352050781,-12.28402328491211
full_noisy_z_t,186,classical__classical.00082,classical,1,39.942474365234375,-13.366110801696777
full_noisy_z_t,187,classical__classical.00082,classical,1,40.79456329345703,-14.137812614440918
full_noisy_z_t,188,classical__classical.00082,classical,1,39.475440979003906,-15.03669261932373
full_noisy_z_t,189,classical__classical.00082,classical,1,41.65843963623047,-8.532198905944824
full_noisy_z_t,190,classical__classical.00082,classical,1,39.587162017822266,-13.89013385772705
full_noisy_z_t,191,classical__classical.00082,classical,1,41.02883529663086,-19.545259475708008
full_noisy_z_t,192,classical__classical.00091,classical,1,40.12712097167969,-18.511886596679688
full_noisy_z_t,193,classical__classical.00091,classical,1,42.194740295410156,-10.368163108825684
full_noisy_z_t,194,classical__classical.00091,classical,1,44.584930419921875,-9.387334823608398
full_noisy_z_t,195,classical__classical.00091,classical,1,40.49333572387695,-12.413289070129395
full_noisy_z_t,196,classical__classical.00091,classical,1,47.04534149169922,-10.289538383483887
full_noisy_z_t,197,classical__classical.00091,classical,1,45.68258285522461,-11.461528778076172
full_noisy_z_t,198,classical__classical.00091,classical,1,44.52180099487305,-12.934882164001465
full_noisy_z_t,199,classical__classical.00091,classical,1,40.64530563354492,-15.521952629089355
full_noisy_z_t,200,country__country.00001,country,2,-29.363643646240234,10.014884948730469
full_noisy_z_t,201,country__country.00001,country,2,-28.28270721435547,13.456469535827637
full_noisy_z_t,202,country__country.00001,country,2,-26.484060287475586,11.014701843261719
full_noisy_z_t,203,country__country.00001,country,2,-25.782350540161133,11.641763687133789
full_noisy_z_t,204,country__country.00001,country,2,-25.15140724182129,15.359147071838379
full_noisy_z_t,205,country__country.00011,country,2,-19.093046188354492,15.783307075500488
full_noisy_z_t,206,country__country.00011,country,2,-7.049813270568848,9.330251693725586
full_noisy_z_t,207,country__country.00011,country,2,-27.310644149780273,5.051215648651123
full_noisy_z_t,208,country__country.00011,country,2,-22.376501083374023,14.858927726745605
full_noisy_z_t,209,country__country.00011,country,2,-14.745512962341309,-6.1570963859558105
full_noisy_z_t,210,country__country.00011,country,2,-3.650075912475586,-7.659804821014404
full_noisy_z_t,211,country__country.00011,country,2,-14.071795463562012,-6.519934177398682
full_noisy_z_t,212,country__country.00011,country,2,-20.506710052490234,17.445945739746094
full_noisy_z_t,213,country__country.00013,country,2,-18.662202835083008,17.298866271972656
full_noisy_z_t,214,country__country.00013,country,2,-20.72777557373047,10.043546676635742
full_noisy_z_t,215,country__country.00013,country,2,-14.36124324798584,12.439522743225098
full_noisy_z_t,216,country__country.00013,country,2,-17.225589752197266,15.602492332458496
full_noisy_z_t,217,country__country.00013,country,2,-19.692384719848633,17.654630661010742
full_noisy_z_t,218,country__country.00013,country,2,-6.21126127243042,-48.153079986572266
full_noisy_z_t,219,country__country.00013,country,2,-15.864401817321777,13.20848560333252
full_noisy_z_t,220,country__country.00013,country,2,5.780435562133789,10.664085388183594
full_noisy_z_t,221,country__country.00013,country,2,1.5490190982818604,10.977843284606934
full_noisy_z_t,222,country__country.00013,country,2,-23.09427261352539,15.059697151184082
full_noisy_z_t,223,country__country.00029,country,2,-27.201377868652344,15.57435417175293
full_noisy_z_t,224,country__country.00029,country,2,-28.836505889892578,12.733057975769043
full_noisy_z_t,225,country__country.00029,country,2,-25.785358428955078,10.610905647277832
full_noisy_z_t,226,country__country.00029,country,2,-24.075408935546875,14.925668716430664
full_noisy_z_t,227,country__country.00029,country,2,-25.85161590576172,16.44658660888672
full_noisy_z_t,228,country__country.00029,country,2,-27.049728393554688,14.312613487243652
full_noisy_z_t,229,country__country.00047,country,2,-24.383222579956055,17.574344635009766
full_noisy_z_t,230,country__country.00057,country,2,-32.03691482543945,10.986489295959473
full_noisy_z_t,231,country__country.00057,country,2,-31.539600372314453,9.933223724365234
full_noisy_z_t,232,country__country.00057,country,2,-29.76216697692871,8.545845985412598
full_noisy_z_t,233,country__country.00057,country,2,-29.54269027709961,8.892951011657715
full_noisy_z_t,234,country__country.00057,country,2,-30.030410766601562,10.34439754486084
full_noisy_z_t,235,country__country.00057,country,2,-31.986675262451172,8.718863487243652
full_noisy_z_t,236,country__country.00057,country,2,-30.90749740600586,9.225164413452148
full_noisy_z_t,237,country__country.00057,country,2,0.2731606364250183,13.131132125854492
full_noisy_z_t,238,country__country.00057,country,2,-23.4875431060791,21.494009017944336
full_noisy_z_t,239,country__country.00057,country,2,-25.235727310180664,20.928443908691406
full_noisy_z_t,240,country__country.00059,country,2,-17.66788101196289,18.118101119995117
full_noisy_z_t,241,country__country.00059,country,2,-29.70131492614746,6.944235801696777
full_noisy_z_t,242,country__country.00059,country,2,-30.368432998657227,8.329265594482422
full_noisy_z_t,243,country__country.00059,country,2,-32.63894271850586,9.85366439819336
full_noisy_z_t,244,country__country.00059,country,2,-22.55234718322754,16.22129249572754
full_noisy_z_t,245,country__country.00059,country,2,-25.56329345703125,19.393312454223633
full_noisy_z_t,246,country__country.00067,country,2,-31.165151596069336,7.326229572296143
full_noisy_z_t,247,country__country.00067,country,2,-30.875322341918945,10.205018997192383
full_noisy_z_t,248,country__country.00067,country,2,-24.0556583404541,18.24493408203125
full_noisy_z_t,249,country__country.00067,country,2,-28.93598747253418,15.247334480285645
full_noisy_z_t,250,country__country.00067,country,2,-22.033838272094727,17.34136199951172
full_noisy_z_t,251,country__country.00067,country,2,-21.33087921142578,39.425514221191406
full_noisy_z_t,252,country__country.00067,country,2,-28.53317642211914,18.63517951965332
full_noisy_z_t,253,country__country.00067,country,2,-26.044296264648438,15.038590431213379
full_noisy_z_t,254,country__country.00068,country,2,-21.588603973388672,16.80318260192871
full_noisy_z_t,255,country__country.00068,country,2,-20.951068878173828,16.466175079345703
full_noisy_z_t,256,country__country.00068,country,2,-26.199512481689453,18.135581970214844
full_noisy_z_t,257,country__country.00068,country,2,-21.488428115844727,14.058987617492676
full_noisy_z_t,258,country__country.00068,country,2,-23.26602554321289,18.094640731811523
full_noisy_z_t,259,country__country.00068,country,2,-26.502302169799805,22.814199447631836
full_noisy_z_t,260,country__country.00068,country,2,-26.229297637939453,14.165902137756348
full_noisy_z_t,261,country__country.00068,country,2,-20.879091262817383,33.91037368774414
full_noisy_z_t,262,country__country.00069,country,2,37.96217727661133,-16.167621612548828
full_noisy_z_t,263,country__country.00069,country,2,-26.434999465942383,8.699461936950684
full_noisy_z_t,264,country__country.00069,country,2,-28.34981918334961,11.402120590209961
full_noisy_z_t,265,country__country.00069,country,2,-16.142858505249023,34.96139144897461
full_noisy_z_t,266,country__country.00069,country,2,-27.94465446472168,8.297517776489258
full_noisy_z_t,267,country__country.00069,country,2,-23.874317169189453,10.043237686157227
full_noisy_z_t,268,country__country.00069,country,2,-25.860843658447266,12.021842002868652
full_noisy_z_t,269,country__country.00075,country,2,-18.022083282470703,35.9001350402832
full_noisy_z_t,270,country__country.00075,country,2,-14.210867881774902,15.044295310974121
full_noisy_z_t,271,country__country.00075,country,2,-18.675371170043945,39.446922302246094
full_noisy_z_t,272,country__country.00075,country,2,-0.6468762159347534,15.484819412231445
full_noisy_z_t,273,country__country.00075,country,2,-18.042217254638672,36.95637512207031
full_noisy_z_t,274,country__country.00075,country,2,-26.445491790771484,20.878963470458984
full_noisy_z_t,275,country__country.00076,country,2,-30.845340728759766,12.857953071594238
full_noisy_z_t,276,country__country.00076,country,2,-24.966012954711914,12.355103492736816
full_noisy_z_t,277,country__country.00076,country,2,-25.221969604492188,17.80793571472168
full_noisy_z_t,278,country__country.00076,country,2,-28.02901268005371,14.306889533996582
full_noisy_z_t,279,country__country.00076,country,2,-27.876245498657227,12.470816612243652
full_noisy_z_t,280,country__country.00076,country,2,-2.783069372177124,-4.8012375831604
full_noisy_z_t,281,country__country.00076,country,2,-22.5997314453125,18.093082427978516
full_noisy_z_t,282,country__country.00077,country,2,-26.919322967529297,14.854763984680176
full_noisy_z_t,283,country__country.00077,country,2,-28.137451171875,15.88001537322998
full_noisy_z_t,284,country__country.00077,country,2,-26.801435470581055,19.31798553466797
full_noisy_z_t,285,country__country.00077,country,2,-25.694032669067383,17.18918228149414
full_noisy_z_t,286,country__country.00077,country,2,-27.085445404052734,11.998602867126465
full_noisy_z_t,287,country__country.00077,country,2,-27.259910583496094,13.536293029785156
full_noisy_z_t,288,country__country.00097,country,2,-28.944564819335938,14.202947616577148
full_noisy_z_t,289,country__country.00097,country,2,-28.7772274017334,7.905406951904297
full_noisy_z_t,290,country__country.00097,country,2,-32.83509826660156,11.895818710327148
full_noisy_z_t,291,country__country.00097,country,2,-30.75333595275879,13.939064025878906
full_noisy_z_t,292,country__country.00097,country,2,-29.214693069458008,11.941596031188965
full_noisy_z_t,293,country__country.00099,country,2,-19.628992080688477,42.747589111328125
full_noisy_z_t,294,country__country.00099,country,2,-24.164987564086914,20.677154541015625
full_noisy_z_t,295,country__country.00099,country,2,-19.73600196838379,37.281063079833984
full_noisy_z_t,296,country__country.00099,country,2,-25.030916213989258,23.14563751220703
full_noisy_z_t,297,country__country.00099,country,2,-18.331146240234375,32.32119369506836
full_noisy_z_t,298,country__country.00099,country,2,-12.711730003356934,43.391212463378906
full_noisy_z_t,299,country__country.00099,country,2,-18.810821533203125,40.580474853515625
full_noisy_z_t,300,disco__disco.00000,disco,3,-1.652489185333252,-49.52731704711914
full_noisy_z_t,301,disco__disco.00000,disco,3,-0.7307026386260986,-51.15096664428711
full_noisy_z_t,302,disco__disco.00000,disco,3,-1.2263553142547607,-52.0474739074707
full_noisy_z_t,303,disco__disco.00000,disco,3,-5.095218181610107,-51.3428840637207
full_noisy_z_t,304,disco__disco.00000,disco,3,-5.146160125732422,-48.703269958496094
full_noisy_z_t,305,disco__disco.00000,disco,3,-1.8399368524551392,-52.32160568237305
full_noisy_z_t,306,disco__disco.00000,disco,3,-3.714826822280884,-50.63715744018555
full_noisy_z_t,307,disco__disco.00000,disco,3,-2.4083502292633057,-48.54242706298828
full_noisy_z_t,308,disco__disco.00000,disco,3,-4.056109428405762,-49.12040710449219
full_noisy_z_t,309,disco__disco.00003,disco,3,-16.446107864379883,10.947676658630371
full_noisy_z_t,310,disco__disco.00003,disco,3,-2.9643609523773193,-41.950462341308594
full_noisy_z_t,311,disco__disco.00003,disco,3,-7.321904182434082,-54.15953063964844
full_noisy_z_t,312,disco__disco.00003,disco,3,-2.8511128425598145,-55.22501754760742
full_noisy_z_t,313,disco__disco.00003,disco,3,-2.550359010696411,-46.97821044921875
full_noisy_z_t,314,disco__disco.00003,disco,3,-5.566309452056885,-53.87384796142578
full_noisy_z_t,315,disco__disco.00010,disco,3,-17.53007698059082,-41.444854736328125
full_noisy_z_t,316,disco__disco.00010,disco,3,-6.541661739349365,-46.46992874145508
full_noisy_z_t,317,disco__disco.00010,disco,3,-25.155290603637695,11.252368927001953
full_noisy_z_t,318,disco__disco.00010,disco,3,-19.158729553222656,-42.412391662597656
full_noisy_z_t,319,disco__disco.00010,disco,3,-19.054826736450195,-41.88454818725586
full_noisy_z_t,320,disco__disco.00010,disco,3,-24.413774490356445,10.920308113098145
full_noisy_z_t,321,disco__disco.00020,disco,3,-22.71019744873047,16.88990020751953
full_noisy_z_t,322,disco__disco.00020,disco,3,-0.21718257665634155,-8.910072326660156
full_noisy_z_t,323,disco__disco.00020,disco,3,4.322059631347656,-14.101622581481934
full_noisy_z_t,324,disco__disco.00021,disco,3,1.9870328903198242,-49.561771392822266
full_noisy_z_t,325,disco__disco.00021,disco,3,1.991443395614624,-48.763118743896484
full_noisy_z_t,326,disco__disco.00021,disco,3,2.158240795135498,-47.9361686706543
full_noisy_z_t,327,disco__disco.00021,disco,3,0.7096972465515137,-48.187076568603516
full_noisy_z_t,328,disco__disco.00021,disco,3,0.6551915407180786,-48.93756103515625
full_noisy_z_t,329,disco__disco.00021,disco,3,1.5188326835632324,-47.480690002441406
full_noisy_z_t,330,disco__disco.00021,disco,3,-18.923585891723633,-5.640449047088623
full_noisy_z_t,331,disco__disco.00021,disco,3,-24.675960540771484,-9.49476146697998
full_noisy_z_t,332,disco__disco.00030,disco,3,-3.945486068725586,-47.91185760498047
full_noisy_z_t,333,disco__disco.00030,disco,3,-5.6596221923828125,-50.734317779541016
full_noisy_z_t,334,disco__disco.00030,disco,3,-4.916290760040283,-47.46385192871094
full_noisy_z_t,335,disco__disco.00030,disco,3,-6.492760181427002,-49.76625061035156
full_noisy_z_t,336,disco__disco.00030,disco,3,-7.708922386169434,-50.044429779052734
full_noisy_z_t,337,disco__disco.00030,disco,3,-23.28716278076172,9.208047866821289
full_noisy_z_t,338,disco__disco.00030,disco,3,-7.1541032791137695,-50.655433654785156
full_noisy_z_t,339,disco__disco.00030,disco,3,-3.504377841949463,-50.140899658203125
full_noisy_z_t,340,disco__disco.00030,disco,3,-3.091125726699829,-52.89306640625
full_noisy_z_t,341,disco__disco.00030,disco,3,-5.955944538116455,-49.441429138183594
full_noisy_z_t,342,disco__disco.00040,disco,3,-0.2686193883419037,-13.124320983886719
full_noisy_z_t,343,disco__disco.00040,disco,3,-0.7827614545822144,-18.10199546813965
full_noisy_z_t,344,disco__disco.00040,disco,3,-2.4164834022521973,-6.355415344238281
full_noisy_z_t,345,disco__disco.00040,disco,3,1.2421373128890991,-15.321732521057129
full_noisy_z_t,346,disco__disco.00040,disco,3,0.14769111573696136,-17.696197509765625
full_noisy_z_t,347,disco__disco.00040,disco,3,4.317086696624756,-16.45740509033203
full_noisy_z_t,348,disco__disco.00044,disco,3,-2.559718608856201,-50.03832244873047
full_noisy_z_t,349,disco__disco.00044,disco,3,0.5374235510826111,-49.74574661254883
full_noisy_z_t,350,disco__disco.00044,disco,3,2.91526198387146,-49.561561584472656
full_noisy_z_t,351,disco__disco.00044,disco,3,-0.5645001530647278,-50.12153625488281
full_noisy_z_t,352,disco__disco.00044,disco,3,-1.7379802465438843,-51.13848876953125
full_noisy_z_t,353,disco__disco.00044,disco,3,-1.2443426847457886,-50.27161407470703
full_noisy_z_t,354,disco__disco.00044,disco,3,-3.296173095703125,-49.306663513183594
full_noisy_z_t,355,disco__disco.00044,disco,3,-1.2409290075302124,-48.134124755859375
full_noisy_z_t,356,disco__disco.00044,disco,3,-2.729030132293701,-54.2974967956543
full_noisy_z_t,357,disco__disco.00044,disco,3,0.10012791305780411,-51.386680603027344
full_noisy_z_t,358,disco__disco.00044,disco,3,1.1382578611373901,-51.00727844238281
full_noisy_z_t,359,disco__disco.00055,disco,3,-4.625973701477051,-54.16099166870117
full_noisy_z_t,360,disco__disco.00055,disco,3,-2.2427945137023926,-53.56568908691406
full_noisy_z_t,361,disco__disco.00055,disco,3,-3.4785780906677246,-52.24110412597656
full_noisy_z_t,362,disco__disco.00055,disco,3,-4.1804680824279785,-52.94157409667969
full_noisy_z_t,363,disco__disco.00055,disco,3,-3.9338583946228027,-55.44670867919922
full_noisy_z_t,364,disco__disco.00055,disco,3,-2.5090320110321045,-51.639015197753906
full_noisy_z_t,365,disco__disco.00055,disco,3,-6.5219340324401855,-53.1978759765625
full_noisy_z_t,366,disco__disco.00064,disco,3,1.47939932346344,-52.653438568115234
full_noisy_z_t,367,disco__disco.00064,disco,3,-0.9640650153160095,-53.168514251708984
full_noisy_z_t,368,disco__disco.00064,disco,3,-4.645510673522949,-55.76329040527344
full_noisy_z_t,369,disco__disco.00064,disco,3,-0.5009699463844299,-48.97479248046875
full_noisy_z_t,370,disco__disco.00075,disco,3,-5.412834644317627,-54.844242095947266
full_noisy_z_t,371,disco__disco.00075,disco,3,-6.3124494552612305,-56.76876449584961
full_noisy_z_t,372,disco__disco.00075,disco,3,-5.693142890930176,-52.4011116027832
full_noisy_z_t,373,disco__disco.00075,disco,3,0.6335680484771729,40.188812255859375
full_noisy_z_t,374,disco__disco.00075,disco,3,-4.482253074645996,-51.42001724243164
full_noisy_z_t,375,disco__disco.00075,disco,3,-6.34617280960083,-56.74885177612305
full_noisy_z_t,376,disco__disco.00075,disco,3,-6.2830071449279785,-55.40705490112305
full_noisy_z_t,377,disco__disco.00075,disco,3,-4.7313923835754395,-49.6441650390625
full_noisy_z_t,378,disco__disco.00084,disco,3,-3.774160385131836,-51.76371765136719
full_noisy_z_t,379,disco__disco.00084,disco,3,-4.547012805938721,-52.25434494018555
full_noisy_z_t,380,disco__disco.00084,disco,3,-2.3507676124572754,-50.681968688964844
full_noisy_z_t,381,disco__disco.00084,disco,3,-3.7769463062286377,-53.68101501464844
full_noisy_z_t,382,disco__disco.00084,disco,3,-1.4434434175491333,-53.65285110473633
full_noisy_z_t,383,disco__disco.00084,disco,3,-2.13061785697937,-60.985504150390625
full_noisy_z_t,384,disco__disco.00084,disco,3,-7.2493205070495605,-52.19729232788086
full_noisy_z_t,385,disco__disco.00093,disco,3,-2.3999056816101074,-52.6423225402832
full_noisy_z_t,386,disco__disco.00093,disco,3,-3.4840049743652344,-54.72931671142578
full_noisy_z_t,387,disco__disco.00093,disco,3,0.5979247689247131,-52.10200500488281
full_noisy_z_t,388,disco__disco.00093,disco,3,-0.7995458245277405,-51.945068359375
full_noisy_z_t,389,disco__disco.00093,disco,3,-3.182319164276123,-48.00472640991211
full_noisy_z_t,390,disco__disco.00093,disco,3,2.3393313884735107,-51.375755310058594
full_noisy_z_t,391,disco__disco.00094,disco,3,-6.850868225097656,42.96928024291992
full_noisy_z_t,392,disco__disco.00094,disco,3,-5.028751373291016,43.17565155029297
full_noisy_z_t,393,disco__disco.00094,disco,3,-4.83967924118042,43.051082611083984
full_noisy_z_t,394,disco__disco.00094,disco,3,-5.6587371826171875,45.09262466430664
full_noisy_z_t,395,disco__disco.00094,disco,3,-12.399011611938477,41.482112884521484
full_noisy_z_t,396,disco__disco.00095,disco,3,-3.144138813018799,-51.2747688293457
full_noisy_z_t,397,disco__disco.00095,disco,3,-5.238418102264404,-52.787750244140625
full_noisy_z_t,398,disco__disco.00095,disco,3,-4.7296142578125,-50.755916595458984
full_noisy_z_t,399,disco__disco.00095,disco,3,-6.005247592926025,-51.56303787231445
full_noisy_z_t,400,hiphop__hiphop.00002,hiphop,4,-19.6628360748291,-31.288999557495117
full_noisy_z_t,401,hiphop__hiphop.00002,hiphop,4,-16.92948341369629,-38.39501190185547
full_noisy_z_t,402,hiphop__hiphop.00002,hiphop,4,-15.424004554748535,-39.73817825317383
full_noisy_z_t,403,hiphop__hiphop.00002,hiphop,4,-18.200632095336914,-38.35835647583008
full_noisy_z_t,404,hiphop__hiphop.00002,hiphop,4,-18.387046813964844,-31.87639045715332
full_noisy_z_t,405,hiphop__hiphop.00034,hiphop,4,-25.395368576049805,-36.1823616027832
full_noisy_z_t,406,hiphop__hiphop.00034,hiphop,4,-22.80559730529785,-38.249568939208984
full_noisy_z_t,407,hiphop__hiphop.00034,hiphop,4,-24.27566909790039,-38.102027893066406
full_noisy_z_t,408,hiphop__hiphop.00034,hiphop,4,-22.429100036621094,-38.88446044921875
full_noisy_z_t,409,hiphop__hiphop.00034,hiphop,4,-23.18743896484375,-37.33036804199219
full_noisy_z_t,410,hiphop__hiphop.00034,hiphop,4,-23.718473434448242,-37.72720718383789
full_noisy_z_t,411,hiphop__hiphop.00038,hiphop,4,-25.16742706298828,-35.18608093261719
full_noisy_z_t,412,hiphop__hiphop.00038,hiphop,4,-25.388376235961914,-35.604469299316406
full_noisy_z_t,413,hiphop__hiphop.00038,hiphop,4,-26.13471031188965,-34.64084243774414
full_noisy_z_t,414,hiphop__hiphop.00038,hiphop,4,-25.98321533203125,-35.39350509643555
full_noisy_z_t,415,hiphop__hiphop.00040,hiphop,4,-29.536373138427734,5.328824520111084
full_noisy_z_t,416,hiphop__hiphop.00040,hiphop,4,-30.26141357421875,9.573517799377441
full_noisy_z_t,417,hiphop__hiphop.00040,hiphop,4,-26.890615463256836,9.656012535095215
full_noisy_z_t,418,hiphop__hiphop.00040,hiphop,4,-5.288954257965088,-9.369369506835938
full_noisy_z_t,419,hiphop__hiphop.00040,hiphop,4,-12.31485652923584,-8.959333419799805
full_noisy_z_t,420,hiphop__hiphop.00040,hiphop,4,-10.230430603027344,-11.392120361328125
full_noisy_z_t,421,hiphop__hiphop.00040,hiphop,4,-10.0440673828125,-8.63357925415039
full_noisy_z_t,422,hiphop__hiphop.00042,hiphop,4,-15.538409233093262,-9.67763614654541
full_noisy_z_t,423,hiphop__hiphop.00042,hiphop,4,-23.56321907043457,-34.53085708618164
full_noisy_z_t,424,hiphop__hiphop.00042,hiphop,4,-23.43228530883789,-33.610897064208984
full_noisy_z_t,425,hiphop__hiphop.00042,hiphop,4,-22.06976318359375,-35.204376220703125
full_noisy_z_t,426,hiphop__hiphop.00042,hiphop,4,-24.39652442932129,-36.15439987182617
full_noisy_z_t,427,hiphop__hiphop.00042,hiphop,4,-18.89965057373047,-29.697277069091797
full_noisy_z_t,428,hiphop__hiphop.00042,hiphop,4,-19.29789924621582,-29.840538024902344
full_noisy_z_t,429,hiphop__hiphop.00042,hiphop,4,-24.609664916992188,-34.02759552001953
full_noisy_z_t,430,hiphop__hiphop.00044,hiphop,4,-24.420425415039062,-32.11030578613281
full_noisy_z_t,431,hiphop__hiphop.00044,hiphop,4,-10.193208694458008,-6.256799221038818
full_noisy_z_t,432,hiphop__hiphop.00044,hiphop,4,-7.861122131347656,-5.167358875274658
full_noisy_z_t,433,hiphop__hiphop.00044,hiphop,4,-8.075498580932617,-4.0995330810546875
full_noisy_z_t,434,hiphop__hiphop.00044,hiphop,4,2.804501533508301,10.973493576049805
full_noisy_z_t,435,hiphop__hiphop.00044,hiphop,4,-21.104955673217773,18.107847213745117
full_noisy_z_t,436,hiphop__hiphop.00044,hiphop,4,-24.154874801635742,11.950578689575195
full_noisy_z_t,437,hiphop__hiphop.00053,hiphop,4,2.7197015285491943,-44.774269104003906
full_noisy_z_t,438,hiphop__hiphop.00053,hiphop,4,3.4700920581817627,-46.121097564697266
full_noisy_z_t,439,hiphop__hiphop.00053,hiphop,4,3.821429967880249,-45.27888107299805
full_noisy_z_t,440,hiphop__hiphop.00053,hiphop,4,2.3771283626556396,-45.8243522644043
full_noisy_z_t,441,hiphop__hiphop.00053,hiphop,4,-0.2646762430667877,-46.28761672973633
full_noisy_z_t,442,hiphop__hiphop.00053,hiphop,4,-21.0264892578125,-33.97319412231445
full_noisy_z_t,443,hiphop__hiphop.00053,hiphop,4,-18.754199981689453,-40.691707611083984
full_noisy_z_t,444,hiphop__hiphop.00053,hiphop,4,-27.296916961669922,-32.54155349731445
full_noisy_z_t,445,hiphop__hiphop.00053,hiphop,4,-21.075956344604492,-34.728416442871094
full_noisy_z_t,446,hiphop__hiphop.00076,hiphop,4,-25.440753936767578,-36.94871139526367
full_noisy_z_t,447,hiphop__hiphop.00076,hiphop,4,-21.712549209594727,-35.80134582519531
full_noisy_z_t,448,hiphop__hiphop.00076,hiphop,4,-20.32951545715332,-36.88679885864258
full_noisy_z_t,449,hiphop__hiphop.00076,hiphop,4,-25.196239471435547,-37.985225677490234
full_noisy_z_t,450,hiphop__hiphop.00076,hiphop,4,-26.260732650756836,-36.778846740722656
full_noisy_z_t,451,hiphop__hiphop.00076,hiphop,4,-23.58916664123535,-38.699283599853516
full_noisy_z_t,452,hiphop__hiphop.00079,hiphop,4,-20.2115478515625,-22.808513641357422
full_noisy_z_t,453,hiphop__hiphop.00079,hiphop,4,-20.093318939208984,-20.582576751708984
full_noisy_z_t,454,hiphop__hiphop.00079,hiphop,4,-20.296768188476562,-25.308481216430664
full_noisy_z_t,455,hiphop__hiphop.00079,hiphop,4,-20.784387588500977,-27.577285766601562
full_noisy_z_t,456,hiphop__hiphop.00079,hiphop,4,-19.739904403686523,-25.673059463500977
full_noisy_z_t,457,hiphop__hiphop.00079,hiphop,4,-19.607301712036133,-26.861717224121094
full_noisy_z_t,458,hiphop__hiphop.00079,hiphop,4,-19.709043502807617,-24.2054386138916
full_noisy_z_t,459,hiphop__hiphop.00079,hiphop,4,-21.337251663208008,-21.233951568603516
full_noisy_z_t,460,hiphop__hiphop.00082,hiphop,4,-24.82187271118164,-37.18790817260742
full_noisy_z_t,461,hiphop__hiphop.00082,hiphop,4,-21.952383041381836,-36.909217834472656
full_noisy_z_t,462,hiphop__hiphop.00082,hiphop,4,-19.40955352783203,-37.3253059387207
full_noisy_z_t,463,hiphop__hiphop.00082,hiphop,4,-22.572547912597656,-42.03250503540039
full_noisy_z_t,464,hiphop__hiphop.00082,hiphop,4,-22.85906219482422,-41.07672882080078
full_noisy_z_t,465,hiphop__hiphop.00082,hiphop,4,-22.67906951904297,-37.355464935302734
full_noisy_z_t,466,hiphop__hiphop.00087,hiphop,4,-22.761281967163086,-35.862037658691406
full_noisy_z_t,467,hiphop__hiphop.00087,hiphop,4,-21.577566146850586,-37.82765197753906
full_noisy_z_t,468,hiphop__hiphop.00087,hiphop,4,-24.16242790222168,-35.257022857666016
full_noisy_z_t,469,hiphop__hiphop.00087,hiphop,4,-23.693099975585938,-36.55083084106445
full_noisy_z_t,470,hiphop__hiphop.00087,hiphop,4,-22.055692672729492,-38.12324142456055
full_noisy_z_t,471,hiphop__hiphop.00087,hiphop,4,-23.407989501953125,-35.8215217590332
full_noisy_z_t,472,hiphop__hiphop.00087,hiphop,4,-24.00175666809082,-36.873435974121094
full_noisy_z_t,473,hiphop__hiphop.00089,hiphop,4,-21.153234481811523,-37.1605110168457
full_noisy_z_t,474,hiphop__hiphop.00089,hiphop,4,-19.773544311523438,-38.993656158447266
full_noisy_z_t,475,hiphop__hiphop.00089,hiphop,4,-22.668560028076172,-43.85952377319336
full_noisy_z_t,476,hiphop__hiphop.00089,hiphop,4,-20.691707611083984,-38.09001159667969
full_noisy_z_t,477,hiphop__hiphop.00089,hiphop,4,-21.366390228271484,-39.140254974365234
full_noisy_z_t,478,hiphop__hiphop.00093,hiphop,4,2.184784412384033,43.26292037963867
full_noisy_z_t,479,hiphop__hiphop.00093,hiphop,4,1.6755174398422241,42.47245788574219
full_noisy_z_t,480,hiphop__hiphop.00093,hiphop,4,-1.9116449356079102,42.201026916503906
full_noisy_z_t,481,hiphop__hiphop.00093,hiphop,4,-5.8586931228637695,40.82394790649414
full_noisy_z_t,482,hiphop__hiphop.00093,hiphop,4,-4.703981399536133,40.70735168457031
full_noisy_z_t,483,hiphop__hiphop.00093,hiphop,4,1.7964500188827515,41.54216003417969
full_noisy_z_t,484,hiphop__hiphop.00093,hiphop,4,1.7046239376068115,40.85205078125
full_noisy_z_t,485,hiphop__hiphop.00093,hiphop,4,-1.2396777868270874,41.88967514038086
full_noisy_z_t,486,hiphop__hiphop.00093,hiphop,4,0.7421627044677734,41.63003921508789
full_noisy_z_t,487,hiphop__hiphop.00094,hiphop,4,-22.865324020385742,-39.625179290771484
full_noisy_z_t,488,hiphop__hiphop.00094,hiphop,4,-19.58685874938965,-34.475669860839844
full_noisy_z_t,489,hiphop__hiphop.00094,hiphop,4,-24.014535903930664,-40.675048828125
full_noisy_z_t,490,hiphop__hiphop.00094,hiphop,4,-20.89175033569336,-35.787044525146484
full_noisy_z_t,491,hiphop__hiphop.00094,hiphop,4,-22.206090927124023,-34.05398178100586
full_noisy_z_t,492,hiphop__hiphop.00098,hiphop,4,-20.39592933654785,-38.7049560546875
full_noisy_z_t,493,hiphop__hiphop.00098,hiphop,4,-19.282621383666992,-39.94131088256836
full_noisy_z_t,494,hiphop__hiphop.00098,hiphop,4,-23.649511337280273,-42.02619934082031
full_noisy_z_t,495,hiphop__hiphop.00098,hiphop,4,-23.80237579345703,-39.7520637512207
full_noisy_z_t,496,hiphop__hiphop.00098,hiphop,4,-19.893173217773438,-35.51306915283203
full_noisy_z_t,497,hiphop__hiphop.00098,hiphop,4,-22.35685157775879,-40.242435455322266
full_noisy_z_t,498,hiphop__hiphop.00098,hiphop,4,-25.152393341064453,-38.519561767578125
full_noisy_z_t,499,hiphop__hiphop.00098,hiphop,4,-24.64459228515625,-39.48231506347656
full_noisy_z_t,500,jazz__jazz.00033,jazz,5,41.91319274902344,10.355528831481934
full_noisy_z_t,501,jazz__jazz.00033,jazz,5,38.016700744628906,11.283856391906738
full_noisy_z_t,502,jazz__jazz.00033,jazz,5,36.947059631347656,11.49996566772461
full_noisy_z_t,503,jazz__jazz.00033,jazz,5,38.40113067626953,8.669700622558594
full_noisy_z_t,504,jazz__jazz.00033,jazz,5,41.36579513549805,12.466035842895508
full_noisy_z_t,505,jazz__jazz.00033,jazz,5,37.496883392333984,10.588098526000977
full_noisy_z_t,506,jazz__jazz.00041,jazz,5,41.64780807495117,11.523959159851074
full_noisy_z_t,507,jazz__jazz.00041,jazz,5,39.8214111328125,14.593365669250488
full_noisy_z_t,508,jazz__jazz.00041,jazz,5,39.74842071533203,15.62929630279541
full_noisy_z_t,509,jazz__jazz.00041,jazz,5,39.09764099121094,11.172958374023438
full_noisy_z_t,510,jazz__jazz.00041,jazz,5,40.36225891113281,9.431673049926758
full_noisy_z_t,511,jazz__jazz.00041,jazz,5,39.53569793701172,13.383753776550293
full_noisy_z_t,512,jazz__jazz.00041,jazz,5,40.373233795166016,11.989795684814453
full_noisy_z_t,513,jazz__jazz.00041,jazz,5,38.106849670410156,10.130057334899902
full_noisy_z_t,514,jazz__jazz.00041,jazz,5,40.406166076660156,11.363512992858887
full_noisy_z_t,515,jazz__jazz.00041,jazz,5,39.55559539794922,9.75819206237793
full_noisy_z_t,516,jazz__jazz.00046,jazz,5,41.07324981689453,13.430715560913086
full_noisy_z_t,517,jazz__jazz.00046,jazz,5,40.5991096496582,15.10202407836914
full_noisy_z_t,518,jazz__jazz.00046,jazz,5,36.10247039794922,13.557713508605957
full_noisy_z_t,519,jazz__jazz.00046,jazz,5,37.284423828125,13.660675048828125
full_noisy_z_t,520,jazz__jazz.00046,jazz,5,38.482215881347656,14.416531562805176
full_noisy_z_t,521,jazz__jazz.00046,jazz,5,38.20688247680664,12.040849685668945
full_noisy_z_t,522,jazz__jazz.00046,jazz,5,38.22822952270508,13.365230560302734
full_noisy_z_t,523,jazz__jazz.00046,jazz,5,37.23469924926758,12.687713623046875
full_noisy_z_t,524,jazz__jazz.00048,jazz,5,37.675010681152344,15.130728721618652
full_noisy_z_t,525,jazz__jazz.00048,jazz,5,35.894554138183594,11.067534446716309
full_noisy_z_t,526,jazz__jazz.00048,jazz,5,36.1731071472168,11.988334655761719
full_noisy_z_t,527,jazz__jazz.00048,jazz,5,37.17642593383789,9.409581184387207
full_noisy_z_t,528,jazz__jazz.00048,jazz,5,36.199153900146484,9.612133979797363
full_noisy_z_t,529,jazz__jazz.00048,jazz,5,38.50938034057617,10.610051155090332
full_noisy_z_t,530,jazz__jazz.00048,jazz,5,6.648016929626465,11.34998607635498
full_noisy_z_t,531,jazz__jazz.00048,jazz,5,35.38525390625,12.454939842224121
full_noisy_z_t,532,jazz__jazz.00050,jazz,5,39.460601806640625,3.442991256713867
full_noisy_z_t,533,jazz__jazz.00050,jazz,5,38.05712127685547,4.5497517585754395
full_noisy_z_t,534,jazz__jazz.00050,jazz,5,40.134315490722656,7.681314945220947
full_noisy_z_t,535,jazz__jazz.00050,jazz,5,39.73141860961914,6.015839576721191
full_noisy_z_t,536,jazz__jazz.00050,jazz,5,42.74446105957031,5.587686061859131
full_noisy_z_t,537,jazz__jazz.00050,jazz,5,43.97835922241211,1.7269032001495361
full_noisy_z_t,538,jazz__jazz.00050,jazz,5,40.39451599121094,5.278231143951416
full_noisy_z_t,539,jazz__jazz.00050,jazz,5,37.8330078125,3.21456241607666
full_noisy_z_t,540,jazz__jazz.00050,jazz,5,37.77299118041992,3.050931692123413
full_noisy_z_t,541,jazz__jazz.00059,jazz,5,40.78558349609375,4.031862258911133
full_noisy_z_t,542,jazz__jazz.00059,jazz,5,2.7519690990448,-5.908364772796631
full_noisy_z_t,543,jazz__jazz.00060,jazz,5,30.52732276916504,3.247581958770752
full_noisy_z_t,544,jazz__jazz.00060,jazz,5,3.8666305541992188,-4.659548282623291
full_noisy_z_t,545,jazz__jazz.00060,jazz,5,39.452083587646484,7.41422176361084
full_noisy_z_t,546,jazz__jazz.00060,jazz,5,35.89634323120117,5.492714881896973
full_noisy_z_t,547,jazz__jazz.00060,jazz,5,38.47831344604492,7.374790668487549
full_noisy_z_t,548,jazz__jazz.00060,jazz,5,38.757896423339844,6.453829765319824
full_noisy_z_t,549,jazz__jazz.00071,jazz,5,41.17422866821289,10.3969144821167
full_noisy_z_t,550,jazz__jazz.00071,jazz,5,42.851478576660156,7.4088521003723145
full_noisy_z_t,551,jazz__jazz.00071,jazz,5,40.82509231567383,8.31298828125
full_noisy_z_t,552,jazz__jazz.00071,jazz,5,39.04011917114258,5.905564308166504
full_noisy_z_t,553,jazz__jazz.00071,jazz,5,39.226802825927734,6.8781328201293945
full_noisy_z_t,554,jazz__jazz.00071,jazz,5,37.09749984741211,5.785737037658691
full_noisy_z_t,555,jazz__jazz.00071,jazz,5,34.866519927978516,3.5108258724212646
full_noisy_z_t,556,jazz__jazz.00081,jazz,5,34.02901077270508,10.058951377868652
full_noisy_z_t,557,jazz__jazz.00081,jazz,5,32.851295471191406,10.424705505371094
full_noisy_z_t,558,jazz__jazz.00081,jazz,5,33.209571838378906,10.89513111114502
full_noisy_z_t,559,jazz__jazz.00081,jazz,5,32.479270935058594,10.969785690307617
full_noisy_z_t,560,jazz__jazz.00081,jazz,5,31.90652847290039,10.229941368103027
full_noisy_z_t,561,jazz__jazz.00081,jazz,5,35.10978698730469,9.533453941345215
full_noisy_z_t,562,jazz__jazz.00081,jazz,5,37.806251525878906,9.296072006225586
full_noisy_z_t,563,jazz__jazz.00081,jazz,5,34.32363510131836,11.085182189941406
full_noisy_z_t,564,jazz__jazz.00081,jazz,5,34.77202606201172,8.750591278076172
full_noisy_z_t,565,jazz__jazz.00084,jazz,5,35.98215866088867,8.743547439575195
full_noisy_z_t,566,jazz__jazz.00084,jazz,5,39.95643997192383,6.691237926483154
full_noisy_z_t,567,jazz__jazz.00084,jazz,5,41.8463249206543,7.026813983917236
full_noisy_z_t,568,jazz__jazz.00084,jazz,5,41.65690612792969,8.046721458435059
full_noisy_z_t,569,jazz__jazz.00084,jazz,5,41.749481201171875,5.268415927886963
full_noisy_z_t,570,jazz__jazz.00084,jazz,5,37.554317474365234,7.800137519836426
full_noisy_z_t,571,jazz__jazz.00084,jazz,5,36.681602478027344,7.8781418800354
full_noisy_z_t,572,jazz__jazz.00084,jazz,5,36.11278533935547,7.133128643035889
full_noisy_z_t,573,jazz__jazz.00086,jazz,5,38.34834671020508,7.870959281921387
full_noisy_z_t,574,jazz__jazz.00086,jazz,5,40.954933166503906,6.361202239990234
full_noisy_z_t,575,jazz__jazz.00086,jazz,5,42.41121292114258,0.7542950510978699
full_noisy_z_t,576,jazz__jazz.00086,jazz,5,33.32534408569336,9.161332130432129
full_noisy_z_t,577,jazz__jazz.00086,jazz,5,42.70076370239258,3.785522937774658
full_noisy_z_t,578,jazz__jazz.00091,jazz,5,39.14855194091797,8.090425491333008
full_noisy_z_t,579,jazz__jazz.00091,jazz,5,42.411659240722656,-0.40078163146972656
full_noisy_z_t,580,jazz__jazz.00092,jazz,5,36.6982421875,6.58052921295166
full_noisy_z_t,581,jazz__jazz.00092,jazz,5,38.71058654785156,9.752382278442383
full_noisy_z_t,582,jazz__jazz.00092,jazz,5,41.82538604736328,9.025252342224121
full_noisy_z_t,583,jazz__jazz.00092,jazz,5,43.550941467285156,-0.9394446611404419
full_noisy_z_t,584,jazz__jazz.00092,jazz,5,37.2203254699707,8.538925170898438
full_noisy_z_t,585,jazz__jazz.00092,jazz,5,38.05717086791992,5.755350589752197
full_noisy_z_t,586,jazz__jazz.00092,jazz,5,43.71900177001953,0.2298472672700882
full_noisy_z_t,587,jazz__jazz.00096,jazz,5,39.45062255859375,11.730982780456543
full_noisy_z_t,588,jazz__jazz.00096,jazz,5,39.40834426879883,4.973791122436523
full_noisy_z_t,589,jazz__jazz.00096,jazz,5,40.710777282714844,7.276617050170898
full_noisy_z_t,590,jazz__jazz.00096,jazz,5,39.778682708740234,8.617968559265137
full_noisy_z_t,591,jazz__jazz.00096,jazz,5,39.67926025390625,10.55510425567627
full_noisy_z_t,592,jazz__jazz.00096,jazz,5,40.524410247802734,10.486833572387695
full_noisy_z_t,593,jazz__jazz.00096,jazz,5,37.4245491027832,11.981313705444336
full_noisy_z_t,594,jazz__jazz.00096,jazz,5,40.246341705322266,12.827510833740234
full_noisy_z_t,595,jazz__jazz.00096,jazz,5,38.95998764038086,12.591222763061523
full_noisy_z_t,596,jazz__jazz.00096,jazz,5,39.212730407714844,8.958669662475586
full_noisy_z_t,597,jazz__jazz.00099,jazz,5,40.86448287963867,9.3253755569458
full_noisy_z_t,598,jazz__jazz.00099,jazz,5,37.73754119873047,6.625730991363525
full_noisy_z_t,599,jazz__jazz.00099,jazz,5,40.06240463256836,13.999266624450684
full_noisy_z_t,600,metal__metal.00002,metal,6,9.548606872558594,32.767860412597656
full_noisy_z_t,601,metal__metal.00002,metal,6,9.024788856506348,38.80637741088867
full_noisy_z_t,602,metal__metal.00002,metal,6,7.50457763671875,36.80420684814453
full_noisy_z_t,603,metal__metal.00002,metal,6,11.675182342529297,36.03739547729492
full_noisy_z_t,604,metal__metal.00002,metal,6,12.025864601135254,30.29856300354004
full_noisy_z_t,605,metal__metal.00002,metal,6,10.479846000671387,29.46232795715332
full_noisy_z_t,606,metal__metal.00002,metal,6,11.398569107055664,29.302661895751953
full_noisy_z_t,607,metal__metal.00002,metal,6,11.169175148010254,30.9090576171875
full_noisy_z_t,608,metal__metal.00002,metal,6,8.504069328308105,23.08606719970703
full_noisy_z_t,609,metal__metal.00004,metal,6,10.147329330444336,42.16832733154297
full_noisy_z_t,610,metal__metal.00004,metal,6,10.921913146972656,38.6175422668457
full_noisy_z_t,611,metal__metal.00004,metal,6,9.9408540725708,39.7479248046875
full_noisy_z_t,612,metal__metal.00004,metal,6,10.066431999206543,36.43599319458008
full_noisy_z_t,613,metal__metal.00004,metal,6,11.373272895812988,42.731143951416016
full_noisy_z_t,614,metal__metal.00004,metal,6,11.204572677612305,43.03285598754883
full_noisy_z_t,615,metal__metal.00004,metal,6,10.183573722839355,38.57228088378906
full_noisy_z_t,616,metal__metal.00012,metal,6,7.168302536010742,40.17119216918945
full_noisy_z_t,617,metal__metal.00012,metal,6,7.767226219177246,42.71660232543945
full_noisy_z_t,618,metal__metal.00012,metal,6,5.599795341491699,42.337738037109375
full_noisy_z_t,619,metal__metal.00012,metal,6,8.325407981872559,40.4112434387207
full_noisy_z_t,620,metal__metal.00012,metal,6,6.504048824310303,36.0860710144043
full_noisy_z_t,621,metal__metal.00012,metal,6,10.655235290527344,36.70486831665039
full_noisy_z_t,622,metal__metal.00012,metal,6,11.572685241699219,34.700035095214844
full_noisy_z_t,623,metal__metal.00012,metal,6,8.864766120910645,33.701560974121094
full_noisy_z_t,624,metal__metal.00022,metal,6,5.272964000701904,31.60902976989746
full_noisy_z_t,625,metal__metal.00022,metal,6,4.270865440368652,32.653045654296875
full_noisy_z_t,626,metal__metal.00022,metal,6,4.3841552734375,31.59972381591797
full_noisy_z_t,627,metal__metal.00022,metal,6,2.3966407775878906,32.119483947753906
full_noisy_z_t,628,metal__metal.00022,metal,6,4.369842052459717,32.7453727722168
full_noisy_z_t,629,metal__metal.00022,metal,6,5.067443370819092,32.97166442871094
full_noisy_z_t,630,metal__metal.00022,metal,6,4.041194915771484,31.482892990112305
full_noisy_z_t,631,metal__metal.00022,metal,6,4.681046962738037,30.985645294189453
full_noisy_z_t,632,metal__metal.00024,metal,6,13.466650009155273,34.1260871887207
full_noisy_z_t,633,metal__metal.00024,metal,6,10.220216751098633,35.56941223144531
full_noisy_z_t,634,metal__metal.00024,metal,6,10.892522811889648,31.642230987548828
full_noisy_z_t,635,metal__metal.00024,metal,6,8.76741886138916,37.51061248779297
full_noisy_z_t,636,metal__metal.00024,metal,6,7.629254341125488,32.31181335449219
full_noisy_z_t,637,metal__metal.00024,metal,6,11.055147171020508,33.06765365600586
full_noisy_z_t,638,metal__metal.00024,metal,6,7.253421783447266,31.75757598876953
full_noisy_z_t,639,metal__metal.00024,metal,6,10.249710083007812,33.248077392578125
full_noisy_z_t,640,metal__metal.00030,metal,6,-2.0213069915771484,16.15922737121582
full_noisy_z_t,641,metal__metal.00030,metal,6,-0.9295989871025085,12.982181549072266
full_noisy_z_t,642,metal__metal.00030,metal,6,2.2259809970855713,17.961124420166016
full_noisy_z_t,643,metal__metal.00030,metal,6,12.520417213439941,29.459270477294922
full_noisy_z_t,644,metal__metal.00030,metal,6,9.10771656036377,27.812448501586914
full_noisy_z_t,645,metal__metal.00049,metal,6,6.546591281890869,38.42887878417969
full_noisy_z_t,646,metal__metal.00049,metal,6,7.469673156738281,39.01164245605469
full_noisy_z_t,647,metal__metal.00049,metal,6,9.67891788482666,39.265098571777344
full_noisy_z_t,648,metal__metal.00049,metal,6,9.335636138916016,35.95600509643555
full_noisy_z_t,649,metal__metal.00049,metal,6,7.985888481140137,35.48964309692383
full_noisy_z_t,650,metal__metal.00049,metal,6,6.065375804901123,37.3248176574707
full_noisy_z_t,651,metal__metal.00049,metal,6,8.904426574707031,34.72821807861328
full_noisy_z_t,652,metal__metal.00049,metal,6,8.562457084655762,36.315155029296875
full_noisy_z_t,653,metal__metal.00049,metal,6,12.549015998840332,35.25030517578125
full_noisy_z_t,654,metal__metal.00051,metal,6,9.534361839294434,37.028961181640625
full_noisy_z_t,655,metal__metal.00051,metal,6,8.384419441223145,30.272249221801758
full_noisy_z_t,656,metal__metal.00051,metal,6,9.705588340759277,31.805753707885742
full_noisy_z_t,657,metal__metal.00051,metal,6,11.183542251586914,35.2945671081543
full_noisy_z_t,658,metal__metal.00051,metal,6,10.45183277130127,34.80891418457031
full_noisy_z_t,659,metal__metal.00051,metal,6,8.02730941772461,33.24967575073242
full_noisy_z_t,660,metal__metal.00051,metal,6,7.750064373016357,34.391441345214844
full_noisy_z_t,661,metal__metal.00051,metal,6,9.644468307495117,34.087745666503906
full_noisy_z_t,662,metal__metal.00052,metal,6,10.500518798828125,37.3660774230957
full_noisy_z_t,663,metal__metal.00052,metal,6,8.496320724487305,37.933502197265625
full_noisy_z_t,664,metal__metal.00052,metal,6,8.324922561645508,38.81267547607422
full_noisy_z_t,665,metal__metal.00052,metal,6,8.978940963745117,42.20088195800781
full_noisy_z_t,666,metal__metal.00052,metal,6,4.923993110656738,40.91497802734375
full_noisy_z_t,667,metal__metal.00056,metal,6,8.373703956604004,41.252830505371094
full_noisy_z_t,668,metal__metal.00056,metal,6,6.195277214050293,34.25349807739258
full_noisy_z_t,669,metal__metal.00056,metal,6,8.577713966369629,32.733402252197266
full_noisy_z_t,670,metal__metal.00056,metal,6,4.7304558753967285,38.574913024902344
full_noisy_z_t,671,metal__metal.00056,metal,6,7.23903226852417,41.312217712402344
full_noisy_z_t,672,metal__metal.00056,metal,6,9.019668579101562,39.795021057128906
full_noisy_z_t,673,metal__metal.00069,metal,6,7.5940022468566895,37.95499038696289
full_noisy_z_t,674,metal__metal.00069,metal,6,13.40904712677002,32.03469467163086
full_noisy_z_t,675,metal__metal.00069,metal,6,13.361380577087402,28.265893936157227
full_noisy_z_t,676,metal__metal.00069,metal,6,8.778204917907715,29.258289337158203
full_noisy_z_t,677,metal__metal.00069,metal,6,10.49476432800293,39.301292419433594
full_noisy_z_t,678,metal__metal.00069,metal,6,12.635318756103516,33.54581069946289
full_noisy_z_t,679,metal__metal.00069,metal,6,2.9575047492980957,41.66748046875
full_noisy_z_t,680,metal__metal.00091,metal,6,-11.324442863464355,32.894710540771484
full_noisy_z_t,681,metal__metal.00091,metal,6,-10.984369277954102,33.83331298828125
full_noisy_z_t,682,metal__metal.00091,metal,6,-20.405540466308594,29.00522232055664
full_noisy_z_t,683,metal__metal.00091,metal,6,-21.977476119995117,18.431854248046875
full_noisy_z_t,684,metal__metal.00091,metal,6,-21.616331100463867,21.027328491210938
full_noisy_z_t,685,metal__metal.00091,metal,6,-20.28619956970215,19.124574661254883
full_noisy_z_t,686,metal__metal.00092,metal,6,8.314475059509277,31.799808502197266
full_noisy_z_t,687,metal__metal.00092,metal,6,7.5110859870910645,29.482776641845703
full_noisy_z_t,688,metal__metal.00092,metal,6,6.314030647277832,31.042160034179688
full_noisy_z_t,689,metal__metal.00092,metal,6,9.57754898071289,38.03250503540039
full_noisy_z_t,690,metal__metal.00092,metal,6,9.801202774047852,29.73548126220703
full_noisy_z_t,691,metal__metal.00092,metal,6,6.505833148956299,33.279335021972656
full_noisy_z_t,692,metal__metal.00096,metal,6,2.831922769546509,39.48664855957031
full_noisy_z_t,693,metal__metal.00096,metal,6,3.9916210174560547,41.76078796386719
full_noisy_z_t,694,metal__metal.00097,metal,6,-7.759946346282959,49.13858413696289
full_noisy_z_t,695,metal__metal.00097,metal,6,-8.231043815612793,47.05842590332031
full_noisy_z_t,696,metal__metal.00097,metal,6,5.896523952484131,39.65591049194336
full_noisy_z_t,697,metal__metal.00097,metal,6,8.081624984741211,39.69448471069336
full_noisy_z_t,698,metal__metal.00097,metal,6,3.0014069080352783,40.24134826660156
full_noisy_z_t,699,metal__metal.00097,metal,6,3.5974605083465576,40.83974075317383
full_noisy_z_t,700,pop__pop.00003,pop,7,-22.319250106811523,-16.8969669342041
full_noisy_z_t,701,pop__pop.00003,pop,7,-3.5432791709899902,-45.4220085144043
full_noisy_z_t,702,pop__pop.00003,pop,7,-3.6386544704437256,-45.12794494628906
full_noisy_z_t,703,pop__pop.00003,pop,7,-15.51699161529541,0.36420828104019165
full_noisy_z_t,704,pop__pop.00003,pop,7,-20.722850799560547,-9.573379516601562
full_noisy_z_t,705,pop__pop.00003,pop,7,-17.611467361450195,-9.266096115112305
full_noisy_z_t,706,pop__pop.00003,pop,7,-16.638402938842773,-9.093841552734375
full_noisy_z_t,707,pop__pop.00007,pop,7,-13.596484184265137,-8.865592956542969
full_noisy_z_t,708,pop__pop.00007,pop,7,-13.102542877197266,-10.262014389038086
full_noisy_z_t,709,pop__pop.00007,pop,7,-26.21875762939453,-16.079795837402344
full_noisy_z_t,710,pop__pop.00007,pop,7,-25.134716033935547,-10.531769752502441
full_noisy_z_t,711,pop__pop.00007,pop,7,-21.575387954711914,-15.682026863098145
full_noisy_z_t,712,pop__pop.00007,pop,7,-21.733684539794922,13.333577156066895
full_noisy_z_t,713,pop__pop.00007,pop,7,-21.75904083251953,11.858634948730469
full_noisy_z_t,714,pop__pop.00007,pop,7,-20.61073875427246,11.698293685913086
full_noisy_z_t,715,pop__pop.00015,pop,7,-25.27805519104004,-15.157896995544434
full_noisy_z_t,716,pop__pop.00015,pop,7,-23.938007354736328,-15.565082550048828
full_noisy_z_t,717,pop__pop.00015,pop,7,-25.28035545349121,-11.905241012573242
full_noisy_z_t,718,pop__pop.00015,pop,7,-24.071224212646484,-12.97995662689209
full_noisy_z_t,719,pop__pop.00015,pop,7,-23.709318161010742,-11.583173751831055
full_noisy_z_t,720,pop__pop.00015,pop,7,-24.886432647705078,-13.51524829864502
full_noisy_z_t,721,pop__pop.00021,pop,7,-20.060527801513672,-19.231618881225586
full_noisy_z_t,722,pop__pop.00021,pop,7,-23.6855525970459,-16.86147689819336
full_noisy_z_t,723,pop__pop.00021,pop,7,-26.064577102661133,-10.880362510681152
full_noisy_z_t,724,pop__pop.00021,pop,7,-22.4234561920166,-9.658756256103516
full_noisy_z_t,725,pop__pop.00021,pop,7,-27.72480010986328,-9.690059661865234
full_noisy_z_t,726,pop__pop.00021,pop,7,-24.513751983642578,-12.58647346496582
full_noisy_z_t,727,pop__pop.00021,pop,7,-23.161954879760742,-13.313765525817871
full_noisy_z_t,728,pop__pop.00021,pop,7,-24.30056381225586,-11.479643821716309
full_noisy_z_t,729,pop__pop.00028,pop,7,-23.3995361328125,-14.84295654296875
full_noisy_z_t,730,pop__pop.00028,pop,7,-25.104110717773438,-11.858823776245117
full_noisy_z_t,731,pop__pop.00028,pop,7,-21.165695190429688,-13.562483787536621
full_noisy_z_t,732,pop__pop.00028,pop,7,-23.639530181884766,-14.31143569946289
full_noisy_z_t,733,pop__pop.00028,pop,7,-21.132654190063477,-12.503975868225098
full_noisy_z_t,734,pop__pop.00028,pop,7,-19.59890365600586,-16.320213317871094
full_noisy_z_t,735,pop__pop.00029,pop,7,-14.30539608001709,-9.620381355285645
full_noisy_z_t,736,pop__pop.00029,pop,7,-18.256328582763672,-12.613940238952637
full_noisy_z_t,737,pop__pop.00029,pop,7,-13.144746780395508,-11.164433479309082
full_noisy_z_t,738,pop__pop.00029,pop,7,-16.919748306274414,-11.833501815795898
full_noisy_z_t,739,pop__pop.00029,pop,7,-19.92173957824707,-12.679643630981445
full_noisy_z_t,740,pop__pop.00029,pop,7,-22.23438835144043,-13.210684776306152
full_noisy_z_t,741,pop__pop.00029,pop,7,-14.594969749450684,-10.620556831359863
full_noisy_z_t,742,pop__pop.00029,pop,7,-19.421825408935547,-9.297972679138184
full_noisy_z_t,743,pop__pop.00033,pop,7,-21.413175582885742,-9.358036041259766
full_noisy_z_t,744,pop__pop.00033,pop,7,-20.090970993041992,-21.849769592285156
full_noisy_z_t,745,pop__pop.00033,pop,7,-17.675397872924805,-24.94068145751953
full_noisy_z_t,746,pop__pop.00033,pop,7,-19.469810485839844,-20.017465591430664
full_noisy_z_t,747,pop__pop.00033,pop,7,-18.67864418029785,-20.457168579101562
full_noisy_z_t,748,pop__pop.00033,pop,7,-19.104955673217773,-21.76303482055664
full_noisy_z_t,749,pop__pop.00033,pop,7,-20.653560638427734,-16.96642303466797
full_noisy_z_t,750,pop__pop.00033,pop,7,-20.703094482421875,-17.81561851501465
full_noisy_z_t,751,pop__pop.00034,pop,7,-22.58570098876953,-18.307863235473633
full_noisy_z_t,752,pop__pop.00034,pop,7,-20.855134963989258,-14.827990531921387
full_noisy_z_t,753,pop__pop.00034,pop,7,-22.776948928833008,-15.913907051086426
full_noisy_z_t,754,pop__pop.00034,pop,7,-22.80292320251465,-12.368772506713867
full_noisy_z_t,755,pop__pop.00034,pop,7,-22.38188362121582,-10.390826225280762
full_noisy_z_t,756,pop__pop.00034,pop,7,-22.12237548828125,-18.976343154907227
full_noisy_z_t,757,pop__pop.00034,pop,7,-22.218101501464844,-20.45909881591797
full_noisy_z_t,758,pop__pop.00035,pop,7,-21.49486541748047,-17.937915802001953
full_noisy_z_t,759,pop__pop.00035,pop,7,-24.694284439086914,-11.020406723022461
full_noisy_z_t,760,pop__pop.00035,pop,7,-23.705036163330078,-12.382421493530273
full_noisy_z_t,761,pop__pop.00035,pop,7,-24.62755584716797,-14.44705867767334
full_noisy_z_t,762,pop__pop.00035,pop,7,-24.919939041137695,-16.98104476928711
full_noisy_z_t,763,pop__pop.00038,pop,7,-22.278810501098633,-33.204837799072266
full_noisy_z_t,764,pop__pop.00038,pop,7,-20.92700958251953,-20.238971710205078
full_noisy_z_t,765,pop__pop.00038,pop,7,-20.60487174987793,-20.973875045776367
full_noisy_z_t,766,pop__pop.00038,pop,7,-19.71250343322754,-18.34079360961914
full_noisy_z_t,767,pop__pop.00039,pop,7,-15.600801467895508,-10.925640106201172
full_noisy_z_t,768,pop__pop.00039,pop,7,-24.064208984375,-9.015334129333496
full_noisy_z_t,769,pop__pop.00039,pop,7,-22.495159149169922,-14.218278884887695
full_noisy_z_t,770,pop__pop.00039,pop,7,-19.238353729248047,-11.881237030029297
full_noisy_z_t,771,pop__pop.00039,pop,7,-23.723873138427734,-10.30700397491455
full_noisy_z_t,772,pop__pop.00039,pop,7,-23.419740676879883,-11.016742706298828
full_noisy_z_t,773,pop__pop.00039,pop,7,-20.299667358398438,-11.391140937805176
full_noisy_z_t,774,pop__pop.00039,pop,7,-22.605552673339844,-8.950611114501953
full_noisy_z_t,775,pop__pop.00045,pop,7,-20.858457565307617,-32.335777282714844
full_noisy_z_t,776,pop__pop.00045,pop,7,-21.94804573059082,-14.806208610534668
full_noisy_z_t,777,pop__pop.00045,pop,7,-20.004987716674805,-14.43956470489502
full_noisy_z_t,778,pop__pop.00045,pop,7,-18.03164291381836,-11.046664237976074
full_noisy_z_t,779,pop__pop.00045,pop,7,-18.984901428222656,-14.77022933959961
full_noisy_z_t,780,pop__pop.00049,pop,7,-21.490375518798828,-10.969216346740723
full_noisy_z_t,781,pop__pop.00049,pop,7,-17.098852157592773,-10.508143424987793
full_noisy_z_t,782,pop__pop.00049,pop,7,-17.565166473388672,-6.537107944488525
full_noisy_z_t,783,pop__pop.00049,pop,7,-15.208446502685547,-8.531977653503418
full_noisy_z_t,784,pop__pop.00049,pop,7,-22.52690887451172,-11.310482025146484
full_noisy_z_t,785,pop__pop.00049,pop,7,-25.660030364990234,-9.120697975158691
full_noisy_z_t,786,pop__pop.00049,pop,7,-21.723495483398438,-11.914026260375977
full_noisy_z_t,787,pop__pop.00079,pop,7,-5.647881031036377,10.969266891479492
full_noisy_z_t,788,pop__pop.00079,pop,7,42.547019958496094,-2.0260419845581055
full_noisy_z_t,789,pop__pop.00079,pop,7,-19.488567352294922,18.799331665039062
full_noisy_z_t,790,pop__pop.00079,pop,7,-24.570642471313477,9.1197509765625
full_noisy_z_t,791,pop__pop.00081,pop,7,-24.790725708007812,14.292863845825195
full_noisy_z_t,792,pop__pop.00081,pop,7,-21.144689559936523,15.605195045471191
full_noisy_z_t,793,pop__pop.00081,pop,7,-15.71401596069336,2.437858819961548
full_noisy_z_t,794,pop__pop.00081,pop,7,-20.156808853149414,15.59363842010498
full_noisy_z_t,795,pop__pop.00081,pop,7,-20.755207061767578,-4.316448211669922
full_noisy_z_t,796,pop__pop.00081,pop,7,-23.956907272338867,15.850289344787598
full_noisy_z_t,797,pop__pop.00081,pop,7,-23.107912063598633,15.897663116455078
full_noisy_z_t,798,pop__pop.00081,pop,7,-16.74845314025879,4.111845016479492
full_noisy_z_t,799,pop__pop.00081,pop,7,-23.668224334716797,13.963494300842285
full_noisy_z_t,800,reggae__reggae.00029,reggae,8,1.2394232749938965,-13.549528121948242
full_noisy_z_t,801,reggae__reggae.00029,reggae,8,3.8088600635528564,-8.232779502868652
full_noisy_z_t,802,reggae__reggae.00029,reggae,8,3.222897529602051,-8.61376953125
full_noisy_z_t,803,reggae__reggae.00029,reggae,8,4.203495025634766,-9.708047866821289
full_noisy_z_t,804,reggae__reggae.00029,reggae,8,2.697418212890625,-9.119640350341797
full_noisy_z_t,805,reggae__reggae.00029,reggae,8,2.190084934234619,-11.245818138122559
full_noisy_z_t,806,reggae__reggae.00029,reggae,8,0.7446786165237427,-10.666651725769043
full_noisy_z_t,807,reggae__reggae.00029,reggae,8,-0.7473202347755432,-6.9140472412109375
full_noisy_z_t,808,reggae__reggae.00029,reggae,8,2.7673447132110596,-15.9937744140625
full_noisy_z_t,809,reggae__reggae.00029,reggae,8,-2.8250253200531006,-16.612722396850586
full_noisy_z_t,810,reggae__reggae.00034,reggae,8,1.795692801475525,-7.611420631408691
full_noisy_z_t,811,reggae__reggae.00034,reggae,8,1.3875325918197632,-10.497086524963379
full_noisy_z_t,812,reggae__reggae.00034,reggae,8,2.2589004039764404,-12.203404426574707
full_noisy_z_t,813,reggae__reggae.00034,reggae,8,2.584123373031616,-9.697017669677734
full_noisy_z_t,814,reggae__reggae.00034,reggae,8,3.2036659717559814,-14.21130657196045
full_noisy_z_t,815,reggae__reggae.00034,reggae,8,0.4693587124347687,-6.391382217407227
full_noisy_z_t,816,reggae__reggae.00034,reggae,8,1.8244937658309937,-9.14706039428711
full_noisy_z_t,817,reggae__reggae.00034,reggae,8,-0.14221324026584625,-8.106037139892578
full_noisy_z_t,818,reggae__reggae.00035,reggae,8,3.2119343280792236,-12.679230690002441
full_noisy_z_t,819,reggae__reggae.00035,reggae,8,6.375394344329834,-6.538504123687744
full_noisy_z_t,820,reggae__reggae.00035,reggae,8,3.3035802841186523,-10.979743957519531
full_noisy_z_t,821,reggae__reggae.00035,reggae,8,4.7101593017578125,-10.252957344055176
full_noisy_z_t,822,reggae__reggae.00035,reggae,8,2.9208548069000244,-11.758930206298828
full_noisy_z_t,823,reggae__reggae.00035,reggae,8,2.9961767196655273,-10.125541687011719
full_noisy_z_t,824,reggae__reggae.00035,reggae,8,3.27667498588562,-9.670208930969238
full_noisy_z_t,825,reggae__reggae.00040,reggae,8,-0.40967702865600586,-0.36403512954711914
full_noisy_z_t,826,reggae__reggae.00040,reggae,8,-0.28982022404670715,-2.284320116043091
full_noisy_z_t,827,reggae__reggae.00040,reggae,8,0.31430429220199585,-3.07857608795166
full_noisy_z_t,828,reggae__reggae.00040,reggae,8,-0.7097691297531128,5.484096527099609
full_noisy_z_t,829,reggae__reggae.00040,reggae,8,-0.22064147889614105,1.062601923942566
full_noisy_z_t,830,reggae__reggae.00040,reggae,8,-1.1745151281356812,3.843834400177002
full_noisy_z_t,831,reggae__reggae.00040,reggae,8,-5.533947467803955,-5.607858657836914
full_noisy_z_t,832,reggae__reggae.00040,reggae,8,5.77908992767334,-8.258193969726562
full_noisy_z_t,833,reggae__reggae.00047,reggae,8,4.297731399536133,-15.016593933105469
full_noisy_z_t,834,reggae__reggae.00047,reggae,8,0.5310418605804443,-12.809123992919922
full_noisy_z_t,835,reggae__reggae.00047,reggae,8,0.9308332204818726,-7.705653190612793
full_noisy_z_t,836,reggae__reggae.00047,reggae,8,1.4773507118225098,-12.632404327392578
full_noisy_z_t,837,reggae__reggae.00047,reggae,8,0.8029932379722595,-11.9163236618042
full_noisy_z_t,838,reggae__reggae.00049,reggae,8,4.383991241455078,-3.1348695755004883
full_noisy_z_t,839,reggae__reggae.00049,reggae,8,4.491781711578369,-3.8758742809295654
full_noisy_z_t,840,reggae__reggae.00049,reggae,8,5.286250114440918,-2.0287272930145264
full_noisy_z_t,841,reggae__reggae.00049,reggae,8,2.8651821613311768,-4.602722644805908
full_noisy_z_t,842,reggae__reggae.00049,reggae,8,5.071824073791504,-3.7907662391662598
full_noisy_z_t,843,reggae__reggae.00049,reggae,8,-3.0682387351989746,-0.14919064939022064
full_noisy_z_t,844,reggae__reggae.00049,reggae,8,-3.1231589317321777,-0.3575018644332886
full_noisy_z_t,845,reggae__reggae.00062,reggae,8,4.022418975830078,-10.703472137451172
full_noisy_z_t,846,reggae__reggae.00062,reggae,8,5.393819808959961,-7.219020843505859
full_noisy_z_t,847,reggae__reggae.00062,reggae,8,1.8807097673416138,-6.6508965492248535
full_noisy_z_t,848,reggae__reggae.00062,reggae,8,1.9073495864868164,-10.476973533630371
full_noisy_z_t,849,reggae__reggae.00062,reggae,8,4.86810302734375,-9.401198387145996
full_noisy_z_t,850,reggae__reggae.00062,reggae,8,4.750799655914307,-8.47165584564209
full_noisy_z_t,851,reggae__reggae.00062,reggae,8,6.853360176086426,-8.932106971740723
full_noisy_z_t,852,reggae__reggae.00062,reggae,8,2.7791907787323,-10.691788673400879
full_noisy_z_t,853,reggae__reggae.00062,reggae,8,4.368087291717529,-6.532994270324707
full_noisy_z_t,854,reggae__reggae.00064,reggae,8,2.207268238067627,-8.536678314208984
full_noisy_z_t,855,reggae__reggae.00064,reggae,8,-1.7486282587051392,-7.643330097198486
full_noisy_z_t,856,reggae__reggae.00064,reggae,8,-0.9169822335243225,-4.619639873504639
full_noisy_z_t,857,reggae__reggae.00064,reggae,8,-0.8425136208534241,-10.856411933898926
full_noisy_z_t,858,reggae__reggae.00064,reggae,8,-6.330798149108887,-12.432847023010254
full_noisy_z_t,859,reggae__reggae.00064,reggae,8,-7.302968978881836,-10.299911499023438
full_noisy_z_t,860,reggae__reggae.00065,reggae,8,1.4419240951538086,-4.684938430786133
full_noisy_z_t,861,reggae__reggae.00065,reggae,8,4.232964992523193,-7.4673848152160645
full_noisy_z_t,862,reggae__reggae.00065,reggae,8,3.2408320903778076,-7.165788173675537
full_noisy_z_t,863,reggae__reggae.00065,reggae,8,1.2765647172927856,-5.405246257781982
full_noisy_z_t,864,reggae__reggae.00065,reggae,8,-1.0423791408538818,-11.605865478515625
full_noisy_z_t,865,reggae__reggae.00065,reggae,8,-1.076263189315796,-12.690245628356934
full_noisy_z_t,866,reggae__reggae.00065,reggae,8,3.400670289993286,-15.248162269592285
full_noisy_z_t,867,reggae__reggae.00065,reggae,8,-0.21357183158397675,-10.747780799865723
full_noisy_z_t,868,reggae__reggae.00071,reggae,8,3.7078497409820557,-13.104012489318848
full_noisy_z_t,869,reggae__reggae.00071,reggae,8,1.8165645599365234,-14.409866333007812
full_noisy_z_t,870,reggae__reggae.00071,reggae,8,-2.222468614578247,-13.548542022705078
full_noisy_z_t,871,reggae__reggae.00071,reggae,8,4.758172988891602,-11.337684631347656
full_noisy_z_t,872,reggae__reggae.00076,reggae,8,3.7378616333007812,-11.867609024047852
full_noisy_z_t,873,reggae__reggae.00076,reggae,8,4.610630512237549,-12.48520278930664
full_noisy_z_t,874,reggae__reggae.00076,reggae,8,-17.927072525024414,-28.140274047851562
full_noisy_z_t,875,reggae__reggae.00076,reggae,8,-3.469766616821289,-9.657873153686523
full_noisy_z_t,876,reggae__reggae.00076,reggae,8,-2.096564292907715,-10.94845199584961
full_noisy_z_t,877,reggae__reggae.00090,reggae,8,3.611363649368286,-10.141918182373047
full_noisy_z_t,878,reggae__reggae.00090,reggae,8,3.7521228790283203,-9.140704154968262
full_noisy_z_t,879,reggae__reggae.00090,reggae,8,-2.5522351264953613,-9.67888069152832
full_noisy_z_t,880,reggae__reggae.00090,reggae,8,0.27751612663269043,-11.654789924621582
full_noisy_z_t,881,reggae__reggae.00090,reggae,8,1.4658002853393555,-11.433619499206543
full_noisy_z_t,882,reggae__reggae.00090,reggae,8,0.3600163161754608,-14.43117618560791
full_noisy_z_t,883,reggae__reggae.00090,reggae,8,7.244868278503418,-7.598479747772217
full_noisy_z_t,884,reggae__reggae.00091,reggae,8,0.8074463605880737,-9.740452766418457
full_noisy_z_t,885,reggae__reggae.00091,reggae,8,-0.2025868147611618,-5.526564121246338
full_noisy_z_t,886,reggae__reggae.00091,reggae,8,-1.054178237915039,-14.459760665893555
full_noisy_z_t,887,reggae__reggae.00091,reggae,8,-0.5180655121803284,-9.794535636901855
full_noisy_z_t,888,reggae__reggae.00091,reggae,8,0.5152231454849243,-8.51813793182373
full_noisy_z_t,889,reggae__reggae.00092,reggae,8,-1.7950705289840698,-8.925999641418457
full_noisy_z_t,890,reggae__reggae.00092,reggae,8,-2.2175636291503906,-8.300861358642578
full_noisy_z_t,891,reggae__reggae.00092,reggae,8,-0.9902167320251465,-7.727321624755859
full_noisy_z_t,892,reggae__reggae.00092,reggae,8,1.3125900030136108,-8.48919677734375
full_noisy_z_t,893,reggae__reggae.00092,reggae,8,4.774448871612549,-13.214193344116211
full_noisy_z_t,894,reggae__reggae.00092,reggae,8,-1.02605402469635,-9.359299659729004
full_noisy_z_t,895,reggae__reggae.00092,reggae,8,-2.4915781021118164,-11.876222610473633
full_noisy_z_t,896,reggae__reggae.00092,reggae,8,0.0023665607441216707,-7.188918113708496
full_noisy_z_t,897,reggae__reggae.00092,reggae,8,-1.705795168876648,-9.929879188537598
full_noisy_z_t,898,reggae__reggae.00092,reggae,8,-0.21481356024742126,-11.844836235046387
full_noisy_z_t,899,reggae__reggae.00092,reggae,8,5.693056106567383,-9.400370597839355
full_noisy_z_t,900,rock__rock.00000,rock,9,4.434806823730469,36.90260314941406
full_noisy_z_t,901,rock__rock.00000,rock,9,9.265286445617676,41.02825164794922
full_noisy_z_t,902,rock__rock.00000,rock,9,8.183029174804688,26.21441650390625
full_noisy_z_t,903,rock__rock.00000,rock,9,-11.206795692443848,31.92660140991211
full_noisy_z_t,904,rock__rock.00000,rock,9,0.15262039005756378,12.30219841003418
full_noisy_z_t,905,rock__rock.00000,rock,9,3.2282731533050537,12.261173248291016
full_noisy_z_t,906,rock__rock.00000,rock,9,3.948732852935791,12.19072437286377
full_noisy_z_t,907,rock__rock.00000,rock,9,3.9976260662078857,10.685831069946289
full_noisy_z_t,908,rock__rock.00000,rock,9,3.1269710063934326,10.207578659057617
full_noisy_z_t,909,rock__rock.00003,rock,9,-14.701030731201172,35.56904983520508
full_noisy_z_t,910,rock__rock.00003,rock,9,-13.492354393005371,36.563236236572266
full_noisy_z_t,911,rock__rock.00003,rock,9,33.39918518066406,4.987236022949219
full_noisy_z_t,912,rock__rock.00003,rock,9,34.38934326171875,4.749972343444824
full_noisy_z_t,913,rock__rock.00003,rock,9,-9.879305839538574,48.88607406616211
full_noisy_z_t,914,rock__rock.00003,rock,9,-12.772192001342773,33.271575927734375
full_noisy_z_t,915,rock__rock.00008,rock,9,10.337414741516113,27.522607803344727
full_noisy_z_t,916,rock__rock.00008,rock,9,9.985945701599121,26.047107696533203
full_noisy_z_t,917,rock__rock.00008,rock,9,10.08847713470459,26.819042205810547
full_noisy_z_t,918,rock__rock.00008,rock,9,9.806513786315918,26.60746955871582
full_noisy_z_t,919,rock__rock.00008,rock,9,10.6285400390625,24.87010383605957
full_noisy_z_t,920,rock__rock.00008,rock,9,-17.15283203125,20.088266372680664
full_noisy_z_t,921,rock__rock.00008,rock,9,9.870002746582031,28.556194305419922
full_noisy_z_t,922,rock__rock.00032,rock,9,-20.634061813354492,13.498373985290527
full_noisy_z_t,923,rock__rock.00032,rock,9,-3.9021949768066406,12.96406364440918
full_noisy_z_t,924,rock__rock.00034,rock,9,-26.748249053955078,12.73145866394043
full_noisy_z_t,925,rock__rock.00034,rock,9,-25.488561630249023,13.044336318969727
full_noisy_z_t,926,rock__rock.00034,rock,9,-24.504236221313477,13.276629447937012
full_noisy_z_t,927,rock__rock.00034,rock,9,-23.27080726623535,11.177334785461426
full_noisy_z_t,928,rock__rock.00034,rock,9,-22.936721801757812,12.919660568237305
full_noisy_z_t,929,rock__rock.00034,rock,9,-31.105356216430664,11.657914161682129
full_noisy_z_t,930,rock__rock.00039,rock,9,4.5212860107421875,11.438231468200684
full_noisy_z_t,931,rock__rock.00039,rock,9,-3.3147130012512207,10.398412704467773
full_noisy_z_t,932,rock__rock.00039,rock,9,-24.52021598815918,7.046158790588379
full_noisy_z_t,933,rock__rock.00039,rock,9,-21.898038864135742,10.575112342834473
full_noisy_z_t,934,rock__rock.00044,rock,9,-29.36791229248047,10.819419860839844
full_noisy_z_t,935,rock__rock.00044,rock,9,-26.693077087402344,6.380301475524902
full_noisy_z_t,936,rock__rock.00044,rock,9,-22.549951553344727,-3.4663140773773193
full_noisy_z_t,937,rock__rock.00044,rock,9,-2.2820792198181152,8.881052017211914
full_noisy_z_t,938,rock__rock.00044,rock,9,-21.588424682617188,-6.307017803192139
full_noisy_z_t,939,rock__rock.00044,rock,9,-20.18279457092285,-7.005277156829834
full_noisy_z_t,940,rock__rock.00044,rock,9,-21.252239227294922,-8.39999008178711
full_noisy_z_t,941,rock__rock.00048,rock,9,-7.769726753234863,14.47733211517334
full_noisy_z_t,942,rock__rock.00048,rock,9,-6.358165740966797,4.405578136444092
full_noisy_z_t,943,rock__rock.00048,rock,9,-1.0897008180618286,7.206754207611084
full_noisy_z_t,944,rock__rock.00048,rock,9,-6.93317985534668,14.778520584106445
full_noisy_z_t,945,rock__rock.00048,rock,9,34.77109146118164,7.292461395263672
full_noisy_z_t,946,rock__rock.00048,rock,9,2.3987507820129395,-2.0600357055664062
full_noisy_z_t,947,rock__rock.00048,rock,9,-2.64410662651062,14.521768569946289
full_noisy_z_t,948,rock__rock.00049,rock,9,-25.64736557006836,13.82447338104248
full_noisy_z_t,949,rock__rock.00049,rock,9,-28.022001266479492,9.927372932434082
full_noisy_z_t,950,rock__rock.00049,rock,9,-27.362401962280273,10.951512336730957
full_noisy_z_t,951,rock__rock.00049,rock,9,-26.562740325927734,13.361985206604004
full_noisy_z_t,952,rock__rock.00049,rock,9,-29.598054885864258,14.175301551818848
full_noisy_z_t,953,rock__rock.00049,rock,9,-19.74128532409668,16.515932083129883
full_noisy_z_t,954,rock__rock.00049,rock,9,-18.300050735473633,16.028827667236328
full_noisy_z_t,955,rock__rock.00049,rock,9,-3.887429714202881,8.624401092529297
full_noisy_z_t,956,rock__rock.00049,rock,9,-18.91015625,-13.622354507446289
full_noisy_z_t,957,rock__rock.00049,rock,9,-25.6345272064209,9.658992767333984
full_noisy_z_t,958,rock__rock.00050,rock,9,-11.416796684265137,9.730690956115723
full_noisy_z_t,959,rock__rock.00050,rock,9,-20.832996368408203,-6.032613754272461
full_noisy_z_t,960,rock__rock.00050,rock,9,-21.775659561157227,-7.369223594665527
full_noisy_z_t,961,rock__rock.00050,rock,9,-23.455156326293945,-7.9400224685668945
full_noisy_z_t,962,rock__rock.00050,rock,9,-13.62088680267334,10.136924743652344
full_noisy_z_t,963,rock__rock.00050,rock,9,-14.65695858001709,11.432775497436523
full_noisy_z_t,964,rock__rock.00050,rock,9,-14.394667625427246,9.053975105285645
full_noisy_z_t,965,rock__rock.00050,rock,9,-24.578195571899414,-8.13495922088623
full_noisy_z_t,966,rock__rock.00054,rock,9,34.713096618652344,-10.343722343444824
full_noisy_z_t,967,rock__rock.00054,rock,9,-8.332038879394531,-4.840939044952393
full_noisy_z_t,968,rock__rock.00054,rock,9,0.8777817487716675,9.420437812805176
full_noisy_z_t,969,rock__rock.00054,rock,9,0.40478092432022095,9.69715404510498
full_noisy_z_t,970,rock__rock.00054,rock,9,-19.43963623046875,11.8257417678833
full_noisy_z_t,971,rock__rock.00054,rock,9,-20.110654830932617,11.21213150024414
full_noisy_z_t,972,rock__rock.00054,rock,9,36.69024658203125,-11.689499855041504
full_noisy_z_t,973,rock__rock.00054,rock,9,1.7780120372772217,7.566030979156494
full_noisy_z_t,974,rock__rock.00054,rock,9,34.79765319824219,-12.345033645629883
full_noisy_z_t,975,rock__rock.00054,rock,9,35.685916900634766,-10.891883850097656
full_noisy_z_t,976,rock__rock.00080,rock,9,-1.3780789375305176,10.334134101867676
full_noisy_z_t,977,rock__rock.00080,rock,9,-8.38392448425293,11.717318534851074
full_noisy_z_t,978,rock__rock.00080,rock,9,-0.7052386403083801,12.340076446533203
full_noisy_z_t,979,rock__rock.00080,rock,9,6.241994857788086,14.791150093078613
full_noisy_z_t,980,rock__rock.00080,rock,9,7.8104658126831055,17.99416732788086
full_noisy_z_t,981,rock__rock.00085,rock,9,-12.181342124938965,-7.258726119995117
full_noisy_z_t,982,rock__rock.00085,rock,9,-3.500474452972412,2.6386492252349854
full_noisy_z_t,983,rock__rock.00085,rock,9,-28.96622085571289,9.418781280517578
full_noisy_z_t,984,rock__rock.00085,rock,9,-19.311113357543945,14.262311935424805
full_noisy_z_t,985,rock__rock.00085,rock,9,3.0086617469787598,9.03709602355957
full_noisy_z_t,986,rock__rock.00085,rock,9,36.15654754638672,-15.611302375793457
full_noisy_z_t,987,rock__rock.00086,rock,9,9.734945297241211,30.751590728759766
full_noisy_z_t,988,rock__rock.00086,rock,9,0.5814529657363892,11.316781997680664
full_noisy_z_t,989,rock__rock.00086,rock,9,-1.5919163227081299,4.53330659866333
full_noisy_z_t,990,rock__rock.00086,rock,9,-2.203561782836914,1.8662325143814087
full_noisy_z_t,991,rock__rock.00092,rock,9,7.770857334136963,19.118375778198242
full_noisy_z_t,992,rock__rock.00092,rock,9,6.97298002243042,19.10193634033203
full_noisy_z_t,993,rock__rock.00092,rock,9,5.0388898849487305,14.56734848022461
full_noisy_z_t,994,rock__rock.00092,rock,9,7.09829044342041,15.732416152954102
full_noisy_z_t,995,rock__rock.00092,rock,9,12.110170364379883,28.353347778320312
full_noisy_z_t,996,rock__rock.00092,rock,9,6.927013874053955,17.326995849609375
full_noisy_z_t,997,rock__rock.00092,rock,9,6.857795238494873,18.13692283630371
full_noisy_z_t,998,rock__rock.00092,rock,9,6.106204509735107,17.6839656829834
full_noisy_z_t,999,rock__rock.00092,rock,9,6.8839616775512695,19.314725875854492
full_denoised_z_hat,0,blues__blues.00000,blues,0,-14.8645601272583,46.3287467956543
full_denoised_z_hat,1,blues__blues.00000,blues,0,-10.166336059570312,37.14676284790039
full_denoised_z_hat,2,blues__blues.00000,blues,0,-12.921844482421875,45.27991485595703
full_denoised_z_hat,3,blues__blues.00000,blues,0,-17.450244903564453,49.968257904052734
full_denoised_z_hat,4,blues__blues.00000,blues,0,-19.07524871826172,33.22163391113281
full_denoised_z_hat,5,blues__blues.00000,blues,0,-15.178610801696777,38.31721115112305
full_denoised_z_hat,6,blues__blues.00000,blues,0,-15.173824310302734,43.94508743286133
full_denoised_z_hat,7,blues__blues.00001,blues,0,-15.555891990661621,42.80971145629883
full_denoised_z_hat,8,blues__blues.00001,blues,0,-14.402205467224121,39.21073913574219
full_denoised_z_hat,9,blues__blues.00001,blues,0,-14.7017183303833,42.265872955322266
full_denoised_z_hat,10,blues__blues.00001,blues,0,-24.609477996826172,21.663185119628906
full_denoised_z_hat,11,blues__blues.00001,blues,0,-14.49898910522461,45.33921432495117
full_denoised_z_hat,12,blues__blues.00001,blues,0,-17.527713775634766,47.67970275878906
full_denoised_z_hat,13,blues__blues.00001,blues,0,-15.8181734085083,44.39276885986328
full_denoised_z_hat,14,blues__blues.00009,blues,0,-12.46809196472168,47.8004150390625
full_denoised_z_hat,15,blues__blues.00009,blues,0,-15.951925277709961,50.245052337646484
full_denoised_z_hat,16,blues__blues.00009,blues,0,-12.019201278686523,49.895225524902344
full_denoised_z_hat,17,blues__blues.00009,blues,0,-15.2880859375,50.47108840942383
full_denoised_z_hat,18,blues__blues.00009,blues,0,-14.463935852050781,50.28611755371094
full_denoised_z_hat,19,blues__blues.00009,blues,0,-11.996254920959473,49.49576187133789
full_denoised_z_hat,20,blues__blues.00009,blues,0,-17.302961349487305,37.587425231933594
full_denoised_z_hat,21,blues__blues.00009,blues,0,37.56651306152344,11.427865028381348
full_denoised_z_hat,22,blues__blues.00009,blues,0,-13.135449409484863,51.2110710144043
full_denoised_z_hat,23,blues__blues.00011,blues,0,-23.06696891784668,18.00387191772461
full_denoised_z_hat,24,blues__blues.00011,blues,0,-17.271381378173828,36.74143981933594
full_denoised_z_hat,25,blues__blues.00011,blues,0,-32.548099517822266,16.228065490722656
full_denoised_z_hat,26,blues__blues.00011,blues,0,-20.033498764038086,18.334068298339844
full_denoised_z_hat,27,blues__blues.00011,blues,0,-23.268293380737305,19.547208786010742
full_denoised_z_hat,28,blues__blues.00011,blues,0,-32.18590545654297,17.098554611206055
full_denoised_z_hat,29,blues__blues.00011,blues,0,-19.15622901916504,32.9766731262207
full_denoised_z_hat,30,blues__blues.00031,blues,0,-17.3836612701416,49.4489631652832
full_denoised_z_hat,31,blues__blues.00031,blues,0,-16.058645248413086,47.464847564697266
full_denoised_z_hat,32,blues__blues.00031,blues,0,-14.916034698486328,49.35991287231445
full_denoised_z_hat,33,blues__blues.00031,blues,0,-17.86113166809082,50.15781784057617
full_denoised_z_hat,34,blues__blues.00034,blues,0,-17.42558479309082,49.32026290893555
full_denoised_z_hat,35,blues__blues.00034,blues,0,-12.996330261230469,49.29580307006836
full_denoised_z_hat,36,blues__blues.00034,blues,0,-15.309659957885742,48.089324951171875
full_denoised_z_hat,37,blues__blues.00034,blues,0,-14.283604621887207,48.036460876464844
full_denoised_z_hat,38,blues__blues.00034,blues,0,-17.9257755279541,49.10110855102539
full_denoised_z_hat,39,blues__blues.00034,blues,0,-17.447187423706055,46.82175064086914
full_denoised_z_hat,40,blues__blues.00039,blues,0,-14.240652084350586,45.82406997680664
full_denoised_z_hat,41,blues__blues.00039,blues,0,-15.776420593261719,47.134647369384766
full_denoised_z_hat,42,blues__blues.00039,blues,0,-15.683349609375,38.54637908935547
full_denoised_z_hat,43,blues__blues.00039,blues,0,-13.364531517028809,44.98698806762695
full_denoised_z_hat,44,blues__blues.00039,blues,0,-15.767717361450195,47.939117431640625
full_denoised_z_hat,45,blues__blues.00052,blues,0,-11.622746467590332,33.83911895751953
full_denoised_z_hat,46,blues__blues.00052,blues,0,-10.256627082824707,37.11545944213867
full_denoised_z_hat,47,blues__blues.00052,blues,0,-13.274129867553711,45.44145584106445
full_denoised_z_hat,48,blues__blues.00052,blues,0,-13.399820327758789,49.420074462890625
full_denoised_z_hat,49,blues__blues.00052,blues,0,-24.950803756713867,22.718549728393555
full_denoised_z_hat,50,blues__blues.00052,blues,0,-24.434049606323242,16.98118782043457
full_denoised_z_hat,51,blues__blues.00054,blues,0,-14.404502868652344,49.51920700073242
full_denoised_z_hat,52,blues__blues.00054,blues,0,-16.899274826049805,50.54758834838867
full_denoised_z_hat,53,blues__blues.00054,blues,0,-14.815540313720703,50.1981315612793
full_denoised_z_hat,54,blues__blues.00054,blues,0,-16.239768981933594,50.95323944091797
full_denoised_z_hat,55,blues__blues.00054,blues,0,-13.828550338745117,49.817039489746094
full_denoised_z_hat,56,blues__blues.00054,blues,0,-16.179637908935547,50.578861236572266
full_denoised_z_hat,57,blues__blues.00057,blues,0,-16.952957153320312,50.46079635620117
full_denoised_z_hat,58,blues__blues.00057,blues,0,-14.56615924835205,50.76662063598633
full_denoised_z_hat,59,blues__blues.00057,blues,0,-13.750537872314453,48.33403778076172
full_denoised_z_hat,60,blues__blues.00057,blues,0,-14.489625930786133,49.069915771484375
full_denoised_z_hat,61,blues__blues.00060,blues,0,-17.178442001342773,47.638916015625
full_denoised_z_hat,62,blues__blues.00060,blues,0,-18.400875091552734,49.835479736328125
full_denoised_z_hat,63,blues__blues.00060,blues,0,-16.151220321655273,50.106449127197266
full_denoised_z_hat,64,blues__blues.00060,blues,0,-16.0107479095459,49.412445068359375
full_denoised_z_hat,65,blues__blues.00060,blues,0,-15.45893383026123,48.76982498168945
full_denoised_z_hat,66,blues__blues.00060,blues,0,-16.99575424194336,48.25731658935547
full_denoised_z_hat,67,blues__blues.00060,blues,0,-17.777307510375977,50.90384292602539
full_denoised_z_hat,68,blues__blues.00066,blues,0,-12.423765182495117,48.611480712890625
full_denoised_z_hat,69,blues__blues.00066,blues,0,-12.954169273376465,45.260738372802734
full_denoised_z_hat,70,blues__blues.00066,blues,0,-18.960376739501953,33.26142883300781
full_denoised_z_hat,71,blues__blues.00066,blues,0,-17.335372924804688,47.856040954589844
full_denoised_z_hat,72,blues__blues.00066,blues,0,-13.987838745117188,46.40348815917969
full_denoised_z_hat,73,blues__blues.00066,blues,0,-13.773764610290527,46.28076171875
full_denoised_z_hat,74,blues__blues.00066,blues,0,-16.79986000061035,49.30299758911133
full_denoised_z_hat,75,blues__blues.00066,blues,0,-18.034273147583008,47.95939254760742
full_denoised_z_hat,76,blues__blues.00066,blues,0,-15.05239200592041,47.69111251831055
full_denoised_z_hat,77,blues__blues.00068,blues,0,-17.740392684936523,47.8345947265625
full_denoised_z_hat,78,blues__blues.00068,blues,0,-16.88777732849121,48.647972106933594
full_denoised_z_hat,79,blues__blues.00068,blues,0,-16.263002395629883,48.79743194580078
full_denoised_z_hat,80,blues__blues.00068,blues,0,-17.769207000732422,48.224124908447266
full_denoised_z_hat,81,blues__blues.00068,blues,0,-16.995454788208008,50.47011947631836
full_denoised_z_hat,82,blues__blues.00068,blues,0,-16.697303771972656,48.8205680847168
full_denoised_z_hat,83,blues__blues.00068,blues,0,-16.171051025390625,49.95052719116211
full_denoised_z_hat,84,blues__blues.00070,blues,0,-31.784303665161133,17.326152801513672
full_denoised_z_hat,85,blues__blues.00070,blues,0,-13.789834022521973,39.90846252441406
full_denoised_z_hat,86,blues__blues.00070,blues,0,-24.67839241027832,22.550678253173828
full_denoised_z_hat,87,blues__blues.00070,blues,0,-16.323366165161133,38.43944549560547
full_denoised_z_hat,88,blues__blues.00070,blues,0,-10.365599632263184,50.14296340942383
full_denoised_z_hat,89,blues__blues.00070,blues,0,-32.77581787109375,19.453073501586914
full_denoised_z_hat,90,blues__blues.00070,blues,0,-24.514101028442383,22.261503219604492
full_denoised_z_hat,91,blues__blues.00071,blues,0,-15.418874740600586,42.07509994506836
full_denoised_z_hat,92,blues__blues.00071,blues,0,-17.320985794067383,46.25257873535156
full_denoised_z_hat,93,blues__blues.00071,blues,0,-17.4512939453125,46.1014518737793
full_denoised_z_hat,94,blues__blues.00071,blues,0,-16.75152015686035,46.60843276977539
full_denoised_z_hat,95,blues__blues.00071,blues,0,-15.297486305236816,43.0632209777832
full_denoised_z_hat,96,blues__blues.00071,blues,0,-15.08012580871582,43.282127380371094
full_denoised_z_hat,97,blues__blues.00071,blues,0,-17.56500816345215,46.10380935668945
full_denoised_z_hat,98,blues__blues.00071,blues,0,-16.65715217590332,45.92530822753906
full_denoised_z_hat,99,blues__blues.00071,blues,0,-17.909772872924805,46.21333312988281
full_denoised_z_hat,100,classical__classical.00000,classical,1,45.5042610168457,-10.159773826599121
full_denoised_z_hat,101,classical__classical.00000,classical,1,48.68408203125,-16.881183624267578
full_denoised_z_hat,102,classical__classical.00000,classical,1,49.47050094604492,-15.846439361572266
full_denoised_z_hat,103,classical__classical.00000,classical,1,46.900630950927734,-16.707305908203125
full_denoised_z_hat,104,classical__classical.00000,classical,1,48.09676742553711,-16.02142333984375
full_denoised_z_hat,105,classical__classical.00000,classical,1,46.11106872558594,-17.981836318969727
full_denoised_z_hat,106,classical__classical.00002,classical,1,49.20650863647461,-15.95455265045166
full_denoised_z_hat,107,classical__classical.00002,classical,1,48.54761505126953,-18.066852569580078
full_denoised_z_hat,108,classical__classical.00002,classical,1,48.22189712524414,-18.420541763305664
full_denoised_z_hat,109,classical__classical.00006,classical,1,45.643775939941406,-16.777881622314453
full_denoised_z_hat,110,classical__classical.00006,classical,1,48.728275299072266,-20.174686431884766
full_denoised_z_hat,111,classical__classical.00006,classical,1,49.8482551574707,-20.113292694091797
full_denoised_z_hat,112,classical__classical.00006,classical,1,47.636409759521484,-19.101343154907227
full_denoised_z_hat,113,classical__classical.00006,classical,1,45.82627868652344,-14.299507141113281
full_denoised_z_hat,114,classical__classical.00006,classical,1,46.12773513793945,-14.526955604553223
full_denoised_z_hat,115,classical__classical.00006,classical,1,47.35293197631836,-18.940074920654297
full_denoised_z_hat,116,classical__classical.00009,classical,1,46.28615188598633,-14.014677047729492
full_denoised_z_hat,117,classical__classical.00009,classical,1,46.198734283447266,-13.838042259216309
full_denoised_z_hat,118,classical__classical.00009,classical,1,44.31346130371094,-15.946562767028809
full_denoised_z_hat,119,classical__classical.00009,classical,1,44.094390869140625,-13.370802879333496
full_denoised_z_hat,120,classical__classical.00009,classical,1,44.85832977294922,-17.037830352783203
full_denoised_z_hat,121,classical__classical.00009,classical,1,45.068878173828125,-13.637955665588379
full_denoised_z_hat,122,classical__classical.00009,classical,1,49.11301803588867,-19.60307502746582
full_denoised_z_hat,123,classical__classical.00022,classical,1,44.26628875732422,-14.841083526611328
full_denoised_z_hat,124,classical__classical.00022,classical,1,47.86649703979492,-17.7264404296875
full_denoised_z_hat,125,classical__classical.00022,classical,1,48.917572021484375,-18.248699188232422
full_denoised_z_hat,126,classical__classical.00022,classical,1,48.559974670410156,-18.000259399414062
full_denoised_z_hat,127,classical__classical.00022,classical,1,46.53889465332031,-15.407563209533691
full_denoised_z_hat,128,classical__classical.00022,classical,1,45.067115783691406,-11.2964448928833
full_denoised_z_hat,129,classical__classical.00022,classical,1,45.3517951965332,-14.988171577453613
full_denoised_z_hat,130,classical__classical.00034,classical,1,49.13173294067383,-19.311357498168945
full_denoised_z_hat,131,classical__classical.00034,classical,1,49.71628952026367,-19.656118392944336
full_denoised_z_hat,132,classical__classical.00034,classical,1,47.027259826660156,-17.96835708618164
full_denoised_z_hat,133,classical__classical.00034,classical,1,47.51172637939453,-19.678924560546875
full_denoised_z_hat,134,classical__classical.00034,classical,1,45.358131408691406,-18.068571090698242
full_denoised_z_hat,135,classical__classical.00034,classical,1,48.928009033203125,-19.67482566833496
full_denoised_z_hat,136,classical__classical.00034,classical,1,47.09814453125,-14.750225067138672
full_denoised_z_hat,137,classical__classical.00037,classical,1,47.842140197753906,-14.88582706451416
full_denoised_z_hat,138,classical__classical.00037,classical,1,48.32155227661133,-16.159488677978516
full_denoised_z_hat,139,classical__classical.00037,classical,1,44.362770080566406,-5.171689510345459
full_denoised_z_hat,140,classical__classical.00037,classical,1,44.558013916015625,-5.429330825805664
full_denoised_z_hat,141,classical__classical.00037,classical,1,46.74106979370117,-17.046693801879883
full_denoised_z_hat,142,classical__classical.00037,classical,1,46.90760040283203,-19.66200828552246
full_denoised_z_hat,143,classical__classical.00037,classical,1,47.13971710205078,-20.002269744873047
full_denoised_z_hat,144,classical__classical.00037,classical,1,47.51932907104492,-16.31014633178711
full_denoised_z_hat,145,classical__classical.00039,classical,1,45.86172866821289,-18.830108642578125
full_denoised_z_hat,146,classical__classical.00039,classical,1,42.83850860595703,-11.751150131225586
full_denoised_z_hat,147,classical__classical.00039,classical,1,43.47233200073242,-0.925504744052887
full_denoised_z_hat,148,classical__classical.00039,classical,1,45.25865173339844,-10.837808609008789
full_denoised_z_hat,149,classical__classical.00039,classical,1,48.08762741088867,-18.218420028686523
full_denoised_z_hat,150,classical__classical.00039,classical,1,44.987056732177734,-15.955268859863281
full_denoised_z_hat,151,classical__classical.00047,classical,1,47.6461181640625,-17.05937385559082
full_denoised_z_hat,152,classical__classical.00047,classical,1,47.423805236816406,-17.69842529296875
full_denoised_z_hat,153,classical__classical.00047,classical,1,46.44508743286133,-20.479625701904297
full_denoised_z_hat,154,classical__classical.00047,classical,1,46.776058197021484,-14.612947463989258
full_denoised_z_hat,155,classical__classical.00047,classical,1,45.86164474487305,-16.579967498779297
full_denoised_z_hat,156,classical__classical.00047,classical,1,47.26039123535156,-18.23247718811035
full_denoised_z_hat,157,classical__classical.00053,classical,1,44.58765411376953,-18.49774932861328
full_denoised_z_hat,158,classical__classical.00053,classical,1,44.82645034790039,-17.981216430664062
full_denoised_z_hat,159,classical__classical.00053,classical,1,47.23387908935547,-15.69498348236084
full_denoised_z_hat,160,classical__classical.00053,classical,1,45.43107223510742,-18.128969192504883
full_denoised_z_hat,161,classical__classical.00053,classical,1,49.024436950683594,-17.642900466918945
full_denoised_z_hat,162,classical__classical.00056,classical,1,37.65145492553711,-15.755304336547852
full_denoised_z_hat,163,classical__classical.00056,classical,1,40.509090423583984,-16.554027557373047
full_denoised_z_hat,164,classical__classical.00056,classical,1,46.191162109375,-19.828542709350586
full_denoised_z_hat,165,classical__classical.00056,classical,1,44.5907096862793,-19.256189346313477
full_denoised_z_hat,166,classical__classical.00056,classical,1,46.59334945678711,-21.01532554626465
full_denoised_z_hat,167,classical__classical.00056,classical,1,41.351593017578125,-17.511486053466797
full_denoised_z_hat,168,classical__classical.00056,classical,1,41.35410690307617,-17.089937210083008
full_denoised_z_hat,169,classical__classical.00056,classical,1,38.3712158203125,-15.442804336547852
full_denoised_z_hat,170,classical__classical.00056,classical,1,45.0562744140625,-16.992137908935547
full_denoised_z_hat,171,classical__classical.00056,classical,1,43.15333557128906,-16.65517234802246
full_denoised_z_hat,172,classical__classical.00057,classical,1,43.69844055175781,-6.26746940612793
full_denoised_z_hat,173,classical__classical.00057,classical,1,43.57229995727539,-15.565511703491211
full_denoised_z_hat,174,classical__classical.00057,classical,1,47.40397262573242,-20.77403450012207
full_denoised_z_hat,175,classical__classical.00057,classical,1,42.456504821777344,-13.3914794921875
full_denoised_z_hat,176,classical__classical.00057,classical,1,43.006649017333984,-13.613183975219727
full_denoised_z_hat,177,classical__classical.00057,classical,1,46.019134521484375,-19.148143768310547
full_denoised_z_hat,178,classical__classical.00057,classical,1,49.495262145996094,-19.935544967651367
full_denoised_z_hat,179,classical__classical.00057,classical,1,41.071800231933594,-10.608698844909668
full_denoised_z_hat,180,classical__classical.00057,classical,1,44.223419189453125,-13.720998764038086
full_denoised_z_hat,181,classical__classical.00057,classical,1,47.295623779296875,-16.99220848083496
full_denoised_z_hat,182,classical__classical.00065,classical,1,49.674827575683594,-19.272632598876953
full_denoised_z_hat,183,classical__classical.00065,classical,1,45.021766662597656,-19.224109649658203
full_denoised_z_hat,184,classical__classical.00065,classical,1,43.62733459472656,-14.22368335723877
full_denoised_z_hat,185,classical__classical.00065,classical,1,45.19078826904297,-15.963095664978027
full_denoised_z_hat,186,classical__classical.00082,classical,1,47.87077713012695,-19.242904663085938
full_denoised_z_hat,187,classical__classical.00082,classical,1,44.359012603759766,-15.376067161560059
full_denoised_z_hat,188,classical__classical.00082,classical,1,43.991180419921875,-16.39704704284668
full_denoised_z_hat,189,classical__classical.00082,classical,1,44.47320556640625,-14.004864692687988
full_denoised_z_hat,190,classical__classical.00082,classical,1,43.32245635986328,-16.821748733520508
full_denoised_z_hat,191,classical__classical.00082,classical,1,43.393455505371094,-17.105392456054688
full_denoised_z_hat,192,classical__classical.00091,classical,1,46.629859924316406,-20.545591354370117
full_denoised_z_hat,193,classical__classical.00091,classical,1,45.81095504760742,-16.053722381591797
full_denoised_z_hat,194,classical__classical.00091,classical,1,45.93260192871094,-13.574204444885254
full_denoised_z_hat,195,classical__classical.00091,classical,1,46.85618591308594,-16.717382431030273
full_denoised_z_hat,196,classical__classical.00091,classical,1,46.18595886230469,-13.019588470458984
full_denoised_z_hat,197,classical__classical.00091,classical,1,48.758583068847656,-16.79146957397461
full_denoised_z_hat,198,classical__classical.00091,classical,1,49.45084762573242,-19.765268325805664
full_denoised_z_hat,199,classical__classical.00091,classical,1,44.70209503173828,-15.392631530761719
full_denoised_z_hat,200,country__country.00001,country,2,-34.467952728271484,14.154657363891602
full_denoised_z_hat,201,country__country.00001,country,2,-34.007568359375,17.565664291381836
full_denoised_z_hat,202,country__country.00001,country,2,-33.451385498046875,17.566383361816406
full_denoised_z_hat,203,country__country.00001,country,2,-37.02687072753906,15.0861234664917
full_denoised_z_hat,204,country__country.00001,country,2,-36.98744201660156,14.734002113342285
full_denoised_z_hat,205,country__country.00011,country,2,-21.762174606323242,15.477044105529785
full_denoised_z_hat,206,country__country.00011,country,2,-6.384445667266846,9.702460289001465
full_denoised_z_hat,207,country__country.00011,country,2,-27.371702194213867,5.450291633605957
full_denoised_z_hat,208,country__country.00011,country,2,-29.96466636657715,12.585587501525879
full_denoised_z_hat,209,country__country.00011,country,2,-14.675868034362793,-7.180267810821533
full_denoised_z_hat,210,country__country.00011,country,2,0.5867894887924194,-9.342710494995117
full_denoised_z_hat,211,country__country.00011,country,2,-14.27071762084961,-7.229257583618164
full_denoised_z_hat,212,country__country.00011,country,2,-24.59112548828125,16.391895294189453
full_denoised_z_hat,213,country__country.00013,country,2,-29.406240463256836,17.55947494506836
full_denoised_z_hat,214,country__country.00013,country,2,-23.53388023376465,12.862363815307617
full_denoised_z_hat,215,country__country.00013,country,2,-14.611477851867676,12.8856201171875
full_denoised_z_hat,216,country__country.00013,country,2,-17.708650588989258,14.769980430603027
full_denoised_z_hat,217,country__country.00013,country,2,-22.3138370513916,15.903217315673828
full_denoised_z_hat,218,country__country.00013,country,2,-4.176358222961426,-50.16967010498047
full_denoised_z_hat,219,country__country.00013,country,2,-15.339742660522461,12.920293807983398
full_denoised_z_hat,220,country__country.00013,country,2,2.1479501724243164,13.115684509277344
full_denoised_z_hat,221,country__country.00013,country,2,2.1997811794281006,13.771214485168457
full_denoised_z_hat,222,country__country.00013,country,2,-29.967193603515625,12.872814178466797
full_denoised_z_hat,223,country__country.00029,country,2,-35.783817291259766,18.413816452026367
full_denoised_z_hat,224,country__country.00029,country,2,-35.491153717041016,14.307515144348145
full_denoised_z_hat,225,country__country.00029,country,2,-35.02495193481445,16.054424285888672
full_denoised_z_hat,226,country__country.00029,country,2,-26.613250732421875,15.716036796569824
full_denoised_z_hat,227,country__country.00029,country,2,-32.02206039428711,14.443835258483887
full_denoised_z_hat,228,country__country.00029,country,2,-30.373655319213867,15.209616661071777
full_denoised_z_hat,229,country__country.00047,country,2,-26.809343338012695,16.506498336791992
full_denoised_z_hat,230,country__country.00057,country,2,-36.743080139160156,14.332043647766113
full_denoised_z_hat,231,country__country.00057,country,2,-35.0970573425293,13.100661277770996
full_denoised_z_hat,232,country__country.00057,country,2,-30.131343841552734,9.689813613891602
full_denoised_z_hat,233,country__country.00057,country,2,-30.306180953979492,10.979467391967773
full_denoised_z_hat,234,country__country.00057,country,2,-35.35077667236328,14.034588813781738
full_denoised_z_hat,235,country__country.00057,country,2,-33.840755462646484,12.960356712341309
full_denoised_z_hat,236,country__country.00057,country,2,-33.85944747924805,13.358814239501953
full_denoised_z_hat,237,country__country.00057,country,2,2.2126617431640625,13.926946640014648
full_denoised_z_hat,238,country__country.00057,country,2,-33.653053283691406,19.97171974182129
full_denoised_z_hat,239,country__country.00057,country,2,-33.85628128051758,18.553449630737305
full_denoised_z_hat,240,country__country.00059,country,2,-25.113018035888672,15.880602836608887
full_denoised_z_hat,241,country__country.00059,country,2,-33.74863052368164,16.298686981201172
full_denoised_z_hat,242,country__country.00059,country,2,-31.65605354309082,13.083045959472656
full_denoised_z_hat,243,country__country.00059,country,2,-37.622833251953125,16.950782775878906
full_denoised_z_hat,244,country__country.00059,country,2,-30.69229507446289,15.777549743652344
full_denoised_z_hat,245,country__country.00059,country,2,-33.42014694213867,16.341012954711914
full_denoised_z_hat,246,country__country.00067,country,2,-31.66596794128418,12.15994930267334
full_denoised_z_hat,247,country__country.00067,country,2,-33.83798599243164,13.375299453735352
full_denoised_z_hat,248,country__country.00067,country,2,-35.146026611328125,18.34568214416504
full_denoised_z_hat,249,country__country.00067,country,2,-36.30942153930664,16.916845321655273
full_denoised_z_hat,250,country__country.00067,country,2,-23.820354461669922,16.88226318359375
full_denoised_z_hat,251,country__country.00067,country,2,-15.066813468933105,40.039955139160156
full_denoised_z_hat,252,country__country.00067,country,2,-34.428592681884766,16.608768463134766
full_denoised_z_hat,253,country__country.00067,country,2,-35.72385025024414,17.19290542602539
full_denoised_z_hat,254,country__country.00068,country,2,-24.872447967529297,16.84351348876953
full_denoised_z_hat,255,country__country.00068,country,2,-23.41681671142578,16.857341766357422
full_denoised_z_hat,256,country__country.00068,country,2,-35.047630310058594,18.320096969604492
full_denoised_z_hat,257,country__country.00068,country,2,-30.740446090698242,17.55950164794922
full_denoised_z_hat,258,country__country.00068,country,2,-27.084352493286133,17.33638572692871
full_denoised_z_hat,259,country__country.00068,country,2,-32.931217193603516,15.796586990356445
full_denoised_z_hat,260,country__country.00068,country,2,-35.43657302856445,15.971978187561035
full_denoised_z_hat,261,country__country.00068,country,2,-11.772228240966797,37.082679748535156
full_denoised_z_hat,262,country__country.00069,country,2,40.740116119384766,-16.774551391601562
full_denoised_z_hat,263,country__country.00069,country,2,-34.62839126586914,15.041239738464355
full_denoised_z_hat,264,country__country.00069,country,2,-37.31160354614258,16.862873077392578
full_denoised_z_hat,265,country__country.00069,country,2,-14.099781036376953,38.06684112548828
full_denoised_z_hat,266,country__country.00069,country,2,-33.35385513305664,12.600655555725098
full_denoised_z_hat,267,country__country.00069,country,2,-34.23207473754883,14.686511993408203
full_denoised_z_hat,268,country__country.00069,country,2,-34.6735725402832,15.124262809753418
full_denoised_z_hat,269,country__country.00075,country,2,-17.349037170410156,36.62240219116211
full_denoised_z_hat,270,country__country.00075,country,2,-14.751794815063477,13.722447395324707
full_denoised_z_hat,271,country__country.00075,country,2,-18.413393020629883,46.48383712768555
full_denoised_z_hat,272,country__country.00075,country,2,-0.056611936539411545,14.239407539367676
full_denoised_z_hat,273,country__country.00075,country,2,-17.701431274414062,37.2021369934082
full_denoised_z_hat,274,country__country.00075,country,2,-33.79613494873047,16.919517517089844
full_denoised_z_hat,275,country__country.00076,country,2,-32.68470764160156,14.284103393554688
full_denoised_z_hat,276,country__country.00076,country,2,-31.40852928161621,15.299956321716309
full_denoised_z_hat,277,country__country.00076,country,2,-35.593994140625,16.975242614746094
full_denoised_z_hat,278,country__country.00076,country,2,-36.611026763916016,16.097537994384766
full_denoised_z_hat,279,country__country.00076,country,2,-35.336124420166016,15.271524429321289
full_denoised_z_hat,280,country__country.00076,country,2,-1.412000060081482,-6.125082015991211
full_denoised_z_hat,281,country__country.00076,country,2,-23.25065803527832,17.397369384765625
full_denoised_z_hat,282,country__country.00077,country,2,-31.61317253112793,15.881428718566895
full_denoised_z_hat,283,country__country.00077,country,2,-36.54052734375,17.1735782623291
full_denoised_z_hat,284,country__country.00077,country,2,-31.666173934936523,17.438156127929688
full_denoised_z_hat,285,country__country.00077,country,2,-34.64824295043945,15.70419979095459
full_denoised_z_hat,286,country__country.00077,country,2,-34.3923454284668,16.106746673583984
full_denoised_z_hat,287,country__country.00077,country,2,-33.666725158691406,15.336990356445312
full_denoised_z_hat,288,country__country.00097,country,2,-36.86133575439453,14.635722160339355
full_denoised_z_hat,289,country__country.00097,country,2,-33.14813232421875,15.077451705932617
full_denoised_z_hat,290,country__country.00097,country,2,-37.57671356201172,16.535017013549805
full_denoised_z_hat,291,country__country.00097,country,2,-37.38583755493164,16.71009635925293
full_denoised_z_hat,292,country__country.00097,country,2,-35.99741744995117,15.727252960205078
full_denoised_z_hat,293,country__country.00099,country,2,-17.03074073791504,43.95268249511719
full_denoised_z_hat,294,country__country.00099,country,2,-32.72161865234375,18.99093246459961
full_denoised_z_hat,295,country__country.00099,country,2,-16.877838134765625,38.06766128540039
full_denoised_z_hat,296,country__country.00099,country,2,-32.85609436035156,19.322505950927734
full_denoised_z_hat,297,country__country.00099,country,2,-19.021278381347656,33.02535629272461
full_denoised_z_hat,298,country__country.00099,country,2,-18.02226448059082,49.243465423583984
full_denoised_z_hat,299,country__country.00099,country,2,-18.27544403076172,45.86355209350586
full_denoised_z_hat,300,disco__disco.00000,disco,3,1.550235390663147,-55.45962905883789
full_denoised_z_hat,301,disco__disco.00000,disco,3,1.6935995817184448,-54.805908203125
full_denoised_z_hat,302,disco__disco.00000,disco,3,-0.12044784426689148,-54.895263671875
full_denoised_z_hat,303,disco__disco.00000,disco,3,0.13670533895492554,-56.497802734375
full_denoised_z_hat,304,disco__disco.00000,disco,3,0.04549717158079147,-52.650146484375
full_denoised_z_hat,305,disco__disco.00000,disco,3,0.18107938766479492,-55.62242126464844
full_denoised_z_hat,306,disco__disco.00000,disco,3,-0.7324422001838684,-55.07522964477539
full_denoised_z_hat,307,disco__disco.00000,disco,3,-1.4575642347335815,-51.044158935546875
full_denoised_z_hat,308,disco__disco.00000,disco,3,-0.09741843491792679,-52.34858322143555
full_denoised_z_hat,309,disco__disco.00003,disco,3,-16.196155548095703,11.290719032287598
full_denoised_z_hat,310,disco__disco.00003,disco,3,-3.2606663703918457,-47.24420928955078
full_denoised_z_hat,311,disco__disco.00003,disco,3,-3.475937843322754,-57.34636688232422
full_denoised_z_hat,312,disco__disco.00003,disco,3,1.5933587551116943,-57.631778717041016
full_denoised_z_hat,313,disco__disco.00003,disco,3,-0.38322439789772034,-57.19351577758789
full_denoised_z_hat,314,disco__disco.00003,disco,3,-4.199554443359375,-54.4633674621582
full_denoised_z_hat,315,disco__disco.00010,disco,3,-18.168384552001953,-41.0214729309082
full_denoised_z_hat,316,disco__disco.00010,disco,3,-4.24726676940918,-49.48204040527344
full_denoised_z_hat,317,disco__disco.00010,disco,3,-32.631744384765625,13.10583209991455
full_denoised_z_hat,318,disco__disco.00010,disco,3,-23.32700538635254,-38.251182556152344
full_denoised_z_hat,319,disco__disco.00010,disco,3,-23.678133010864258,-37.725791931152344
full_denoised_z_hat,320,disco__disco.00010,disco,3,-25.529361724853516,11.672998428344727
full_denoised_z_hat,321,disco__disco.00020,disco,3,-27.52437973022461,17.31098747253418
full_denoised_z_hat,322,disco__disco.00020,disco,3,9.826383590698242,-11.538979530334473
full_denoised_z_hat,323,disco__disco.00020,disco,3,11.446821212768555,-15.930000305175781
full_denoised_z_hat,324,disco__disco.00021,disco,3,3.006495237350464,-55.232574462890625
full_denoised_z_hat,325,disco__disco.00021,disco,3,1.6062707901000977,-50.07149124145508
full_denoised_z_hat,326,disco__disco.00021,disco,3,1.5505033731460571,-49.29253005981445
full_denoised_z_hat,327,disco__disco.00021,disco,3,1.1118112802505493,-55.321048736572266
full_denoised_z_hat,328,disco__disco.00021,disco,3,1.6090867519378662,-54.882205963134766
full_denoised_z_hat,329,disco__disco.00021,disco,3,1.5671180486679077,-49.06901550292969
full_denoised_z_hat,330,disco__disco.00021,disco,3,-19.575368881225586,-6.1664347648620605
full_denoised_z_hat,331,disco__disco.00021,disco,3,-28.34935760498047,-11.867432594299316
full_denoised_z_hat,332,disco__disco.00030,disco,3,0.16828535497188568,-52.889522552490234
full_denoised_z_hat,333,disco__disco.00030,disco,3,0.25816354155540466,-55.160118103027344
full_denoised_z_hat,334,disco__disco.00030,disco,3,-4.028247356414795,-54.6527099609375
full_denoised_z_hat,335,disco__disco.00030,disco,3,-4.6243577003479,-50.391780853271484
full_denoised_z_hat,336,disco__disco.00030,disco,3,-4.446990966796875,-51.049224853515625
full_denoised_z_hat,337,disco__disco.00030,disco,3,-23.8055477142334,10.137415885925293
full_denoised_z_hat,338,disco__disco.00030,disco,3,-2.0775609016418457,-54.774662017822266
full_denoised_z_hat,339,disco__disco.00030,disco,3,-0.9706717729568481,-54.30510330200195
full_denoised_z_hat,340,disco__disco.00030,disco,3,1.5038455724716187,-54.15000534057617
full_denoised_z_hat,341,disco__disco.00030,disco,3,-5.413052558898926,-50.14717102050781
full_denoised_z_hat,342,disco__disco.00040,disco,3,2.363330841064453,-13.300735473632812
full_denoised_z_hat,343,disco__disco.00040,disco,3,0.24697278439998627,-11.008987426757812
full_denoised_z_hat,344,disco__disco.00040,disco,3,2.636462688446045,-13.236345291137695
full_denoised_z_hat,345,disco__disco.00040,disco,3,2.112480878829956,-14.156155586242676
full_denoised_z_hat,346,disco__disco.00040,disco,3,0.4652744233608246,-11.544100761413574
full_denoised_z_hat,347,disco__disco.00040,disco,3,4.861733436584473,-15.693451881408691
full_denoised_z_hat,348,disco__disco.00044,disco,3,2.206552743911743,-54.35285949707031
full_denoised_z_hat,349,disco__disco.00044,disco,3,2.178041696548462,-55.090885162353516
full_denoised_z_hat,350,disco__disco.00044,disco,3,1.984626054763794,-56.89193344116211
full_denoised_z_hat,351,disco__disco.00044,disco,3,2.6858713626861572,-55.156124114990234
full_denoised_z_hat,352,disco__disco.00044,disco,3,0.5927314162254333,-57.763668060302734
full_denoised_z_hat,353,disco__disco.00044,disco,3,0.678313136100769,-55.449188232421875
full_denoised_z_hat,354,disco__disco.00044,disco,3,0.2588357627391815,-53.896339416503906
full_denoised_z_hat,355,disco__disco.00044,disco,3,0.415046751499176,-54.53118896484375
full_denoised_z_hat,356,disco__disco.00044,disco,3,0.6958307027816772,-57.79169845581055
full_denoised_z_hat,357,disco__disco.00044,disco,3,3.197962760925293,-56.31246566772461
full_denoised_z_hat,358,disco__disco.00044,disco,3,1.6314809322357178,-55.402305603027344
full_denoised_z_hat,359,disco__disco.00055,disco,3,-0.30254846811294556,-56.71766662597656
full_denoised_z_hat,360,disco__disco.00055,disco,3,0.39529523253440857,-57.277252197265625
full_denoised_z_hat,361,disco__disco.00055,disco,3,-0.10165870189666748,-56.40919876098633
full_denoised_z_hat,362,disco__disco.00055,disco,3,-0.28670674562454224,-57.371089935302734
full_denoised_z_hat,363,disco__disco.00055,disco,3,-0.515438973903656,-56.76121520996094
full_denoised_z_hat,364,disco__disco.00055,disco,3,0.9756200909614563,-54.74363327026367
full_denoised_z_hat,365,disco__disco.00055,disco,3,0.6409649848937988,-54.986270904541016
full_denoised_z_hat,366,disco__disco.00064,disco,3,2.3809804916381836,-55.68577575683594
full_denoised_z_hat,367,disco__disco.00064,disco,3,2.1218271255493164,-55.37637710571289
full_denoised_z_hat,368,disco__disco.00064,disco,3,2.141793727874756,-55.784576416015625
full_denoised_z_hat,369,disco__disco.00064,disco,3,-1.4843125343322754,-52.908687591552734
full_denoised_z_hat,370,disco__disco.00075,disco,3,-1.7000794410705566,-57.22683334350586
full_denoised_z_hat,371,disco__disco.00075,disco,3,-3.0183770656585693,-53.85443115234375
full_denoised_z_hat,372,disco__disco.00075,disco,3,-2.9516825675964355,-53.72556686401367
full_denoised_z_hat,373,disco__disco.00075,disco,3,2.0297791957855225,40.757625579833984
full_denoised_z_hat,374,disco__disco.00075,disco,3,2.952134132385254,-56.893733978271484
full_denoised_z_hat,375,disco__disco.00075,disco,3,-2.4077789783477783,-56.73900604248047
full_denoised_z_hat,376,disco__disco.00075,disco,3,-3.1215827465057373,-53.97823715209961
full_denoised_z_hat,377,disco__disco.00075,disco,3,-1.9330335855484009,-52.35650634765625
full_denoised_z_hat,378,disco__disco.00084,disco,3,1.966802954673767,-56.29657745361328
full_denoised_z_hat,379,disco__disco.00084,disco,3,-0.7850260138511658,-56.0407600402832
full_denoised_z_hat,380,disco__disco.00084,disco,3,0.09867272526025772,-58.419578552246094
full_denoised_z_hat,381,disco__disco.00084,disco,3,-0.5192016959190369,-56.13673400878906
full_denoised_z_hat,382,disco__disco.00084,disco,3,1.0651216506958008,-57.92136764526367
full_denoised_z_hat,383,disco__disco.00084,disco,3,-1.3466695547103882,-58.83964157104492
full_denoised_z_hat,384,disco__disco.00084,disco,3,-1.0397727489471436,-58.830039978027344
full_denoised_z_hat,385,disco__disco.00093,disco,3,1.1077648401260376,-55.72089767456055
full_denoised_z_hat,386,disco__disco.00093,disco,3,-1.0585321187973022,-56.11890411376953
full_denoised_z_hat,387,disco__disco.00093,disco,3,2.410761594772339,-56.88813781738281
full_denoised_z_hat,388,disco__disco.00093,disco,3,2.0955917835235596,-57.47264862060547
full_denoised_z_hat,389,disco__disco.00093,disco,3,-0.8234785199165344,-57.56381607055664
full_denoised_z_hat,390,disco__disco.00093,disco,3,1.7730199098587036,-55.58320999145508
full_denoised_z_hat,391,disco__disco.00094,disco,3,-11.926551818847656,44.14108657836914
full_denoised_z_hat,392,disco__disco.00094,disco,3,-10.7529935836792,42.43260955810547
full_denoised_z_hat,393,disco__disco.00094,disco,3,-6.575660228729248,41.95004653930664
full_denoised_z_hat,394,disco__disco.00094,disco,3,-12.293535232543945,44.245018005371094
full_denoised_z_hat,395,disco__disco.00094,disco,3,-15.963930130004883,46.56826400756836
full_denoised_z_hat,396,disco__disco.00095,disco,3,0.7735295295715332,-54.58418655395508
full_denoised_z_hat,397,disco__disco.00095,disco,3,-1.139200210571289,-55.20539474487305
full_denoised_z_hat,398,disco__disco.00095,disco,3,0.9486976861953735,-57.0063591003418
full_denoised_z_hat,399,disco__disco.00095,disco,3,-1.5100730657577515,-57.01615524291992
full_denoised_z_hat,400,hiphop__hiphop.00002,hiphop,4,-19.22726058959961,-30.951202392578125
full_denoised_z_hat,401,hiphop__hiphop.00002,hiphop,4,-19.591001510620117,-38.25023651123047
full_denoised_z_hat,402,hiphop__hiphop.00002,hiphop,4,-1.771648645401001,-58.89093780517578
full_denoised_z_hat,403,hiphop__hiphop.00002,hiphop,4,-20.102455139160156,-38.549713134765625
full_denoised_z_hat,404,hiphop__hiphop.00002,hiphop,4,-19.118314743041992,-31.154531478881836
full_denoised_z_hat,405,hiphop__hiphop.00034,hiphop,4,-27.407089233398438,-40.90647506713867
full_denoised_z_hat,406,hiphop__hiphop.00034,hiphop,4,-26.39542579650879,-41.51063919067383
full_denoised_z_hat,407,hiphop__hiphop.00034,hiphop,4,-27.19495964050293,-41.97965621948242
full_denoised_z_hat,408,hiphop__hiphop.00034,hiphop,4,-25.373428344726562,-41.853187561035156
full_denoised_z_hat,409,hiphop__hiphop.00034,hiphop,4,-28.00237464904785,-40.38746643066406
full_denoised_z_hat,410,hiphop__hiphop.00034,hiphop,4,-27.03323745727539,-41.96540451049805
full_denoised_z_hat,411,hiphop__hiphop.00038,hiphop,4,-26.838150024414062,-38.15007400512695
full_denoised_z_hat,412,hiphop__hiphop.00038,hiphop,4,-24.649118423461914,-36.62330627441406
full_denoised_z_hat,413,hiphop__hiphop.00038,hiphop,4,-24.821712493896484,-36.073509216308594
full_denoised_z_hat,414,hiphop__hiphop.00038,hiphop,4,-24.220088958740234,-37.57551193237305
full_denoised_z_hat,415,hiphop__hiphop.00040,hiphop,4,-29.744800567626953,9.646024703979492
full_denoised_z_hat,416,hiphop__hiphop.00040,hiphop,4,-35.77478790283203,12.800768852233887
full_denoised_z_hat,417,hiphop__hiphop.00040,hiphop,4,-36.056488037109375,13.589212417602539
full_denoised_z_hat,418,hiphop__hiphop.00040,hiphop,4,1.7741639614105225,-9.646883010864258
full_denoised_z_hat,419,hiphop__hiphop.00040,hiphop,4,-12.616863250732422,-9.663058280944824
full_denoised_z_hat,420,hiphop__hiphop.00040,hiphop,4,-3.4647679328918457,-11.231701850891113
full_denoised_z_hat,421,hiphop__hiphop.00040,hiphop,4,-3.2243058681488037,-11.098986625671387
full_denoised_z_hat,422,hiphop__hiphop.00042,hiphop,4,-21.519630432128906,-14.055490493774414
full_denoised_z_hat,423,hiphop__hiphop.00042,hiphop,4,-27.828397750854492,-38.593299865722656
full_denoised_z_hat,424,hiphop__hiphop.00042,hiphop,4,-27.869800567626953,-37.82646942138672
full_denoised_z_hat,425,hiphop__hiphop.00042,hiphop,4,-27.446823120117188,-39.142642974853516
full_denoised_z_hat,426,hiphop__hiphop.00042,hiphop,4,-28.266029357910156,-39.44003677368164
full_denoised_z_hat,427,hiphop__hiphop.00042,hiphop,4,-18.857662200927734,-29.99890899658203
full_denoised_z_hat,428,hiphop__hiphop.00042,hiphop,4,-18.931642532348633,-30.009456634521484
full_denoised_z_hat,429,hiphop__hiphop.00042,hiphop,4,-27.77050018310547,-37.808292388916016
full_denoised_z_hat,430,hiphop__hiphop.00044,hiphop,4,-25.7084903717041,-37.58305358886719
full_denoised_z_hat,431,hiphop__hiphop.00044,hiphop,4,-13.516226768493652,-9.376387596130371
full_denoised_z_hat,432,hiphop__hiphop.00044,hiphop,4,-7.5257673263549805,-4.9081830978393555
full_denoised_z_hat,433,hiphop__hiphop.00044,hiphop,4,-7.71201229095459,-4.293025016784668
full_denoised_z_hat,434,hiphop__hiphop.00044,hiphop,4,2.5675675868988037,13.48051929473877
full_denoised_z_hat,435,hiphop__hiphop.00044,hiphop,4,-25.052465438842773,16.055103302001953
full_denoised_z_hat,436,hiphop__hiphop.00044,hiphop,4,-32.89283752441406,17.948097229003906
full_denoised_z_hat,437,hiphop__hiphop.00053,hiphop,4,-7.9055705070495605,-3.953476667404175
full_denoised_z_hat,438,hiphop__hiphop.00053,hiphop,4,2.5317611694335938,-46.58359909057617
full_denoised_z_hat,439,hiphop__hiphop.00053,hiphop,4,2.5097248554229736,-46.23806381225586
full_denoised_z_hat,440,hiphop__hiphop.00053,hiphop,4,0.9754003286361694,-49.01116180419922
full_denoised_z_hat,441,hiphop__hiphop.00053,hiphop,4,1.4932852983474731,-48.59052658081055
full_denoised_z_hat,442,hiphop__hiphop.00053,hiphop,4,-21.45241355895996,-34.84172821044922
full_denoised_z_hat,443,hiphop__hiphop.00053,hiphop,4,-21.073667526245117,-39.524383544921875
full_denoised_z_hat,444,hiphop__hiphop.00053,hiphop,4,-22.488670349121094,-37.155067443847656
full_denoised_z_hat,445,hiphop__hiphop.00053,hiphop,4,-22.41521644592285,-36.698265075683594
full_denoised_z_hat,446,hiphop__hiphop.00076,hiphop,4,-29.02745246887207,-40.264610290527344
full_denoised_z_hat,447,hiphop__hiphop.00076,hiphop,4,-27.030004501342773,-39.18643569946289
full_denoised_z_hat,448,hiphop__hiphop.00076,hiphop,4,-26.07967185974121,-40.86044692993164
full_denoised_z_hat,449,hiphop__hiphop.00076,hiphop,4,-28.54096031188965,-41.20293426513672
full_denoised_z_hat,450,hiphop__hiphop.00076,hiphop,4,-28.4217472076416,-39.46282196044922
full_denoised_z_hat,451,hiphop__hiphop.00076,hiphop,4,-28.700780868530273,-41.079036712646484
full_denoised_z_hat,452,hiphop__hiphop.00079,hiphop,4,-20.48908233642578,-21.570833206176758
full_denoised_z_hat,453,hiphop__hiphop.00079,hiphop,4,-21.120744705200195,-19.075565338134766
full_denoised_z_hat,454,hiphop__hiphop.00079,hiphop,4,-20.356964111328125,-26.263845443725586
full_denoised_z_hat,455,hiphop__hiphop.00079,hiphop,4,-23.152023315429688,-34.169559478759766
full_denoised_z_hat,456,hiphop__hiphop.00079,hiphop,4,-20.026535034179688,-25.746715545654297
full_denoised_z_hat,457,hiphop__hiphop.00079,hiphop,4,-19.512691497802734,-28.421720504760742
full_denoised_z_hat,458,hiphop__hiphop.00079,hiphop,4,-20.017955780029297,-24.685222625732422
full_denoised_z_hat,459,hiphop__hiphop.00079,hiphop,4,-21.182395935058594,-19.42355728149414
full_denoised_z_hat,460,hiphop__hiphop.00082,hiphop,4,-27.388294219970703,-41.10737228393555
full_denoised_z_hat,461,hiphop__hiphop.00082,hiphop,4,-26.2636661529541,-41.343353271484375
full_denoised_z_hat,462,hiphop__hiphop.00082,hiphop,4,-24.64128875732422,-41.06315612792969
full_denoised_z_hat,463,hiphop__hiphop.00082,hiphop,4,-26.69499397277832,-43.25264358520508
full_denoised_z_hat,464,hiphop__hiphop.00082,hiphop,4,-27.512954711914062,-42.28826904296875
full_denoised_z_hat,465,hiphop__hiphop.00082,hiphop,4,-27.796653747558594,-40.85857391357422
full_denoised_z_hat,466,hiphop__hiphop.00087,hiphop,4,-28.502485275268555,-39.61478805541992
full_denoised_z_hat,467,hiphop__hiphop.00087,hiphop,4,-27.46613311767578,-40.31963348388672
full_denoised_z_hat,468,hiphop__hiphop.00087,hiphop,4,-27.49066162109375,-38.514892578125
full_denoised_z_hat,469,hiphop__hiphop.00087,hiphop,4,-28.025909423828125,-39.360374450683594
full_denoised_z_hat,470,hiphop__hiphop.00087,hiphop,4,-27.891456604003906,-39.860023498535156
full_denoised_z_hat,471,hiphop__hiphop.00087,hiphop,4,-27.810997009277344,-39.7937126159668
full_denoised_z_hat,472,hiphop__hiphop.00087,hiphop,4,-27.88633918762207,-39.516658782958984
full_denoised_z_hat,473,hiphop__hiphop.00089,hiphop,4,-26.69224739074707,-39.564205169677734
full_denoised_z_hat,474,hiphop__hiphop.00089,hiphop,4,-24.267791748046875,-38.902069091796875
full_denoised_z_hat,475,hiphop__hiphop.00089,hiphop,4,-25.722705841064453,-43.023040771484375
full_denoised_z_hat,476,hiphop__hiphop.00089,hiphop,4,-26.235118865966797,-42.60441970825195
full_denoised_z_hat,477,hiphop__hiphop.00089,hiphop,4,-26.602214813232422,-42.18211364746094
full_denoised_z_hat,478,hiphop__hiphop.00093,hiphop,4,-22.64988899230957,-41.71199035644531
full_denoised_z_hat,479,hiphop__hiphop.00093,hiphop,4,2.208564043045044,42.40837097167969
full_denoised_z_hat,480,hiphop__hiphop.00093,hiphop,4,-8.771849632263184,45.335716247558594
full_denoised_z_hat,481,hiphop__hiphop.00093,hiphop,4,-6.7409868240356445,41.229156494140625
full_denoised_z_hat,482,hiphop__hiphop.00093,hiphop,4,-5.593430042266846,40.87949752807617
full_denoised_z_hat,483,hiphop__hiphop.00093,hiphop,4,2.990342617034912,41.22592544555664
full_denoised_z_hat,484,hiphop__hiphop.00093,hiphop,4,2.5332183837890625,41.326839447021484
full_denoised_z_hat,485,hiphop__hiphop.00093,hiphop,4,-8.306081771850586,45.236209869384766
full_denoised_z_hat,486,hiphop__hiphop.00093,hiphop,4,2.540886402130127,40.830345153808594
full_denoised_z_hat,487,hiphop__hiphop.00094,hiphop,4,-26.412717819213867,-41.56475067138672
full_denoised_z_hat,488,hiphop__hiphop.00094,hiphop,4,-25.915061950683594,-40.96063995361328
full_denoised_z_hat,489,hiphop__hiphop.00094,hiphop,4,-28.911827087402344,-42.614471435546875
full_denoised_z_hat,490,hiphop__hiphop.00094,hiphop,4,-26.079683303833008,-40.7986946105957
full_denoised_z_hat,491,hiphop__hiphop.00094,hiphop,4,-27.70555305480957,-38.896583557128906
full_denoised_z_hat,492,hiphop__hiphop.00098,hiphop,4,-26.69813346862793,-42.68630599975586
full_denoised_z_hat,493,hiphop__hiphop.00098,hiphop,4,-20.649507522583008,-39.81521224975586
full_denoised_z_hat,494,hiphop__hiphop.00098,hiphop,4,-27.018356323242188,-43.086570739746094
full_denoised_z_hat,495,hiphop__hiphop.00098,hiphop,4,-26.94422149658203,-42.73654556274414
full_denoised_z_hat,496,hiphop__hiphop.00098,hiphop,4,-26.485666275024414,-41.92282485961914
full_denoised_z_hat,497,hiphop__hiphop.00098,hiphop,4,-27.402301788330078,-41.425594329833984
full_denoised_z_hat,498,hiphop__hiphop.00098,hiphop,4,-27.530197143554688,-41.54557800292969
full_denoised_z_hat,499,hiphop__hiphop.00098,hiphop,4,-27.654956817626953,-41.12124252319336
full_denoised_z_hat,500,jazz__jazz.00033,jazz,5,46.902286529541016,13.658836364746094
full_denoised_z_hat,501,jazz__jazz.00033,jazz,5,44.11863708496094,11.285205841064453
full_denoised_z_hat,502,jazz__jazz.00033,jazz,5,46.60354995727539,13.510037422180176
full_denoised_z_hat,503,jazz__jazz.00033,jazz,5,45.81406021118164,10.940043449401855
full_denoised_z_hat,504,jazz__jazz.00033,jazz,5,44.91709518432617,12.609045028686523
full_denoised_z_hat,505,jazz__jazz.00033,jazz,5,45.518856048583984,9.528632164001465
full_denoised_z_hat,506,jazz__jazz.00041,jazz,5,45.98726272583008,13.275432586669922
full_denoised_z_hat,507,jazz__jazz.00041,jazz,5,42.34251022338867,15.516866683959961
full_denoised_z_hat,508,jazz__jazz.00041,jazz,5,42.20585250854492,15.890204429626465
full_denoised_z_hat,509,jazz__jazz.00041,jazz,5,43.01848602294922,13.971589088439941
full_denoised_z_hat,510,jazz__jazz.00041,jazz,5,43.68391418457031,10.392607688903809
full_denoised_z_hat,511,jazz__jazz.00041,jazz,5,43.311561584472656,15.018709182739258
full_denoised_z_hat,512,jazz__jazz.00041,jazz,5,44.243228912353516,12.989578247070312
full_denoised_z_hat,513,jazz__jazz.00041,jazz,5,42.70145797729492,10.679313659667969
full_denoised_z_hat,514,jazz__jazz.00041,jazz,5,45.88119888305664,12.825201988220215
full_denoised_z_hat,515,jazz__jazz.00041,jazz,5,46.42759704589844,12.134045600891113
full_denoised_z_hat,516,jazz__jazz.00046,jazz,5,44.075653076171875,14.575552940368652
full_denoised_z_hat,517,jazz__jazz.00046,jazz,5,41.72205352783203,14.845860481262207
full_denoised_z_hat,518,jazz__jazz.00046,jazz,5,39.86162567138672,10.645654678344727
full_denoised_z_hat,519,jazz__jazz.00046,jazz,5,43.057735443115234,13.75246524810791
full_denoised_z_hat,520,jazz__jazz.00046,jazz,5,43.870880126953125,13.96815299987793
full_denoised_z_hat,521,jazz__jazz.00046,jazz,5,44.606048583984375,12.757067680358887
full_denoised_z_hat,522,jazz__jazz.00046,jazz,5,44.10010528564453,14.422186851501465
full_denoised_z_hat,523,jazz__jazz.00046,jazz,5,41.99700164794922,14.587214469909668
full_denoised_z_hat,524,jazz__jazz.00048,jazz,5,40.771793365478516,13.930436134338379
full_denoised_z_hat,525,jazz__jazz.00048,jazz,5,43.938716888427734,8.35595703125
full_denoised_z_hat,526,jazz__jazz.00048,jazz,5,43.14157485961914,9.508309364318848
full_denoised_z_hat,527,jazz__jazz.00048,jazz,5,47.09919738769531,9.156684875488281
full_denoised_z_hat,528,jazz__jazz.00048,jazz,5,46.569515228271484,9.387365341186523
full_denoised_z_hat,529,jazz__jazz.00048,jazz,5,45.55735397338867,11.711770057678223
full_denoised_z_hat,530,jazz__jazz.00048,jazz,5,6.214196681976318,11.364782333374023
full_denoised_z_hat,531,jazz__jazz.00048,jazz,5,36.9854736328125,10.662720680236816
full_denoised_z_hat,532,jazz__jazz.00050,jazz,5,42.10826110839844,15.054757118225098
full_denoised_z_hat,533,jazz__jazz.00050,jazz,5,40.0870475769043,10.000849723815918
full_denoised_z_hat,534,jazz__jazz.00050,jazz,5,46.61500930786133,12.033950805664062
full_denoised_z_hat,535,jazz__jazz.00050,jazz,5,47.458045959472656,10.617334365844727
full_denoised_z_hat,536,jazz__jazz.00050,jazz,5,40.055179595947266,8.373425483703613
full_denoised_z_hat,537,jazz__jazz.00050,jazz,5,43.99330139160156,2.776653528213501
full_denoised_z_hat,538,jazz__jazz.00050,jazz,5,44.436805725097656,10.129536628723145
full_denoised_z_hat,539,jazz__jazz.00050,jazz,5,38.14326477050781,4.268382549285889
full_denoised_z_hat,540,jazz__jazz.00050,jazz,5,38.90068435668945,7.055688381195068
full_denoised_z_hat,541,jazz__jazz.00059,jazz,5,44.10641098022461,9.733280181884766
full_denoised_z_hat,542,jazz__jazz.00059,jazz,5,5.973391056060791,-13.216399192810059
full_denoised_z_hat,543,jazz__jazz.00060,jazz,5,38.74273681640625,7.185791015625
full_denoised_z_hat,544,jazz__jazz.00060,jazz,5,3.429610252380371,-5.202617168426514
full_denoised_z_hat,545,jazz__jazz.00060,jazz,5,48.17845153808594,10.203721046447754
full_denoised_z_hat,546,jazz__jazz.00060,jazz,5,38.09360885620117,6.895660400390625
full_denoised_z_hat,547,jazz__jazz.00060,jazz,5,46.01775360107422,10.962494850158691
full_denoised_z_hat,548,jazz__jazz.00060,jazz,5,46.18925094604492,10.004579544067383
full_denoised_z_hat,549,jazz__jazz.00071,jazz,5,48.42049026489258,10.366552352905273
full_denoised_z_hat,550,jazz__jazz.00071,jazz,5,48.38982009887695,9.253087043762207
full_denoised_z_hat,551,jazz__jazz.00071,jazz,5,46.22268295288086,10.934898376464844
full_denoised_z_hat,552,jazz__jazz.00071,jazz,5,47.040443420410156,10.546582221984863
full_denoised_z_hat,553,jazz__jazz.00071,jazz,5,46.09153366088867,10.09904670715332
full_denoised_z_hat,554,jazz__jazz.00071,jazz,5,45.6768798828125,10.313753128051758
full_denoised_z_hat,555,jazz__jazz.00071,jazz,5,34.876564025878906,4.123304843902588
full_denoised_z_hat,556,jazz__jazz.00081,jazz,5,36.16943359375,10.122427940368652
full_denoised_z_hat,557,jazz__jazz.00081,jazz,5,33.49428176879883,10.458769798278809
full_denoised_z_hat,558,jazz__jazz.00081,jazz,5,35.27110290527344,10.27530288696289
full_denoised_z_hat,559,jazz__jazz.00081,jazz,5,33.68994140625,10.416032791137695
full_denoised_z_hat,560,jazz__jazz.00081,jazz,5,32.934165954589844,10.368124961853027
full_denoised_z_hat,561,jazz__jazz.00081,jazz,5,45.50747299194336,8.008513450622559
full_denoised_z_hat,562,jazz__jazz.00081,jazz,5,46.530364990234375,9.494710922241211
full_denoised_z_hat,563,jazz__jazz.00081,jazz,5,36.609336853027344,10.135616302490234
full_denoised_z_hat,564,jazz__jazz.00081,jazz,5,38.02627182006836,9.222420692443848
full_denoised_z_hat,565,jazz__jazz.00084,jazz,5,45.967933654785156,8.487469673156738
full_denoised_z_hat,566,jazz__jazz.00084,jazz,5,46.70492172241211,10.774860382080078
full_denoised_z_hat,567,jazz__jazz.00084,jazz,5,48.06801986694336,9.31955337524414
full_denoised_z_hat,568,jazz__jazz.00084,jazz,5,45.9691276550293,9.15626049041748
full_denoised_z_hat,569,jazz__jazz.00084,jazz,5,47.48512268066406,9.3477201461792
full_denoised_z_hat,570,jazz__jazz.00084,jazz,5,45.785911560058594,8.722023963928223
full_denoised_z_hat,571,jazz__jazz.00084,jazz,5,45.56230926513672,9.111909866333008
full_denoised_z_hat,572,jazz__jazz.00084,jazz,5,45.93544387817383,8.636896133422852
full_denoised_z_hat,573,jazz__jazz.00086,jazz,5,46.423072814941406,11.478425025939941
full_denoised_z_hat,574,jazz__jazz.00086,jazz,5,46.93888473510742,10.404293060302734
full_denoised_z_hat,575,jazz__jazz.00086,jazz,5,43.69017028808594,3.6216657161712646
full_denoised_z_hat,576,jazz__jazz.00086,jazz,5,36.555702209472656,9.799276351928711
full_denoised_z_hat,577,jazz__jazz.00086,jazz,5,46.11208724975586,7.18704891204834
full_denoised_z_hat,578,jazz__jazz.00091,jazz,5,44.19905090332031,13.012351989746094
full_denoised_z_hat,579,jazz__jazz.00091,jazz,5,43.90913772583008,3.116962194442749
full_denoised_z_hat,580,jazz__jazz.00092,jazz,5,44.197410583496094,7.981184959411621
full_denoised_z_hat,581,jazz__jazz.00092,jazz,5,48.50982666015625,10.192771911621094
full_denoised_z_hat,582,jazz__jazz.00092,jazz,5,48.49449157714844,10.101513862609863
full_denoised_z_hat,583,jazz__jazz.00092,jazz,5,43.654624938964844,-0.8854120373725891
full_denoised_z_hat,584,jazz__jazz.00092,jazz,5,46.35974884033203,8.78962516784668
full_denoised_z_hat,585,jazz__jazz.00092,jazz,5,44.964290618896484,8.609512329101562
full_denoised_z_hat,586,jazz__jazz.00092,jazz,5,44.03935241699219,3.174978494644165
full_denoised_z_hat,587,jazz__jazz.00096,jazz,5,45.23093795776367,13.09654426574707
full_denoised_z_hat,588,jazz__jazz.00096,jazz,5,45.155208587646484,10.486080169677734
full_denoised_z_hat,589,jazz__jazz.00096,jazz,5,47.702144622802734,10.979999542236328
full_denoised_z_hat,590,jazz__jazz.00096,jazz,5,46.485626220703125,9.87288761138916
full_denoised_z_hat,591,jazz__jazz.00096,jazz,5,46.016357421875,12.789413452148438
full_denoised_z_hat,592,jazz__jazz.00096,jazz,5,46.91679763793945,13.31893539428711
full_denoised_z_hat,593,jazz__jazz.00096,jazz,5,44.2071418762207,13.179252624511719
full_denoised_z_hat,594,jazz__jazz.00096,jazz,5,42.87404251098633,14.79275131225586
full_denoised_z_hat,595,jazz__jazz.00096,jazz,5,46.15272903442383,12.94399356842041
full_denoised_z_hat,596,jazz__jazz.00096,jazz,5,44.211158752441406,12.082501411437988
full_denoised_z_hat,597,jazz__jazz.00099,jazz,5,43.745948791503906,11.71228313446045
full_denoised_z_hat,598,jazz__jazz.00099,jazz,5,44.9350700378418,11.278389930725098
full_denoised_z_hat,599,jazz__jazz.00099,jazz,5,42.563838958740234,14.945917129516602
full_denoised_z_hat,600,metal__metal.00002,metal,6,13.496599197387695,36.25342559814453
full_denoised_z_hat,601,metal__metal.00002,metal,6,14.098140716552734,39.49971389770508
full_denoised_z_hat,602,metal__metal.00002,metal,6,12.782317161560059,37.77720260620117
full_denoised_z_hat,603,metal__metal.00002,metal,6,15.797348022460938,38.86809539794922
full_denoised_z_hat,604,metal__metal.00002,metal,6,12.604628562927246,30.95647430419922
full_denoised_z_hat,605,metal__metal.00002,metal,6,12.600824356079102,31.055187225341797
full_denoised_z_hat,606,metal__metal.00002,metal,6,12.415098190307617,30.908248901367188
full_denoised_z_hat,607,metal__metal.00002,metal,6,12.535304069519043,31.328651428222656
full_denoised_z_hat,608,metal__metal.00002,metal,6,7.219121932983398,18.88308334350586
full_denoised_z_hat,609,metal__metal.00004,metal,6,14.258872032165527,41.690921783447266
full_denoised_z_hat,610,metal__metal.00004,metal,6,14.476802825927734,41.4312629699707
full_denoised_z_hat,611,metal__metal.00004,metal,6,14.766948699951172,40.53306198120117
full_denoised_z_hat,612,metal__metal.00004,metal,6,14.333772659301758,37.60536575317383
full_denoised_z_hat,613,metal__metal.00004,metal,6,14.525863647460938,41.59618377685547
full_denoised_z_hat,614,metal__metal.00004,metal,6,12.304055213928223,41.23109436035156
full_denoised_z_hat,615,metal__metal.00004,metal,6,13.414083480834961,38.91004180908203
full_denoised_z_hat,616,metal__metal.00012,metal,6,12.186793327331543,39.82307815551758
full_denoised_z_hat,617,metal__metal.00012,metal,6,11.81576156616211,39.96546173095703
full_denoised_z_hat,618,metal__metal.00012,metal,6,12.970903396606445,40.65773391723633
full_denoised_z_hat,619,metal__metal.00012,metal,6,12.402933120727539,39.996986389160156
full_denoised_z_hat,620,metal__metal.00012,metal,6,12.394354820251465,37.153255462646484
full_denoised_z_hat,621,metal__metal.00012,metal,6,15.39107894897461,39.29539489746094
full_denoised_z_hat,622,metal__metal.00012,metal,6,15.018299102783203,39.517486572265625
full_denoised_z_hat,623,metal__metal.00012,metal,6,11.868224143981934,37.10737228393555
full_denoised_z_hat,624,metal__metal.00022,metal,6,6.31325626373291,32.122432708740234
full_denoised_z_hat,625,metal__metal.00022,metal,6,5.489684581756592,32.2905158996582
full_denoised_z_hat,626,metal__metal.00022,metal,6,5.647826671600342,32.229854583740234
full_denoised_z_hat,627,metal__metal.00022,metal,6,-28.08564567565918,9.230485916137695
full_denoised_z_hat,628,metal__metal.00022,metal,6,5.931013107299805,32.7496223449707
full_denoised_z_hat,629,metal__metal.00022,metal,6,5.474180221557617,32.40821838378906
full_denoised_z_hat,630,metal__metal.00022,metal,6,5.621973991394043,32.15769958496094
full_denoised_z_hat,631,metal__metal.00022,metal,6,7.771182537078857,31.533065795898438
full_denoised_z_hat,632,metal__metal.00024,metal,6,13.259527206420898,35.28446578979492
full_denoised_z_hat,633,metal__metal.00024,metal,6,14.022147178649902,38.01199722290039
full_denoised_z_hat,634,metal__metal.00024,metal,6,12.205360412597656,31.993452072143555
full_denoised_z_hat,635,metal__metal.00024,metal,6,12.417747497558594,39.27904510498047
full_denoised_z_hat,636,metal__metal.00024,metal,6,11.025681495666504,34.25312423706055
full_denoised_z_hat,637,metal__metal.00024,metal,6,12.758797645568848,36.20121765136719
full_denoised_z_hat,638,metal__metal.00024,metal,6,11.112485885620117,36.09331130981445
full_denoised_z_hat,639,metal__metal.00024,metal,6,10.748794555664062,35.1939697265625
full_denoised_z_hat,640,metal__metal.00030,metal,6,0.9715704917907715,13.532703399658203
full_denoised_z_hat,641,metal__metal.00030,metal,6,0.9567438960075378,13.783998489379883
full_denoised_z_hat,642,metal__metal.00030,metal,6,4.463456153869629,16.215103149414062
full_denoised_z_hat,643,metal__metal.00030,metal,6,13.035091400146484,30.513412475585938
full_denoised_z_hat,644,metal__metal.00030,metal,6,11.59142017364502,27.702823638916016
full_denoised_z_hat,645,metal__metal.00049,metal,6,11.902986526489258,39.8237190246582
full_denoised_z_hat,646,metal__metal.00049,metal,6,13.25460433959961,37.13783264160156
full_denoised_z_hat,647,metal__metal.00049,metal,6,15.458131790161133,38.797855377197266
full_denoised_z_hat,648,metal__metal.00049,metal,6,12.984132766723633,36.959678649902344
full_denoised_z_hat,649,metal__metal.00049,metal,6,14.625767707824707,39.12099838256836
full_denoised_z_hat,650,metal__metal.00049,metal,6,11.374748229980469,37.318424224853516
full_denoised_z_hat,651,metal__metal.00049,metal,6,12.410426139831543,36.666934967041016
full_denoised_z_hat,652,metal__metal.00049,metal,6,13.7660551071167,37.883338928222656
full_denoised_z_hat,653,metal__metal.00049,metal,6,14.617451667785645,36.4912223815918
full_denoised_z_hat,654,metal__metal.00051,metal,6,13.394826889038086,37.086429595947266
full_denoised_z_hat,655,metal__metal.00051,metal,6,10.791237831115723,35.86686325073242
full_denoised_z_hat,656,metal__metal.00051,metal,6,11.981903076171875,34.09733963012695
full_denoised_z_hat,657,metal__metal.00051,metal,6,15.452112197875977,37.276058197021484
full_denoised_z_hat,658,metal__metal.00051,metal,6,14.593006134033203,38.72006607055664
full_denoised_z_hat,659,metal__metal.00051,metal,6,12.68528938293457,36.33742141723633
full_denoised_z_hat,660,metal__metal.00051,metal,6,10.903780937194824,36.087928771972656
full_denoised_z_hat,661,metal__metal.00051,metal,6,12.506807327270508,36.3981819152832
full_denoised_z_hat,662,metal__metal.00052,metal,6,15.584661483764648,37.67428207397461
full_denoised_z_hat,663,metal__metal.00052,metal,6,13.11970329284668,38.91240310668945
full_denoised_z_hat,664,metal__metal.00052,metal,6,12.122344017028809,37.92057418823242
full_denoised_z_hat,665,metal__metal.00052,metal,6,10.678526878356934,41.184261322021484
full_denoised_z_hat,666,metal__metal.00052,metal,6,9.298440933227539,40.34194564819336
full_denoised_z_hat,667,metal__metal.00056,metal,6,12.621005058288574,40.211456298828125
full_denoised_z_hat,668,metal__metal.00056,metal,6,12.726179122924805,38.384361267089844
full_denoised_z_hat,669,metal__metal.00056,metal,6,12.972167015075684,37.79682540893555
full_denoised_z_hat,670,metal__metal.00056,metal,6,10.485692024230957,40.606834411621094
full_denoised_z_hat,671,metal__metal.00056,metal,6,12.002777099609375,39.60875701904297
full_denoised_z_hat,672,metal__metal.00056,metal,6,14.295453071594238,38.788047790527344
full_denoised_z_hat,673,metal__metal.00069,metal,6,11.583819389343262,38.93973159790039
full_denoised_z_hat,674,metal__metal.00069,metal,6,14.51752758026123,35.168914794921875
full_denoised_z_hat,675,metal__metal.00069,metal,6,11.761882781982422,28.132535934448242
full_denoised_z_hat,676,metal__metal.00069,metal,6,9.007155418395996,29.565444946289062
full_denoised_z_hat,677,metal__metal.00069,metal,6,15.342671394348145,37.965599060058594
full_denoised_z_hat,678,metal__metal.00069,metal,6,15.811771392822266,37.37199783325195
full_denoised_z_hat,679,metal__metal.00069,metal,6,9.714422225952148,41.27618408203125
full_denoised_z_hat,680,metal__metal.00091,metal,6,-11.597491264343262,33.5482177734375
full_denoised_z_hat,681,metal__metal.00091,metal,6,-11.66033935546875,33.67319869995117
full_denoised_z_hat,682,metal__metal.00091,metal,6,-18.985689163208008,32.207130432128906
full_denoised_z_hat,683,metal__metal.00091,metal,6,-27.226112365722656,17.520360946655273
full_denoised_z_hat,684,metal__metal.00091,metal,6,-24.074304580688477,21.591064453125
full_denoised_z_hat,685,metal__metal.00091,metal,6,-24.62630271911621,20.50499725341797
full_denoised_z_hat,686,metal__metal.00092,metal,6,12.226585388183594,33.71393966674805
full_denoised_z_hat,687,metal__metal.00092,metal,6,11.400280952453613,28.62137794494629
full_denoised_z_hat,688,metal__metal.00092,metal,6,8.312408447265625,32.51215744018555
full_denoised_z_hat,689,metal__metal.00092,metal,6,13.740137100219727,36.97418975830078
full_denoised_z_hat,690,metal__metal.00092,metal,6,12.248290061950684,31.430484771728516
full_denoised_z_hat,691,metal__metal.00092,metal,6,11.726298332214355,37.55678176879883
full_denoised_z_hat,692,metal__metal.00096,metal,6,11.290776252746582,40.623191833496094
full_denoised_z_hat,693,metal__metal.00096,metal,6,9.437007904052734,40.419742584228516
full_denoised_z_hat,694,metal__metal.00097,metal,6,-12.046562194824219,50.23350143432617
full_denoised_z_hat,695,metal__metal.00097,metal,6,-12.61323070526123,50.300838470458984
full_denoised_z_hat,696,metal__metal.00097,metal,6,9.507960319519043,38.24276351928711
full_denoised_z_hat,697,metal__metal.00097,metal,6,13.79261302947998,40.92596435546875
full_denoised_z_hat,698,metal__metal.00097,metal,6,9.186447143554688,39.26649475097656
full_denoised_z_hat,699,metal__metal.00097,metal,6,10.620803833007812,40.3455696105957
full_denoised_z_hat,700,pop__pop.00003,pop,7,-27.880264282226562,-14.512643814086914
full_denoised_z_hat,701,pop__pop.00003,pop,7,-3.455462694168091,-45.92378616333008
full_denoised_z_hat,702,pop__pop.00003,pop,7,-3.417712450027466,-46.345191955566406
full_denoised_z_hat,703,pop__pop.00003,pop,7,-1.452304482460022,-8.438925743103027
full_denoised_z_hat,704,pop__pop.00003,pop,7,-26.732433319091797,-11.606297492980957
full_denoised_z_hat,705,pop__pop.00003,pop,7,-20.094661712646484,-13.185522079467773
full_denoised_z_hat,706,pop__pop.00003,pop,7,-16.451372146606445,-9.970418930053711
full_denoised_z_hat,707,pop__pop.00007,pop,7,-13.228745460510254,-9.76278305053711
full_denoised_z_hat,708,pop__pop.00007,pop,7,-12.948014259338379,-9.758057594299316
full_denoised_z_hat,709,pop__pop.00007,pop,7,-30.707773208618164,-13.92997932434082
full_denoised_z_hat,710,pop__pop.00007,pop,7,-28.458826065063477,-12.247791290283203
full_denoised_z_hat,711,pop__pop.00007,pop,7,-27.497814178466797,-14.204249382019043
full_denoised_z_hat,712,pop__pop.00007,pop,7,-28.588932037353516,16.60440444946289
full_denoised_z_hat,713,pop__pop.00007,pop,7,-30.21842384338379,17.77119255065918
full_denoised_z_hat,714,pop__pop.00007,pop,7,-21.048582077026367,12.119569778442383
full_denoised_z_hat,715,pop__pop.00015,pop,7,-30.632740020751953,-13.61149787902832
full_denoised_z_hat,716,pop__pop.00015,pop,7,-31.848133087158203,-13.200153350830078
full_denoised_z_hat,717,pop__pop.00015,pop,7,-29.920888900756836,-13.33845329284668
full_denoised_z_hat,718,pop__pop.00015,pop,7,-29.440011978149414,-12.024351119995117
full_denoised_z_hat,719,pop__pop.00015,pop,7,-29.43887710571289,-13.376885414123535
full_denoised_z_hat,720,pop__pop.00015,pop,7,-30.81629753112793,-13.84055233001709
full_denoised_z_hat,721,pop__pop.00021,pop,7,-21.96136474609375,-17.60666847229004
full_denoised_z_hat,722,pop__pop.00021,pop,7,-31.617334365844727,-13.164459228515625
full_denoised_z_hat,723,pop__pop.00021,pop,7,-31.95720863342285,-13.03073787689209
full_denoised_z_hat,724,pop__pop.00021,pop,7,-29.865076065063477,-12.150638580322266
full_denoised_z_hat,725,pop__pop.00021,pop,7,-30.91034507751465,-12.37267017364502
full_denoised_z_hat,726,pop__pop.00021,pop,7,-31.022008895874023,-12.308161735534668
full_denoised_z_hat,727,pop__pop.00021,pop,7,-28.009857177734375,-13.109468460083008
full_denoised_z_hat,728,pop__pop.00021,pop,7,-29.255271911621094,-12.217952728271484
full_denoised_z_hat,729,pop__pop.00028,pop,7,-29.035655975341797,-14.111932754516602
full_denoised_z_hat,730,pop__pop.00028,pop,7,-29.650880813598633,-13.145235061645508
full_denoised_z_hat,731,pop__pop.00028,pop,7,-28.10688018798828,-13.895895957946777
full_denoised_z_hat,732,pop__pop.00028,pop,7,-28.849884033203125,-12.639740943908691
full_denoised_z_hat,733,pop__pop.00028,pop,7,-27.285930633544922,-13.039471626281738
full_denoised_z_hat,734,pop__pop.00028,pop,7,-24.739686965942383,-14.158183097839355
full_denoised_z_hat,735,pop__pop.00029,pop,7,-13.515318870544434,-9.87580680847168
full_denoised_z_hat,736,pop__pop.00029,pop,7,-21.547386169433594,-13.927541732788086
full_denoised_z_hat,737,pop__pop.00029,pop,7,-2.1148409843444824,-10.394108772277832
full_denoised_z_hat,738,pop__pop.00029,pop,7,-21.565216064453125,-13.46978759765625
full_denoised_z_hat,739,pop__pop.00029,pop,7,-28.89752197265625,-15.261292457580566
full_denoised_z_hat,740,pop__pop.00029,pop,7,-26.824665069580078,-12.971814155578613
full_denoised_z_hat,741,pop__pop.00029,pop,7,-13.761682510375977,-9.900918960571289
full_denoised_z_hat,742,pop__pop.00029,pop,7,-23.548898696899414,-11.92997932434082
full_denoised_z_hat,743,pop__pop.00033,pop,7,-27.057785034179688,-11.614848136901855
full_denoised_z_hat,744,pop__pop.00033,pop,7,-20.33843231201172,-21.543598175048828
full_denoised_z_hat,745,pop__pop.00033,pop,7,-19.36661148071289,-25.191144943237305
full_denoised_z_hat,746,pop__pop.00033,pop,7,-21.279003143310547,-18.636171340942383
full_denoised_z_hat,747,pop__pop.00033,pop,7,-19.737751007080078,-20.65125846862793
full_denoised_z_hat,748,pop__pop.00033,pop,7,-20.24424171447754,-21.463571548461914
full_denoised_z_hat,749,pop__pop.00033,pop,7,-27.707345962524414,-14.590017318725586
full_denoised_z_hat,750,pop__pop.00033,pop,7,-27.777925491333008,-15.066919326782227
full_denoised_z_hat,751,pop__pop.00034,pop,7,-26.131235122680664,-14.692870140075684
full_denoised_z_hat,752,pop__pop.00034,pop,7,-27.113296508789062,-13.49487590789795
full_denoised_z_hat,753,pop__pop.00034,pop,7,-28.166990280151367,-13.100067138671875
full_denoised_z_hat,754,pop__pop.00034,pop,7,-28.113065719604492,-13.514671325683594
full_denoised_z_hat,755,pop__pop.00034,pop,7,-27.747867584228516,-11.363558769226074
full_denoised_z_hat,756,pop__pop.00034,pop,7,-26.03265380859375,-14.590936660766602
full_denoised_z_hat,757,pop__pop.00034,pop,7,-21.067672729492188,-19.05187225341797
full_denoised_z_hat,758,pop__pop.00035,pop,7,-27.073171615600586,-14.886978149414062
full_denoised_z_hat,759,pop__pop.00035,pop,7,-29.462860107421875,-12.406932830810547
full_denoised_z_hat,760,pop__pop.00035,pop,7,-29.928695678710938,-13.522549629211426
full_denoised_z_hat,761,pop__pop.00035,pop,7,-30.516307830810547,-13.288623809814453
full_denoised_z_hat,762,pop__pop.00035,pop,7,-31.713581085205078,-12.955273628234863
full_denoised_z_hat,763,pop__pop.00038,pop,7,-27.98499298095703,-37.494571685791016
full_denoised_z_hat,764,pop__pop.00038,pop,7,-21.26764488220215,-18.72689437866211
full_denoised_z_hat,765,pop__pop.00038,pop,7,-20.962997436523438,-19.49335289001465
full_denoised_z_hat,766,pop__pop.00038,pop,7,-22.158159255981445,-15.170144081115723
full_denoised_z_hat,767,pop__pop.00039,pop,7,-18.92657470703125,-12.349245071411133
full_denoised_z_hat,768,pop__pop.00039,pop,7,-27.16774559020996,-13.85756778717041
full_denoised_z_hat,769,pop__pop.00039,pop,7,-28.699785232543945,-13.708211898803711
full_denoised_z_hat,770,pop__pop.00039,pop,7,-26.162158966064453,-13.771695137023926
full_denoised_z_hat,771,pop__pop.00039,pop,7,-28.423349380493164,-11.400535583496094
full_denoised_z_hat,772,pop__pop.00039,pop,7,-28.271625518798828,-12.370940208435059
full_denoised_z_hat,773,pop__pop.00039,pop,7,-26.66475486755371,-13.146580696105957
full_denoised_z_hat,774,pop__pop.00039,pop,7,-27.798839569091797,-10.802940368652344
full_denoised_z_hat,775,pop__pop.00045,pop,7,-22.852766036987305,-34.783084869384766
full_denoised_z_hat,776,pop__pop.00045,pop,7,-29.207822799682617,-15.090003967285156
full_denoised_z_hat,777,pop__pop.00045,pop,7,-26.790010452270508,-14.730206489562988
full_denoised_z_hat,778,pop__pop.00045,pop,7,-25.413909912109375,-13.185161590576172
full_denoised_z_hat,779,pop__pop.00045,pop,7,-27.395811080932617,-16.5107364654541
full_denoised_z_hat,780,pop__pop.00049,pop,7,-26.02488136291504,-12.894855499267578
full_denoised_z_hat,781,pop__pop.00049,pop,7,-25.79156494140625,-13.077072143554688
full_denoised_z_hat,782,pop__pop.00049,pop,7,-24.438474655151367,-8.8349609375
full_denoised_z_hat,783,pop__pop.00049,pop,7,-15.899062156677246,-9.888392448425293
full_denoised_z_hat,784,pop__pop.00049,pop,7,-28.91600227355957,-12.347455024719238
full_denoised_z_hat,785,pop__pop.00049,pop,7,-30.6546688079834,-12.017364501953125
full_denoised_z_hat,786,pop__pop.00049,pop,7,-26.788616180419922,-13.339630126953125
full_denoised_z_hat,787,pop__pop.00079,pop,7,-2.549046754837036,11.635793685913086
full_denoised_z_hat,788,pop__pop.00079,pop,7,43.318904876708984,-1.390194296836853
full_denoised_z_hat,789,pop__pop.00079,pop,7,-28.418302536010742,15.207747459411621
full_denoised_z_hat,790,pop__pop.00079,pop,7,-32.779232025146484,15.247987747192383
full_denoised_z_hat,791,pop__pop.00081,pop,7,-30.459575653076172,15.721264839172363
full_denoised_z_hat,792,pop__pop.00081,pop,7,-23.13463592529297,16.532344818115234
full_denoised_z_hat,793,pop__pop.00081,pop,7,0.4258729815483093,-9.631521224975586
full_denoised_z_hat,794,pop__pop.00081,pop,7,-22.06108283996582,16.535043716430664
full_denoised_z_hat,795,pop__pop.00081,pop,7,-20.860681533813477,-5.413745880126953
full_denoised_z_hat,796,pop__pop.00081,pop,7,-31.191232681274414,15.387106895446777
full_denoised_z_hat,797,pop__pop.00081,pop,7,-26.93408966064453,16.596120834350586
full_denoised_z_hat,798,pop__pop.00081,pop,7,-21.188932418823242,16.291818618774414
full_denoised_z_hat,799,pop__pop.00081,pop,7,-30.54541015625,15.762166976928711
full_denoised_z_hat,800,reggae__reggae.00029,reggae,8,9.159591674804688,-13.433330535888672
full_denoised_z_hat,801,reggae__reggae.00029,reggae,8,12.526363372802734,-10.946683883666992
full_denoised_z_hat,802,reggae__reggae.00029,reggae,8,12.349411010742188,-13.631307601928711
full_denoised_z_hat,803,reggae__reggae.00029,reggae,8,12.877340316772461,-12.536863327026367
full_denoised_z_hat,804,reggae__reggae.00029,reggae,8,7.271895408630371,-12.113391876220703
full_denoised_z_hat,805,reggae__reggae.00029,reggae,8,8.481792449951172,-14.226154327392578
full_denoised_z_hat,806,reggae__reggae.00029,reggae,8,12.914153099060059,-11.713061332702637
full_denoised_z_hat,807,reggae__reggae.00029,reggae,8,11.963878631591797,-10.604345321655273
full_denoised_z_hat,808,reggae__reggae.00029,reggae,8,8.759624481201172,-15.642219543457031
full_denoised_z_hat,809,reggae__reggae.00029,reggae,8,3.8813440799713135,-14.465255737304688
full_denoised_z_hat,810,reggae__reggae.00034,reggae,8,8.288629531860352,-12.311880111694336
full_denoised_z_hat,811,reggae__reggae.00034,reggae,8,11.757777214050293,-11.053539276123047
full_denoised_z_hat,812,reggae__reggae.00034,reggae,8,11.270455360412598,-13.897765159606934
full_denoised_z_hat,813,reggae__reggae.00034,reggae,8,12.394073486328125,-13.457917213439941
full_denoised_z_hat,814,reggae__reggae.00034,reggae,8,10.937092781066895,-15.439342498779297
full_denoised_z_hat,815,reggae__reggae.00034,reggae,8,6.769346237182617,-11.231435775756836
full_denoised_z_hat,816,reggae__reggae.00034,reggae,8,8.844703674316406,-12.429939270019531
full_denoised_z_hat,817,reggae__reggae.00034,reggae,8,7.79817008972168,-11.731876373291016
full_denoised_z_hat,818,reggae__reggae.00035,reggae,8,11.245444297790527,-15.04433536529541
full_denoised_z_hat,819,reggae__reggae.00035,reggae,8,12.153302192687988,-12.550722122192383
full_denoised_z_hat,820,reggae__reggae.00035,reggae,8,12.938180923461914,-11.762664794921875
full_denoised_z_hat,821,reggae__reggae.00035,reggae,8,12.257244110107422,-15.716939926147461
full_denoised_z_hat,822,reggae__reggae.00035,reggae,8,11.062264442443848,-13.784563064575195
full_denoised_z_hat,823,reggae__reggae.00035,reggae,8,11.258038520812988,-13.667612075805664
full_denoised_z_hat,824,reggae__reggae.00035,reggae,8,9.757131576538086,-13.648397445678711
full_denoised_z_hat,825,reggae__reggae.00040,reggae,8,-0.4356935918331146,-1.5912556648254395
full_denoised_z_hat,826,reggae__reggae.00040,reggae,8,11.553417205810547,-9.616223335266113
full_denoised_z_hat,827,reggae__reggae.00040,reggae,8,6.154175281524658,-10.428321838378906
full_denoised_z_hat,828,reggae__reggae.00040,reggae,8,1.1878104209899902,13.516406059265137
full_denoised_z_hat,829,reggae__reggae.00040,reggae,8,-0.18667583167552948,-2.2227046489715576
full_denoised_z_hat,830,reggae__reggae.00040,reggae,8,-1.01589834690094,4.693286418914795
full_denoised_z_hat,831,reggae__reggae.00040,reggae,8,5.844734191894531,-13.95352840423584
full_denoised_z_hat,832,reggae__reggae.00040,reggae,8,12.64746379852295,-14.73712158203125
full_denoised_z_hat,833,reggae__reggae.00047,reggae,8,9.089041709899902,-15.783905982971191
full_denoised_z_hat,834,reggae__reggae.00047,reggae,8,10.122146606445312,-13.551209449768066
full_denoised_z_hat,835,reggae__reggae.00047,reggae,8,11.061893463134766,-11.724752426147461
full_denoised_z_hat,836,reggae__reggae.00047,reggae,8,11.955094337463379,-11.923880577087402
full_denoised_z_hat,837,reggae__reggae.00047,reggae,8,10.943236351013184,-12.263002395629883
full_denoised_z_hat,838,reggae__reggae.00049,reggae,8,1.5905053615570068,-6.648881435394287
full_denoised_z_hat,839,reggae__reggae.00049,reggae,8,4.1104254722595215,-4.263250827789307
full_denoised_z_hat,840,reggae__reggae.00049,reggae,8,2.802941083908081,-7.220631122589111
full_denoised_z_hat,841,reggae__reggae.00049,reggae,8,8.93557357788086,-9.905241966247559
full_denoised_z_hat,842,reggae__reggae.00049,reggae,8,3.718449592590332,-4.636277198791504
full_denoised_z_hat,843,reggae__reggae.00049,reggae,8,-2.8529961109161377,0.4399641454219818
full_denoised_z_hat,844,reggae__reggae.00049,reggae,8,-2.8105976581573486,0.2574285566806793
full_denoised_z_hat,845,reggae__reggae.00062,reggae,8,12.218436241149902,-15.346529960632324
full_denoised_z_hat,846,reggae__reggae.00062,reggae,8,12.99934196472168,-14.437784194946289
full_denoised_z_hat,847,reggae__reggae.00062,reggae,8,11.19459342956543,-11.345383644104004
full_denoised_z_hat,848,reggae__reggae.00062,reggae,8,13.345232009887695,-13.831548690795898
full_denoised_z_hat,849,reggae__reggae.00062,reggae,8,12.247610092163086,-15.072519302368164
full_denoised_z_hat,850,reggae__reggae.00062,reggae,8,12.018774032592773,-12.702445030212402
full_denoised_z_hat,851,reggae__reggae.00062,reggae,8,13.435811042785645,-14.88479995727539
full_denoised_z_hat,852,reggae__reggae.00062,reggae,8,11.013677597045898,-13.153797149658203
full_denoised_z_hat,853,reggae__reggae.00062,reggae,8,9.776801109313965,-13.885798454284668
full_denoised_z_hat,854,reggae__reggae.00064,reggae,8,11.962136268615723,-11.26944637298584
full_denoised_z_hat,855,reggae__reggae.00064,reggae,8,2.2163565158843994,-9.929960250854492
full_denoised_z_hat,856,reggae__reggae.00064,reggae,8,2.7974748611450195,-7.901329517364502
full_denoised_z_hat,857,reggae__reggae.00064,reggae,8,6.5207929611206055,-11.73680591583252
full_denoised_z_hat,858,reggae__reggae.00064,reggae,8,-1.019835352897644,-8.403044700622559
full_denoised_z_hat,859,reggae__reggae.00064,reggae,8,-1.1722012758255005,-8.444663047790527
full_denoised_z_hat,860,reggae__reggae.00065,reggae,8,8.888954162597656,-11.977432250976562
full_denoised_z_hat,861,reggae__reggae.00065,reggae,8,10.333854675292969,-14.940261840820312
full_denoised_z_hat,862,reggae__reggae.00065,reggae,8,9.854509353637695,-13.244263648986816
full_denoised_z_hat,863,reggae__reggae.00065,reggae,8,4.1973371505737305,-11.663158416748047
full_denoised_z_hat,864,reggae__reggae.00065,reggae,8,6.403043270111084,-12.576162338256836
full_denoised_z_hat,865,reggae__reggae.00065,reggae,8,6.569308757781982,-13.13701343536377
full_denoised_z_hat,866,reggae__reggae.00065,reggae,8,7.131269931793213,-14.872687339782715
full_denoised_z_hat,867,reggae__reggae.00065,reggae,8,7.357273101806641,-10.916536331176758
full_denoised_z_hat,868,reggae__reggae.00071,reggae,8,10.684953689575195,-15.265277862548828
full_denoised_z_hat,869,reggae__reggae.00071,reggae,8,7.9635796546936035,-15.241865158081055
full_denoised_z_hat,870,reggae__reggae.00071,reggae,8,11.770358085632324,-14.26113224029541
full_denoised_z_hat,871,reggae__reggae.00071,reggae,8,11.398415565490723,-12.591933250427246
full_denoised_z_hat,872,reggae__reggae.00076,reggae,8,10.15868091583252,-14.82935619354248
full_denoised_z_hat,873,reggae__reggae.00076,reggae,8,9.485041618347168,-14.5609130859375
full_denoised_z_hat,874,reggae__reggae.00076,reggae,8,4.506323337554932,-15.733782768249512
full_denoised_z_hat,875,reggae__reggae.00076,reggae,8,6.2666497230529785,-14.400979995727539
full_denoised_z_hat,876,reggae__reggae.00076,reggae,8,7.922067165374756,-12.876896858215332
full_denoised_z_hat,877,reggae__reggae.00090,reggae,8,11.594734191894531,-11.990211486816406
full_denoised_z_hat,878,reggae__reggae.00090,reggae,8,11.482454299926758,-12.275226593017578
full_denoised_z_hat,879,reggae__reggae.00090,reggae,8,6.032008647918701,-13.54163646697998
full_denoised_z_hat,880,reggae__reggae.00090,reggae,8,10.18233585357666,-12.836485862731934
full_denoised_z_hat,881,reggae__reggae.00090,reggae,8,9.981209754943848,-12.943169593811035
full_denoised_z_hat,882,reggae__reggae.00090,reggae,8,8.529847145080566,-13.71660041809082
full_denoised_z_hat,883,reggae__reggae.00090,reggae,8,12.169431686401367,-13.858453750610352
full_denoised_z_hat,884,reggae__reggae.00091,reggae,8,8.275700569152832,-11.296637535095215
full_denoised_z_hat,885,reggae__reggae.00091,reggae,8,10.430575370788574,-10.866891860961914
full_denoised_z_hat,886,reggae__reggae.00091,reggae,8,7.122156143188477,-14.166501998901367
full_denoised_z_hat,887,reggae__reggae.00091,reggae,8,10.262870788574219,-10.835916519165039
full_denoised_z_hat,888,reggae__reggae.00091,reggae,8,7.071624755859375,-11.009249687194824
full_denoised_z_hat,889,reggae__reggae.00092,reggae,8,5.581449508666992,-11.259608268737793
full_denoised_z_hat,890,reggae__reggae.00092,reggae,8,7.584896087646484,-10.495957374572754
full_denoised_z_hat,891,reggae__reggae.00092,reggae,8,7.408978462219238,-12.181543350219727
full_denoised_z_hat,892,reggae__reggae.00092,reggae,8,13.126789093017578,-12.052329063415527
full_denoised_z_hat,893,reggae__reggae.00092,reggae,8,12.789278030395508,-15.352984428405762
full_denoised_z_hat,894,reggae__reggae.00092,reggae,8,6.33485746383667,-11.074024200439453
full_denoised_z_hat,895,reggae__reggae.00092,reggae,8,6.536744117736816,-14.39400863647461
full_denoised_z_hat,896,reggae__reggae.00092,reggae,8,5.371847629547119,-11.686759948730469
full_denoised_z_hat,897,reggae__reggae.00092,reggae,8,11.073036193847656,-11.218721389770508
full_denoised_z_hat,898,reggae__reggae.00092,reggae,8,8.286870002746582,-12.444169998168945
full_denoised_z_hat,899,reggae__reggae.00092,reggae,8,12.104652404785156,-15.337935447692871
full_denoised_z_hat,900,rock__rock.00000,rock,9,8.76091194152832,38.792457580566406
full_denoised_z_hat,901,rock__rock.00000,rock,9,14.199676513671875,39.37655258178711
full_denoised_z_hat,902,rock__rock.00000,rock,9,9.550442695617676,26.463354110717773
full_denoised_z_hat,903,rock__rock.00000,rock,9,-11.139239311218262,32.28943634033203
full_denoised_z_hat,904,rock__rock.00000,rock,9,1.5290838479995728,13.781882286071777
full_denoised_z_hat,905,rock__rock.00000,rock,9,2.182360887527466,13.34202766418457
full_denoised_z_hat,906,rock__rock.00000,rock,9,2.9151597023010254,13.869902610778809
full_denoised_z_hat,907,rock__rock.00000,rock,9,3.407930374145508,11.659860610961914
full_denoised_z_hat,908,rock__rock.00000,rock,9,3.1903555393218994,11.915166854858398
full_denoised_z_hat,909,rock__rock.00003,rock,9,-17.22661590576172,44.45147705078125
full_denoised_z_hat,910,rock__rock.00003,rock,9,-11.233360290527344,48.60230255126953
full_denoised_z_hat,911,rock__rock.00003,rock,9,39.154151916503906,12.60299015045166
full_denoised_z_hat,912,rock__rock.00003,rock,9,34.94245529174805,4.670072078704834
full_denoised_z_hat,913,rock__rock.00003,rock,9,-11.359639167785645,48.61895751953125
full_denoised_z_hat,914,rock__rock.00003,rock,9,-11.924601554870605,33.503753662109375
full_denoised_z_hat,915,rock__rock.00008,rock,9,11.635346412658691,27.034862518310547
full_denoised_z_hat,916,rock__rock.00008,rock,9,11.531935691833496,25.839889526367188
full_denoised_z_hat,917,rock__rock.00008,rock,9,11.683918952941895,26.888700485229492
full_denoised_z_hat,918,rock__rock.00008,rock,9,11.574334144592285,26.265474319458008
full_denoised_z_hat,919,rock__rock.00008,rock,9,11.243167877197266,25.350099563598633
full_denoised_z_hat,920,rock__rock.00008,rock,9,-23.098217010498047,20.90265655517578
full_denoised_z_hat,921,rock__rock.00008,rock,9,10.72816276550293,28.355915069580078
full_denoised_z_hat,922,rock__rock.00032,rock,9,-29.60660743713379,16.74226951599121
full_denoised_z_hat,923,rock__rock.00032,rock,9,-2.676807403564453,12.919065475463867
full_denoised_z_hat,924,rock__rock.00034,rock,9,-36.099735260009766,16.54625701904297
full_denoised_z_hat,925,rock__rock.00034,rock,9,-35.23741912841797,16.939802169799805
full_denoised_z_hat,926,rock__rock.00034,rock,9,-32.621437072753906,17.084613800048828
full_denoised_z_hat,927,rock__rock.00034,rock,9,-26.771167755126953,13.788928031921387
full_denoised_z_hat,928,rock__rock.00034,rock,9,-31.435956954956055,18.521621704101562
full_denoised_z_hat,929,rock__rock.00034,rock,9,-34.77153396606445,13.80029010772705
full_denoised_z_hat,930,rock__rock.00039,rock,9,2.7051944732666016,13.112448692321777
full_denoised_z_hat,931,rock__rock.00039,rock,9,-2.639848232269287,10.263630867004395
full_denoised_z_hat,932,rock__rock.00039,rock,9,-26.63705062866211,10.032468795776367
full_denoised_z_hat,933,rock__rock.00039,rock,9,-28.495452880859375,11.454652786254883
full_denoised_z_hat,934,rock__rock.00044,rock,9,-35.982826232910156,13.89008617401123
full_denoised_z_hat,935,rock__rock.00044,rock,9,-30.01531982421875,11.909622192382812
full_denoised_z_hat,936,rock__rock.00044,rock,9,-21.447956085205078,-8.943044662475586
full_denoised_z_hat,937,rock__rock.00044,rock,9,1.332327961921692,12.3493013381958
full_denoised_z_hat,938,rock__rock.00044,rock,9,-20.983318328857422,-6.592526435852051
full_denoised_z_hat,939,rock__rock.00044,rock,9,-22.3602352142334,-9.682210922241211
full_denoised_z_hat,940,rock__rock.00044,rock,9,-26.750022888183594,-11.470047950744629
full_denoised_z_hat,941,rock__rock.00048,rock,9,-2.597461223602295,2.792968988418579
full_denoised_z_hat,942,rock__rock.00048,rock,9,-2.482285976409912,2.6858952045440674
full_denoised_z_hat,943,rock__rock.00048,rock,9,0.862797737121582,12.157108306884766
full_denoised_z_hat,944,rock__rock.00048,rock,9,-2.1816341876983643,13.380693435668945
full_denoised_z_hat,945,rock__rock.00048,rock,9,36.05807876586914,7.666290283203125
full_denoised_z_hat,946,rock__rock.00048,rock,9,2.9320716857910156,-9.918261528015137
full_denoised_z_hat,947,rock__rock.00048,rock,9,-0.13111591339111328,14.09963321685791
full_denoised_z_hat,948,rock__rock.00049,rock,9,-33.70059585571289,17.635936737060547
full_denoised_z_hat,949,rock__rock.00049,rock,9,-37.17292404174805,17.1634464263916
full_denoised_z_hat,950,rock__rock.00049,rock,9,-34.74750518798828,14.162087440490723
full_denoised_z_hat,951,rock__rock.00049,rock,9,-35.43828582763672,15.954458236694336
full_denoised_z_hat,952,rock__rock.00049,rock,9,-35.103580474853516,14.559850692749023
full_denoised_z_hat,953,rock__rock.00049,rock,9,-21.13485336303711,16.846406936645508
full_denoised_z_hat,954,rock__rock.00049,rock,9,-18.200267791748047,15.110143661499023
full_denoised_z_hat,955,rock__rock.00049,rock,9,-2.4370064735412598,9.775348663330078
full_denoised_z_hat,956,rock__rock.00049,rock,9,-24.2895450592041,-12.049128532409668
full_denoised_z_hat,957,rock__rock.00049,rock,9,-30.414384841918945,16.545297622680664
full_denoised_z_hat,958,rock__rock.00050,rock,9,-2.693572998046875,10.0785551071167
full_denoised_z_hat,959,rock__rock.00050,rock,9,-20.82027244567871,-6.136618614196777
full_denoised_z_hat,960,rock__rock.00050,rock,9,-22.87686538696289,-9.516124725341797
full_denoised_z_hat,961,rock__rock.00050,rock,9,-26.697925567626953,-9.846841812133789
full_denoised_z_hat,962,rock__rock.00050,rock,9,-14.07015609741211,10.114019393920898
full_denoised_z_hat,963,rock__rock.00050,rock,9,-15.097493171691895,12.739044189453125
full_denoised_z_hat,964,rock__rock.00050,rock,9,-14.70740795135498,10.31547737121582
full_denoised_z_hat,965,rock__rock.00050,rock,9,-26.742650985717773,-9.64362621307373
full_denoised_z_hat,966,rock__rock.00054,rock,9,35.13215255737305,-10.676197052001953
full_denoised_z_hat,967,rock__rock.00054,rock,9,-7.622864723205566,-4.991303443908691
full_denoised_z_hat,968,rock__rock.00054,rock,9,1.3688949346542358,12.673182487487793
full_denoised_z_hat,969,rock__rock.00054,rock,9,1.9451977014541626,12.761360168457031
full_denoised_z_hat,970,rock__rock.00054,rock,9,-20.005046844482422,12.046278953552246
full_denoised_z_hat,971,rock__rock.00054,rock,9,-21.078414916992188,11.956426620483398
full_denoised_z_hat,972,rock__rock.00054,rock,9,42.496681213378906,-15.11791706085205
full_denoised_z_hat,973,rock__rock.00054,rock,9,1.2777444124221802,9.70496940612793
full_denoised_z_hat,974,rock__rock.00054,rock,9,38.03413391113281,-12.291463851928711
full_denoised_z_hat,975,rock__rock.00054,rock,9,40.41450500488281,-14.182458877563477
full_denoised_z_hat,976,rock__rock.00080,rock,9,0.18326206505298615,12.967320442199707
full_denoised_z_hat,977,rock__rock.00080,rock,9,-0.6788061857223511,13.853960990905762
full_denoised_z_hat,978,rock__rock.00080,rock,9,0.6836361289024353,13.754693984985352
full_denoised_z_hat,979,rock__rock.00080,rock,9,4.578382968902588,15.00101375579834
full_denoised_z_hat,980,rock__rock.00080,rock,9,5.263689994812012,16.899673461914062
full_denoised_z_hat,981,rock__rock.00085,rock,9,-13.422090530395508,-9.416224479675293
full_denoised_z_hat,982,rock__rock.00085,rock,9,-2.748387336730957,2.474783420562744
full_denoised_z_hat,983,rock__rock.00085,rock,9,-33.10542297363281,16.725126266479492
full_denoised_z_hat,984,rock__rock.00085,rock,9,-20.759437561035156,14.777022361755371
full_denoised_z_hat,985,rock__rock.00085,rock,9,2.8385469913482666,11.575044631958008
full_denoised_z_hat,986,rock__rock.00085,rock,9,38.54527282714844,-15.21375846862793
full_denoised_z_hat,987,rock__rock.00086,rock,9,12.416448593139648,31.336326599121094
full_denoised_z_hat,988,rock__rock.00086,rock,9,1.9152569770812988,13.802409172058105
full_denoised_z_hat,989,rock__rock.00086,rock,9,-0.8899017572402954,5.03938102722168
full_denoised_z_hat,990,rock__rock.00086,rock,9,-1.6734619140625,-5.657430648803711
full_denoised_z_hat,991,rock__rock.00092,rock,9,5.132494926452637,17.368013381958008
full_denoised_z_hat,992,rock__rock.00092,rock,9,5.567930221557617,17.126253128051758
full_denoised_z_hat,993,rock__rock.00092,rock,9,4.335192680358887,15.912555694580078
full_denoised_z_hat,994,rock__rock.00092,rock,9,4.819874286651611,16.298999786376953
full_denoised_z_hat,995,rock__rock.00092,rock,9,11.772706985473633,26.76581573486328
full_denoised_z_hat,996,rock__rock.00092,rock,9,4.619361877441406,16.26225471496582
full_denoised_z_hat,997,rock__rock.00092,rock,9,5.116011142730713,17.150522232055664
full_denoised_z_hat,998,rock__rock.00092,rock,9,5.007211208343506,17.010835647583008
full_denoised_z_hat,999,rock__rock.00092,rock,9,5.1891398429870605,17.16187286376953
