embedding,sample_index,song_id,genre,label,tsne_x,tsne_y
full_clean_z,0,blues__blues.00000,blues,0,-3.980679512023926,39.110137939453125
full_clean_z,1,blues__blues.00000,blues,0,-4.2740864753723145,38.01791000366211
full_clean_z,2,blues__blues.00000,blues,0,-4.184186935424805,37.90254592895508
full_clean_z,3,blues__blues.00000,blues,0,-4.223395347595215,37.63288116455078
full_clean_z,4,blues__blues.00000,blues,0,-3.499297618865967,37.402408599853516
full_clean_z,5,blues__blues.00000,blues,0,-3.9126968383789062,38.322025299072266
full_clean_z,6,blues__blues.00000,blues,0,-4.165408134460449,37.909515380859375
full_clean_z,7,blues__blues.00001,blues,0,-4.622672080993652,55.7157096862793
full_clean_z,8,blues__blues.00001,blues,0,-5.3009490966796875,56.02936553955078
full_clean_z,9,blues__blues.00001,blues,0,-2.33825421333313,58.3907585144043
full_clean_z,10,blues__blues.00001,blues,0,-2.4632980823516846,57.04611587524414
full_clean_z,11,blues__blues.00001,blues,0,-6.3001251220703125,53.632896423339844
full_clean_z,12,blues__blues.00001,blues,0,-4.731282711029053,55.85847091674805
full_clean_z,13,blues__blues.00001,blues,0,6.949855804443359,52.81986618041992
full_clean_z,14,blues__blues.00009,blues,0,-2.586582660675049,63.153404235839844
full_clean_z,15,blues__blues.00009,blues,0,-0.8934459686279297,60.49587631225586
full_clean_z,16,blues__blues.00009,blues,0,0.6385728716850281,60.6550178527832
full_clean_z,17,blues__blues.00009,blues,0,8.284193992614746,57.490684509277344
full_clean_z,18,blues__blues.00009,blues,0,8.285426139831543,57.454952239990234
full_clean_z,19,blues__blues.00009,blues,0,-0.6822572350502014,62.44258499145508
full_clean_z,20,blues__blues.00009,blues,0,8.33643913269043,57.25699234008789
full_clean_z,21,blues__blues.00009,blues,0,58.58885955810547,14.42617416381836
full_clean_z,22,blues__blues.00009,blues,0,8.24224853515625,57.64057922363281
full_clean_z,23,blues__blues.00011,blues,0,53.45998001098633,14.719260215759277
full_clean_z,24,blues__blues.00011,blues,0,-2.5658676624298096,60.28229522705078
full_clean_z,25,blues__blues.00011,blues,0,3.2156717777252197,16.590106964111328
full_clean_z,26,blues__blues.00011,blues,0,7.853971481323242,48.917240142822266
full_clean_z,27,blues__blues.00011,blues,0,-2.565429925918579,60.39286422729492
full_clean_z,28,blues__blues.00011,blues,0,-2.510807991027832,58.553409576416016
full_clean_z,29,blues__blues.00011,blues,0,-2.3488669395446777,60.762718200683594
full_clean_z,30,blues__blues.00031,blues,0,-0.975662112236023,58.78700637817383
full_clean_z,31,blues__blues.00031,blues,0,-1.3037077188491821,58.66734313964844
full_clean_z,32,blues__blues.00031,blues,0,-0.18720172345638275,59.26572036743164
full_clean_z,33,blues__blues.00031,blues,0,-0.5602098107337952,59.363887786865234
full_clean_z,34,blues__blues.00034,blues,0,-0.08328285813331604,59.61703109741211
full_clean_z,35,blues__blues.00034,blues,0,-4.86058235168457,61.33079528808594
full_clean_z,36,blues__blues.00034,blues,0,-3.958292007446289,56.72584915161133
full_clean_z,37,blues__blues.00034,blues,0,-19.801977157592773,22.579240798950195
full_clean_z,38,blues__blues.00034,blues,0,-0.10752672702074051,59.294960021972656
full_clean_z,39,blues__blues.00034,blues,0,-0.14236395061016083,59.34043502807617
full_clean_z,40,blues__blues.00039,blues,0,-1.0119062662124634,59.302703857421875
full_clean_z,41,blues__blues.00039,blues,0,-1.3223122358322144,58.64824295043945
full_clean_z,42,blues__blues.00039,blues,0,-1.4100629091262817,60.04777526855469
full_clean_z,43,blues__blues.00039,blues,0,-1.0185720920562744,59.48441696166992
full_clean_z,44,blues__blues.00039,blues,0,-0.21065640449523926,59.36463928222656
full_clean_z,45,blues__blues.00052,blues,0,-4.776705265045166,54.57817840576172
full_clean_z,46,blues__blues.00052,blues,0,-6.819468021392822,58.033782958984375
full_clean_z,47,blues__blues.00052,blues,0,-3.2712342739105225,56.412322998046875
full_clean_z,48,blues__blues.00052,blues,0,-3.074000120162964,56.6281852722168
full_clean_z,49,blues__blues.00052,blues,0,-4.529358863830566,58.360755920410156
full_clean_z,50,blues__blues.00052,blues,0,2.965059518814087,33.553993225097656
full_clean_z,51,blues__blues.00054,blues,0,5.28699254989624,59.58642578125
full_clean_z,52,blues__blues.00054,blues,0,5.806199073791504,58.5692253112793
full_clean_z,53,blues__blues.00054,blues,0,4.27700138092041,59.95566177368164
full_clean_z,54,blues__blues.00054,blues,0,5.7907280921936035,59.19676971435547
full_clean_z,55,blues__blues.00054,blues,0,5.020454406738281,59.36541748046875
full_clean_z,56,blues__blues.00054,blues,0,5.654263496398926,58.9311408996582
full_clean_z,57,blues__blues.00057,blues,0,-1.8507966995239258,58.778358459472656
full_clean_z,58,blues__blues.00057,blues,0,5.815230846405029,60.3245849609375
full_clean_z,59,blues__blues.00057,blues,0,5.96821403503418,59.9451904296875
full_clean_z,60,blues__blues.00057,blues,0,5.860777378082275,60.183753967285156
full_clean_z,61,blues__blues.00060,blues,0,-0.29679086804389954,63.03571319580078
full_clean_z,62,blues__blues.00060,blues,0,1.1658762693405151,59.70076370239258
full_clean_z,63,blues__blues.00060,blues,0,-3.9666311740875244,56.72251510620117
full_clean_z,64,blues__blues.00060,blues,0,4.014161109924316,60.668365478515625
full_clean_z,65,blues__blues.00060,blues,0,4.332664966583252,59.839317321777344
full_clean_z,66,blues__blues.00060,blues,0,3.4245145320892334,60.07772445678711
full_clean_z,67,blues__blues.00060,blues,0,3.4144272804260254,60.013126373291016
full_clean_z,68,blues__blues.00066,blues,0,-6.602295875549316,58.35626220703125
full_clean_z,69,blues__blues.00066,blues,0,-5.364830017089844,60.032264709472656
full_clean_z,70,blues__blues.00066,blues,0,-5.854145526885986,59.68709945678711
full_clean_z,71,blues__blues.00066,blues,0,-6.1786651611328125,59.315067291259766
full_clean_z,72,blues__blues.00066,blues,0,5.85996150970459,46.13182067871094
full_clean_z,73,blues__blues.00066,blues,0,-6.4339752197265625,58.5665397644043
full_clean_z,74,blues__blues.00066,blues,0,-3.7750840187072754,62.73719787597656
full_clean_z,75,blues__blues.00066,blues,0,-0.5620715618133545,61.795562744140625
full_clean_z,76,blues__blues.00066,blues,0,-5.335313320159912,59.997314453125
full_clean_z,77,blues__blues.00068,blues,0,-1.6105738878250122,63.073917388916016
full_clean_z,78,blues__blues.00068,blues,0,-1.0564874410629272,62.76101303100586
full_clean_z,79,blues__blues.00068,blues,0,1.4304739236831665,60.23974609375
full_clean_z,80,blues__blues.00068,blues,0,-1.8057392835617065,62.76361083984375
full_clean_z,81,blues__blues.00068,blues,0,-0.7327344417572021,62.27412414550781
full_clean_z,82,blues__blues.00068,blues,0,-0.7959980964660645,62.46649169921875
full_clean_z,83,blues__blues.00068,blues,0,-3.3847391605377197,62.94989013671875
full_clean_z,84,blues__blues.00070,blues,0,13.767812728881836,15.114035606384277
full_clean_z,85,blues__blues.00070,blues,0,-4.00772762298584,63.12009811401367
full_clean_z,86,blues__blues.00070,blues,0,2.5963075160980225,16.083126068115234
full_clean_z,87,blues__blues.00070,blues,0,2.734748363494873,3.041133165359497
full_clean_z,88,blues__blues.00070,blues,0,-3.649280309677124,62.83661651611328
full_clean_z,89,blues__blues.00070,blues,0,7.6565775871276855,0.019668767228722572
full_clean_z,90,blues__blues.00070,blues,0,7.569412708282471,0.36588171124458313
full_clean_z,91,blues__blues.00071,blues,0,-0.1947793960571289,62.635311126708984
full_clean_z,92,blues__blues.00071,blues,0,1.415496826171875,62.34236526489258
full_clean_z,93,blues__blues.00071,blues,0,1.0731046199798584,61.54225540161133
full_clean_z,94,blues__blues.00071,blues,0,1.4285484552383423,61.77585220336914
full_clean_z,95,blues__blues.00071,blues,0,1.5079201459884644,61.38656234741211
full_clean_z,96,blues__blues.00071,blues,0,1.7971861362457275,62.71702194213867
full_clean_z,97,blues__blues.00071,blues,0,1.243032693862915,61.614620208740234
full_clean_z,98,blues__blues.00071,blues,0,1.364208698272705,62.38368606567383
full_clean_z,99,blues__blues.00071,blues,0,0.10764763504266739,61.696956634521484
full_clean_z,100,classical__classical.00000,classical,1,55.51100158691406,-24.84531593322754
full_clean_z,101,classical__classical.00000,classical,1,53.82733917236328,-27.59343910217285
full_clean_z,102,classical__classical.00000,classical,1,53.772499084472656,-27.6892032623291
full_clean_z,103,classical__classical.00000,classical,1,53.39499282836914,-29.284116744995117
full_clean_z,104,classical__classical.00000,classical,1,53.25520706176758,-26.523418426513672
full_clean_z,105,classical__classical.00000,classical,1,53.31418228149414,-26.657133102416992
full_clean_z,106,classical__classical.00002,classical,1,54.3236083984375,-30.146886825561523
full_clean_z,107,classical__classical.00002,classical,1,53.172420501708984,-28.570632934570312
full_clean_z,108,classical__classical.00002,classical,1,54.24534225463867,-30.582338333129883
full_clean_z,109,classical__classical.00006,classical,1,52.692054748535156,-26.490829467773438
full_clean_z,110,classical__classical.00006,classical,1,52.65467834472656,-27.279417037963867
full_clean_z,111,classical__classical.00006,classical,1,52.47386169433594,-27.16310691833496
full_clean_z,112,classical__classical.00006,classical,1,54.04573059082031,-28.696733474731445
full_clean_z,113,classical__classical.00006,classical,1,54.83827590942383,-28.87322425842285
full_clean_z,114,classical__classical.00006,classical,1,54.589500427246094,-29.067556381225586
full_clean_z,115,classical__classical.00006,classical,1,54.60178756713867,-28.99188995361328
full_clean_z,116,classical__classical.00009,classical,1,52.18037033081055,-27.19417953491211
full_clean_z,117,classical__classical.00009,classical,1,51.868473052978516,-27.417312622070312
full_clean_z,118,classical__classical.00009,classical,1,51.83734893798828,-28.237024307250977
full_clean_z,119,classical__classical.00009,classical,1,51.750423431396484,-26.857898712158203
full_clean_z,120,classical__classical.00009,classical,1,51.64276885986328,-25.75499153137207
full_clean_z,121,classical__classical.00009,classical,1,51.533504486083984,-27.90952491760254
full_clean_z,122,classical__classical.00009,classical,1,51.582244873046875,-26.328691482543945
full_clean_z,123,classical__classical.00022,classical,1,52.40744400024414,-29.54514503479004
full_clean_z,124,classical__classical.00022,classical,1,53.264373779296875,-30.215232849121094
full_clean_z,125,classical__classical.00022,classical,1,52.77693557739258,-29.72530746459961
full_clean_z,126,classical__classical.00022,classical,1,51.730979919433594,-29.22014617919922
full_clean_z,127,classical__classical.00022,classical,1,51.73965072631836,-27.312524795532227
full_clean_z,128,classical__classical.00022,classical,1,53.06227493286133,-22.05748176574707
full_clean_z,129,classical__classical.00022,classical,1,53.08051300048828,-22.157861709594727
full_clean_z,130,classical__classical.00034,classical,1,54.538307189941406,-24.967018127441406
full_clean_z,131,classical__classical.00034,classical,1,54.49856948852539,-26.06130027770996
full_clean_z,132,classical__classical.00034,classical,1,54.649139404296875,-24.51220703125
full_clean_z,133,classical__classical.00034,classical,1,54.61503601074219,-24.26166534423828
full_clean_z,134,classical__classical.00034,classical,1,53.20585632324219,-23.342342376708984
full_clean_z,135,classical__classical.00034,classical,1,52.17218780517578,-25.69430923461914
full_clean_z,136,classical__classical.00034,classical,1,54.0858268737793,-23.956071853637695
full_clean_z,137,classical__classical.00037,classical,1,52.22098922729492,-30.443145751953125
full_clean_z,138,classical__classical.00037,classical,1,47.21699142456055,-20.271068572998047
full_clean_z,139,classical__classical.00037,classical,1,49.35124206542969,-1.0052871704101562
full_clean_z,140,classical__classical.00037,classical,1,52.3516845703125,-20.064796447753906
full_clean_z,141,classical__classical.00037,classical,1,53.1730842590332,-23.37860107421875
full_clean_z,142,classical__classical.00037,classical,1,54.07038497924805,-24.186656951904297
full_clean_z,143,classical__classical.00037,classical,1,52.8571891784668,-29.189647674560547
full_clean_z,144,classical__classical.00037,classical,1,51.16341018676758,-27.371984481811523
full_clean_z,145,classical__classical.00039,classical,1,52.555931091308594,-25.92648696899414
full_clean_z,146,classical__classical.00039,classical,1,52.020774841308594,-20.204442977905273
full_clean_z,147,classical__classical.00039,classical,1,52.39860916137695,-19.986740112304688
full_clean_z,148,classical__classical.00039,classical,1,49.2736930847168,-28.49053382873535
full_clean_z,149,classical__classical.00039,classical,1,49.82453536987305,-29.922630310058594
full_clean_z,150,classical__classical.00039,classical,1,49.9133415222168,-29.69606590270996
full_clean_z,151,classical__classical.00047,classical,1,50.74945831298828,-27.780757904052734
full_clean_z,152,classical__classical.00047,classical,1,50.87918472290039,-27.798463821411133
full_clean_z,153,classical__classical.00047,classical,1,50.97511672973633,-27.84560775756836
full_clean_z,154,classical__classical.00047,classical,1,51.15938949584961,-26.06766700744629
full_clean_z,155,classical__classical.00047,classical,1,49.818878173828125,-26.06645965576172
full_clean_z,156,classical__classical.00047,classical,1,49.7501106262207,-26.02772331237793
full_clean_z,157,classical__classical.00053,classical,1,43.19102478027344,-31.357389450073242
full_clean_z,158,classical__classical.00053,classical,1,43.02850341796875,-31.313711166381836
full_clean_z,159,classical__classical.00053,classical,1,43.08430480957031,-31.333877563476562
full_clean_z,160,classical__classical.00053,classical,1,35.13981246948242,-26.801780700683594
full_clean_z,161,classical__classical.00053,classical,1,43.113922119140625,-31.34335708618164
full_clean_z,162,classical__classical.00056,classical,1,47.3489990234375,-31.583290100097656
full_clean_z,163,classical__classical.00056,classical,1,47.124935150146484,-32.00135803222656
full_clean_z,164,classical__classical.00056,classical,1,46.92344284057617,-32.35713577270508
full_clean_z,165,classical__classical.00056,classical,1,47.33347702026367,-31.601490020751953
full_clean_z,166,classical__classical.00056,classical,1,47.359073638916016,-31.5869140625
full_clean_z,167,classical__classical.00056,classical,1,46.95853805541992,-32.57380294799805
full_clean_z,168,classical__classical.00056,classical,1,46.83257293701172,-32.740928649902344
full_clean_z,169,classical__classical.00056,classical,1,47.00440979003906,-32.21347427368164
full_clean_z,170,classical__classical.00056,classical,1,48.227012634277344,-31.746450424194336
full_clean_z,171,classical__classical.00056,classical,1,49.33000183105469,-30.46468734741211
full_clean_z,172,classical__classical.00057,classical,1,49.752052307128906,2.292405366897583
full_clean_z,173,classical__classical.00057,classical,1,49.03619384765625,-1.408663034439087
full_clean_z,174,classical__classical.00057,classical,1,52.0695686340332,-24.644559860229492
full_clean_z,175,classical__classical.00057,classical,1,52.312767028808594,-23.2683048248291
full_clean_z,176,classical__classical.00057,classical,1,49.613914489746094,-18.977882385253906
full_clean_z,177,classical__classical.00057,classical,1,47.565521240234375,-0.7526971101760864
full_clean_z,178,classical__classical.00057,classical,1,49.76618194580078,-19.166240692138672
full_clean_z,179,classical__classical.00057,classical,1,49.05648422241211,-18.250898361206055
full_clean_z,180,classical__classical.00057,classical,1,48.87171936035156,-18.74120330810547
full_clean_z,181,classical__classical.00057,classical,1,52.07674789428711,-22.29765510559082
full_clean_z,182,classical__classical.00065,classical,1,52.75146484375,-23.33836555480957
full_clean_z,183,classical__classical.00065,classical,1,49.6671257019043,-25.662025451660156
full_clean_z,184,classical__classical.00065,classical,1,51.94886779785156,-22.366968154907227
full_clean_z,185,classical__classical.00065,classical,1,50.13258743286133,-20.07373809814453
full_clean_z,186,classical__classical.00082,classical,1,51.37465286254883,-24.619169235229492
full_clean_z,187,classical__classical.00082,classical,1,51.35993576049805,-23.337369918823242
full_clean_z,188,classical__classical.00082,classical,1,50.946407318115234,-24.667604446411133
full_clean_z,189,classical__classical.00082,classical,1,50.96315383911133,-29.671417236328125
full_clean_z,190,classical__classical.00082,classical,1,54.761478424072266,-27.94782066345215
full_clean_z,191,classical__classical.00082,classical,1,54.741703033447266,-27.957670211791992
full_clean_z,192,classical__classical.00091,classical,1,53.50701904296875,-28.281389236450195
full_clean_z,193,classical__classical.00091,classical,1,52.75404357910156,-23.58101463317871
full_clean_z,194,classical__classical.00091,classical,1,52.29706573486328,-25.12537956237793
full_clean_z,195,classical__classical.00091,classical,1,54.27302551269531,-25.87531852722168
full_clean_z,196,classical__classical.00091,classical,1,52.92055892944336,-23.036758422851562
full_clean_z,197,classical__classical.00091,classical,1,52.97041320800781,-22.933311462402344
full_clean_z,198,classical__classical.00091,classical,1,54.29813003540039,-26.393035888671875
full_clean_z,199,classical__classical.00091,classical,1,54.01625061035156,-29.16512107849121
full_clean_z,200,country__country.00001,country,2,21.345163345336914,22.389846801757812
full_clean_z,201,country__country.00001,country,2,21.73720359802246,23.120832443237305
full_clean_z,202,country__country.00001,country,2,22.2289981842041,23.31284523010254
full_clean_z,203,country__country.00001,country,2,18.781888961791992,23.216663360595703
full_clean_z,204,country__country.00001,country,2,19.96031951904297,23.407432556152344
full_clean_z,205,country__country.00011,country,2,-0.6607677936553955,22.582677841186523
full_clean_z,206,country__country.00011,country,2,14.37519645690918,15.888579368591309
full_clean_z,207,country__country.00011,country,2,14.930209159851074,17.942325592041016
full_clean_z,208,country__country.00011,country,2,-1.336471438407898,22.023616790771484
full_clean_z,209,country__country.00011,country,2,7.672159194946289,11.646485328674316
full_clean_z,210,country__country.00011,country,2,-1.177065134048462,22.145282745361328
full_clean_z,211,country__country.00011,country,2,1.0314743518829346,21.062923431396484
full_clean_z,212,country__country.00011,country,2,-1.2968028783798218,22.07987403869629
full_clean_z,213,country__country.00013,country,2,12.490005493164062,14.807679176330566
full_clean_z,214,country__country.00013,country,2,15.350987434387207,18.344192504882812
full_clean_z,215,country__country.00013,country,2,17.66339111328125,25.901063919067383
full_clean_z,216,country__country.00013,country,2,-13.522887229919434,-1.0782221555709839
full_clean_z,217,country__country.00013,country,2,18.77102279663086,26.482452392578125
full_clean_z,218,country__country.00013,country,2,17.848665237426758,26.17877769470215
full_clean_z,219,country__country.00013,country,2,14.328470230102539,15.603796005249023
full_clean_z,220,country__country.00013,country,2,2.039262533187866,14.502211570739746
full_clean_z,221,country__country.00013,country,2,7.997238636016846,12.0726957321167
full_clean_z,222,country__country.00013,country,2,19.630151748657227,25.292814254760742
full_clean_z,223,country__country.00029,country,2,19.18079948425293,24.50480842590332
full_clean_z,224,country__country.00029,country,2,19.300434112548828,24.208831787109375
full_clean_z,225,country__country.00029,country,2,19.972137451171875,24.815500259399414
full_clean_z,226,country__country.00029,country,2,20.49022102355957,25.677824020385742
full_clean_z,227,country__country.00029,country,2,20.60224723815918,24.998323440551758
full_clean_z,228,country__country.00029,country,2,18.613964080810547,23.940593719482422
full_clean_z,229,country__country.00047,country,2,-9.391474723815918,23.0592041015625
full_clean_z,230,country__country.00057,country,2,12.195155143737793,13.956330299377441
full_clean_z,231,country__country.00057,country,2,19.967496871948242,20.98186683654785
full_clean_z,232,country__country.00057,country,2,2.2625601291656494,38.167110443115234
full_clean_z,233,country__country.00057,country,2,1.245068073272705,39.69615173339844
full_clean_z,234,country__country.00057,country,2,20.32076072692871,22.43402099609375
full_clean_z,235,country__country.00057,country,2,20.167043685913086,22.327621459960938
full_clean_z,236,country__country.00057,country,2,20.122888565063477,22.612476348876953
full_clean_z,237,country__country.00057,country,2,9.896584510803223,-11.624863624572754
full_clean_z,238,country__country.00057,country,2,5.367387771606445,5.753614902496338
full_clean_z,239,country__country.00057,country,2,19.015012741088867,22.211153030395508
full_clean_z,240,country__country.00059,country,2,4.869635581970215,-1.6741665601730347
full_clean_z,241,country__country.00059,country,2,4.829934120178223,25.368419647216797
full_clean_z,242,country__country.00059,country,2,4.851025104522705,25.26495361328125
full_clean_z,243,country__country.00059,country,2,20.06781005859375,22.53178596496582
full_clean_z,244,country__country.00059,country,2,12.748919486999512,15.561111450195312
full_clean_z,245,country__country.00059,country,2,20.908018112182617,23.568696975708008
full_clean_z,246,country__country.00067,country,2,20.0698184967041,19.781919479370117
full_clean_z,247,country__country.00067,country,2,3.9697837829589844,24.015207290649414
full_clean_z,248,country__country.00067,country,2,20.847963333129883,18.711811065673828
full_clean_z,249,country__country.00067,country,2,18.840970993041992,25.044963836669922
full_clean_z,250,country__country.00067,country,2,20.52777099609375,19.061052322387695
full_clean_z,251,country__country.00067,country,2,20.790788650512695,18.809322357177734
full_clean_z,252,country__country.00067,country,2,4.23716926574707,24.28794288635254
full_clean_z,253,country__country.00067,country,2,3.5885329246520996,23.237607955932617
full_clean_z,254,country__country.00068,country,2,12.019638061523438,-2.9700863361358643
full_clean_z,255,country__country.00068,country,2,-5.668510913848877,10.10547924041748
full_clean_z,256,country__country.00068,country,2,3.230497360229492,22.680313110351562
full_clean_z,257,country__country.00068,country,2,-17.62435531616211,20.861818313598633
full_clean_z,258,country__country.00068,country,2,-8.253776550292969,50.94956970214844
full_clean_z,259,country__country.00068,country,2,12.304079055786133,-3.6387808322906494
full_clean_z,260,country__country.00068,country,2,1.0180158615112305,21.101051330566406
full_clean_z,261,country__country.00068,country,2,5.477643013000488,0.21867850422859192
full_clean_z,262,country__country.00069,country,2,6.720880508422852,28.979534149169922
full_clean_z,263,country__country.00069,country,2,-9.244812965393066,23.32834815979004
full_clean_z,264,country__country.00069,country,2,-9.400111198425293,23.138782501220703
full_clean_z,265,country__country.00069,country,2,-7.999223232269287,53.302345275878906
full_clean_z,266,country__country.00069,country,2,17.294185638427734,17.731143951416016
full_clean_z,267,country__country.00069,country,2,21.10548973083496,24.923656463623047
full_clean_z,268,country__country.00069,country,2,20.108474731445312,19.9768009185791
full_clean_z,269,country__country.00075,country,2,6.7533063888549805,-3.298029661178589
full_clean_z,270,country__country.00075,country,2,1.043296217918396,40.422298431396484
full_clean_z,271,country__country.00075,country,2,5.029910564422607,41.11493682861328
full_clean_z,272,country__country.00075,country,2,7.7133941650390625,-2.8009896278381348
full_clean_z,273,country__country.00075,country,2,4.965824604034424,41.025089263916016
full_clean_z,274,country__country.00075,country,2,14.496431350708008,14.66160774230957
full_clean_z,275,country__country.00076,country,2,3.8419082164764404,3.573277711868286
full_clean_z,276,country__country.00076,country,2,3.98976731300354,4.19681978225708
full_clean_z,277,country__country.00076,country,2,3.0078275203704834,3.4694974422454834
full_clean_z,278,country__country.00076,country,2,21.001174926757812,21.266103744506836
full_clean_z,279,country__country.00076,country,2,2.882089376449585,3.2079885005950928
full_clean_z,280,country__country.00076,country,2,-1.4613755941390991,64.21017456054688
full_clean_z,281,country__country.00076,country,2,-7.772442817687988,42.373592376708984
full_clean_z,282,country__country.00077,country,2,17.699722290039062,16.92182159423828
full_clean_z,283,country__country.00077,country,2,17.6766300201416,16.975872039794922
full_clean_z,284,country__country.00077,country,2,6.442450523376465,14.027610778808594
full_clean_z,285,country__country.00077,country,2,17.628263473510742,16.279401779174805
full_clean_z,286,country__country.00077,country,2,21.034143447875977,21.4014949798584
full_clean_z,287,country__country.00077,country,2,21.029109954833984,21.899410247802734
full_clean_z,288,country__country.00097,country,2,18.464889526367188,26.233701705932617
full_clean_z,289,country__country.00097,country,2,19.37926483154297,23.577598571777344
full_clean_z,290,country__country.00097,country,2,20.251121520996094,23.85939598083496
full_clean_z,291,country__country.00097,country,2,19.220266342163086,22.141355514526367
full_clean_z,292,country__country.00097,country,2,19.35192108154297,22.571956634521484
full_clean_z,293,country__country.00099,country,2,-3.975074052810669,59.589237213134766
full_clean_z,294,country__country.00099,country,2,-5.212438106536865,12.868372917175293
full_clean_z,295,country__country.00099,country,2,-6.380584239959717,58.907249450683594
full_clean_z,296,country__country.00099,country,2,-6.541788578033447,58.434879302978516
full_clean_z,297,country__country.00099,country,2,-6.288243770599365,53.70100402832031
full_clean_z,298,country__country.00099,country,2,-8.4000244140625,50.28041076660156
full_clean_z,299,country__country.00099,country,2,-4.969427108764648,54.31721115112305
full_clean_z,300,disco__disco.00000,disco,3,-17.90955352783203,-19.355506896972656
full_clean_z,301,disco__disco.00000,disco,3,-20.44261360168457,-16.87149429321289
full_clean_z,302,disco__disco.00000,disco,3,-19.736703872680664,-17.395658493041992
full_clean_z,303,disco__disco.00000,disco,3,-18.4338321685791,-19.720186233520508
full_clean_z,304,disco__disco.00000,disco,3,-18.20631980895996,-20.485158920288086
full_clean_z,305,disco__disco.00000,disco,3,-17.998462677001953,-19.350753784179688
full_clean_z,306,disco__disco.00000,disco,3,-18.327402114868164,-19.101938247680664
full_clean_z,307,disco__disco.00000,disco,3,-18.684385299682617,-19.56668472290039
full_clean_z,308,disco__disco.00000,disco,3,-18.323596954345703,-19.190330505371094
full_clean_z,309,disco__disco.00003,disco,3,-7.033021926879883,-1.665741205215454
full_clean_z,310,disco__disco.00003,disco,3,-8.822017669677734,46.07660675048828
full_clean_z,311,disco__disco.00003,disco,3,-22.891191482543945,-10.949361801147461
full_clean_z,312,disco__disco.00003,disco,3,-22.117271423339844,-8.770910263061523
full_clean_z,313,disco__disco.00003,disco,3,-22.122962951660156,-8.755178451538086
full_clean_z,314,disco__disco.00003,disco,3,-22.11423110961914,-8.589481353759766
full_clean_z,315,disco__disco.00010,disco,3,-50.779541015625,-8.675100326538086
full_clean_z,316,disco__disco.00010,disco,3,-16.75007438659668,-17.10808753967285
full_clean_z,317,disco__disco.00010,disco,3,-16.904727935791016,-17.30139923095703
full_clean_z,318,disco__disco.00010,disco,3,-23.29001808166504,-30.914230346679688
full_clean_z,319,disco__disco.00010,disco,3,-23.141660690307617,-30.119998931884766
full_clean_z,320,disco__disco.00010,disco,3,-22.09567642211914,-29.08504295349121
full_clean_z,321,disco__disco.00020,disco,3,-22.334285736083984,6.862207889556885
full_clean_z,322,disco__disco.00020,disco,3,19.35561752319336,26.75789451599121
full_clean_z,323,disco__disco.00020,disco,3,-17.474382400512695,9.755232810974121
full_clean_z,324,disco__disco.00021,disco,3,-15.351715087890625,-19.716012954711914
full_clean_z,325,disco__disco.00021,disco,3,-14.926560401916504,-19.524639129638672
full_clean_z,326,disco__disco.00021,disco,3,-14.792963027954102,-19.45793914794922
full_clean_z,327,disco__disco.00021,disco,3,-15.405656814575195,-19.740694046020508
full_clean_z,328,disco__disco.00021,disco,3,-15.419825553894043,-19.722545623779297
full_clean_z,329,disco__disco.00021,disco,3,-4.576130390167236,-5.920521259307861
full_clean_z,330,disco__disco.00021,disco,3,-4.60670280456543,-5.939035415649414
full_clean_z,331,disco__disco.00021,disco,3,-54.9589958190918,-0.11402110010385513
full_clean_z,332,disco__disco.00030,disco,3,-18.280622482299805,-17.892789840698242
full_clean_z,333,disco__disco.00030,disco,3,-17.831907272338867,-18.60033416748047
full_clean_z,334,disco__disco.00030,disco,3,-18.495046615600586,-17.102190017700195
full_clean_z,335,disco__disco.00030,disco,3,-4.848520755767822,-9.310823440551758
full_clean_z,336,disco__disco.00030,disco,3,-20.595239639282227,-28.118167877197266
full_clean_z,337,disco__disco.00030,disco,3,-19.872018814086914,-13.436283111572266
full_clean_z,338,disco__disco.00030,disco,3,-18.721797943115234,-18.054513931274414
full_clean_z,339,disco__disco.00030,disco,3,-18.789196014404297,-19.062728881835938
full_clean_z,340,disco__disco.00030,disco,3,-21.806907653808594,-14.668655395507812
full_clean_z,341,disco__disco.00030,disco,3,-18.487462997436523,-16.55862808227539
full_clean_z,342,disco__disco.00040,disco,3,-25.095792770385742,-14.579726219177246
full_clean_z,343,disco__disco.00040,disco,3,-16.319536209106445,0.5026331543922424
full_clean_z,344,disco__disco.00040,disco,3,-24.352096557617188,-14.67388916015625
full_clean_z,345,disco__disco.00040,disco,3,-16.037626266479492,0.3038274943828583
full_clean_z,346,disco__disco.00040,disco,3,-24.62053680419922,-11.999961853027344
full_clean_z,347,disco__disco.00040,disco,3,-24.48333168029785,-14.7225341796875
full_clean_z,348,disco__disco.00044,disco,3,-23.152118682861328,-13.253219604492188
full_clean_z,349,disco__disco.00044,disco,3,-23.17795181274414,-13.358543395996094
full_clean_z,350,disco__disco.00044,disco,3,-22.106290817260742,-8.729294776916504
full_clean_z,351,disco__disco.00044,disco,3,-21.722278594970703,-15.45560073852539
full_clean_z,352,disco__disco.00044,disco,3,-24.06632423400879,-12.012191772460938
full_clean_z,353,disco__disco.00044,disco,3,-23.009384155273438,-12.028434753417969
full_clean_z,354,disco__disco.00044,disco,3,-22.998348236083984,-11.929049491882324
full_clean_z,355,disco__disco.00044,disco,3,-23.326339721679688,-11.756678581237793
full_clean_z,356,disco__disco.00044,disco,3,-22.188547134399414,-12.67996883392334
full_clean_z,357,disco__disco.00044,disco,3,-22.64311408996582,-12.211019515991211
full_clean_z,358,disco__disco.00044,disco,3,-22.944406509399414,-11.19919490814209
full_clean_z,359,disco__disco.00055,disco,3,-22.58111000061035,-14.726425170898438
full_clean_z,360,disco__disco.00055,disco,3,-21.588336944580078,-16.084575653076172
full_clean_z,361,disco__disco.00055,disco,3,-20.939361572265625,-16.343488693237305
full_clean_z,362,disco__disco.00055,disco,3,-21.546680450439453,-16.09380340576172
full_clean_z,363,disco__disco.00055,disco,3,-21.61033058166504,-15.806327819824219
full_clean_z,364,disco__disco.00055,disco,3,-22.349756240844727,-14.512774467468262
full_clean_z,365,disco__disco.00055,disco,3,-21.64068603515625,-13.546415328979492
full_clean_z,366,disco__disco.00064,disco,3,-21.594438552856445,-15.543145179748535
full_clean_z,367,disco__disco.00064,disco,3,-22.528488159179688,-15.22301197052002
full_clean_z,368,disco__disco.00064,disco,3,-22.509559631347656,-15.460122108459473
full_clean_z,369,disco__disco.00064,disco,3,-22.172195434570312,-16.840534210205078
full_clean_z,370,disco__disco.00075,disco,3,-10.773369789123535,-18.243501663208008
full_clean_z,371,disco__disco.00075,disco,3,-10.763900756835938,-18.244400024414062
full_clean_z,372,disco__disco.00075,disco,3,-21.816070556640625,-13.809123992919922
full_clean_z,373,disco__disco.00075,disco,3,-8.721687316894531,-17.77446746826172
full_clean_z,374,disco__disco.00075,disco,3,-21.45390510559082,-13.494072914123535
full_clean_z,375,disco__disco.00075,disco,3,-10.636390686035156,-18.224462509155273
full_clean_z,376,disco__disco.00075,disco,3,-8.990901947021484,-17.80171012878418
full_clean_z,377,disco__disco.00075,disco,3,-9.071417808532715,-15.936017036437988
full_clean_z,378,disco__disco.00084,disco,3,-17.474828720092773,2.5274343490600586
full_clean_z,379,disco__disco.00084,disco,3,-21.535388946533203,-16.492280960083008
full_clean_z,380,disco__disco.00084,disco,3,-21.223600387573242,-19.453472137451172
full_clean_z,381,disco__disco.00084,disco,3,-21.218294143676758,-16.687496185302734
full_clean_z,382,disco__disco.00084,disco,3,-19.319555282592773,-15.923689842224121
full_clean_z,383,disco__disco.00084,disco,3,-17.56708335876465,2.906881093978882
full_clean_z,384,disco__disco.00084,disco,3,-17.56917381286621,2.9158267974853516
full_clean_z,385,disco__disco.00093,disco,3,-19.645980834960938,-18.733531951904297
full_clean_z,386,disco__disco.00093,disco,3,-20.940811157226562,-19.415374755859375
full_clean_z,387,disco__disco.00093,disco,3,-19.821298599243164,-16.301443099975586
full_clean_z,388,disco__disco.00093,disco,3,-20.197288513183594,-19.36326789855957
full_clean_z,389,disco__disco.00093,disco,3,-19.53317642211914,-19.50005531311035
full_clean_z,390,disco__disco.00093,disco,3,-19.86250114440918,-16.3525333404541
full_clean_z,391,disco__disco.00094,disco,3,2.509939193725586,-49.575294494628906
full_clean_z,392,disco__disco.00094,disco,3,-8.178274154663086,-18.282257080078125
full_clean_z,393,disco__disco.00094,disco,3,-14.727766036987305,9.268938064575195
full_clean_z,394,disco__disco.00094,disco,3,-2.9894721508026123,-39.3409423828125
full_clean_z,395,disco__disco.00094,disco,3,-12.948652267456055,-21.52558135986328
full_clean_z,396,disco__disco.00095,disco,3,-22.933395385742188,-15.60672664642334
full_clean_z,397,disco__disco.00095,disco,3,-23.00501823425293,-15.74098014831543
full_clean_z,398,disco__disco.00095,disco,3,-22.754484176635742,-16.06285285949707
full_clean_z,399,disco__disco.00095,disco,3,-17.403244018554688,2.206146478652954
full_clean_z,400,hiphop__hiphop.00002,hiphop,4,-21.68382453918457,-29.39482879638672
full_clean_z,401,hiphop__hiphop.00002,hiphop,4,-27.81976890563965,-35.57132339477539
full_clean_z,402,hiphop__hiphop.00002,hiphop,4,-27.83067512512207,-35.56312942504883
full_clean_z,403,hiphop__hiphop.00002,hiphop,4,-29.791011810302734,-34.74909591674805
full_clean_z,404,hiphop__hiphop.00002,hiphop,4,-29.827043533325195,-35.055084228515625
full_clean_z,405,hiphop__hiphop.00034,hiphop,4,-37.142547607421875,-37.16237258911133
full_clean_z,406,hiphop__hiphop.00034,hiphop,4,-35.40961456298828,-39.536094665527344
full_clean_z,407,hiphop__hiphop.00034,hiphop,4,-35.33457565307617,-39.53129577636719
full_clean_z,408,hiphop__hiphop.00034,hiphop,4,-31.780479431152344,-35.34648132324219
full_clean_z,409,hiphop__hiphop.00034,hiphop,4,-36.158756256103516,-38.207881927490234
full_clean_z,410,hiphop__hiphop.00034,hiphop,4,-36.16264724731445,-38.10648727416992
full_clean_z,411,hiphop__hiphop.00038,hiphop,4,-40.0667724609375,-32.690425872802734
full_clean_z,412,hiphop__hiphop.00038,hiphop,4,-39.96628189086914,-32.594932556152344
full_clean_z,413,hiphop__hiphop.00038,hiphop,4,-40.58389663696289,-32.496856689453125
full_clean_z,414,hiphop__hiphop.00038,hiphop,4,-37.673011779785156,-37.05726623535156
full_clean_z,415,hiphop__hiphop.00040,hiphop,4,-56.829376220703125,-3.7201969623565674
full_clean_z,416,hiphop__hiphop.00040,hiphop,4,-46.95503234863281,-7.661776542663574
full_clean_z,417,hiphop__hiphop.00040,hiphop,4,-46.39015197753906,-7.621801376342773
full_clean_z,418,hiphop__hiphop.00040,hiphop,4,-29.376617431640625,-28.205387115478516
full_clean_z,419,hiphop__hiphop.00040,hiphop,4,-56.4425163269043,-1.8299391269683838
full_clean_z,420,hiphop__hiphop.00040,hiphop,4,-56.5712776184082,1.2747262716293335
full_clean_z,421,hiphop__hiphop.00040,hiphop,4,-47.03044128417969,-7.523005485534668
full_clean_z,422,hiphop__hiphop.00042,hiphop,4,-57.256229400634766,-2.5270698070526123
full_clean_z,423,hiphop__hiphop.00042,hiphop,4,-28.332286834716797,6.224623680114746
full_clean_z,424,hiphop__hiphop.00042,hiphop,4,-50.076080322265625,-12.266915321350098
full_clean_z,425,hiphop__hiphop.00042,hiphop,4,-28.183109283447266,6.075618743896484
full_clean_z,426,hiphop__hiphop.00042,hiphop,4,-41.38467025756836,-29.860607147216797
full_clean_z,427,hiphop__hiphop.00042,hiphop,4,-26.174882888793945,6.660680294036865
full_clean_z,428,hiphop__hiphop.00042,hiphop,4,-41.09280776977539,-30.278274536132812
full_clean_z,429,hiphop__hiphop.00042,hiphop,4,-41.11249923706055,-30.279895782470703
full_clean_z,430,hiphop__hiphop.00044,hiphop,4,-27.766923904418945,6.191294193267822
full_clean_z,431,hiphop__hiphop.00044,hiphop,4,-8.39486026763916,17.997880935668945
full_clean_z,432,hiphop__hiphop.00044,hiphop,4,-6.770787239074707,18.79452133178711
full_clean_z,433,hiphop__hiphop.00044,hiphop,4,17.85728645324707,26.911296844482422
full_clean_z,434,hiphop__hiphop.00044,hiphop,4,10.94345760345459,4.6208672523498535
full_clean_z,435,hiphop__hiphop.00044,hiphop,4,3.6885275840759277,38.17532730102539
full_clean_z,436,hiphop__hiphop.00044,hiphop,4,-31.527976989746094,-25.69093894958496
full_clean_z,437,hiphop__hiphop.00053,hiphop,4,-20.74669075012207,-1.7401376962661743
full_clean_z,438,hiphop__hiphop.00053,hiphop,4,-20.538928985595703,-1.9750679731369019
full_clean_z,439,hiphop__hiphop.00053,hiphop,4,-20.583885192871094,-1.8771852254867554
full_clean_z,440,hiphop__hiphop.00053,hiphop,4,-16.976301193237305,-2.5057384967803955
full_clean_z,441,hiphop__hiphop.00053,hiphop,4,-20.751155853271484,-10.304398536682129
full_clean_z,442,hiphop__hiphop.00053,hiphop,4,-30.22926902770996,-38.24201965332031
full_clean_z,443,hiphop__hiphop.00053,hiphop,4,-21.123859405517578,-30.500629425048828
full_clean_z,444,hiphop__hiphop.00053,hiphop,4,-21.060874938964844,-30.61481475830078
full_clean_z,445,hiphop__hiphop.00053,hiphop,4,-19.300804138183594,4.673635482788086
full_clean_z,446,hiphop__hiphop.00076,hiphop,4,-34.43818283081055,-37.41172790527344
full_clean_z,447,hiphop__hiphop.00076,hiphop,4,-35.608036041259766,-37.1447868347168
full_clean_z,448,hiphop__hiphop.00076,hiphop,4,-35.26144027709961,-37.39116287231445
full_clean_z,449,hiphop__hiphop.00076,hiphop,4,-35.621578216552734,-37.648109436035156
full_clean_z,450,hiphop__hiphop.00076,hiphop,4,-35.58213806152344,-37.230682373046875
full_clean_z,451,hiphop__hiphop.00076,hiphop,4,-38.18238067626953,-36.401695251464844
full_clean_z,452,hiphop__hiphop.00079,hiphop,4,-53.30888366699219,-5.748688220977783
full_clean_z,453,hiphop__hiphop.00079,hiphop,4,-51.01127243041992,-8.14582347869873
full_clean_z,454,hiphop__hiphop.00079,hiphop,4,-46.009822845458984,7.291622638702393
full_clean_z,455,hiphop__hiphop.00079,hiphop,4,-38.087162017822266,-36.443153381347656
full_clean_z,456,hiphop__hiphop.00079,hiphop,4,-50.090614318847656,-11.702635765075684
full_clean_z,457,hiphop__hiphop.00079,hiphop,4,-53.79792785644531,-7.619235515594482
full_clean_z,458,hiphop__hiphop.00079,hiphop,4,-53.26716232299805,-5.679672718048096
full_clean_z,459,hiphop__hiphop.00079,hiphop,4,-59.62028121948242,-1.0980840921401978
full_clean_z,460,hiphop__hiphop.00082,hiphop,4,-34.511417388916016,-39.34503936767578
full_clean_z,461,hiphop__hiphop.00082,hiphop,4,-34.69748306274414,-38.996028900146484
full_clean_z,462,hiphop__hiphop.00082,hiphop,4,-34.382328033447266,-39.3358154296875
full_clean_z,463,hiphop__hiphop.00082,hiphop,4,-34.50668716430664,-39.940853118896484
full_clean_z,464,hiphop__hiphop.00082,hiphop,4,-34.394325256347656,-40.62495803833008
full_clean_z,465,hiphop__hiphop.00082,hiphop,4,-34.51424789428711,-40.17180252075195
full_clean_z,466,hiphop__hiphop.00087,hiphop,4,-32.112606048583984,-37.582183837890625
full_clean_z,467,hiphop__hiphop.00087,hiphop,4,-31.789405822753906,-37.5707893371582
full_clean_z,468,hiphop__hiphop.00087,hiphop,4,-30.885591506958008,-37.55810546875
full_clean_z,469,hiphop__hiphop.00087,hiphop,4,-30.41061019897461,-37.84919738769531
full_clean_z,470,hiphop__hiphop.00087,hiphop,4,-31.06739616394043,-37.63200378417969
full_clean_z,471,hiphop__hiphop.00087,hiphop,4,-30.84845733642578,-37.70597839355469
full_clean_z,472,hiphop__hiphop.00087,hiphop,4,-30.95548439025879,-37.63153839111328
full_clean_z,473,hiphop__hiphop.00089,hiphop,4,-21.768587112426758,-28.04084014892578
full_clean_z,474,hiphop__hiphop.00089,hiphop,4,-22.63888931274414,-29.52124786376953
full_clean_z,475,hiphop__hiphop.00089,hiphop,4,-30.44308853149414,-36.17832565307617
full_clean_z,476,hiphop__hiphop.00089,hiphop,4,-23.144466400146484,-29.802114486694336
full_clean_z,477,hiphop__hiphop.00089,hiphop,4,-23.929834365844727,-30.423053741455078
full_clean_z,478,hiphop__hiphop.00093,hiphop,4,-26.775012969970703,-33.3627815246582
full_clean_z,479,hiphop__hiphop.00093,hiphop,4,-8.653594017028809,-33.9625244140625
full_clean_z,480,hiphop__hiphop.00093,hiphop,4,-8.654617309570312,-34.011131286621094
full_clean_z,481,hiphop__hiphop.00093,hiphop,4,3.7385611534118652,-13.671880722045898
full_clean_z,482,hiphop__hiphop.00093,hiphop,4,-29.572046279907227,-23.350557327270508
full_clean_z,483,hiphop__hiphop.00093,hiphop,4,-29.850126266479492,-23.9088077545166
full_clean_z,484,hiphop__hiphop.00093,hiphop,4,-4.523232460021973,-11.67363452911377
full_clean_z,485,hiphop__hiphop.00093,hiphop,4,-8.427237510681152,-33.843894958496094
full_clean_z,486,hiphop__hiphop.00093,hiphop,4,-4.486799716949463,-11.41551685333252
full_clean_z,487,hiphop__hiphop.00094,hiphop,4,-40.9814338684082,-34.500526428222656
full_clean_z,488,hiphop__hiphop.00094,hiphop,4,-40.928619384765625,-34.189483642578125
full_clean_z,489,hiphop__hiphop.00094,hiphop,4,-40.94910430908203,-34.069740295410156
full_clean_z,490,hiphop__hiphop.00094,hiphop,4,-40.920433044433594,-34.474430084228516
full_clean_z,491,hiphop__hiphop.00094,hiphop,4,-40.99287033081055,-34.0633544921875
full_clean_z,492,hiphop__hiphop.00098,hiphop,4,-33.13307571411133,-37.55215835571289
full_clean_z,493,hiphop__hiphop.00098,hiphop,4,-31.677886962890625,-37.682228088378906
full_clean_z,494,hiphop__hiphop.00098,hiphop,4,-32.897438049316406,-37.594573974609375
full_clean_z,495,hiphop__hiphop.00098,hiphop,4,-36.450286865234375,-36.90471649169922
full_clean_z,496,hiphop__hiphop.00098,hiphop,4,-36.02008056640625,-36.95293045043945
full_clean_z,497,hiphop__hiphop.00098,hiphop,4,-34.86956024169922,-37.52496337890625
full_clean_z,498,hiphop__hiphop.00098,hiphop,4,-35.98401641845703,-36.92331314086914
full_clean_z,499,hiphop__hiphop.00098,hiphop,4,-35.82661056518555,-37.01755142211914
full_clean_z,500,jazz__jazz.00033,jazz,5,55.08037567138672,15.180548667907715
full_clean_z,501,jazz__jazz.00033,jazz,5,54.88327407836914,15.276312828063965
full_clean_z,502,jazz__jazz.00033,jazz,5,54.93321990966797,12.213619232177734
full_clean_z,503,jazz__jazz.00033,jazz,5,55.41111755371094,12.16987133026123
full_clean_z,504,jazz__jazz.00033,jazz,5,55.24916458129883,12.22298526763916
full_clean_z,505,jazz__jazz.00033,jazz,5,55.6434211730957,14.047262191772461
full_clean_z,506,jazz__jazz.00041,jazz,5,58.25334548950195,14.862189292907715
full_clean_z,507,jazz__jazz.00041,jazz,5,58.14488983154297,14.632681846618652
full_clean_z,508,jazz__jazz.00041,jazz,5,58.23906707763672,14.832086563110352
full_clean_z,509,jazz__jazz.00041,jazz,5,58.16349411010742,14.782447814941406
full_clean_z,510,jazz__jazz.00041,jazz,5,56.95382308959961,13.980124473571777
full_clean_z,511,jazz__jazz.00041,jazz,5,56.61471939086914,13.885146141052246
full_clean_z,512,jazz__jazz.00041,jazz,5,53.76392364501953,10.488239288330078
full_clean_z,513,jazz__jazz.00041,jazz,5,53.78981018066406,10.462878227233887
full_clean_z,514,jazz__jazz.00041,jazz,5,55.679927825927734,13.030526161193848
full_clean_z,515,jazz__jazz.00041,jazz,5,53.88703918457031,10.700420379638672
full_clean_z,516,jazz__jazz.00046,jazz,5,56.683570861816406,12.035208702087402
full_clean_z,517,jazz__jazz.00046,jazz,5,56.97346496582031,12.952823638916016
full_clean_z,518,jazz__jazz.00046,jazz,5,56.36640167236328,14.642115592956543
full_clean_z,519,jazz__jazz.00046,jazz,5,57.19451141357422,12.832301139831543
full_clean_z,520,jazz__jazz.00046,jazz,5,57.89426803588867,13.603382110595703
full_clean_z,521,jazz__jazz.00046,jazz,5,56.40426254272461,7.554101943969727
full_clean_z,522,jazz__jazz.00046,jazz,5,56.20368194580078,6.544828414916992
full_clean_z,523,jazz__jazz.00046,jazz,5,56.007293701171875,6.826244831085205
full_clean_z,524,jazz__jazz.00048,jazz,5,42.530643463134766,1.0225577354431152
full_clean_z,525,jazz__jazz.00048,jazz,5,58.601219177246094,9.576520919799805
full_clean_z,526,jazz__jazz.00048,jazz,5,19.902612686157227,-3.4992635250091553
full_clean_z,527,jazz__jazz.00048,jazz,5,58.22814178466797,9.417859077453613
full_clean_z,528,jazz__jazz.00048,jazz,5,57.960689544677734,9.677507400512695
full_clean_z,529,jazz__jazz.00048,jazz,5,57.98978805541992,11.037348747253418
full_clean_z,530,jazz__jazz.00048,jazz,5,19.646541595458984,-4.991764545440674
full_clean_z,531,jazz__jazz.00048,jazz,5,42.0305061340332,0.538212776184082
full_clean_z,532,jazz__jazz.00050,jazz,5,-6.1995849609375,43.91614532470703
full_clean_z,533,jazz__jazz.00050,jazz,5,7.703465461730957,48.06962966918945
full_clean_z,534,jazz__jazz.00050,jazz,5,56.056053161621094,15.607215881347656
full_clean_z,535,jazz__jazz.00050,jazz,5,56.14878845214844,15.632866859436035
full_clean_z,536,jazz__jazz.00050,jazz,5,48.53123092651367,14.77709674835205
full_clean_z,537,jazz__jazz.00050,jazz,5,46.220787048339844,13.211786270141602
full_clean_z,538,jazz__jazz.00050,jazz,5,-10.818466186523438,-3.6062965393066406
full_clean_z,539,jazz__jazz.00050,jazz,5,-9.918081283569336,-30.90851402282715
full_clean_z,540,jazz__jazz.00050,jazz,5,-9.916899681091309,-30.916507720947266
full_clean_z,541,jazz__jazz.00059,jazz,5,56.537818908691406,13.34779167175293
full_clean_z,542,jazz__jazz.00059,jazz,5,-25.790197372436523,4.124353885650635
full_clean_z,543,jazz__jazz.00060,jazz,5,56.02891159057617,5.13888692855835
full_clean_z,544,jazz__jazz.00060,jazz,5,56.03854751586914,5.273331165313721
full_clean_z,545,jazz__jazz.00060,jazz,5,55.18093490600586,4.874882698059082
full_clean_z,546,jazz__jazz.00060,jazz,5,55.542545318603516,6.2710490226745605
full_clean_z,547,jazz__jazz.00060,jazz,5,55.9850959777832,6.614958763122559
full_clean_z,548,jazz__jazz.00060,jazz,5,55.96828079223633,6.565378189086914
full_clean_z,549,jazz__jazz.00071,jazz,5,58.33926010131836,7.246255874633789
full_clean_z,550,jazz__jazz.00071,jazz,5,57.46957778930664,8.702853202819824
full_clean_z,551,jazz__jazz.00071,jazz,5,55.94538879394531,12.463327407836914
full_clean_z,552,jazz__jazz.00071,jazz,5,56.53740692138672,12.293228149414062
full_clean_z,553,jazz__jazz.00071,jazz,5,56.994384765625,8.389564514160156
full_clean_z,554,jazz__jazz.00071,jazz,5,56.60192108154297,8.340556144714355
full_clean_z,555,jazz__jazz.00071,jazz,5,57.63039016723633,8.977022171020508
full_clean_z,556,jazz__jazz.00081,jazz,5,17.953908920288086,-5.997697830200195
full_clean_z,557,jazz__jazz.00081,jazz,5,17.82013511657715,-6.1207499504089355
full_clean_z,558,jazz__jazz.00081,jazz,5,18.03179359436035,-5.905411720275879
full_clean_z,559,jazz__jazz.00081,jazz,5,17.796770095825195,-6.090280532836914
full_clean_z,560,jazz__jazz.00081,jazz,5,4.4624834060668945,-5.125822067260742
full_clean_z,561,jazz__jazz.00081,jazz,5,50.79345703125,13.537788391113281
full_clean_z,562,jazz__jazz.00081,jazz,5,49.64098358154297,13.591056823730469
full_clean_z,563,jazz__jazz.00081,jazz,5,18.2413387298584,-5.7092156410217285
full_clean_z,564,jazz__jazz.00081,jazz,5,18.261308670043945,-5.68507719039917
full_clean_z,565,jazz__jazz.00084,jazz,5,50.1550407409668,13.928796768188477
full_clean_z,566,jazz__jazz.00084,jazz,5,57.15431594848633,9.485152244567871
full_clean_z,567,jazz__jazz.00084,jazz,5,50.20039749145508,13.887712478637695
full_clean_z,568,jazz__jazz.00084,jazz,5,49.94380569458008,14.03935718536377
full_clean_z,569,jazz__jazz.00084,jazz,5,49.68182373046875,14.484960556030273
full_clean_z,570,jazz__jazz.00084,jazz,5,55.64256286621094,8.299747467041016
full_clean_z,571,jazz__jazz.00084,jazz,5,55.45415115356445,8.689969062805176
full_clean_z,572,jazz__jazz.00084,jazz,5,54.819271087646484,8.953139305114746
full_clean_z,573,jazz__jazz.00086,jazz,5,54.7786865234375,9.113706588745117
full_clean_z,574,jazz__jazz.00086,jazz,5,57.79682540893555,11.65672779083252
full_clean_z,575,jazz__jazz.00086,jazz,5,54.24213409423828,7.963481903076172
full_clean_z,576,jazz__jazz.00086,jazz,5,55.57383346557617,9.357839584350586
full_clean_z,577,jazz__jazz.00086,jazz,5,54.89599609375,8.926390647888184
full_clean_z,578,jazz__jazz.00091,jazz,5,57.634544372558594,6.543184757232666
full_clean_z,579,jazz__jazz.00091,jazz,5,49.13954544067383,0.1891385018825531
full_clean_z,580,jazz__jazz.00092,jazz,5,52.351295471191406,0.8838058710098267
full_clean_z,581,jazz__jazz.00092,jazz,5,57.07820510864258,6.17646598815918
full_clean_z,582,jazz__jazz.00092,jazz,5,56.54112243652344,6.533016681671143
full_clean_z,583,jazz__jazz.00092,jazz,5,52.17100524902344,0.7649662494659424
full_clean_z,584,jazz__jazz.00092,jazz,5,56.877498626708984,5.5053911209106445
full_clean_z,585,jazz__jazz.00092,jazz,5,52.38145446777344,0.9058296084403992
full_clean_z,586,jazz__jazz.00092,jazz,5,51.858154296875,0.5490409135818481
full_clean_z,587,jazz__jazz.00096,jazz,5,58.551734924316406,7.099056720733643
full_clean_z,588,jazz__jazz.00096,jazz,5,58.78349685668945,8.320491790771484
full_clean_z,589,jazz__jazz.00096,jazz,5,57.79706573486328,8.962084770202637
full_clean_z,590,jazz__jazz.00096,jazz,5,54.83558654785156,11.1338529586792
full_clean_z,591,jazz__jazz.00096,jazz,5,56.12358474731445,11.199248313903809
full_clean_z,592,jazz__jazz.00096,jazz,5,56.39507293701172,11.197921752929688
full_clean_z,593,jazz__jazz.00096,jazz,5,56.58598709106445,11.374322891235352
full_clean_z,594,jazz__jazz.00096,jazz,5,55.4940185546875,12.385431289672852
full_clean_z,595,jazz__jazz.00096,jazz,5,54.10321807861328,12.287912368774414
full_clean_z,596,jazz__jazz.00096,jazz,5,54.17391586303711,12.279581069946289
full_clean_z,597,jazz__jazz.00099,jazz,5,56.78096008300781,8.147533416748047
full_clean_z,598,jazz__jazz.00099,jazz,5,55.030242919921875,13.715514183044434
full_clean_z,599,jazz__jazz.00099,jazz,5,55.45087814331055,12.59931755065918
full_clean_z,600,metal__metal.00002,metal,6,12.463360786437988,-40.93891906738281
full_clean_z,601,metal__metal.00002,metal,6,12.673460006713867,-39.103919982910156
full_clean_z,602,metal__metal.00002,metal,6,11.931426048278809,-44.52184295654297
full_clean_z,603,metal__metal.00002,metal,6,12.726799964904785,-39.742252349853516
full_clean_z,604,metal__metal.00002,metal,6,12.316617012023926,-44.71455001831055
full_clean_z,605,metal__metal.00002,metal,6,12.386590003967285,-40.99062728881836
full_clean_z,606,metal__metal.00002,metal,6,12.001663208007812,-45.757999420166016
full_clean_z,607,metal__metal.00002,metal,6,12.868842124938965,-39.74351501464844
full_clean_z,608,metal__metal.00002,metal,6,8.679258346557617,-45.87221908569336
full_clean_z,609,metal__metal.00004,metal,6,8.212088584899902,-47.84761428833008
full_clean_z,610,metal__metal.00004,metal,6,8.370916366577148,-47.80631637573242
full_clean_z,611,metal__metal.00004,metal,6,8.247664451599121,-47.28110885620117
full_clean_z,612,metal__metal.00004,metal,6,8.457945823669434,-47.2851676940918
full_clean_z,613,metal__metal.00004,metal,6,8.515235900878906,-47.311702728271484
full_clean_z,614,metal__metal.00004,metal,6,7.947729587554932,-47.65079116821289
full_clean_z,615,metal__metal.00004,metal,6,8.175797462463379,-47.61867904663086
full_clean_z,616,metal__metal.00012,metal,6,3.5223724842071533,-49.63030242919922
full_clean_z,617,metal__metal.00012,metal,6,3.5957579612731934,-49.765411376953125
full_clean_z,618,metal__metal.00012,metal,6,3.854268789291382,-49.96255874633789
full_clean_z,619,metal__metal.00012,metal,6,12.604968070983887,-42.7073974609375
full_clean_z,620,metal__metal.00012,metal,6,12.516393661499023,-43.06246566772461
full_clean_z,621,metal__metal.00012,metal,6,12.551055908203125,-42.97019577026367
full_clean_z,622,metal__metal.00012,metal,6,11.908025741577148,-46.66716384887695
full_clean_z,623,metal__metal.00012,metal,6,12.038049697875977,-46.5916862487793
full_clean_z,624,metal__metal.00022,metal,6,10.715746879577637,-36.36676788330078
full_clean_z,625,metal__metal.00022,metal,6,11.19257926940918,-36.75054931640625
full_clean_z,626,metal__metal.00022,metal,6,4.139965534210205,-17.854415893554688
full_clean_z,627,metal__metal.00022,metal,6,2.0662643909454346,-16.6422061920166
full_clean_z,628,metal__metal.00022,metal,6,3.770324468612671,-17.047500610351562
full_clean_z,629,metal__metal.00022,metal,6,-2.408590078353882,63.625858306884766
full_clean_z,630,metal__metal.00022,metal,6,3.3275740146636963,-17.260698318481445
full_clean_z,631,metal__metal.00022,metal,6,3.330129384994507,-17.263526916503906
full_clean_z,632,metal__metal.00024,metal,6,14.6700439453125,-42.25623321533203
full_clean_z,633,metal__metal.00024,metal,6,15.432129859924316,-42.37907028198242
full_clean_z,634,metal__metal.00024,metal,6,14.373144149780273,-41.456668853759766
full_clean_z,635,metal__metal.00024,metal,6,12.948912620544434,-46.130409240722656
full_clean_z,636,metal__metal.00024,metal,6,15.180018424987793,-43.02568817138672
full_clean_z,637,metal__metal.00024,metal,6,13.551743507385254,-41.75319290161133
full_clean_z,638,metal__metal.00024,metal,6,13.666802406311035,-40.926063537597656
full_clean_z,639,metal__metal.00024,metal,6,13.398504257202148,-42.47603225708008
full_clean_z,640,metal__metal.00030,metal,6,9.73418140411377,-12.51214599609375
full_clean_z,641,metal__metal.00030,metal,6,-7.442943572998047,-34.9729118347168
full_clean_z,642,metal__metal.00030,metal,6,-7.649259567260742,-35.06793975830078
full_clean_z,643,metal__metal.00030,metal,6,-6.998544216156006,-34.89198303222656
full_clean_z,644,metal__metal.00030,metal,6,-7.024049282073975,-34.85044479370117
full_clean_z,645,metal__metal.00049,metal,6,13.342486381530762,-45.30717086791992
full_clean_z,646,metal__metal.00049,metal,6,14.67380428314209,-42.52938461303711
full_clean_z,647,metal__metal.00049,metal,6,13.995444297790527,-43.84568405151367
full_clean_z,648,metal__metal.00049,metal,6,14.598421096801758,-43.25578689575195
full_clean_z,649,metal__metal.00049,metal,6,14.519742012023926,-42.93927001953125
full_clean_z,650,metal__metal.00049,metal,6,14.491790771484375,-43.01435089111328
full_clean_z,651,metal__metal.00049,metal,6,14.479942321777344,-43.46105194091797
full_clean_z,652,metal__metal.00049,metal,6,13.621855735778809,-43.99374771118164
full_clean_z,653,metal__metal.00049,metal,6,14.65576171875,-42.74247360229492
full_clean_z,654,metal__metal.00051,metal,6,5.643331527709961,-50.59779357910156
full_clean_z,655,metal__metal.00051,metal,6,8.610527038574219,-44.31595230102539
full_clean_z,656,metal__metal.00051,metal,6,13.527364730834961,-45.02534103393555
full_clean_z,657,metal__metal.00051,metal,6,13.521293640136719,-44.95747756958008
full_clean_z,658,metal__metal.00051,metal,6,14.258849143981934,-44.68647003173828
full_clean_z,659,metal__metal.00051,metal,6,14.02916431427002,-44.540802001953125
full_clean_z,660,metal__metal.00051,metal,6,14.313858032226562,-44.17087173461914
full_clean_z,661,metal__metal.00051,metal,6,14.482304573059082,-43.96558380126953
full_clean_z,662,metal__metal.00052,metal,6,13.05632495880127,-45.401344299316406
full_clean_z,663,metal__metal.00052,metal,6,13.16760540008545,-45.65774154663086
full_clean_z,664,metal__metal.00052,metal,6,6.126032829284668,-49.4426155090332
full_clean_z,665,metal__metal.00052,metal,6,6.162650108337402,-49.579925537109375
full_clean_z,666,metal__metal.00052,metal,6,6.082940101623535,-49.64272689819336
full_clean_z,667,metal__metal.00056,metal,6,12.16758918762207,-45.05657196044922
full_clean_z,668,metal__metal.00056,metal,6,12.225797653198242,-44.552879333496094
full_clean_z,669,metal__metal.00056,metal,6,13.81193733215332,-43.30649948120117
full_clean_z,670,metal__metal.00056,metal,6,11.485261917114258,-43.690940856933594
full_clean_z,671,metal__metal.00056,metal,6,14.356781959533691,-41.95894241333008
full_clean_z,672,metal__metal.00056,metal,6,14.212276458740234,-42.025367736816406
full_clean_z,673,metal__metal.00069,metal,6,9.09354019165039,-33.175392150878906
full_clean_z,674,metal__metal.00069,metal,6,12.337249755859375,-38.43329620361328
full_clean_z,675,metal__metal.00069,metal,6,-14.834794044494629,10.13961124420166
full_clean_z,676,metal__metal.00069,metal,6,-24.057579040527344,23.354900360107422
full_clean_z,677,metal__metal.00069,metal,6,-7.168197154998779,-34.78379440307617
full_clean_z,678,metal__metal.00069,metal,6,11.162805557250977,-40.37620544433594
full_clean_z,679,metal__metal.00069,metal,6,9.042414665222168,-15.096957206726074
full_clean_z,680,metal__metal.00091,metal,6,12.442620277404785,-11.64381217956543
full_clean_z,681,metal__metal.00091,metal,6,12.233832359313965,-11.8007173538208
full_clean_z,682,metal__metal.00091,metal,6,2.13424015045166,42.242427825927734
full_clean_z,683,metal__metal.00091,metal,6,4.476406574249268,-0.6158657073974609
full_clean_z,684,metal__metal.00091,metal,6,6.855196952819824,-0.9345986843109131
full_clean_z,685,metal__metal.00091,metal,6,4.942957401275635,0.43085208535194397
full_clean_z,686,metal__metal.00092,metal,6,-20.08359718322754,-25.56863021850586
full_clean_z,687,metal__metal.00092,metal,6,-6.674759864807129,-29.589385986328125
full_clean_z,688,metal__metal.00092,metal,6,1.776924729347229,-10.872447967529297
full_clean_z,689,metal__metal.00092,metal,6,9.124481201171875,-33.068965911865234
full_clean_z,690,metal__metal.00092,metal,6,10.492325782775879,-39.6579704284668
full_clean_z,691,metal__metal.00092,metal,6,8.871728897094727,-46.429603576660156
full_clean_z,692,metal__metal.00096,metal,6,9.454948425292969,-48.7112922668457
full_clean_z,693,metal__metal.00096,metal,6,5.414808750152588,-48.82960510253906
full_clean_z,694,metal__metal.00097,metal,6,2.5150976181030273,41.868873596191406
full_clean_z,695,metal__metal.00097,metal,6,2.5215814113616943,41.87376022338867
full_clean_z,696,metal__metal.00097,metal,6,9.379703521728516,-47.70564270019531
full_clean_z,697,metal__metal.00097,metal,6,9.281807899475098,-48.17230224609375
full_clean_z,698,metal__metal.00097,metal,6,9.480070114135742,-47.74409103393555
full_clean_z,699,metal__metal.00097,metal,6,9.679895401000977,-47.81925964355469
full_clean_z,700,pop__pop.00003,pop,7,-59.184261322021484,0.6277735233306885
full_clean_z,701,pop__pop.00003,pop,7,-41.1849479675293,10.067888259887695
full_clean_z,702,pop__pop.00003,pop,7,-38.79159164428711,10.617243766784668
full_clean_z,703,pop__pop.00003,pop,7,-29.669998168945312,9.909385681152344
full_clean_z,704,pop__pop.00003,pop,7,-49.5981330871582,8.460474967956543
full_clean_z,705,pop__pop.00003,pop,7,-49.723201751708984,8.642229080200195
full_clean_z,706,pop__pop.00003,pop,7,-21.510133743286133,-4.554659366607666
full_clean_z,707,pop__pop.00007,pop,7,-2.8480937480926514,17.046079635620117
full_clean_z,708,pop__pop.00007,pop,7,-2.922067165374756,17.049461364746094
full_clean_z,709,pop__pop.00007,pop,7,-50.368560791015625,9.37364673614502
full_clean_z,710,pop__pop.00007,pop,7,5.287391185760498,-6.137619495391846
full_clean_z,711,pop__pop.00007,pop,7,5.757711887359619,-6.592950344085693
full_clean_z,712,pop__pop.00007,pop,7,21.958675384521484,22.36443519592285
full_clean_z,713,pop__pop.00007,pop,7,18.432010650634766,20.58987045288086
full_clean_z,714,pop__pop.00007,pop,7,17.6917781829834,19.55132293701172
full_clean_z,715,pop__pop.00015,pop,7,-60.127506256103516,-0.9573625326156616
full_clean_z,716,pop__pop.00015,pop,7,-60.1989631652832,-0.7284647822380066
full_clean_z,717,pop__pop.00015,pop,7,-60.173683166503906,0.07270263880491257
full_clean_z,718,pop__pop.00015,pop,7,-58.816932678222656,1.5064278841018677
full_clean_z,719,pop__pop.00015,pop,7,-60.11311721801758,0.3436778783798218
full_clean_z,720,pop__pop.00015,pop,7,-59.83650207519531,1.4203310012817383
full_clean_z,721,pop__pop.00021,pop,7,-60.14958572387695,-0.02170766331255436
full_clean_z,722,pop__pop.00021,pop,7,-60.29802322387695,0.2500089704990387
full_clean_z,723,pop__pop.00021,pop,7,-60.84626770019531,0.97723388671875
full_clean_z,724,pop__pop.00021,pop,7,-62.593505859375,1.3431991338729858
full_clean_z,725,pop__pop.00021,pop,7,-62.28825759887695,1.4277414083480835
full_clean_z,726,pop__pop.00021,pop,7,-59.035430908203125,1.6571449041366577
full_clean_z,727,pop__pop.00021,pop,7,-60.6209831237793,1.3743703365325928
full_clean_z,728,pop__pop.00021,pop,7,-60.57594680786133,1.0363118648529053
full_clean_z,729,pop__pop.00028,pop,7,-55.03313446044922,-1.8185317516326904
full_clean_z,730,pop__pop.00028,pop,7,-56.3010139465332,0.6059557199478149
full_clean_z,731,pop__pop.00028,pop,7,-55.04414367675781,-1.8143603801727295
full_clean_z,732,pop__pop.00028,pop,7,-56.23640441894531,0.4407995939254761
full_clean_z,733,pop__pop.00028,pop,7,-57.12215042114258,1.1003304719924927
full_clean_z,734,pop__pop.00028,pop,7,-56.70439529418945,0.9319775104522705
full_clean_z,735,pop__pop.00029,pop,7,-42.04306411743164,9.472492218017578
full_clean_z,736,pop__pop.00029,pop,7,-56.4334716796875,4.501002788543701
full_clean_z,737,pop__pop.00029,pop,7,-29.085655212402344,16.0
full_clean_z,738,pop__pop.00029,pop,7,-41.96908950805664,9.47647476196289
full_clean_z,739,pop__pop.00029,pop,7,-55.567874908447266,5.54995584487915
full_clean_z,740,pop__pop.00029,pop,7,-55.96619415283203,2.537797451019287
full_clean_z,741,pop__pop.00029,pop,7,-56.11176300048828,5.018344402313232
full_clean_z,742,pop__pop.00029,pop,7,-55.996829986572266,5.115834712982178
full_clean_z,743,pop__pop.00033,pop,7,-51.688716888427734,-1.5814802646636963
full_clean_z,744,pop__pop.00033,pop,7,-59.701026916503906,-2.033900737762451
full_clean_z,745,pop__pop.00033,pop,7,-30.2989559173584,-24.257137298583984
full_clean_z,746,pop__pop.00033,pop,7,-47.303157806396484,-10.50633716583252
full_clean_z,747,pop__pop.00033,pop,7,-46.966941833496094,-10.551309585571289
full_clean_z,748,pop__pop.00033,pop,7,-32.845951080322266,-35.76183319091797
full_clean_z,749,pop__pop.00033,pop,7,-51.241615295410156,-9.116692543029785
full_clean_z,750,pop__pop.00033,pop,7,-51.24185562133789,-9.116920471191406
full_clean_z,751,pop__pop.00034,pop,7,-58.635826110839844,-2.382469892501831
full_clean_z,752,pop__pop.00034,pop,7,-57.489749908447266,1.2381772994995117
full_clean_z,753,pop__pop.00034,pop,7,-58.29120635986328,0.769802451133728
full_clean_z,754,pop__pop.00034,pop,7,-57.20797348022461,-2.546140193939209
full_clean_z,755,pop__pop.00034,pop,7,-55.82464599609375,1.2532689571380615
full_clean_z,756,pop__pop.00034,pop,7,-58.94459915161133,1.433640956878662
full_clean_z,757,pop__pop.00034,pop,7,-58.883514404296875,1.1669185161590576
full_clean_z,758,pop__pop.00035,pop,7,-59.87273025512695,1.444785714149475
full_clean_z,759,pop__pop.00035,pop,7,-59.48999786376953,1.4796926975250244
full_clean_z,760,pop__pop.00035,pop,7,-58.868614196777344,2.963761568069458
full_clean_z,761,pop__pop.00035,pop,7,-61.24044418334961,2.4977898597717285
full_clean_z,762,pop__pop.00035,pop,7,-61.24122619628906,2.4983713626861572
full_clean_z,763,pop__pop.00038,pop,7,-38.799530029296875,-35.83908462524414
full_clean_z,764,pop__pop.00038,pop,7,-58.36512756347656,0.7643524408340454
full_clean_z,765,pop__pop.00038,pop,7,-59.54515075683594,-0.3514392375946045
full_clean_z,766,pop__pop.00038,pop,7,-59.553855895996094,-1.5429803133010864
full_clean_z,767,pop__pop.00039,pop,7,-58.65848159790039,2.468412399291992
full_clean_z,768,pop__pop.00039,pop,7,-57.58076477050781,2.6535613536834717
full_clean_z,769,pop__pop.00039,pop,7,-57.90317153930664,2.8441014289855957
full_clean_z,770,pop__pop.00039,pop,7,-58.1334342956543,3.3187954425811768
full_clean_z,771,pop__pop.00039,pop,7,-59.50432586669922,3.4121572971343994
full_clean_z,772,pop__pop.00039,pop,7,-58.34458541870117,3.246617317199707
full_clean_z,773,pop__pop.00039,pop,7,-58.47068786621094,3.474543809890747
full_clean_z,774,pop__pop.00039,pop,7,-59.52851486206055,3.313877820968628
full_clean_z,775,pop__pop.00045,pop,7,-40.49266815185547,-30.962451934814453
full_clean_z,776,pop__pop.00045,pop,7,-53.446624755859375,-7.613116264343262
full_clean_z,777,pop__pop.00045,pop,7,-40.705833435058594,8.958048820495605
full_clean_z,778,pop__pop.00045,pop,7,-29.06740951538086,15.966276168823242
full_clean_z,779,pop__pop.00045,pop,7,-57.09579849243164,1.8761709928512573
full_clean_z,780,pop__pop.00049,pop,7,-39.19742202758789,10.371896743774414
full_clean_z,781,pop__pop.00049,pop,7,-45.94484329223633,7.3757710456848145
full_clean_z,782,pop__pop.00049,pop,7,-58.83960723876953,-3.5093765258789062
full_clean_z,783,pop__pop.00049,pop,7,-56.519046783447266,3.8489904403686523
full_clean_z,784,pop__pop.00049,pop,7,-57.686275482177734,-0.3117600083351135
full_clean_z,785,pop__pop.00049,pop,7,-57.555076599121094,-0.6878807544708252
full_clean_z,786,pop__pop.00049,pop,7,-57.554927825927734,-0.6866320371627808
full_clean_z,787,pop__pop.00079,pop,7,-5.636253356933594,41.522037506103516
full_clean_z,788,pop__pop.00079,pop,7,8.974892616271973,51.56311798095703
full_clean_z,789,pop__pop.00079,pop,7,-7.883363723754883,10.719837188720703
full_clean_z,790,pop__pop.00079,pop,7,10.797616004943848,1.5196012258529663
full_clean_z,791,pop__pop.00081,pop,7,-1.727482557296753,21.580562591552734
full_clean_z,792,pop__pop.00081,pop,7,-6.433012008666992,19.151586532592773
full_clean_z,793,pop__pop.00081,pop,7,-26.442533493041992,27.101533889770508
full_clean_z,794,pop__pop.00081,pop,7,-26.380950927734375,26.92390251159668
full_clean_z,795,pop__pop.00081,pop,7,-5.880146026611328,10.547110557556152
full_clean_z,796,pop__pop.00081,pop,7,-6.29246187210083,18.883338928222656
full_clean_z,797,pop__pop.00081,pop,7,-6.468395709991455,19.030000686645508
full_clean_z,798,pop__pop.00081,pop,7,-6.112704277038574,19.45522117614746
full_clean_z,799,pop__pop.00081,pop,7,-37.59249496459961,11.711715698242188
full_clean_z,800,reggae__reggae.00029,reggae,8,-29.276357650756836,25.98887825012207
full_clean_z,801,reggae__reggae.00029,reggae,8,-28.22591781616211,25.26929473876953
full_clean_z,802,reggae__reggae.00029,reggae,8,-28.24189567565918,25.313159942626953
full_clean_z,803,reggae__reggae.00029,reggae,8,-28.382522583007812,24.80824851989746
full_clean_z,804,reggae__reggae.00029,reggae,8,-28.935033798217773,26.167770385742188
full_clean_z,805,reggae__reggae.00029,reggae,8,-28.45734214782715,23.91585922241211
full_clean_z,806,reggae__reggae.00029,reggae,8,-28.7908992767334,25.561904907226562
full_clean_z,807,reggae__reggae.00029,reggae,8,-24.611421585083008,23.555871963500977
full_clean_z,808,reggae__reggae.00029,reggae,8,-24.67415428161621,28.53713607788086
full_clean_z,809,reggae__reggae.00029,reggae,8,-24.70787239074707,28.523237228393555
full_clean_z,810,reggae__reggae.00034,reggae,8,-30.93182945251465,28.616058349609375
full_clean_z,811,reggae__reggae.00034,reggae,8,-31.12771987915039,28.135421752929688
full_clean_z,812,reggae__reggae.00034,reggae,8,-31.31134033203125,28.31806182861328
full_clean_z,813,reggae__reggae.00034,reggae,8,-31.216577529907227,28.23951530456543
full_clean_z,814,reggae__reggae.00034,reggae,8,-30.759050369262695,27.860092163085938
full_clean_z,815,reggae__reggae.00034,reggae,8,-30.48973274230957,28.897371292114258
full_clean_z,816,reggae__reggae.00034,reggae,8,-30.662874221801758,26.857152938842773
full_clean_z,817,reggae__reggae.00034,reggae,8,-31.21272087097168,28.39795684814453
full_clean_z,818,reggae__reggae.00035,reggae,8,-29.897531509399414,26.53900909423828
full_clean_z,819,reggae__reggae.00035,reggae,8,-29.907665252685547,26.779714584350586
full_clean_z,820,reggae__reggae.00035,reggae,8,-29.695119857788086,26.265296936035156
full_clean_z,821,reggae__reggae.00035,reggae,8,-29.579763412475586,26.575246810913086
full_clean_z,822,reggae__reggae.00035,reggae,8,-29.819475173950195,25.93125343322754
full_clean_z,823,reggae__reggae.00035,reggae,8,-29.707660675048828,26.986225128173828
full_clean_z,824,reggae__reggae.00035,reggae,8,-29.714256286621094,26.49114990234375
full_clean_z,825,reggae__reggae.00040,reggae,8,8.25054931640625,-1.947580337524414
full_clean_z,826,reggae__reggae.00040,reggae,8,11.14763069152832,-10.21180248260498
full_clean_z,827,reggae__reggae.00040,reggae,8,10.638223648071289,-14.019704818725586
full_clean_z,828,reggae__reggae.00040,reggae,8,10.95418930053711,-10.57198429107666
full_clean_z,829,reggae__reggae.00040,reggae,8,10.710296630859375,-13.880389213562012
full_clean_z,830,reggae__reggae.00040,reggae,8,11.103227615356445,-12.341592788696289
full_clean_z,831,reggae__reggae.00040,reggae,8,11.739422798156738,5.017808437347412
full_clean_z,832,reggae__reggae.00040,reggae,8,-23.436370849609375,27.603235244750977
full_clean_z,833,reggae__reggae.00047,reggae,8,-27.434446334838867,25.54604721069336
full_clean_z,834,reggae__reggae.00047,reggae,8,-28.943967819213867,30.41469955444336
full_clean_z,835,reggae__reggae.00047,reggae,8,-31.41216468811035,25.721630096435547
full_clean_z,836,reggae__reggae.00047,reggae,8,-29.30551528930664,29.23674201965332
full_clean_z,837,reggae__reggae.00047,reggae,8,-31.23443031311035,25.840736389160156
full_clean_z,838,reggae__reggae.00049,reggae,8,-19.85713005065918,23.23666000366211
full_clean_z,839,reggae__reggae.00049,reggae,8,-19.91514778137207,23.395549774169922
full_clean_z,840,reggae__reggae.00049,reggae,8,-19.770275115966797,23.094907760620117
full_clean_z,841,reggae__reggae.00049,reggae,8,-11.253427505493164,-3.327221155166626
full_clean_z,842,reggae__reggae.00049,reggae,8,-8.754471778869629,9.16896915435791
full_clean_z,843,reggae__reggae.00049,reggae,8,-14.330466270446777,-17.239477157592773
full_clean_z,844,reggae__reggae.00049,reggae,8,-14.332206726074219,-17.240537643432617
full_clean_z,845,reggae__reggae.00062,reggae,8,-29.24883460998535,27.884647369384766
full_clean_z,846,reggae__reggae.00062,reggae,8,-29.07400894165039,27.601131439208984
full_clean_z,847,reggae__reggae.00062,reggae,8,-28.431243896484375,27.747255325317383
full_clean_z,848,reggae__reggae.00062,reggae,8,-28.548307418823242,27.18435287475586
full_clean_z,849,reggae__reggae.00062,reggae,8,-29.734357833862305,26.812021255493164
full_clean_z,850,reggae__reggae.00062,reggae,8,-29.218643188476562,27.27277183532715
full_clean_z,851,reggae__reggae.00062,reggae,8,-29.297462463378906,27.008399963378906
full_clean_z,852,reggae__reggae.00062,reggae,8,-29.24860954284668,27.447641372680664
full_clean_z,853,reggae__reggae.00062,reggae,8,-29.152204513549805,27.664648056030273
full_clean_z,854,reggae__reggae.00064,reggae,8,-27.06358528137207,25.005685806274414
full_clean_z,855,reggae__reggae.00064,reggae,8,-25.03468894958496,25.327396392822266
full_clean_z,856,reggae__reggae.00064,reggae,8,-25.028545379638672,25.258073806762695
full_clean_z,857,reggae__reggae.00064,reggae,8,-25.084453582763672,25.330097198486328
full_clean_z,858,reggae__reggae.00064,reggae,8,-41.500099182128906,9.957383155822754
full_clean_z,859,reggae__reggae.00064,reggae,8,-41.50117111206055,9.957249641418457
full_clean_z,860,reggae__reggae.00065,reggae,8,-41.665897369384766,-31.87179946899414
full_clean_z,861,reggae__reggae.00065,reggae,8,-29.147708892822266,7.323441505432129
full_clean_z,862,reggae__reggae.00065,reggae,8,-21.770872116088867,-26.19695281982422
full_clean_z,863,reggae__reggae.00065,reggae,8,-18.292186737060547,7.252379417419434
full_clean_z,864,reggae__reggae.00065,reggae,8,-20.219995498657227,-3.488750457763672
full_clean_z,865,reggae__reggae.00065,reggae,8,-28.962291717529297,7.06118631362915
full_clean_z,866,reggae__reggae.00065,reggae,8,-28.694921493530273,6.730843544006348
full_clean_z,867,reggae__reggae.00065,reggae,8,-28.695783615112305,6.722388744354248
full_clean_z,868,reggae__reggae.00071,reggae,8,-27.881206512451172,29.483585357666016
full_clean_z,869,reggae__reggae.00071,reggae,8,-26.298843383789062,25.306488037109375
full_clean_z,870,reggae__reggae.00071,reggae,8,-26.47754669189453,24.988868713378906
full_clean_z,871,reggae__reggae.00071,reggae,8,-26.477020263671875,24.986438751220703
full_clean_z,872,reggae__reggae.00076,reggae,8,-38.701324462890625,-36.47400665283203
full_clean_z,873,reggae__reggae.00076,reggae,8,-41.54270935058594,-31.938627243041992
full_clean_z,874,reggae__reggae.00076,reggae,8,-29.452611923217773,6.2010817527771
full_clean_z,875,reggae__reggae.00076,reggae,8,-52.04151153564453,-7.222278594970703
full_clean_z,876,reggae__reggae.00076,reggae,8,-51.90937423706055,-7.446053504943848
full_clean_z,877,reggae__reggae.00090,reggae,8,-28.57198143005371,23.508712768554688
full_clean_z,878,reggae__reggae.00090,reggae,8,-28.521289825439453,23.679336547851562
full_clean_z,879,reggae__reggae.00090,reggae,8,-29.173999786376953,22.825368881225586
full_clean_z,880,reggae__reggae.00090,reggae,8,-29.14784812927246,22.866655349731445
full_clean_z,881,reggae__reggae.00090,reggae,8,-28.72144889831543,23.349668502807617
full_clean_z,882,reggae__reggae.00090,reggae,8,-28.44187355041504,23.79957389831543
full_clean_z,883,reggae__reggae.00090,reggae,8,-28.533893585205078,23.689964294433594
full_clean_z,884,reggae__reggae.00091,reggae,8,-28.605554580688477,30.3012638092041
full_clean_z,885,reggae__reggae.00091,reggae,8,-26.963199615478516,30.81371307373047
full_clean_z,886,reggae__reggae.00091,reggae,8,-26.665002822875977,30.53299903869629
full_clean_z,887,reggae__reggae.00091,reggae,8,-26.048856735229492,30.542724609375
full_clean_z,888,reggae__reggae.00091,reggae,8,-26.34246826171875,31.04435920715332
full_clean_z,889,reggae__reggae.00092,reggae,8,-27.769716262817383,28.674514770507812
full_clean_z,890,reggae__reggae.00092,reggae,8,-27.9765567779541,28.525907516479492
full_clean_z,891,reggae__reggae.00092,reggae,8,-27.782651901245117,28.950092315673828
full_clean_z,892,reggae__reggae.00092,reggae,8,-27.739206314086914,30.499210357666016
full_clean_z,893,reggae__reggae.00092,reggae,8,-28.019855499267578,28.996179580688477
full_clean_z,894,reggae__reggae.00092,reggae,8,-26.278249740600586,29.5532169342041
full_clean_z,895,reggae__reggae.00092,reggae,8,-28.401506423950195,29.291282653808594
full_clean_z,896,reggae__reggae.00092,reggae,8,-29.064590454101562,29.5694522857666
full_clean_z,897,reggae__reggae.00092,reggae,8,-26.180908203125,29.3399658203125
full_clean_z,898,reggae__reggae.00092,reggae,8,-28.382810592651367,30.567249298095703
full_clean_z,899,reggae__reggae.00092,reggae,8,-28.4483699798584,30.499935150146484
full_clean_z,900,rock__rock.00000,rock,9,8.539856910705566,-44.210201263427734
full_clean_z,901,rock__rock.00000,rock,9,8.885912895202637,-44.18355178833008
full_clean_z,902,rock__rock.00000,rock,9,4.19337797164917,-17.28855323791504
full_clean_z,903,rock__rock.00000,rock,9,-5.298569202423096,12.509071350097656
full_clean_z,904,rock__rock.00000,rock,9,7.8834614753723145,0.38877686858177185
full_clean_z,905,rock__rock.00000,rock,9,11.30488395690918,-7.355648040771484
full_clean_z,906,rock__rock.00000,rock,9,8.223532676696777,-4.558439254760742
full_clean_z,907,rock__rock.00000,rock,9,13.58037281036377,-7.993772029876709
full_clean_z,908,rock__rock.00000,rock,9,13.575349807739258,-7.991689682006836
full_clean_z,909,rock__rock.00003,rock,9,5.636107921600342,42.93452835083008
full_clean_z,910,rock__rock.00003,rock,9,3.425001382827759,33.42521286010742
full_clean_z,911,rock__rock.00003,rock,9,3.326572895050049,33.66139221191406
full_clean_z,912,rock__rock.00003,rock,9,3.650223970413208,33.64091873168945
full_clean_z,913,rock__rock.00003,rock,9,5.615224361419678,42.88048553466797
full_clean_z,914,rock__rock.00003,rock,9,8.224760055541992,-4.575461387634277
full_clean_z,915,rock__rock.00008,rock,9,16.341033935546875,-42.12152099609375
full_clean_z,916,rock__rock.00008,rock,9,16.54277992248535,-41.79353713989258
full_clean_z,917,rock__rock.00008,rock,9,16.453134536743164,-41.96400833129883
full_clean_z,918,rock__rock.00008,rock,9,16.49579620361328,-41.792503356933594
full_clean_z,919,rock__rock.00008,rock,9,16.437904357910156,-43.422122955322266
full_clean_z,920,rock__rock.00008,rock,9,10.263938903808594,-11.797432899475098
full_clean_z,921,rock__rock.00008,rock,9,9.556480407714844,-34.958641052246094
full_clean_z,922,rock__rock.00032,rock,9,6.077648639678955,-4.703009605407715
full_clean_z,923,rock__rock.00032,rock,9,8.783821105957031,-18.23192024230957
full_clean_z,924,rock__rock.00034,rock,9,21.860240936279297,23.659122467041016
full_clean_z,925,rock__rock.00034,rock,9,12.595535278320312,14.122485160827637
full_clean_z,926,rock__rock.00034,rock,9,12.325072288513184,13.920303344726562
full_clean_z,927,rock__rock.00034,rock,9,22.743389129638672,23.36568832397461
full_clean_z,928,rock__rock.00034,rock,9,18.662683486938477,23.177783966064453
full_clean_z,929,rock__rock.00034,rock,9,13.378575325012207,16.531736373901367
full_clean_z,930,rock__rock.00039,rock,9,7.8469462394714355,-2.004359245300293
full_clean_z,931,rock__rock.00039,rock,9,11.232634544372559,-8.82958698272705
full_clean_z,932,rock__rock.00039,rock,9,5.706470966339111,-6.97008752822876
full_clean_z,933,rock__rock.00039,rock,9,0.40108340978622437,-4.5596137046813965
full_clean_z,934,rock__rock.00044,rock,9,15.301861763000488,18.404348373413086
full_clean_z,935,rock__rock.00044,rock,9,-7.008678436279297,-3.838629722595215
full_clean_z,936,rock__rock.00044,rock,9,-45.24482727050781,-4.403780937194824
full_clean_z,937,rock__rock.00044,rock,9,-13.837106704711914,-21.042016983032227
full_clean_z,938,rock__rock.00044,rock,9,-13.681381225585938,-21.131956100463867
full_clean_z,939,rock__rock.00044,rock,9,-13.559720039367676,-21.235492706298828
full_clean_z,940,rock__rock.00044,rock,9,-13.51104736328125,-21.249664306640625
full_clean_z,941,rock__rock.00048,rock,9,13.728118896484375,-5.3907294273376465
full_clean_z,942,rock__rock.00048,rock,9,13.708281517028809,-5.408079147338867
full_clean_z,943,rock__rock.00048,rock,9,-8.07519817352295,12.316549301147461
full_clean_z,944,rock__rock.00048,rock,9,-8.850157737731934,47.762840270996094
full_clean_z,945,rock__rock.00048,rock,9,19.72909164428711,-5.171111106872559
full_clean_z,946,rock__rock.00048,rock,9,-37.912166595458984,5.494677543640137
full_clean_z,947,rock__rock.00048,rock,9,13.782997131347656,-5.361865520477295
full_clean_z,948,rock__rock.00049,rock,9,18.333332061767578,18.231830596923828
full_clean_z,949,rock__rock.00049,rock,9,18.162382125854492,18.09762191772461
full_clean_z,950,rock__rock.00049,rock,9,17.745052337646484,19.23560905456543
full_clean_z,951,rock__rock.00049,rock,9,18.782594680786133,21.440143585205078
full_clean_z,952,rock__rock.00049,rock,9,18.72162437438965,21.624746322631836
full_clean_z,953,rock__rock.00049,rock,9,14.65381145477295,28.091218948364258
full_clean_z,954,rock__rock.00049,rock,9,14.647690773010254,28.091699600219727
full_clean_z,955,rock__rock.00049,rock,9,-1.6207585334777832,17.668607711791992
full_clean_z,956,rock__rock.00049,rock,9,-46.540767669677734,-2.8539345264434814
full_clean_z,957,rock__rock.00049,rock,9,-52.08146667480469,7.83231258392334
full_clean_z,958,rock__rock.00050,rock,9,-55.98618698120117,-4.868679046630859
full_clean_z,959,rock__rock.00050,rock,9,-56.29690933227539,-3.956958532333374
full_clean_z,960,rock__rock.00050,rock,9,-56.3312873840332,-3.8187084197998047
full_clean_z,961,rock__rock.00050,rock,9,-51.040443420410156,9.122353553771973
full_clean_z,962,rock__rock.00050,rock,9,-56.18341064453125,-4.422733306884766
full_clean_z,963,rock__rock.00050,rock,9,7.485174179077148,5.640744209289551
full_clean_z,964,rock__rock.00050,rock,9,-50.946327209472656,9.118830680847168
full_clean_z,965,rock__rock.00050,rock,9,-51.19841766357422,9.171945571899414
full_clean_z,966,rock__rock.00054,rock,9,8.551848411560059,4.27609395980835
full_clean_z,967,rock__rock.00054,rock,9,4.391685962677002,-3.6561713218688965
full_clean_z,968,rock__rock.00054,rock,9,5.955364227294922,-3.77409291267395
full_clean_z,969,rock__rock.00054,rock,9,16.154613494873047,15.048551559448242
full_clean_z,970,rock__rock.00054,rock,9,16.48021125793457,15.015897750854492
full_clean_z,971,rock__rock.00054,rock,9,16.253679275512695,15.093267440795898
full_clean_z,972,rock__rock.00054,rock,9,11.580550193786621,12.950857162475586
full_clean_z,973,rock__rock.00054,rock,9,10.278946876525879,6.671830177307129
full_clean_z,974,rock__rock.00054,rock,9,10.203821182250977,8.22054672241211
full_clean_z,975,rock__rock.00054,rock,9,11.487956047058105,11.053536415100098
full_clean_z,976,rock__rock.00080,rock,9,2.000275135040283,-8.56218433380127
full_clean_z,977,rock__rock.00080,rock,9,12.239143371582031,-9.435026168823242
full_clean_z,978,rock__rock.00080,rock,9,8.236664772033691,-2.7474184036254883
full_clean_z,979,rock__rock.00080,rock,9,13.225469589233398,-10.002950668334961
full_clean_z,980,rock__rock.00080,rock,9,12.67628002166748,-10.004508018493652
full_clean_z,981,rock__rock.00085,rock,9,-9.336531639099121,-15.777026176452637
full_clean_z,982,rock__rock.00085,rock,9,-22.78386878967285,5.54719877243042
full_clean_z,983,rock__rock.00085,rock,9,12.156291007995605,-9.267120361328125
full_clean_z,984,rock__rock.00085,rock,9,9.57012939453125,-1.762645959854126
full_clean_z,985,rock__rock.00085,rock,9,-2.2957019805908203,-9.145487785339355
full_clean_z,986,rock__rock.00085,rock,9,17.320308685302734,19.867347717285156
full_clean_z,987,rock__rock.00086,rock,9,1.6528793573379517,-10.85888957977295
full_clean_z,988,rock__rock.00086,rock,9,9.710693359375,-2.71805477142334
full_clean_z,989,rock__rock.00086,rock,9,6.433801174163818,-1.2386224269866943
full_clean_z,990,rock__rock.00086,rock,9,-24.378358840942383,27.727317810058594
full_clean_z,991,rock__rock.00092,rock,9,11.42566204071045,-10.550972938537598
full_clean_z,992,rock__rock.00092,rock,9,8.55410385131836,-16.60015296936035
full_clean_z,993,rock__rock.00092,rock,9,12.526876449584961,-10.455774307250977
full_clean_z,994,rock__rock.00092,rock,9,11.962626457214355,-9.528581619262695
full_clean_z,995,rock__rock.00092,rock,9,8.919699668884277,-18.832721710205078
full_clean_z,996,rock__rock.00092,rock,9,11.937296867370605,-9.762002944946289
full_clean_z,997,rock__rock.00092,rock,9,12.959307670593262,-10.556313514709473
full_clean_z,998,rock__rock.00092,rock,9,11.20110034942627,-11.3436918258667
full_clean_z,999,rock__rock.00092,rock,9,11.205702781677246,-11.154253005981445
full_noisy_z_t,0,blues__blues.00000,blues,0,-3.674142837524414,41.062679290771484
full_noisy_z_t,1,blues__blues.00000,blues,0,-2.519023895263672,39.232826232910156
full_noisy_z_t,2,blues__blues.00000,blues,0,-2.3766026496887207,37.86582565307617
full_noisy_z_t,3,blues__blues.00000,blues,0,-1.7575030326843262,37.409202575683594
full_noisy_z_t,4,blues__blues.00000,blues,0,-1.0921508073806763,38.64338302612305
full_noisy_z_t,5,blues__blues.00000,blues,0,-2.5981504917144775,40.01853561401367
full_noisy_z_t,6,blues__blues.00000,blues,0,-2.0299999713897705,38.880496978759766
full_noisy_z_t,7,blues__blues.00001,blues,0,-3.606933832168579,51.13695526123047
full_noisy_z_t,8,blues__blues.00001,blues,0,-4.226132392883301,43.61099624633789
full_noisy_z_t,9,blues__blues.00001,blues,0,3.042940855026245,39.4374885559082
full_noisy_z_t,10,blues__blues.00001,blues,0,-3.2729685306549072,48.05868148803711
full_noisy_z_t,11,blues__blues.00001,blues,0,-7.092775821685791,48.55453872680664
full_noisy_z_t,12,blues__blues.00001,blues,0,-3.3011672496795654,44.323978424072266
full_noisy_z_t,13,blues__blues.00001,blues,0,-2.4705922603607178,44.85901641845703
full_noisy_z_t,14,blues__blues.00009,blues,0,1.0115591287612915,46.95268249511719
full_noisy_z_t,15,blues__blues.00009,blues,0,0.727700412273407,48.650203704833984
full_noisy_z_t,16,blues__blues.00009,blues,0,-0.02184469625353813,48.71360397338867
full_noisy_z_t,17,blues__blues.00009,blues,0,6.104106426239014,50.572349548339844
full_noisy_z_t,18,blues__blues.00009,blues,0,4.411025047302246,47.079410552978516
full_noisy_z_t,19,blues__blues.00009,blues,0,1.319799542427063,46.25117492675781
full_noisy_z_t,20,blues__blues.00009,blues,0,6.199672698974609,49.81272506713867
full_noisy_z_t,21,blues__blues.00009,blues,0,40.52114486694336,10.17447280883789
full_noisy_z_t,22,blues__blues.00009,blues,0,3.398611545562744,45.89737319946289
full_noisy_z_t,23,blues__blues.00011,blues,0,41.43872833251953,11.35797119140625
full_noisy_z_t,24,blues__blues.00011,blues,0,-4.478516578674316,44.3785514831543
full_noisy_z_t,25,blues__blues.00011,blues,0,3.3487415313720703,16.596811294555664
full_noisy_z_t,26,blues__blues.00011,blues,0,7.807075023651123,49.0523796081543
full_noisy_z_t,27,blues__blues.00011,blues,0,-5.172555923461914,45.38774490356445
full_noisy_z_t,28,blues__blues.00011,blues,0,-1.3027023077011108,43.578121185302734
full_noisy_z_t,29,blues__blues.00011,blues,0,2.956347942352295,46.78506851196289
full_noisy_z_t,30,blues__blues.00031,blues,0,-2.872314929962158,46.49130630493164
full_noisy_z_t,31,blues__blues.00031,blues,0,-0.023143954575061798,50.16023254394531
full_noisy_z_t,32,blues__blues.00031,blues,0,-1.9516096115112305,45.51424789428711
full_noisy_z_t,33,blues__blues.00031,blues,0,-1.8699102401733398,46.66642379760742
full_noisy_z_t,34,blues__blues.00034,blues,0,-1.0289216041564941,50.5416374206543
full_noisy_z_t,35,blues__blues.00034,blues,0,-6.266517162322998,45.315311431884766
full_noisy_z_t,36,blues__blues.00034,blues,0,-3.572421073913574,47.61507034301758
full_noisy_z_t,37,blues__blues.00034,blues,0,-9.571782112121582,11.98607063293457
full_noisy_z_t,38,blues__blues.00034,blues,0,-1.2644116878509521,51.920806884765625
full_noisy_z_t,39,blues__blues.00034,blues,0,-0.12139884382486343,47.627620697021484
full_noisy_z_t,40,blues__blues.00039,blues,0,-0.9607656002044678,49.674644470214844
full_noisy_z_t,41,blues__blues.00039,blues,0,2.676727294921875,47.69199752807617
full_noisy_z_t,42,blues__blues.00039,blues,0,-1.8550136089324951,49.451324462890625
full_noisy_z_t,43,blues__blues.00039,blues,0,-0.4105190634727478,49.144500732421875
full_noisy_z_t,44,blues__blues.00039,blues,0,0.76960289478302,50.195926666259766
full_noisy_z_t,45,blues__blues.00052,blues,0,-4.409482002258301,48.39552688598633
full_noisy_z_t,46,blues__blues.00052,blues,0,-2.2473745346069336,43.18924331665039
full_noisy_z_t,47,blues__blues.00052,blues,0,-6.028835296630859,49.519012451171875
full_noisy_z_t,48,blues__blues.00052,blues,0,-3.1960291862487793,49.45363998413086
full_noisy_z_t,49,blues__blues.00052,blues,0,-2.4415409564971924,47.176513671875
full_noisy_z_t,50,blues__blues.00052,blues,0,2.5460429191589355,33.55026626586914
full_noisy_z_t,51,blues__blues.00054,blues,0,-4.904766082763672,50.7593994140625
full_noisy_z_t,52,blues__blues.00054,blues,0,4.872560501098633,48.09413146972656
full_noisy_z_t,53,blues__blues.00054,blues,0,2.652994155883789,50.022796630859375
full_noisy_z_t,54,blues__blues.00054,blues,0,3.909626007080078,47.022274017333984
full_noisy_z_t,55,blues__blues.00054,blues,0,-2.5963003635406494,52.44062042236328
full_noisy_z_t,56,blues__blues.00054,blues,0,4.350381851196289,50.659751892089844
full_noisy_z_t,57,blues__blues.00057,blues,0,4.349161148071289,45.9095458984375
full_noisy_z_t,58,blues__blues.00057,blues,0,-3.215805768966675,50.14506149291992
full_noisy_z_t,59,blues__blues.00057,blues,0,-2.821411609649658,52.59702682495117
full_noisy_z_t,60,blues__blues.00057,blues,0,4.1663031578063965,47.666709899902344
full_noisy_z_t,61,blues__blues.00060,blues,0,1.4044662714004517,44.08818817138672
full_noisy_z_t,62,blues__blues.00060,blues,0,-2.1065609455108643,50.99541091918945
full_noisy_z_t,63,blues__blues.00060,blues,0,-1.9552803039550781,50.12443161010742
full_noisy_z_t,64,blues__blues.00060,blues,0,-4.327770709991455,49.63938522338867
full_noisy_z_t,65,blues__blues.00060,blues,0,2.4038119316101074,46.124725341796875
full_noisy_z_t,66,blues__blues.00060,blues,0,-0.2352854162454605,46.9163818359375
full_noisy_z_t,67,blues__blues.00060,blues,0,1.4848130941390991,49.790218353271484
full_noisy_z_t,68,blues__blues.00066,blues,0,-1.2713931798934937,41.65773391723633
full_noisy_z_t,69,blues__blues.00066,blues,0,-2.597820520401001,48.744258880615234
full_noisy_z_t,70,blues__blues.00066,blues,0,-4.774728775024414,47.17624282836914
full_noisy_z_t,71,blues__blues.00066,blues,0,-5.106204032897949,46.6630859375
full_noisy_z_t,72,blues__blues.00066,blues,0,5.723527908325195,46.185707092285156
full_noisy_z_t,73,blues__blues.00066,blues,0,-1.355041265487671,44.347877502441406
full_noisy_z_t,74,blues__blues.00066,blues,0,-3.2881019115448,41.87868881225586
full_noisy_z_t,75,blues__blues.00066,blues,0,-0.5594205260276794,45.996009826660156
full_noisy_z_t,76,blues__blues.00066,blues,0,-4.653528690338135,45.84306335449219
full_noisy_z_t,77,blues__blues.00068,blues,0,1.690178632736206,45.20661163330078
full_noisy_z_t,78,blues__blues.00068,blues,0,1.6568812131881714,48.7752685546875
full_noisy_z_t,79,blues__blues.00068,blues,0,0.4578099846839905,46.505348205566406
full_noisy_z_t,80,blues__blues.00068,blues,0,-3.764347553253174,45.27738571166992
full_noisy_z_t,81,blues__blues.00068,blues,0,1.7735896110534668,47.54131317138672
full_noisy_z_t,82,blues__blues.00068,blues,0,-0.6767126321792603,44.770843505859375
full_noisy_z_t,83,blues__blues.00068,blues,0,2.5607895851135254,48.95912170410156
full_noisy_z_t,84,blues__blues.00070,blues,0,8.359845161437988,13.90095043182373
full_noisy_z_t,85,blues__blues.00070,blues,0,-4.848519325256348,42.36976623535156
full_noisy_z_t,86,blues__blues.00070,blues,0,4.34175443649292,15.775368690490723
full_noisy_z_t,87,blues__blues.00070,blues,0,0.9334660768508911,-6.870975971221924
full_noisy_z_t,88,blues__blues.00070,blues,0,0.22700132429599762,44.11606979370117
full_noisy_z_t,89,blues__blues.00070,blues,0,9.166200637817383,0.676882266998291
full_noisy_z_t,90,blues__blues.00070,blues,0,7.413196563720703,2.3529202938079834
full_noisy_z_t,91,blues__blues.00071,blues,0,-1.2606033086776733,45.29201889038086
full_noisy_z_t,92,blues__blues.00071,blues,0,2.0315377712249756,44.616146087646484
full_noisy_z_t,93,blues__blues.00071,blues,0,0.6426845192909241,51.67251205444336
full_noisy_z_t,94,blues__blues.00071,blues,0,0.7186524868011475,47.850608825683594
full_noisy_z_t,95,blues__blues.00071,blues,0,4.022032260894775,51.870853424072266
full_noisy_z_t,96,blues__blues.00071,blues,0,2.753223419189453,44.12665939331055
full_noisy_z_t,97,blues__blues.00071,blues,0,2.939865827560425,51.06328582763672
full_noisy_z_t,98,blues__blues.00071,blues,0,4.083394527435303,49.37449645996094
full_noisy_z_t,99,blues__blues.00071,blues,0,-0.06494530290365219,51.28407669067383
full_noisy_z_t,100,classical__classical.00000,classical,1,42.473270416259766,-15.690070152282715
full_noisy_z_t,101,classical__classical.00000,classical,1,40.1187629699707,-20.734052658081055
full_noisy_z_t,102,classical__classical.00000,classical,1,38.64036178588867,-17.899150848388672
full_noisy_z_t,103,classical__classical.00000,classical,1,38.40186309814453,-24.184524536132812
full_noisy_z_t,104,classical__classical.00000,classical,1,39.88113021850586,-20.123905181884766
full_noisy_z_t,105,classical__classical.00000,classical,1,40.34181213378906,-23.181989669799805
full_noisy_z_t,106,classical__classical.00002,classical,1,39.49784469604492,-21.184581756591797
full_noisy_z_t,107,classical__classical.00002,classical,1,40.31942367553711,-24.12166976928711
full_noisy_z_t,108,classical__classical.00002,classical,1,36.788902282714844,-25.819690704345703
full_noisy_z_t,109,classical__classical.00006,classical,1,40.67003631591797,-20.893869400024414
full_noisy_z_t,110,classical__classical.00006,classical,1,37.80238342285156,-20.84000587463379
full_noisy_z_t,111,classical__classical.00006,classical,1,38.67560577392578,-16.51605224609375
full_noisy_z_t,112,classical__classical.00006,classical,1,39.5587043762207,-23.664283752441406
full_noisy_z_t,113,classical__classical.00006,classical,1,37.342559814453125,-20.03917121887207
full_noisy_z_t,114,classical__classical.00006,classical,1,37.545108795166016,-21.867061614990234
full_noisy_z_t,115,classical__classical.00006,classical,1,38.575687408447266,-19.397159576416016
full_noisy_z_t,116,classical__classical.00009,classical,1,35.804115295410156,-17.83217430114746
full_noisy_z_t,117,classical__classical.00009,classical,1,37.3451042175293,-17.562503814697266
full_noisy_z_t,118,classical__classical.00009,classical,1,39.25080490112305,-18.90534019470215
full_noisy_z_t,119,classical__classical.00009,classical,1,40.100677490234375,-17.75286293029785
full_noisy_z_t,120,classical__classical.00009,classical,1,38.37760925292969,-18.20651626586914
full_noisy_z_t,121,classical__classical.00009,classical,1,37.727394104003906,-19.419057846069336
full_noisy_z_t,122,classical__classical.00009,classical,1,41.37065124511719,-17.43305206298828
full_noisy_z_t,123,classical__classical.00022,classical,1,36.371334075927734,-21.47022819519043
full_noisy_z_t,124,classical__classical.00022,classical,1,38.5145378112793,-22.860916137695312
full_noisy_z_t,125,classical__classical.00022,classical,1,38.47463607788086,-20.223033905029297
full_noisy_z_t,126,classical__classical.00022,classical,1,42.667755126953125,-19.243228912353516
full_noisy_z_t,127,classical__classical.00022,classical,1,38.96608352661133,-22.171161651611328
full_noisy_z_t,128,classical__classical.00022,classical,1,43.764713287353516,-17.45254898071289
full_noisy_z_t,129,classical__classical.00022,classical,1,40.956878662109375,-18.453065872192383
full_noisy_z_t,130,classical__classical.00034,classical,1,40.095008850097656,-15.517661094665527
full_noisy_z_t,131,classical__classical.00034,classical,1,38.91328430175781,-21.25364112854004
full_noisy_z_t,132,classical__classical.00034,classical,1,42.46064376831055,-17.17243194580078
full_noisy_z_t,133,classical__classical.00034,classical,1,36.496620178222656,-19.304874420166016
full_noisy_z_t,134,classical__classical.00034,classical,1,41.39288330078125,-19.205360412597656
full_noisy_z_t,135,classical__classical.00034,classical,1,41.58776092529297,-21.42369842529297
full_noisy_z_t,136,classical__classical.00034,classical,1,42.01128387451172,-18.834171295166016
full_noisy_z_t,137,classical__classical.00037,classical,1,37.263954162597656,-22.442914962768555
full_noisy_z_t,138,classical__classical.00037,classical,1,40.2335090637207,-18.684551239013672
full_noisy_z_t,139,classical__classical.00037,classical,1,48.4588508605957,-1.7711632251739502
full_noisy_z_t,140,classical__classical.00037,classical,1,43.62846755981445,-16.039899826049805
full_noisy_z_t,141,classical__classical.00037,classical,1,39.87284469604492,-16.128164291381836
full_noisy_z_t,142,classical__classical.00037,classical,1,40.689029693603516,-21.44869613647461
full_noisy_z_t,143,classical__classical.00037,classical,1,39.85895919799805,-22.233854293823242
full_noisy_z_t,144,classical__classical.00037,classical,1,39.93366241455078,-21.575096130371094
full_noisy_z_t,145,classical__classical.00039,classical,1,40.66366195678711,-20.09430694580078
full_noisy_z_t,146,classical__classical.00039,classical,1,43.29974365234375,-16.142616271972656
full_noisy_z_t,147,classical__classical.00039,classical,1,43.88467025756836,-15.755702018737793
full_noisy_z_t,148,classical__classical.00039,classical,1,37.2490348815918,-18.393726348876953
full_noisy_z_t,149,classical__classical.00039,classical,1,37.481666564941406,-23.06352424621582
full_noisy_z_t,150,classical__classical.00039,classical,1,38.43717956542969,-21.821407318115234
full_noisy_z_t,151,classical__classical.00047,classical,1,39.392974853515625,-27.60576057434082
full_noisy_z_t,152,classical__classical.00047,classical,1,37.59659194946289,-24.744361877441406
full_noisy_z_t,153,classical__classical.00047,classical,1,36.46299743652344,-20.654699325561523
full_noisy_z_t,154,classical__classical.00047,classical,1,43.5352668762207,-19.11879539489746
full_noisy_z_t,155,classical__classical.00047,classical,1,41.25468444824219,-19.874025344848633
full_noisy_z_t,156,classical__classical.00047,classical,1,38.235572814941406,-16.31108283996582
full_noisy_z_t,157,classical__classical.00053,classical,1,37.6546516418457,-23.995319366455078
full_noisy_z_t,158,classical__classical.00053,classical,1,36.158939361572266,-24.88075828552246
full_noisy_z_t,159,classical__classical.00053,classical,1,36.145755767822266,-24.260692596435547
full_noisy_z_t,160,classical__classical.00053,classical,1,35.00369644165039,-26.46508026123047
full_noisy_z_t,161,classical__classical.00053,classical,1,36.585365295410156,-23.974071502685547
full_noisy_z_t,162,classical__classical.00056,classical,1,37.9582633972168,-25.53858757019043
full_noisy_z_t,163,classical__classical.00056,classical,1,36.77016067504883,-23.12540054321289
full_noisy_z_t,164,classical__classical.00056,classical,1,35.17795944213867,-19.995338439941406
full_noisy_z_t,165,classical__classical.00056,classical,1,38.90073013305664,-25.706188201904297
full_noisy_z_t,166,classical__classical.00056,classical,1,34.87456130981445,-23.106199264526367
full_noisy_z_t,167,classical__classical.00056,classical,1,39.3797607421875,-26.465662002563477
full_noisy_z_t,168,classical__classical.00056,classical,1,34.10530090332031,-21.18794822692871
full_noisy_z_t,169,classical__classical.00056,classical,1,35.35627365112305,-19.525423049926758
full_noisy_z_t,170,classical__classical.00056,classical,1,35.01443099975586,-23.548683166503906
full_noisy_z_t,171,classical__classical.00056,classical,1,35.030845642089844,-22.500333786010742
full_noisy_z_t,172,classical__classical.00057,classical,1,40.5365104675293,7.489204406738281
full_noisy_z_t,173,classical__classical.00057,classical,1,48.86537551879883,-1.974438190460205
full_noisy_z_t,174,classical__classical.00057,classical,1,38.957061767578125,-20.2789249420166
full_noisy_z_t,175,classical__classical.00057,classical,1,44.48402404785156,-18.875471115112305
full_noisy_z_t,176,classical__classical.00057,classical,1,47.39750289916992,-17.540328979492188
full_noisy_z_t,177,classical__classical.00057,classical,1,46.972618103027344,-0.6987950205802917
full_noisy_z_t,178,classical__classical.00057,classical,1,44.84313201904297,-16.714977264404297
full_noisy_z_t,179,classical__classical.00057,classical,1,47.03279495239258,-16.272674560546875
full_noisy_z_t,180,classical__classical.00057,classical,1,46.09809494018555,-16.835792541503906
full_noisy_z_t,181,classical__classical.00057,classical,1,40.93395233154297,-16.198150634765625
full_noisy_z_t,182,classical__classical.00065,classical,1,40.054195404052734,-16.846172332763672
full_noisy_z_t,183,classical__classical.00065,classical,1,43.4576530456543,-20.597583770751953
full_noisy_z_t,184,classical__classical.00065,classical,1,43.898521423339844,-19.890357971191406
full_noisy_z_t,185,classical__classical.00065,classical,1,43.18711471557617,-18.17276954650879
full_noisy_z_t,186,classical__classical.00082,classical,1,42.4317512512207,-20.772098541259766
full_noisy_z_t,187,classical__classical.00082,classical,1,42.76957702636719,-20.10660171508789
full_noisy_z_t,188,classical__classical.00082,classical,1,34.39254379272461,-21.283754348754883
full_noisy_z_t,189,classical__classical.00082,classical,1,36.04681396484375,-21.824209213256836
full_noisy_z_t,190,classical__classical.00082,classical,1,39.619686126708984,-25.107465744018555
full_noisy_z_t,191,classical__classical.00082,classical,1,39.18544387817383,-24.253530502319336
full_noisy_z_t,192,classical__classical.00091,classical,1,39.384525299072266,-20.61467742919922
full_noisy_z_t,193,classical__classical.00091,classical,1,39.42461395263672,-17.953323364257812
full_noisy_z_t,194,classical__classical.00091,classical,1,39.2588996887207,-19.745023727416992
full_noisy_z_t,195,classical__classical.00091,classical,1,39.96857833862305,-19.558359146118164
full_noisy_z_t,196,classical__classical.00091,classical,1,44.78469467163086,-18.137453079223633
full_noisy_z_t,197,classical__classical.00091,classical,1,40.480491638183594,-19.340761184692383
full_noisy_z_t,198,classical__classical.00091,classical,1,42.0665283203125,-18.017745971679688
full_noisy_z_t,199,classical__classical.00091,classical,1,37.86951446533203,-21.021652221679688
full_noisy_z_t,200,country__country.00001,country,2,10.391093254089355,21.264720916748047
full_noisy_z_t,201,country__country.00001,country,2,9.718673706054688,25.18291664123535
full_noisy_z_t,202,country__country.00001,country,2,8.545098304748535,26.050615310668945
full_noisy_z_t,203,country__country.00001,country,2,8.22774600982666,21.299104690551758
full_noisy_z_t,204,country__country.00001,country,2,10.287923812866211,21.8571720123291
full_noisy_z_t,205,country__country.00011,country,2,3.740884304046631,18.757455825805664
full_noisy_z_t,206,country__country.00011,country,2,7.512706756591797,15.48086929321289
full_noisy_z_t,207,country__country.00011,country,2,14.674494743347168,17.62329864501953
full_noisy_z_t,208,country__country.00011,country,2,-3.0442559719085693,21.263660430908203
full_noisy_z_t,209,country__country.00011,country,2,7.551061630249023,11.601899147033691
full_noisy_z_t,210,country__country.00011,country,2,-4.325647354125977,21.671154022216797
full_noisy_z_t,211,country__country.00011,country,2,1.5044584274291992,20.6976261138916
full_noisy_z_t,212,country__country.00011,country,2,-3.371506929397583,21.107839584350586
full_noisy_z_t,213,country__country.00013,country,2,10.639204978942871,14.704261779785156
full_noisy_z_t,214,country__country.00013,country,2,6.967085838317871,16.952131271362305
full_noisy_z_t,215,country__country.00013,country,2,4.446756839752197,19.91940689086914
full_noisy_z_t,216,country__country.00013,country,2,-13.296468734741211,-1.1932481527328491
full_noisy_z_t,217,country__country.00013,country,2,6.217128276824951,20.829622268676758
full_noisy_z_t,218,country__country.00013,country,2,3.577151298522949,20.56262969970703
full_noisy_z_t,219,country__country.00013,country,2,4.528876304626465,17.78429412841797
full_noisy_z_t,220,country__country.00013,country,2,2.025038003921509,14.55102825164795
full_noisy_z_t,221,country__country.00013,country,2,8.023153305053711,12.566302299499512
full_noisy_z_t,222,country__country.00013,country,2,9.989175796508789,24.21538734436035
full_noisy_z_t,223,country__country.00029,country,2,7.824036598205566,24.663043975830078
full_noisy_z_t,224,country__country.00029,country,2,8.887569427490234,23.317554473876953
full_noisy_z_t,225,country__country.00029,country,2,8.126124382019043,23.09939956665039
full_noisy_z_t,226,country__country.00029,country,2,12.540057182312012,25.122421264648438
full_noisy_z_t,227,country__country.00029,country,2,9.095370292663574,24.058534622192383
full_noisy_z_t,228,country__country.00029,country,2,11.155092239379883,22.121017456054688
full_noisy_z_t,229,country__country.00047,country,2,-8.422727584838867,22.310035705566406
full_noisy_z_t,230,country__country.00057,country,2,10.254854202270508,12.838638305664062
full_noisy_z_t,231,country__country.00057,country,2,8.447562217712402,18.784944534301758
full_noisy_z_t,232,country__country.00057,country,2,2.518033504486084,37.556522369384766
full_noisy_z_t,233,country__country.00057,country,2,0.8919867873191833,39.71809005737305
full_noisy_z_t,234,country__country.00057,country,2,11.708915710449219,25.270103454589844
full_noisy_z_t,235,country__country.00057,country,2,9.515104293823242,25.424320220947266
full_noisy_z_t,236,country__country.00057,country,2,10.483793258666992,23.632122039794922
full_noisy_z_t,237,country__country.00057,country,2,8.390420913696289,-10.656999588012695
full_noisy_z_t,238,country__country.00057,country,2,6.0906524658203125,4.953514575958252
full_noisy_z_t,239,country__country.00057,country,2,9.209793090820312,20.973588943481445
full_noisy_z_t,240,country__country.00059,country,2,4.035218715667725,-1.94729745388031
full_noisy_z_t,241,country__country.00059,country,2,5.719127655029297,26.753618240356445
full_noisy_z_t,242,country__country.00059,country,2,6.0215373039245605,24.612289428710938
full_noisy_z_t,243,country__country.00059,country,2,11.500709533691406,22.834068298339844
full_noisy_z_t,244,country__country.00059,country,2,6.5199785232543945,15.972412109375
full_noisy_z_t,245,country__country.00059,country,2,9.621993064880371,23.41484832763672
full_noisy_z_t,246,country__country.00067,country,2,6.758675575256348,19.792829513549805
full_noisy_z_t,247,country__country.00067,country,2,4.855904579162598,19.198469161987305
full_noisy_z_t,248,country__country.00067,country,2,5.807820796966553,19.209924697875977
full_noisy_z_t,249,country__country.00067,country,2,7.167540073394775,22.869125366210938
full_noisy_z_t,250,country__country.00067,country,2,9.069340705871582,20.07056999206543
full_noisy_z_t,251,country__country.00067,country,2,6.560328006744385,18.257917404174805
full_noisy_z_t,252,country__country.00067,country,2,5.729208469390869,23.611845016479492
full_noisy_z_t,253,country__country.00067,country,2,4.23535680770874,21.64719009399414
full_noisy_z_t,254,country__country.00068,country,2,12.184807777404785,-2.629704236984253
full_noisy_z_t,255,country__country.00068,country,2,6.154997825622559,2.9988598823547363
full_noisy_z_t,256,country__country.00068,country,2,3.0476763248443604,19.39695930480957
full_noisy_z_t,257,country__country.00068,country,2,-15.568169593811035,20.65239143371582
full_noisy_z_t,258,country__country.00068,country,2,-6.631783962249756,46.99563217163086
full_noisy_z_t,259,country__country.00068,country,2,13.531126022338867,-2.453611135482788
full_noisy_z_t,260,country__country.00068,country,2,2.2152857780456543,19.591381072998047
full_noisy_z_t,261,country__country.00068,country,2,5.462006092071533,1.1445738077163696
full_noisy_z_t,262,country__country.00069,country,2,6.696296215057373,28.939516067504883
full_noisy_z_t,263,country__country.00069,country,2,-8.962332725524902,23.380935668945312
full_noisy_z_t,264,country__country.00069,country,2,-9.288619041442871,22.15709114074707
full_noisy_z_t,265,country__country.00069,country,2,-2.1724584102630615,42.32754898071289
full_noisy_z_t,266,country__country.00069,country,2,10.060819625854492,16.752159118652344
full_noisy_z_t,267,country__country.00069,country,2,8.551919937133789,24.748249053955078
full_noisy_z_t,268,country__country.00069,country,2,7.875832557678223,20.41954231262207
full_noisy_z_t,269,country__country.00075,country,2,2.1974778175354004,-6.386775493621826
full_noisy_z_t,270,country__country.00075,country,2,-0.10859239101409912,41.21640396118164
full_noisy_z_t,271,country__country.00075,country,2,-3.762545347213745,43.21062088012695
full_noisy_z_t,272,country__country.00075,country,2,11.406646728515625,-1.4021567106246948
full_noisy_z_t,273,country__country.00075,country,2,4.800771713256836,40.89324951171875
full_noisy_z_t,274,country__country.00075,country,2,5.554612636566162,17.902151107788086
full_noisy_z_t,275,country__country.00076,country,2,6.705390930175781,3.6812496185302734
full_noisy_z_t,276,country__country.00076,country,2,5.702932357788086,3.856959581375122
full_noisy_z_t,277,country__country.00076,country,2,3.887622356414795,14.297785758972168
full_noisy_z_t,278,country__country.00076,country,2,7.408071517944336,21.651836395263672
full_noisy_z_t,279,country__country.00076,country,2,1.239038109779358,-2.8983161449432373
full_noisy_z_t,280,country__country.00076,country,2,-7.490628719329834,43.44378662109375
full_noisy_z_t,281,country__country.00076,country,2,-7.0952653884887695,42.456729888916016
full_noisy_z_t,282,country__country.00077,country,2,9.950592994689941,20.690143585205078
full_noisy_z_t,283,country__country.00077,country,2,9.77065372467041,18.897409439086914
full_noisy_z_t,284,country__country.00077,country,2,5.758965969085693,14.887476921081543
full_noisy_z_t,285,country__country.00077,country,2,11.229580879211426,18.350460052490234
full_noisy_z_t,286,country__country.00077,country,2,6.276910305023193,22.209705352783203
full_noisy_z_t,287,country__country.00077,country,2,11.850253105163574,23.959409713745117
full_noisy_z_t,288,country__country.00097,country,2,8.854296684265137,21.85202980041504
full_noisy_z_t,289,country__country.00097,country,2,9.978976249694824,22.489654541015625
full_noisy_z_t,290,country__country.00097,country,2,8.96298599243164,22.436445236206055
full_noisy_z_t,291,country__country.00097,country,2,10.370265007019043,19.381332397460938
full_noisy_z_t,292,country__country.00097,country,2,10.534399032592773,22.762439727783203
full_noisy_z_t,293,country__country.00099,country,2,-3.54819655418396,46.836830139160156
full_noisy_z_t,294,country__country.00099,country,2,-5.986289024353027,12.938852310180664
full_noisy_z_t,295,country__country.00099,country,2,-2.994462728500366,45.803680419921875
full_noisy_z_t,296,country__country.00099,country,2,-2.0681166648864746,44.27101516723633
full_noisy_z_t,297,country__country.00099,country,2,-7.460610866546631,47.436912536621094
full_noisy_z_t,298,country__country.00099,country,2,-8.368635177612305,49.618858337402344
full_noisy_z_t,299,country__country.00099,country,2,-5.797676086425781,48.47575759887695
full_noisy_z_t,300,disco__disco.00000,disco,3,-9.010374069213867,-8.50960636138916
full_noisy_z_t,301,disco__disco.00000,disco,3,-12.403827667236328,-11.837492942810059
full_noisy_z_t,302,disco__disco.00000,disco,3,-12.589264869689941,-10.80296802520752
full_noisy_z_t,303,disco__disco.00000,disco,3,-10.012131690979004,-10.1088228225708
full_noisy_z_t,304,disco__disco.00000,disco,3,-6.395293235778809,-10.503690719604492
full_noisy_z_t,305,disco__disco.00000,disco,3,-10.271366119384766,-11.480332374572754
full_noisy_z_t,306,disco__disco.00000,disco,3,-12.343301773071289,-12.54244327545166
full_noisy_z_t,307,disco__disco.00000,disco,3,-9.800748825073242,-12.379873275756836
full_noisy_z_t,308,disco__disco.00000,disco,3,-11.705952644348145,-11.754677772521973
full_noisy_z_t,309,disco__disco.00003,disco,3,-7.003939151763916,-1.6761869192123413
full_noisy_z_t,310,disco__disco.00003,disco,3,-8.68179988861084,46.106407165527344
full_noisy_z_t,311,disco__disco.00003,disco,3,-13.582470893859863,-6.468362808227539
full_noisy_z_t,312,disco__disco.00003,disco,3,-17.701068878173828,-7.679385185241699
full_noisy_z_t,313,disco__disco.00003,disco,3,-17.964580535888672,-6.597703456878662
full_noisy_z_t,314,disco__disco.00003,disco,3,-20.167083740234375,-7.504969120025635
full_noisy_z_t,315,disco__disco.00010,disco,3,-48.813446044921875,-9.061164855957031
full_noisy_z_t,316,disco__disco.00010,disco,3,-11.05468463897705,-7.633785247802734
full_noisy_z_t,317,disco__disco.00010,disco,3,-10.574007034301758,-12.453507423400879
full_noisy_z_t,318,disco__disco.00010,disco,3,-23.47970962524414,-31.343229293823242
full_noisy_z_t,319,disco__disco.00010,disco,3,-24.70497703552246,-29.77726173400879
full_noisy_z_t,320,disco__disco.00010,disco,3,-24.131006240844727,-27.160486221313477
full_noisy_z_t,321,disco__disco.00020,disco,3,-22.51445960998535,6.784674167633057
full_noisy_z_t,322,disco__disco.00020,disco,3,7.966615200042725,18.338123321533203
full_noisy_z_t,323,disco__disco.00020,disco,3,-16.9130916595459,9.686861038208008
full_noisy_z_t,324,disco__disco.00021,disco,3,-9.576314926147461,-7.768174648284912
full_noisy_z_t,325,disco__disco.00021,disco,3,-8.063273429870605,-6.47298526763916
full_noisy_z_t,326,disco__disco.00021,disco,3,-8.91572093963623,-5.7846550941467285
full_noisy_z_t,327,disco__disco.00021,disco,3,-7.762231349945068,-7.8764848709106445
full_noisy_z_t,328,disco__disco.00021,disco,3,-8.235494613647461,-8.956695556640625
full_noisy_z_t,329,disco__disco.00021,disco,3,-5.214158535003662,-5.733264923095703
full_noisy_z_t,330,disco__disco.00021,disco,3,-5.701995372772217,-6.054541110992432
full_noisy_z_t,331,disco__disco.00021,disco,3,-46.00439453125,-1.730350375175476
full_noisy_z_t,332,disco__disco.00030,disco,3,-10.575803756713867,-9.150622367858887
full_noisy_z_t,333,disco__disco.00030,disco,3,-8.972350120544434,-10.185667991638184
full_noisy_z_t,334,disco__disco.00030,disco,3,-9.633866310119629,-11.095672607421875
full_noisy_z_t,335,disco__disco.00030,disco,3,-6.171154975891113,-9.166492462158203
full_noisy_z_t,336,disco__disco.00030,disco,3,-22.60318946838379,-27.098770141601562
full_noisy_z_t,337,disco__disco.00030,disco,3,-16.860206604003906,-9.380232810974121
full_noisy_z_t,338,disco__disco.00030,disco,3,-13.261066436767578,-11.932570457458496
full_noisy_z_t,339,disco__disco.00030,disco,3,-9.175281524658203,-11.859018325805664
full_noisy_z_t,340,disco__disco.00030,disco,3,-13.98644733428955,-5.579837799072266
full_noisy_z_t,341,disco__disco.00030,disco,3,-10.497334480285645,-11.082195281982422
full_noisy_z_t,342,disco__disco.00040,disco,3,-14.465808868408203,-3.72754168510437
full_noisy_z_t,343,disco__disco.00040,disco,3,-17.005666732788086,0.19269540905952454
full_noisy_z_t,344,disco__disco.00040,disco,3,-15.542501449584961,-3.1409811973571777
full_noisy_z_t,345,disco__disco.00040,disco,3,-16.706804275512695,-0.7519262433052063
full_noisy_z_t,346,disco__disco.00040,disco,3,-16.130420684814453,-2.140627145767212
full_noisy_z_t,347,disco__disco.00040,disco,3,-13.386431694030762,-5.895257949829102
full_noisy_z_t,348,disco__disco.00044,disco,3,-11.422170639038086,-8.30840015411377
full_noisy_z_t,349,disco__disco.00044,disco,3,-12.535601615905762,-6.638684272766113
full_noisy_z_t,350,disco__disco.00044,disco,3,-19.215063095092773,-6.656202793121338
full_noisy_z_t,351,disco__disco.00044,disco,3,-15.6448392868042,-5.857644557952881
full_noisy_z_t,352,disco__disco.00044,disco,3,-17.88809585571289,-2.9656193256378174
full_noisy_z_t,353,disco__disco.00044,disco,3,-12.57556438446045,-7.164015293121338
full_noisy_z_t,354,disco__disco.00044,disco,3,-16.10978889465332,-7.098503589630127
full_noisy_z_t,355,disco__disco.00044,disco,3,-16.51941680908203,-4.592179775238037
full_noisy_z_t,356,disco__disco.00044,disco,3,-14.144213676452637,-10.443069458007812
full_noisy_z_t,357,disco__disco.00044,disco,3,-12.166792869567871,-8.549234390258789
full_noisy_z_t,358,disco__disco.00044,disco,3,-17.447477340698242,-5.483275413513184
full_noisy_z_t,359,disco__disco.00055,disco,3,-14.99694538116455,-9.017366409301758
full_noisy_z_t,360,disco__disco.00055,disco,3,-12.51589298248291,-9.272282600402832
full_noisy_z_t,361,disco__disco.00055,disco,3,-11.148700714111328,-10.958243370056152
full_noisy_z_t,362,disco__disco.00055,disco,3,-14.692581176757812,-8.227988243103027
full_noisy_z_t,363,disco__disco.00055,disco,3,-12.089489936828613,-10.117650985717773
full_noisy_z_t,364,disco__disco.00055,disco,3,-14.410603523254395,-7.052185535430908
full_noisy_z_t,365,disco__disco.00055,disco,3,-13.946272850036621,-7.81063985824585
full_noisy_z_t,366,disco__disco.00064,disco,3,-12.984585762023926,-8.284381866455078
full_noisy_z_t,367,disco__disco.00064,disco,3,-14.69671630859375,-5.127347946166992
full_noisy_z_t,368,disco__disco.00064,disco,3,-14.736534118652344,-6.194901943206787
full_noisy_z_t,369,disco__disco.00064,disco,3,-12.710029602050781,-13.80517864227295
full_noisy_z_t,370,disco__disco.00075,disco,3,-15.25310230255127,-7.845492839813232
full_noisy_z_t,371,disco__disco.00075,disco,3,-10.609674453735352,-15.16512680053711
full_noisy_z_t,372,disco__disco.00075,disco,3,-9.940682411193848,-13.879194259643555
full_noisy_z_t,373,disco__disco.00075,disco,3,-7.257946968078613,-17.299110412597656
full_noisy_z_t,374,disco__disco.00075,disco,3,-16.34262466430664,-8.258810043334961
full_noisy_z_t,375,disco__disco.00075,disco,3,-9.157712936401367,-14.5606050491333
full_noisy_z_t,376,disco__disco.00075,disco,3,-7.5565361976623535,-16.999881744384766
full_noisy_z_t,377,disco__disco.00075,disco,3,-8.360417366027832,-15.30203914642334
full_noisy_z_t,378,disco__disco.00084,disco,3,-17.994853973388672,-0.15215139091014862
full_noisy_z_t,379,disco__disco.00084,disco,3,-11.41712760925293,-9.241705894470215
full_noisy_z_t,380,disco__disco.00084,disco,3,-8.641633033752441,-11.150348663330078
full_noisy_z_t,381,disco__disco.00084,disco,3,-13.481925010681152,-9.741840362548828
full_noisy_z_t,382,disco__disco.00084,disco,3,-11.745331764221191,-7.249586582183838
full_noisy_z_t,383,disco__disco.00084,disco,3,-18.986330032348633,6.187326431274414
full_noisy_z_t,384,disco__disco.00084,disco,3,-18.545326232910156,5.811497688293457
full_noisy_z_t,385,disco__disco.00093,disco,3,-11.551741600036621,-13.239452362060547
full_noisy_z_t,386,disco__disco.00093,disco,3,-10.500908851623535,-10.717429161071777
full_noisy_z_t,387,disco__disco.00093,disco,3,-10.971709251403809,-11.943575859069824
full_noisy_z_t,388,disco__disco.00093,disco,3,-11.421896934509277,-10.228354454040527
full_noisy_z_t,389,disco__disco.00093,disco,3,-7.890207290649414,-10.10948371887207
full_noisy_z_t,390,disco__disco.00093,disco,3,-12.831902503967285,-13.596636772155762
full_noisy_z_t,391,disco__disco.00094,disco,3,-1.8554720878601074,-38.947471618652344
full_noisy_z_t,392,disco__disco.00094,disco,3,-7.5643839836120605,-18.245336532592773
full_noisy_z_t,393,disco__disco.00094,disco,3,-14.931459426879883,9.108762741088867
full_noisy_z_t,394,disco__disco.00094,disco,3,-2.9181339740753174,-39.29766845703125
full_noisy_z_t,395,disco__disco.00094,disco,3,-13.445176124572754,-5.112216472625732
full_noisy_z_t,396,disco__disco.00095,disco,3,-12.492671966552734,-5.2193708419799805
full_noisy_z_t,397,disco__disco.00095,disco,3,-13.768868446350098,-8.713858604431152
full_noisy_z_t,398,disco__disco.00095,disco,3,-13.314605712890625,-7.591445446014404
full_noisy_z_t,399,disco__disco.00095,disco,3,-18.263479232788086,1.090530514717102
full_noisy_z_t,400,hiphop__hiphop.00002,hiphop,4,-24.241626739501953,-27.827058792114258
full_noisy_z_t,401,hiphop__hiphop.00002,hiphop,4,-27.603134155273438,-35.118263244628906
full_noisy_z_t,402,hiphop__hiphop.00002,hiphop,4,-29.59571075439453,-30.541227340698242
full_noisy_z_t,403,hiphop__hiphop.00002,hiphop,4,-29.371164321899414,-33.67815399169922
full_noisy_z_t,404,hiphop__hiphop.00002,hiphop,4,-28.62113380432129,-31.125871658325195
full_noisy_z_t,405,hiphop__hiphop.00034,hiphop,4,-34.15422439575195,-31.43088722229004
full_noisy_z_t,406,hiphop__hiphop.00034,hiphop,4,-31.326969146728516,-29.385669708251953
full_noisy_z_t,407,hiphop__hiphop.00034,hiphop,4,-30.77000617980957,-30.628969192504883
full_noisy_z_t,408,hiphop__hiphop.00034,hiphop,4,-30.966569900512695,-28.247095108032227
full_noisy_z_t,409,hiphop__hiphop.00034,hiphop,4,-34.985137939453125,-32.415435791015625
full_noisy_z_t,410,hiphop__hiphop.00034,hiphop,4,-33.9782600402832,-29.614439010620117
full_noisy_z_t,411,hiphop__hiphop.00038,hiphop,4,-38.18053436279297,-30.692955017089844
full_noisy_z_t,412,hiphop__hiphop.00038,hiphop,4,-38.06622314453125,-29.899137496948242
full_noisy_z_t,413,hiphop__hiphop.00038,hiphop,4,-38.1774787902832,-29.136991500854492
full_noisy_z_t,414,hiphop__hiphop.00038,hiphop,4,-34.09838104248047,-31.3887939453125
full_noisy_z_t,415,hiphop__hiphop.00040,hiphop,4,-43.6905632019043,-1.9958369731903076
full_noisy_z_t,416,hiphop__hiphop.00040,hiphop,4,-47.96466827392578,-7.4374775886535645
full_noisy_z_t,417,hiphop__hiphop.00040,hiphop,4,-44.25508117675781,-7.24871301651001
full_noisy_z_t,418,hiphop__hiphop.00040,hiphop,4,-29.46249771118164,-27.665199279785156
full_noisy_z_t,419,hiphop__hiphop.00040,hiphop,4,-41.89336013793945,4.25549840927124
full_noisy_z_t,420,hiphop__hiphop.00040,hiphop,4,-47.773338317871094,-2.601059675216675
full_noisy_z_t,421,hiphop__hiphop.00040,hiphop,4,-44.870849609375,-6.834493160247803
full_noisy_z_t,422,hiphop__hiphop.00042,hiphop,4,-45.750221252441406,-0.16711558401584625
full_noisy_z_t,423,hiphop__hiphop.00042,hiphop,4,-27.292537689208984,7.140276908874512
full_noisy_z_t,424,hiphop__hiphop.00042,hiphop,4,-34.93568801879883,-25.526716232299805
full_noisy_z_t,425,hiphop__hiphop.00042,hiphop,4,-26.915307998657227,6.488950729370117
full_noisy_z_t,426,hiphop__hiphop.00042,hiphop,4,-41.04427719116211,-28.012191772460938
full_noisy_z_t,427,hiphop__hiphop.00042,hiphop,4,-25.689252853393555,5.5626091957092285
full_noisy_z_t,428,hiphop__hiphop.00042,hiphop,4,-39.59939193725586,-26.306129455566406
full_noisy_z_t,429,hiphop__hiphop.00042,hiphop,4,-39.66115188598633,-28.569185256958008
full_noisy_z_t,430,hiphop__hiphop.00044,hiphop,4,-25.521146774291992,7.27775764465332
full_noisy_z_t,431,hiphop__hiphop.00044,hiphop,4,-9.051831245422363,17.762523651123047
full_noisy_z_t,432,hiphop__hiphop.00044,hiphop,4,-11.040797233581543,17.44803237915039
full_noisy_z_t,433,hiphop__hiphop.00044,hiphop,4,5.415175437927246,21.387935638427734
full_noisy_z_t,434,hiphop__hiphop.00044,hiphop,4,10.698517799377441,4.665663242340088
full_noisy_z_t,435,hiphop__hiphop.00044,hiphop,4,3.5801172256469727,38.15643310546875
full_noisy_z_t,436,hiphop__hiphop.00044,hiphop,4,-31.5084285736084,-25.671123504638672
full_noisy_z_t,437,hiphop__hiphop.00053,hiphop,4,-37.40924072265625,8.496960639953613
full_noisy_z_t,438,hiphop__hiphop.00053,hiphop,4,-19.003786087036133,-3.573928117752075
full_noisy_z_t,439,hiphop__hiphop.00053,hiphop,4,-19.065269470214844,-2.3095955848693848
full_noisy_z_t,440,hiphop__hiphop.00053,hiphop,4,-17.711950302124023,-1.8475902080535889
full_noisy_z_t,441,hiphop__hiphop.00053,hiphop,4,-18.55623435974121,-4.9830322265625
full_noisy_z_t,442,hiphop__hiphop.00053,hiphop,4,-27.4761905670166,-28.6198787689209
full_noisy_z_t,443,hiphop__hiphop.00053,hiphop,4,-20.89067840576172,-30.016923904418945
full_noisy_z_t,444,hiphop__hiphop.00053,hiphop,4,-25.811403274536133,-28.370586395263672
full_noisy_z_t,445,hiphop__hiphop.00053,hiphop,4,-19.40886688232422,4.885753631591797
full_noisy_z_t,446,hiphop__hiphop.00076,hiphop,4,-31.74847412109375,-31.842628479003906
full_noisy_z_t,447,hiphop__hiphop.00076,hiphop,4,-35.28474807739258,-31.31073570251465
full_noisy_z_t,448,hiphop__hiphop.00076,hiphop,4,-31.9627742767334,-33.54692840576172
full_noisy_z_t,449,hiphop__hiphop.00076,hiphop,4,-30.980072021484375,-31.24625015258789
full_noisy_z_t,450,hiphop__hiphop.00076,hiphop,4,-36.26936721801758,-32.100502014160156
full_noisy_z_t,451,hiphop__hiphop.00076,hiphop,4,-35.481632232666016,-28.900625228881836
full_noisy_z_t,452,hiphop__hiphop.00079,hiphop,4,-49.10723876953125,-7.387360572814941
full_noisy_z_t,453,hiphop__hiphop.00079,hiphop,4,-49.312007904052734,-8.419634819030762
full_noisy_z_t,454,hiphop__hiphop.00079,hiphop,4,-44.307586669921875,6.191364288330078
full_noisy_z_t,455,hiphop__hiphop.00079,hiphop,4,-35.902286529541016,-31.624343872070312
full_noisy_z_t,456,hiphop__hiphop.00079,hiphop,4,-49.61921310424805,-10.714530944824219
full_noisy_z_t,457,hiphop__hiphop.00079,hiphop,4,-44.439918518066406,5.28645133972168
full_noisy_z_t,458,hiphop__hiphop.00079,hiphop,4,-50.36882019042969,-4.216145992279053
full_noisy_z_t,459,hiphop__hiphop.00079,hiphop,4,-50.47280502319336,-2.756132125854492
full_noisy_z_t,460,hiphop__hiphop.00082,hiphop,4,-32.48589324951172,-33.130313873291016
full_noisy_z_t,461,hiphop__hiphop.00082,hiphop,4,-32.13230514526367,-32.44538497924805
full_noisy_z_t,462,hiphop__hiphop.00082,hiphop,4,-33.461891174316406,-32.269737243652344
full_noisy_z_t,463,hiphop__hiphop.00082,hiphop,4,-32.57441329956055,-31.308589935302734
full_noisy_z_t,464,hiphop__hiphop.00082,hiphop,4,-9.564330101013184,-32.5108757019043
full_noisy_z_t,465,hiphop__hiphop.00082,hiphop,4,-33.29066467285156,-31.39335060119629
full_noisy_z_t,466,hiphop__hiphop.00087,hiphop,4,-33.480621337890625,-30.373737335205078
full_noisy_z_t,467,hiphop__hiphop.00087,hiphop,4,-29.49044418334961,-32.3735237121582
full_noisy_z_t,468,hiphop__hiphop.00087,hiphop,4,-26.27005386352539,-30.7014102935791
full_noisy_z_t,469,hiphop__hiphop.00087,hiphop,4,-26.70516014099121,-29.260194778442383
full_noisy_z_t,470,hiphop__hiphop.00087,hiphop,4,-29.145536422729492,-31.77469253540039
full_noisy_z_t,471,hiphop__hiphop.00087,hiphop,4,-30.538663864135742,-32.518768310546875
full_noisy_z_t,472,hiphop__hiphop.00087,hiphop,4,-29.882055282592773,-31.402124404907227
full_noisy_z_t,473,hiphop__hiphop.00089,hiphop,4,-23.113603591918945,-26.382801055908203
full_noisy_z_t,474,hiphop__hiphop.00089,hiphop,4,-23.033422470092773,-27.477636337280273
full_noisy_z_t,475,hiphop__hiphop.00089,hiphop,4,-28.34703254699707,-32.667198181152344
full_noisy_z_t,476,hiphop__hiphop.00089,hiphop,4,-23.539934158325195,-28.361541748046875
full_noisy_z_t,477,hiphop__hiphop.00089,hiphop,4,-24.55681037902832,-28.763214111328125
full_noisy_z_t,478,hiphop__hiphop.00093,hiphop,4,-26.994539260864258,-32.03376007080078
full_noisy_z_t,479,hiphop__hiphop.00093,hiphop,4,-6.866418838500977,-32.32571792602539
full_noisy_z_t,480,hiphop__hiphop.00093,hiphop,4,-6.66261100769043,-31.800067901611328
full_noisy_z_t,481,hiphop__hiphop.00093,hiphop,4,4.4939727783203125,-14.128782272338867
full_noisy_z_t,482,hiphop__hiphop.00093,hiphop,4,-23.847511291503906,5.488255500793457
full_noisy_z_t,483,hiphop__hiphop.00093,hiphop,4,-29.689281463623047,-24.709287643432617
full_noisy_z_t,484,hiphop__hiphop.00093,hiphop,4,-5.8819193840026855,-12.572966575622559
full_noisy_z_t,485,hiphop__hiphop.00093,hiphop,4,-7.377787113189697,-32.043827056884766
full_noisy_z_t,486,hiphop__hiphop.00093,hiphop,4,-4.560577392578125,-10.366783142089844
full_noisy_z_t,487,hiphop__hiphop.00094,hiphop,4,-37.50789260864258,-32.484493255615234
full_noisy_z_t,488,hiphop__hiphop.00094,hiphop,4,-36.78303146362305,-30.603469848632812
full_noisy_z_t,489,hiphop__hiphop.00094,hiphop,4,-39.171875,-30.59272003173828
full_noisy_z_t,490,hiphop__hiphop.00094,hiphop,4,-37.07968521118164,-31.790863037109375
full_noisy_z_t,491,hiphop__hiphop.00094,hiphop,4,-39.09196853637695,-29.25642204284668
full_noisy_z_t,492,hiphop__hiphop.00098,hiphop,4,-30.049339294433594,-32.618194580078125
full_noisy_z_t,493,hiphop__hiphop.00098,hiphop,4,-30.54786491394043,-31.824308395385742
full_noisy_z_t,494,hiphop__hiphop.00098,hiphop,4,-31.676250457763672,-31.185728073120117
full_noisy_z_t,495,hiphop__hiphop.00098,hiphop,4,-36.11256408691406,-29.840131759643555
full_noisy_z_t,496,hiphop__hiphop.00098,hiphop,4,-35.835384368896484,-29.467113494873047
full_noisy_z_t,497,hiphop__hiphop.00098,hiphop,4,-32.48320007324219,-29.735862731933594
full_noisy_z_t,498,hiphop__hiphop.00098,hiphop,4,-34.891273498535156,-30.080678939819336
full_noisy_z_t,499,hiphop__hiphop.00098,hiphop,4,-31.825828552246094,-30.1355037689209
full_noisy_z_t,500,jazz__jazz.00033,jazz,5,42.3274040222168,8.931625366210938
full_noisy_z_t,501,jazz__jazz.00033,jazz,5,42.681053161621094,6.676689147949219
full_noisy_z_t,502,jazz__jazz.00033,jazz,5,43.8588981628418,5.972343921661377
full_noisy_z_t,503,jazz__jazz.00033,jazz,5,43.1878662109375,7.605849742889404
full_noisy_z_t,504,jazz__jazz.00033,jazz,5,43.39659881591797,8.913108825683594
full_noisy_z_t,505,jazz__jazz.00033,jazz,5,43.716651916503906,9.918150901794434
full_noisy_z_t,506,jazz__jazz.00041,jazz,5,42.69506072998047,10.86919116973877
full_noisy_z_t,507,jazz__jazz.00041,jazz,5,40.85981750488281,9.225314140319824
full_noisy_z_t,508,jazz__jazz.00041,jazz,5,39.99893569946289,9.915338516235352
full_noisy_z_t,509,jazz__jazz.00041,jazz,5,42.09004211425781,10.109539031982422
full_noisy_z_t,510,jazz__jazz.00041,jazz,5,42.167423248291016,9.25816822052002
full_noisy_z_t,511,jazz__jazz.00041,jazz,5,42.05003356933594,7.402008056640625
full_noisy_z_t,512,jazz__jazz.00041,jazz,5,45.113975524902344,6.00090217590332
full_noisy_z_t,513,jazz__jazz.00041,jazz,5,45.35895538330078,7.491102695465088
full_noisy_z_t,514,jazz__jazz.00041,jazz,5,45.44154357910156,8.221631050109863
full_noisy_z_t,515,jazz__jazz.00041,jazz,5,42.39553451538086,4.120812892913818
full_noisy_z_t,516,jazz__jazz.00046,jazz,5,41.47805404663086,7.68820333480835
full_noisy_z_t,517,jazz__jazz.00046,jazz,5,44.46004104614258,4.279396057128906
full_noisy_z_t,518,jazz__jazz.00046,jazz,5,43.840911865234375,8.281153678894043
full_noisy_z_t,519,jazz__jazz.00046,jazz,5,43.690185546875,11.830429077148438
full_noisy_z_t,520,jazz__jazz.00046,jazz,5,41.38780212402344,9.595090866088867
full_noisy_z_t,521,jazz__jazz.00046,jazz,5,40.56043243408203,6.591161727905273
full_noisy_z_t,522,jazz__jazz.00046,jazz,5,49.03840637207031,3.968458890914917
full_noisy_z_t,523,jazz__jazz.00046,jazz,5,41.54511642456055,6.24967622756958
full_noisy_z_t,524,jazz__jazz.00048,jazz,5,39.95431137084961,1.5120264291763306
full_noisy_z_t,525,jazz__jazz.00048,jazz,5,41.79436111450195,3.4787209033966064
full_noisy_z_t,526,jazz__jazz.00048,jazz,5,19.572364807128906,-2.9112539291381836
full_noisy_z_t,527,jazz__jazz.00048,jazz,5,41.597042083740234,2.851604700088501
full_noisy_z_t,528,jazz__jazz.00048,jazz,5,40.88731002807617,4.853963375091553
full_noisy_z_t,529,jazz__jazz.00048,jazz,5,40.62443923950195,8.49344539642334
full_noisy_z_t,530,jazz__jazz.00048,jazz,5,18.594707489013672,-3.4100852012634277
full_noisy_z_t,531,jazz__jazz.00048,jazz,5,41.531070709228516,0.7393144369125366
full_noisy_z_t,532,jazz__jazz.00050,jazz,5,-5.928939342498779,43.822486877441406
full_noisy_z_t,533,jazz__jazz.00050,jazz,5,-5.224513530731201,43.45402908325195
full_noisy_z_t,534,jazz__jazz.00050,jazz,5,42.348690032958984,9.902814865112305
full_noisy_z_t,535,jazz__jazz.00050,jazz,5,43.08448028564453,10.25549030303955
full_noisy_z_t,536,jazz__jazz.00050,jazz,5,48.306617736816406,14.844334602355957
full_noisy_z_t,537,jazz__jazz.00050,jazz,5,38.71088790893555,4.254408359527588
full_noisy_z_t,538,jazz__jazz.00050,jazz,5,-10.793330192565918,-3.8626720905303955
full_noisy_z_t,539,jazz__jazz.00050,jazz,5,-9.462626457214355,-31.198820114135742
full_noisy_z_t,540,jazz__jazz.00050,jazz,5,-9.371600151062012,-31.302040100097656
full_noisy_z_t,541,jazz__jazz.00059,jazz,5,41.968589782714844,5.511805057525635
full_noisy_z_t,542,jazz__jazz.00059,jazz,5,-25.705883026123047,4.322037696838379
full_noisy_z_t,543,jazz__jazz.00060,jazz,5,45.449180603027344,4.767998218536377
full_noisy_z_t,544,jazz__jazz.00060,jazz,5,46.835350036621094,5.8688249588012695
full_noisy_z_t,545,jazz__jazz.00060,jazz,5,51.88495635986328,4.021320343017578
full_noisy_z_t,546,jazz__jazz.00060,jazz,5,47.7457389831543,4.527426242828369
full_noisy_z_t,547,jazz__jazz.00060,jazz,5,40.7557487487793,5.03031063079834
full_noisy_z_t,548,jazz__jazz.00060,jazz,5,46.69629669189453,6.495937824249268
full_noisy_z_t,549,jazz__jazz.00071,jazz,5,44.154205322265625,6.667294979095459
full_noisy_z_t,550,jazz__jazz.00071,jazz,5,46.37256622314453,5.315310001373291
full_noisy_z_t,551,jazz__jazz.00071,jazz,5,44.438270568847656,8.129762649536133
full_noisy_z_t,552,jazz__jazz.00071,jazz,5,41.68000411987305,8.589570999145508
full_noisy_z_t,553,jazz__jazz.00071,jazz,5,45.28572463989258,2.862460136413574
full_noisy_z_t,554,jazz__jazz.00071,jazz,5,44.11260986328125,5.263484477996826
full_noisy_z_t,555,jazz__jazz.00071,jazz,5,44.21316909790039,1.7079994678497314
full_noisy_z_t,556,jazz__jazz.00081,jazz,5,16.516403198242188,-3.460829734802246
full_noisy_z_t,557,jazz__jazz.00081,jazz,5,16.163576126098633,-4.521569728851318
full_noisy_z_t,558,jazz__jazz.00081,jazz,5,17.23503875732422,-4.111550807952881
full_noisy_z_t,559,jazz__jazz.00081,jazz,5,17.612560272216797,-3.419894218444824
full_noisy_z_t,560,jazz__jazz.00081,jazz,5,3.428983688354492,-4.864809989929199
full_noisy_z_t,561,jazz__jazz.00081,jazz,5,40.806480407714844,2.5207056999206543
full_noisy_z_t,562,jazz__jazz.00081,jazz,5,48.756771087646484,13.063765525817871
full_noisy_z_t,563,jazz__jazz.00081,jazz,5,18.46379280090332,-4.655216217041016
full_noisy_z_t,564,jazz__jazz.00081,jazz,5,18.51883888244629,-4.1755499839782715
full_noisy_z_t,565,jazz__jazz.00084,jazz,5,43.57526397705078,4.240582466125488
full_noisy_z_t,566,jazz__jazz.00084,jazz,5,46.117183685302734,7.438148021697998
full_noisy_z_t,567,jazz__jazz.00084,jazz,5,42.84844970703125,3.2558369636535645
full_noisy_z_t,568,jazz__jazz.00084,jazz,5,40.85677719116211,3.717090129852295
full_noisy_z_t,569,jazz__jazz.00084,jazz,5,39.84444046020508,4.320456027984619
full_noisy_z_t,570,jazz__jazz.00084,jazz,5,47.45376205444336,5.259712219238281
full_noisy_z_t,571,jazz__jazz.00084,jazz,5,48.01237106323242,3.7935690879821777
full_noisy_z_t,572,jazz__jazz.00084,jazz,5,46.711936950683594,3.615161895751953
full_noisy_z_t,573,jazz__jazz.00086,jazz,5,44.744686126708984,11.462092399597168
full_noisy_z_t,574,jazz__jazz.00086,jazz,5,44.3685302734375,7.4593939781188965
full_noisy_z_t,575,jazz__jazz.00086,jazz,5,46.00678253173828,6.441930770874023
full_noisy_z_t,576,jazz__jazz.00086,jazz,5,45.41666793823242,9.27621841430664
full_noisy_z_t,577,jazz__jazz.00086,jazz,5,44.856021881103516,4.016074180603027
full_noisy_z_t,578,jazz__jazz.00091,jazz,5,45.94109344482422,3.3068630695343018
full_noisy_z_t,579,jazz__jazz.00091,jazz,5,47.568424224853516,0.9005330204963684
full_noisy_z_t,580,jazz__jazz.00092,jazz,5,42.494468688964844,12.173615455627441
full_noisy_z_t,581,jazz__jazz.00092,jazz,5,46.01148986816406,4.340640544891357
full_noisy_z_t,582,jazz__jazz.00092,jazz,5,43.16714096069336,5.486286163330078
full_noisy_z_t,583,jazz__jazz.00092,jazz,5,45.97536849975586,1.5380839109420776
full_noisy_z_t,584,jazz__jazz.00092,jazz,5,44.996726989746094,5.2994866371154785
full_noisy_z_t,585,jazz__jazz.00092,jazz,5,39.34443283081055,8.195063591003418
full_noisy_z_t,586,jazz__jazz.00092,jazz,5,47.523624420166016,0.892895519733429
full_noisy_z_t,587,jazz__jazz.00096,jazz,5,47.47856140136719,2.9213223457336426
full_noisy_z_t,588,jazz__jazz.00096,jazz,5,42.92100524902344,2.342756748199463
full_noisy_z_t,589,jazz__jazz.00096,jazz,5,43.825199127197266,2.948636531829834
full_noisy_z_t,590,jazz__jazz.00096,jazz,5,42.57973861694336,5.322460174560547
full_noisy_z_t,591,jazz__jazz.00096,jazz,5,44.07589340209961,10.578628540039062
full_noisy_z_t,592,jazz__jazz.00096,jazz,5,44.934146881103516,6.615907669067383
full_noisy_z_t,593,jazz__jazz.00096,jazz,5,41.246604919433594,10.65665054321289
full_noisy_z_t,594,jazz__jazz.00096,jazz,5,42.58045959472656,8.072922706604004
full_noisy_z_t,595,jazz__jazz.00096,jazz,5,41.46463394165039,4.693862438201904
full_noisy_z_t,596,jazz__jazz.00096,jazz,5,39.40662384033203,5.994178295135498
full_noisy_z_t,597,jazz__jazz.00099,jazz,5,45.88457107543945,5.686926364898682
full_noisy_z_t,598,jazz__jazz.00099,jazz,5,45.259647369384766,10.502569198608398
full_noisy_z_t,599,jazz__jazz.00099,jazz,5,43.41542053222656,7.036454677581787
full_noisy_z_t,600,metal__metal.00002,metal,6,6.567134857177734,-34.31913375854492
full_noisy_z_t,601,metal__metal.00002,metal,6,6.594897270202637,-32.99317932128906
full_noisy_z_t,602,metal__metal.00002,metal,6,7.693966388702393,-39.20285415649414
full_noisy_z_t,603,metal__metal.00002,metal,6,6.803410053253174,-36.86216354370117
full_noisy_z_t,604,metal__metal.00002,metal,6,2.9018936157226562,-38.65481948852539
full_noisy_z_t,605,metal__metal.00002,metal,6,6.5853118896484375,-35.95399475097656
full_noisy_z_t,606,metal__metal.00002,metal,6,2.220503807067871,-41.15899658203125
full_noisy_z_t,607,metal__metal.00002,metal,6,1.3026186227798462,-34.90964889526367
full_noisy_z_t,608,metal__metal.00002,metal,6,-2.339966297149658,-35.18907928466797
full_noisy_z_t,609,metal__metal.00004,metal,6,0.27112215757369995,-43.15720748901367
full_noisy_z_t,610,metal__metal.00004,metal,6,2.346428155899048,-39.84202575683594
full_noisy_z_t,611,metal__metal.00004,metal,6,2.41202449798584,-42.43252944946289
full_noisy_z_t,612,metal__metal.00004,metal,6,0.7603662610054016,-40.459266662597656
full_noisy_z_t,613,metal__metal.00004,metal,6,6.224448204040527,-41.8415641784668
full_noisy_z_t,614,metal__metal.00004,metal,6,-0.4279298484325409,-43.82468795776367
full_noisy_z_t,615,metal__metal.00004,metal,6,0.8213228583335876,-43.985565185546875
full_noisy_z_t,616,metal__metal.00012,metal,6,-1.3916350603103638,-40.305110931396484
full_noisy_z_t,617,metal__metal.00012,metal,6,1.7938313484191895,-45.46559143066406
full_noisy_z_t,618,metal__metal.00012,metal,6,0.5561696290969849,-44.58641815185547
full_noisy_z_t,619,metal__metal.00012,metal,6,5.20714807510376,-37.585147857666016
full_noisy_z_t,620,metal__metal.00012,metal,6,1.8053216934204102,-38.953369140625
full_noisy_z_t,621,metal__metal.00012,metal,6,3.140528678894043,-36.280181884765625
full_noisy_z_t,622,metal__metal.00012,metal,6,3.210322380065918,-40.77200698852539
full_noisy_z_t,623,metal__metal.00012,metal,6,1.7584632635116577,-37.789337158203125
full_noisy_z_t,624,metal__metal.00022,metal,6,5.622501850128174,-31.080322265625
full_noisy_z_t,625,metal__metal.00022,metal,6,11.263999938964844,-36.728759765625
full_noisy_z_t,626,metal__metal.00022,metal,6,5.899754524230957,-16.404443740844727
full_noisy_z_t,627,metal__metal.00022,metal,6,1.9605556726455688,-16.281755447387695
full_noisy_z_t,628,metal__metal.00022,metal,6,3.721374273300171,-15.548426628112793
full_noisy_z_t,629,metal__metal.00022,metal,6,3.364074468612671,48.20443344116211
full_noisy_z_t,630,metal__metal.00022,metal,6,3.423293352127075,-16.408117294311523
full_noisy_z_t,631,metal__metal.00022,metal,6,2.967353343963623,-16.621421813964844
full_noisy_z_t,632,metal__metal.00024,metal,6,3.4626729488372803,-35.39142990112305
full_noisy_z_t,633,metal__metal.00024,metal,6,4.400269985198975,-35.44729232788086
full_noisy_z_t,634,metal__metal.00024,metal,6,3.2754340171813965,-37.051918029785156
full_noisy_z_t,635,metal__metal.00024,metal,6,2.870802164077759,-39.520469665527344
full_noisy_z_t,636,metal__metal.00024,metal,6,3.5279695987701416,-37.66523742675781
full_noisy_z_t,637,metal__metal.00024,metal,6,7.3108229637146,-36.263824462890625
full_noisy_z_t,638,metal__metal.00024,metal,6,3.9178662300109863,-36.25577926635742
full_noisy_z_t,639,metal__metal.00024,metal,6,-1.2122077941894531,-37.805625915527344
full_noisy_z_t,640,metal__metal.00030,metal,6,8.36081600189209,-13.498967170715332
full_noisy_z_t,641,metal__metal.00030,metal,6,-7.631218433380127,-32.56716537475586
full_noisy_z_t,642,metal__metal.00030,metal,6,-5.464365005493164,-31.67990493774414
full_noisy_z_t,643,metal__metal.00030,metal,6,-6.401450157165527,-34.136146545410156
full_noisy_z_t,644,metal__metal.00030,metal,6,-6.401397705078125,-33.301185607910156
full_noisy_z_t,645,metal__metal.00049,metal,6,4.170975208282471,-41.930477142333984
full_noisy_z_t,646,metal__metal.00049,metal,6,5.258176803588867,-35.46146774291992
full_noisy_z_t,647,metal__metal.00049,metal,6,4.6012163162231445,-36.54920959472656
full_noisy_z_t,648,metal__metal.00049,metal,6,5.288366317749023,-36.876251220703125
full_noisy_z_t,649,metal__metal.00049,metal,6,2.4889087677001953,-34.895355224609375
full_noisy_z_t,650,metal__metal.00049,metal,6,8.145855903625488,-37.608802795410156
full_noisy_z_t,651,metal__metal.00049,metal,6,1.8546348810195923,-36.15916442871094
full_noisy_z_t,652,metal__metal.00049,metal,6,1.199494481086731,-34.93341064453125
full_noisy_z_t,653,metal__metal.00049,metal,6,5.235346794128418,-36.06678771972656
full_noisy_z_t,654,metal__metal.00051,metal,6,-5.306756973266602,-36.091670989990234
full_noisy_z_t,655,metal__metal.00051,metal,6,-4.458890438079834,-34.255435943603516
full_noisy_z_t,656,metal__metal.00051,metal,6,2.1550257205963135,-40.49671936035156
full_noisy_z_t,657,metal__metal.00051,metal,6,5.289066791534424,-41.28538131713867
full_noisy_z_t,658,metal__metal.00051,metal,6,2.2937164306640625,-36.952674865722656
full_noisy_z_t,659,metal__metal.00051,metal,6,2.1190266609191895,-42.548179626464844
full_noisy_z_t,660,metal__metal.00051,metal,6,2.4774556159973145,-37.97892761230469
full_noisy_z_t,661,metal__metal.00051,metal,6,4.00956916809082,-38.019691467285156
full_noisy_z_t,662,metal__metal.00052,metal,6,1.3616015911102295,-38.533782958984375
full_noisy_z_t,663,metal__metal.00052,metal,6,3.222001314163208,-40.17906188964844
full_noisy_z_t,664,metal__metal.00052,metal,6,3.0613045692443848,-41.68511962890625
full_noisy_z_t,665,metal__metal.00052,metal,6,1.7406827211380005,-43.2726936340332
full_noisy_z_t,666,metal__metal.00052,metal,6,1.6776996850967407,-44.248130798339844
full_noisy_z_t,667,metal__metal.00056,metal,6,0.4866464138031006,-36.683753967285156
full_noisy_z_t,668,metal__metal.00056,metal,6,3.491772174835205,-38.678794860839844
full_noisy_z_t,669,metal__metal.00056,metal,6,2.3880538940429688,-36.45924758911133
full_noisy_z_t,670,metal__metal.00056,metal,6,8.272520065307617,-36.271297454833984
full_noisy_z_t,671,metal__metal.00056,metal,6,6.054629802703857,-35.87763977050781
full_noisy_z_t,672,metal__metal.00056,metal,6,6.153473854064941,-35.12252426147461
full_noisy_z_t,673,metal__metal.00069,metal,6,7.194433689117432,-32.562461853027344
full_noisy_z_t,674,metal__metal.00069,metal,6,7.31756067276001,-37.787532806396484
full_noisy_z_t,675,metal__metal.00069,metal,6,-15.115218162536621,10.031394958496094
full_noisy_z_t,676,metal__metal.00069,metal,6,-16.752286911010742,18.885055541992188
full_noisy_z_t,677,metal__metal.00069,metal,6,-5.697956085205078,-31.946701049804688
full_noisy_z_t,678,metal__metal.00069,metal,6,-1.2579694986343384,-41.84040832519531
full_noisy_z_t,679,metal__metal.00069,metal,6,6.010340213775635,-15.176655769348145
full_noisy_z_t,680,metal__metal.00091,metal,6,4.577376842498779,-10.708327293395996
full_noisy_z_t,681,metal__metal.00091,metal,6,6.231231212615967,-11.602469444274902
full_noisy_z_t,682,metal__metal.00091,metal,6,1.4892789125442505,43.160980224609375
full_noisy_z_t,683,metal__metal.00091,metal,6,3.696751356124878,-0.5667173862457275
full_noisy_z_t,684,metal__metal.00091,metal,6,6.482120990753174,1.4680362939834595
full_noisy_z_t,685,metal__metal.00091,metal,6,4.630808353424072,1.0765695571899414
full_noisy_z_t,686,metal__metal.00092,metal,6,-18.299442291259766,-25.40441131591797
full_noisy_z_t,687,metal__metal.00092,metal,6,-6.762000560760498,-30.00811767578125
full_noisy_z_t,688,metal__metal.00092,metal,6,2.8212335109710693,-10.562520027160645
full_noisy_z_t,689,metal__metal.00092,metal,6,7.069244384765625,-17.106956481933594
full_noisy_z_t,690,metal__metal.00092,metal,6,3.676219940185547,-33.349266052246094
full_noisy_z_t,691,metal__metal.00092,metal,6,1.100461721420288,-39.72994613647461
full_noisy_z_t,692,metal__metal.00096,metal,6,0.43349653482437134,-38.75923156738281
full_noisy_z_t,693,metal__metal.00096,metal,6,-1.446414828300476,-39.4216423034668
full_noisy_z_t,694,metal__metal.00097,metal,6,-6.64320182800293,41.39322280883789
full_noisy_z_t,695,metal__metal.00097,metal,6,0.6370875239372253,43.062034606933594
full_noisy_z_t,696,metal__metal.00097,metal,6,1.7772287130355835,-41.68975067138672
full_noisy_z_t,697,metal__metal.00097,metal,6,0.5198371410369873,-40.78106689453125
full_noisy_z_t,698,metal__metal.00097,metal,6,1.0961133241653442,-42.25233459472656
full_noisy_z_t,699,metal__metal.00097,metal,6,0.32493966817855835,-41.34159851074219
full_noisy_z_t,700,pop__pop.00003,pop,7,-45.94337463378906,1.82365882396698
full_noisy_z_t,701,pop__pop.00003,pop,7,-39.364986419677734,6.563610553741455
full_noisy_z_t,702,pop__pop.00003,pop,7,-37.78324508666992,9.526349067687988
full_noisy_z_t,703,pop__pop.00003,pop,7,-29.581707000732422,9.834158897399902
full_noisy_z_t,704,pop__pop.00003,pop,7,-44.74083709716797,3.7204349040985107
full_noisy_z_t,705,pop__pop.00003,pop,7,-43.92129135131836,4.103255271911621
full_noisy_z_t,706,pop__pop.00003,pop,7,-20.887182235717773,-4.5877580642700195
full_noisy_z_t,707,pop__pop.00007,pop,7,-3.0291411876678467,17.40788459777832
full_noisy_z_t,708,pop__pop.00007,pop,7,-2.950385093688965,17.926639556884766
full_noisy_z_t,709,pop__pop.00007,pop,7,-41.77552795410156,-0.4139745831489563
full_noisy_z_t,710,pop__pop.00007,pop,7,4.635322093963623,-6.006024360656738
full_noisy_z_t,711,pop__pop.00007,pop,7,7.281411170959473,-6.605605602264404
full_noisy_z_t,712,pop__pop.00007,pop,7,11.153021812438965,24.50843048095703
full_noisy_z_t,713,pop__pop.00007,pop,7,10.574719429016113,18.356637954711914
full_noisy_z_t,714,pop__pop.00007,pop,7,12.043566703796387,26.519363403320312
full_noisy_z_t,715,pop__pop.00015,pop,7,-48.958648681640625,-4.322033405303955
full_noisy_z_t,716,pop__pop.00015,pop,7,-45.303035736083984,3.409867763519287
full_noisy_z_t,717,pop__pop.00015,pop,7,-47.52301025390625,0.9502508640289307
full_noisy_z_t,718,pop__pop.00015,pop,7,-48.87849807739258,3.582080364227295
full_noisy_z_t,719,pop__pop.00015,pop,7,-47.791221618652344,3.2762656211853027
full_noisy_z_t,720,pop__pop.00015,pop,7,-49.66297149658203,0.5748997330665588
full_noisy_z_t,721,pop__pop.00021,pop,7,-41.417694091796875,-2.609494686126709
full_noisy_z_t,722,pop__pop.00021,pop,7,-46.92475891113281,1.5159626007080078
full_noisy_z_t,723,pop__pop.00021,pop,7,-49.05781173706055,1.9402767419815063
full_noisy_z_t,724,pop__pop.00021,pop,7,-45.20481491088867,0.7170564532279968
full_noisy_z_t,725,pop__pop.00021,pop,7,-45.63808822631836,1.4933909177780151
full_noisy_z_t,726,pop__pop.00021,pop,7,-48.76334762573242,4.453825950622559
full_noisy_z_t,727,pop__pop.00021,pop,7,-48.17511749267578,1.5438483953475952
full_noisy_z_t,728,pop__pop.00021,pop,7,-46.96819305419922,2.2360596656799316
full_noisy_z_t,729,pop__pop.00028,pop,7,-47.494327545166016,-4.4228081703186035
full_noisy_z_t,730,pop__pop.00028,pop,7,-48.49654006958008,-1.775621771812439
full_noisy_z_t,731,pop__pop.00028,pop,7,-48.07049560546875,-3.5455517768859863
full_noisy_z_t,732,pop__pop.00028,pop,7,-46.825218200683594,5.323974132537842
full_noisy_z_t,733,pop__pop.00028,pop,7,-49.05536651611328,-0.048021622002124786
full_noisy_z_t,734,pop__pop.00028,pop,7,-49.14626693725586,-1.3265513181686401
full_noisy_z_t,735,pop__pop.00029,pop,7,-41.482872009277344,7.50459098815918
full_noisy_z_t,736,pop__pop.00029,pop,7,-48.400047302246094,2.8209898471832275
full_noisy_z_t,737,pop__pop.00029,pop,7,-26.670936584472656,12.589731216430664
full_noisy_z_t,738,pop__pop.00029,pop,7,-40.1592903137207,6.808577537536621
full_noisy_z_t,739,pop__pop.00029,pop,7,-40.58208465576172,6.254334926605225
full_noisy_z_t,740,pop__pop.00029,pop,7,-46.597755432128906,2.9700076580047607
full_noisy_z_t,741,pop__pop.00029,pop,7,-42.4471435546875,6.120263576507568
full_noisy_z_t,742,pop__pop.00029,pop,7,-47.87865447998047,5.725883960723877
full_noisy_z_t,743,pop__pop.00033,pop,7,-44.52772521972656,-3.079611301422119
full_noisy_z_t,744,pop__pop.00033,pop,7,-47.367340087890625,-5.989520072937012
full_noisy_z_t,745,pop__pop.00033,pop,7,-30.53318214416504,-24.483850479125977
full_noisy_z_t,746,pop__pop.00033,pop,7,-47.90296173095703,-9.991671562194824
full_noisy_z_t,747,pop__pop.00033,pop,7,-46.70278549194336,-10.301738739013672
full_noisy_z_t,748,pop__pop.00033,pop,7,-33.09386444091797,-29.35332679748535
full_noisy_z_t,749,pop__pop.00033,pop,7,-50.564090728759766,-9.287070274353027
full_noisy_z_t,750,pop__pop.00033,pop,7,-49.66566467285156,-8.925384521484375
full_noisy_z_t,751,pop__pop.00034,pop,7,-48.44397735595703,-6.033641815185547
full_noisy_z_t,752,pop__pop.00034,pop,7,-46.29108810424805,-0.725968062877655
full_noisy_z_t,753,pop__pop.00034,pop,7,-41.39298629760742,-2.610346555709839
full_noisy_z_t,754,pop__pop.00034,pop,7,-46.17137145996094,0.5871662497520447
full_noisy_z_t,755,pop__pop.00034,pop,7,-49.955753326416016,-1.294236183166504
full_noisy_z_t,756,pop__pop.00034,pop,7,-48.027870178222656,-0.3454192876815796
full_noisy_z_t,757,pop__pop.00034,pop,7,-49.71923828125,4.160527229309082
full_noisy_z_t,758,pop__pop.00035,pop,7,-48.510406494140625,0.6770093441009521
full_noisy_z_t,759,pop__pop.00035,pop,7,-45.71772766113281,2.893254518508911
full_noisy_z_t,760,pop__pop.00035,pop,7,-47.50885772705078,0.2926092743873596
full_noisy_z_t,761,pop__pop.00035,pop,7,-49.180877685546875,2.797921895980835
full_noisy_z_t,762,pop__pop.00035,pop,7,-46.696781158447266,0.31713175773620605
full_noisy_z_t,763,pop__pop.00038,pop,7,-34.1790657043457,-26.75088119506836
full_noisy_z_t,764,pop__pop.00038,pop,7,-49.24674987792969,-2.448319911956787
full_noisy_z_t,765,pop__pop.00038,pop,7,-47.720848083496094,2.2868666648864746
full_noisy_z_t,766,pop__pop.00038,pop,7,-50.899166107177734,-3.5439586639404297
full_noisy_z_t,767,pop__pop.00039,pop,7,-44.68661117553711,1.2705179452896118
full_noisy_z_t,768,pop__pop.00039,pop,7,-47.66461181640625,4.088509559631348
full_noisy_z_t,769,pop__pop.00039,pop,7,-49.76427459716797,5.698724269866943
full_noisy_z_t,770,pop__pop.00039,pop,7,-43.91897201538086,2.588578462600708
full_noisy_z_t,771,pop__pop.00039,pop,7,-47.99676513671875,-1.1869659423828125
full_noisy_z_t,772,pop__pop.00039,pop,7,-51.36375045776367,5.470458984375
full_noisy_z_t,773,pop__pop.00039,pop,7,-47.29296112060547,-0.2562698721885681
full_noisy_z_t,774,pop__pop.00039,pop,7,-50.2328987121582,4.8846211433410645
full_noisy_z_t,775,pop__pop.00045,pop,7,-40.200435638427734,-29.09395408630371
full_noisy_z_t,776,pop__pop.00045,pop,7,-50.56538391113281,-5.520001411437988
full_noisy_z_t,777,pop__pop.00045,pop,7,-39.70143127441406,7.909887313842773
full_noisy_z_t,778,pop__pop.00045,pop,7,-26.283510208129883,11.21159839630127
full_noisy_z_t,779,pop__pop.00045,pop,7,-43.08205795288086,4.469487190246582
full_noisy_z_t,780,pop__pop.00049,pop,7,-38.9214973449707,8.875947952270508
full_noisy_z_t,781,pop__pop.00049,pop,7,-43.51294708251953,6.987442493438721
full_noisy_z_t,782,pop__pop.00049,pop,7,-44.79646301269531,0.554129421710968
full_noisy_z_t,783,pop__pop.00049,pop,7,-48.625160217285156,5.3558197021484375
full_noisy_z_t,784,pop__pop.00049,pop,7,-45.66924285888672,4.507779121398926
full_noisy_z_t,785,pop__pop.00049,pop,7,-44.68408203125,2.354306221008301
full_noisy_z_t,786,pop__pop.00049,pop,7,-47.02399444580078,-1.2334944009780884
full_noisy_z_t,787,pop__pop.00079,pop,7,-5.599316596984863,41.70973205566406
full_noisy_z_t,788,pop__pop.00079,pop,7,8.976147651672363,51.52870178222656
full_noisy_z_t,789,pop__pop.00079,pop,7,-8.028908729553223,10.879936218261719
full_noisy_z_t,790,pop__pop.00079,pop,7,10.770055770874023,1.5577055215835571
full_noisy_z_t,791,pop__pop.00081,pop,7,-3.1603915691375732,20.000160217285156
full_noisy_z_t,792,pop__pop.00081,pop,7,-14.124794960021973,16.251394271850586
full_noisy_z_t,793,pop__pop.00081,pop,7,-16.152795791625977,14.217513084411621
full_noisy_z_t,794,pop__pop.00081,pop,7,-16.787687301635742,14.530061721801758
full_noisy_z_t,795,pop__pop.00081,pop,7,-6.332181453704834,11.002257347106934
full_noisy_z_t,796,pop__pop.00081,pop,7,-3.709669351577759,19.121707916259766
full_noisy_z_t,797,pop__pop.00081,pop,7,-12.649136543273926,16.348360061645508
full_noisy_z_t,798,pop__pop.00081,pop,7,-4.929340362548828,20.306461334228516
full_noisy_z_t,799,pop__pop.00081,pop,7,-14.169017791748047,14.602006912231445
full_noisy_z_t,800,reggae__reggae.00029,reggae,8,-15.37294864654541,14.554561614990234
full_noisy_z_t,801,reggae__reggae.00029,reggae,8,-19.57657241821289,12.530843734741211
full_noisy_z_t,802,reggae__reggae.00029,reggae,8,-24.386716842651367,13.254021644592285
full_noisy_z_t,803,reggae__reggae.00029,reggae,8,-17.587949752807617,15.139533042907715
full_noisy_z_t,804,reggae__reggae.00029,reggae,8,-20.999303817749023,12.874475479125977
full_noisy_z_t,805,reggae__reggae.00029,reggae,8,-22.567907333374023,14.372601509094238
full_noisy_z_t,806,reggae__reggae.00029,reggae,8,-15.942713737487793,14.87765884399414
full_noisy_z_t,807,reggae__reggae.00029,reggae,8,-17.785444259643555,19.823415756225586
full_noisy_z_t,808,reggae__reggae.00029,reggae,8,-16.91802215576172,15.756024360656738
full_noisy_z_t,809,reggae__reggae.00029,reggae,8,-20.468608856201172,16.39537811279297
full_noisy_z_t,810,reggae__reggae.00034,reggae,8,-22.211563110351562,11.309195518493652
full_noisy_z_t,811,reggae__reggae.00034,reggae,8,-17.7515926361084,11.4342041015625
full_noisy_z_t,812,reggae__reggae.00034,reggae,8,-19.12196159362793,8.978058815002441
full_noisy_z_t,813,reggae__reggae.00034,reggae,8,-19.741724014282227,15.085168838500977
full_noisy_z_t,814,reggae__reggae.00034,reggae,8,-18.43019676208496,11.799803733825684
full_noisy_z_t,815,reggae__reggae.00034,reggae,8,-21.212032318115234,15.179224967956543
full_noisy_z_t,816,reggae__reggae.00034,reggae,8,-21.24884605407715,16.929405212402344
full_noisy_z_t,817,reggae__reggae.00034,reggae,8,-19.225767135620117,9.212648391723633
full_noisy_z_t,818,reggae__reggae.00035,reggae,8,-19.16684341430664,15.270026206970215
full_noisy_z_t,819,reggae__reggae.00035,reggae,8,-17.123180389404297,13.194541931152344
full_noisy_z_t,820,reggae__reggae.00035,reggae,8,-22.626558303833008,13.59309196472168
full_noisy_z_t,821,reggae__reggae.00035,reggae,8,-19.468767166137695,16.318998336791992
full_noisy_z_t,822,reggae__reggae.00035,reggae,8,-19.806739807128906,13.908794403076172
full_noisy_z_t,823,reggae__reggae.00035,reggae,8,-18.777816772460938,14.187044143676758
full_noisy_z_t,824,reggae__reggae.00035,reggae,8,-20.866500854492188,12.01766300201416
full_noisy_z_t,825,reggae__reggae.00040,reggae,8,10.008872985839844,-0.6030460000038147
full_noisy_z_t,826,reggae__reggae.00040,reggae,8,6.719481468200684,-9.539437294006348
full_noisy_z_t,827,reggae__reggae.00040,reggae,8,5.43231201171875,-13.307902336120605
full_noisy_z_t,828,reggae__reggae.00040,reggae,8,6.826966285705566,-12.444551467895508
full_noisy_z_t,829,reggae__reggae.00040,reggae,8,5.520734786987305,-14.218716621398926
full_noisy_z_t,830,reggae__reggae.00040,reggae,8,6.755287170410156,-13.334248542785645
full_noisy_z_t,831,reggae__reggae.00040,reggae,8,11.669294357299805,5.089455604553223
full_noisy_z_t,832,reggae__reggae.00040,reggae,8,-23.92174530029297,8.224470138549805
full_noisy_z_t,833,reggae__reggae.00047,reggae,8,-17.6568603515625,14.311607360839844
full_noisy_z_t,834,reggae__reggae.00047,reggae,8,-17.348094940185547,16.27347183227539
full_noisy_z_t,835,reggae__reggae.00047,reggae,8,-15.731498718261719,13.460420608520508
full_noisy_z_t,836,reggae__reggae.00047,reggae,8,-18.246871948242188,15.536506652832031
full_noisy_z_t,837,reggae__reggae.00047,reggae,8,-21.779953002929688,12.457347869873047
full_noisy_z_t,838,reggae__reggae.00049,reggae,8,-13.873748779296875,12.845955848693848
full_noisy_z_t,839,reggae__reggae.00049,reggae,8,-36.132511138916016,9.044222831726074
full_noisy_z_t,840,reggae__reggae.00049,reggae,8,-12.119026184082031,12.118562698364258
full_noisy_z_t,841,reggae__reggae.00049,reggae,8,-11.706731796264648,-3.805901527404785
full_noisy_z_t,842,reggae__reggae.00049,reggae,8,-8.799962997436523,9.13879108428955
full_noisy_z_t,843,reggae__reggae.00049,reggae,8,-10.518189430236816,-5.939669132232666
full_noisy_z_t,844,reggae__reggae.00049,reggae,8,-10.275567054748535,-6.659011363983154
full_noisy_z_t,845,reggae__reggae.00062,reggae,8,-19.952898025512695,17.64452362060547
full_noisy_z_t,846,reggae__reggae.00062,reggae,8,-20.466793060302734,18.629817962646484
full_noisy_z_t,847,reggae__reggae.00062,reggae,8,-22.882017135620117,15.53393268585205
full_noisy_z_t,848,reggae__reggae.00062,reggae,8,-21.698974609375,14.649831771850586
full_noisy_z_t,849,reggae__reggae.00062,reggae,8,-20.474401473999023,15.284346580505371
full_noisy_z_t,850,reggae__reggae.00062,reggae,8,-22.17754364013672,15.488499641418457
full_noisy_z_t,851,reggae__reggae.00062,reggae,8,-19.333349227905273,13.428466796875
full_noisy_z_t,852,reggae__reggae.00062,reggae,8,-18.81235694885254,17.15630531311035
full_noisy_z_t,853,reggae__reggae.00062,reggae,8,-17.998477935791016,13.555009841918945
full_noisy_z_t,854,reggae__reggae.00064,reggae,8,-22.909574508666992,10.703454971313477
full_noisy_z_t,855,reggae__reggae.00064,reggae,8,-16.22975730895996,16.277542114257812
full_noisy_z_t,856,reggae__reggae.00064,reggae,8,-18.690134048461914,18.786752700805664
full_noisy_z_t,857,reggae__reggae.00064,reggae,8,-15.545981407165527,18.232437133789062
full_noisy_z_t,858,reggae__reggae.00064,reggae,8,-38.39716339111328,7.71991491317749
full_noisy_z_t,859,reggae__reggae.00064,reggae,8,-40.615692138671875,7.301177024841309
full_noisy_z_t,860,reggae__reggae.00065,reggae,8,-38.70405578613281,-27.769681930541992
full_noisy_z_t,861,reggae__reggae.00065,reggae,8,-25.03062629699707,8.450925827026367
full_noisy_z_t,862,reggae__reggae.00065,reggae,8,-21.93817710876465,-25.985000610351562
full_noisy_z_t,863,reggae__reggae.00065,reggae,8,-19.488849639892578,7.1664838790893555
full_noisy_z_t,864,reggae__reggae.00065,reggae,8,-19.95953369140625,-3.7581281661987305
full_noisy_z_t,865,reggae__reggae.00065,reggae,8,-27.520709991455078,8.126605987548828
full_noisy_z_t,866,reggae__reggae.00065,reggae,8,-26.529315948486328,8.353642463684082
full_noisy_z_t,867,reggae__reggae.00065,reggae,8,-27.441120147705078,7.949525356292725
full_noisy_z_t,868,reggae__reggae.00071,reggae,8,-24.34612274169922,11.73621940612793
full_noisy_z_t,869,reggae__reggae.00071,reggae,8,-17.119150161743164,17.329978942871094
full_noisy_z_t,870,reggae__reggae.00071,reggae,8,-20.410680770874023,12.907661437988281
full_noisy_z_t,871,reggae__reggae.00071,reggae,8,-24.114633560180664,14.794092178344727
full_noisy_z_t,872,reggae__reggae.00076,reggae,8,-34.646121978759766,-27.33676528930664
full_noisy_z_t,873,reggae__reggae.00076,reggae,8,-27.290212631225586,-28.149633407592773
full_noisy_z_t,874,reggae__reggae.00076,reggae,8,-34.8952522277832,-24.63140106201172
full_noisy_z_t,875,reggae__reggae.00076,reggae,8,-51.871177673339844,-6.2415056228637695
full_noisy_z_t,876,reggae__reggae.00076,reggae,8,-49.52942657470703,-5.950342178344727
full_noisy_z_t,877,reggae__reggae.00090,reggae,8,-19.177814483642578,10.972412109375
full_noisy_z_t,878,reggae__reggae.00090,reggae,8,-20.713115692138672,14.024267196655273
full_noisy_z_t,879,reggae__reggae.00090,reggae,8,-25.440940856933594,12.474332809448242
full_noisy_z_t,880,reggae__reggae.00090,reggae,8,-26.242639541625977,13.783005714416504
full_noisy_z_t,881,reggae__reggae.00090,reggae,8,-23.540477752685547,13.859437942504883
full_noisy_z_t,882,reggae__reggae.00090,reggae,8,-21.629196166992188,13.716983795166016
full_noisy_z_t,883,reggae__reggae.00090,reggae,8,-21.569204330444336,16.24637794494629
full_noisy_z_t,884,reggae__reggae.00091,reggae,8,-22.719411849975586,12.453393936157227
full_noisy_z_t,885,reggae__reggae.00091,reggae,8,-16.609407424926758,11.966567039489746
full_noisy_z_t,886,reggae__reggae.00091,reggae,8,-20.812829971313477,9.490224838256836
full_noisy_z_t,887,reggae__reggae.00091,reggae,8,-15.079126358032227,16.153284072875977
full_noisy_z_t,888,reggae__reggae.00091,reggae,8,-15.674786567687988,15.668542861938477
full_noisy_z_t,889,reggae__reggae.00092,reggae,8,-21.367923736572266,10.996267318725586
full_noisy_z_t,890,reggae__reggae.00092,reggae,8,-19.905214309692383,11.910680770874023
full_noisy_z_t,891,reggae__reggae.00092,reggae,8,-24.202470779418945,9.861659049987793
full_noisy_z_t,892,reggae__reggae.00092,reggae,8,-22.479799270629883,9.262235641479492
full_noisy_z_t,893,reggae__reggae.00092,reggae,8,-18.012998580932617,17.778539657592773
full_noisy_z_t,894,reggae__reggae.00092,reggae,8,-18.17313003540039,16.517160415649414
full_noisy_z_t,895,reggae__reggae.00092,reggae,8,-20.189533233642578,10.729392051696777
full_noisy_z_t,896,reggae__reggae.00092,reggae,8,-18.600444793701172,12.892548561096191
full_noisy_z_t,897,reggae__reggae.00092,reggae,8,-20.501068115234375,8.020101547241211
full_noisy_z_t,898,reggae__reggae.00092,reggae,8,-23.152067184448242,11.888023376464844
full_noisy_z_t,899,reggae__reggae.00092,reggae,8,-19.677274703979492,17.994319915771484
full_noisy_z_t,900,rock__rock.00000,rock,9,-5.073165416717529,-33.00026321411133
full_noisy_z_t,901,rock__rock.00000,rock,9,0.35869643092155457,-36.14921188354492
full_noisy_z_t,902,rock__rock.00000,rock,9,4.744347095489502,-16.065292358398438
full_noisy_z_t,903,rock__rock.00000,rock,9,-5.369877338409424,12.29326057434082
full_noisy_z_t,904,rock__rock.00000,rock,9,8.168092727661133,2.2889251708984375
full_noisy_z_t,905,rock__rock.00000,rock,9,11.536999702453613,-7.3462090492248535
full_noisy_z_t,906,rock__rock.00000,rock,9,9.187602043151855,-5.5123701095581055
full_noisy_z_t,907,rock__rock.00000,rock,9,8.576155662536621,-9.107638359069824
full_noisy_z_t,908,rock__rock.00000,rock,9,11.579483985900879,-4.440617561340332
full_noisy_z_t,909,rock__rock.00003,rock,9,4.316679954528809,44.5098876953125
full_noisy_z_t,910,rock__rock.00003,rock,9,5.457373142242432,16.834260940551758
full_noisy_z_t,911,rock__rock.00003,rock,9,3.152900218963623,35.262874603271484
full_noisy_z_t,912,rock__rock.00003,rock,9,4.637337684631348,34.252750396728516
full_noisy_z_t,913,rock__rock.00003,rock,9,-0.5199533700942993,42.725460052490234
full_noisy_z_t,914,rock__rock.00003,rock,9,8.552865982055664,-5.550268173217773
full_noisy_z_t,915,rock__rock.00008,rock,9,5.2296671867370605,-34.223716735839844
full_noisy_z_t,916,rock__rock.00008,rock,9,4.4331278800964355,-36.69629669189453
full_noisy_z_t,917,rock__rock.00008,rock,9,5.185957431793213,-34.85394287109375
full_noisy_z_t,918,rock__rock.00008,rock,9,3.9815773963928223,-34.68023681640625
full_noisy_z_t,919,rock__rock.00008,rock,9,5.154327869415283,-33.254676818847656
full_noisy_z_t,920,rock__rock.00008,rock,9,7.4690704345703125,-13.578369140625
full_noisy_z_t,921,rock__rock.00008,rock,9,7.51364803314209,-33.818092346191406
full_noisy_z_t,922,rock__rock.00032,rock,9,2.342644453048706,-4.75222635269165
full_noisy_z_t,923,rock__rock.00032,rock,9,7.3755106925964355,-17.887855529785156
full_noisy_z_t,924,rock__rock.00034,rock,9,10.674835205078125,24.690296173095703
full_noisy_z_t,925,rock__rock.00034,rock,9,10.248869895935059,16.31230926513672
full_noisy_z_t,926,rock__rock.00034,rock,9,9.397103309631348,13.19006061553955
full_noisy_z_t,927,rock__rock.00034,rock,9,9.122608184814453,18.001541137695312
full_noisy_z_t,928,rock__rock.00034,rock,9,10.282235145568848,20.092941284179688
full_noisy_z_t,929,rock__rock.00034,rock,9,8.286270141601562,17.856651306152344
full_noisy_z_t,930,rock__rock.00039,rock,9,12.054636001586914,-0.5274720191955566
full_noisy_z_t,931,rock__rock.00039,rock,9,7.278172492980957,-10.452348709106445
full_noisy_z_t,932,rock__rock.00039,rock,9,5.358371257781982,-7.249319553375244
full_noisy_z_t,933,rock__rock.00039,rock,9,0.5491253137588501,-4.5707316398620605
full_noisy_z_t,934,rock__rock.00044,rock,9,13.314072608947754,18.779014587402344
full_noisy_z_t,935,rock__rock.00044,rock,9,-7.118809700012207,-3.9973061084747314
full_noisy_z_t,936,rock__rock.00044,rock,9,-45.150054931640625,-4.450509071350098
full_noisy_z_t,937,rock__rock.00044,rock,9,-9.973122596740723,-8.55636215209961
full_noisy_z_t,938,rock__rock.00044,rock,9,-12.259587287902832,-5.896740436553955
full_noisy_z_t,939,rock__rock.00044,rock,9,-13.483595848083496,-3.8124351501464844
full_noisy_z_t,940,rock__rock.00044,rock,9,-11.572942733764648,-6.029212474822998
full_noisy_z_t,941,rock__rock.00048,rock,9,13.119162559509277,-4.859013557434082
full_noisy_z_t,942,rock__rock.00048,rock,9,12.769515991210938,-4.749782085418701
full_noisy_z_t,943,rock__rock.00048,rock,9,-8.032500267028809,12.21811294555664
full_noisy_z_t,944,rock__rock.00048,rock,9,-8.639069557189941,47.659053802490234
full_noisy_z_t,945,rock__rock.00048,rock,9,14.720935821533203,-3.6279497146606445
full_noisy_z_t,946,rock__rock.00048,rock,9,-37.95133590698242,5.613773345947266
full_noisy_z_t,947,rock__rock.00048,rock,9,13.230575561523438,-3.4073050022125244
full_noisy_z_t,948,rock__rock.00049,rock,9,6.339287757873535,17.617605209350586
full_noisy_z_t,949,rock__rock.00049,rock,9,7.9059319496154785,16.655372619628906
full_noisy_z_t,950,rock__rock.00049,rock,9,9.818849563598633,27.093875885009766
full_noisy_z_t,951,rock__rock.00049,rock,9,8.301992416381836,19.803930282592773
full_noisy_z_t,952,rock__rock.00049,rock,9,10.60495376586914,25.746564865112305
full_noisy_z_t,953,rock__rock.00049,rock,9,-1.3308396339416504,18.86582374572754
full_noisy_z_t,954,rock__rock.00049,rock,9,-0.5110309720039368,18.830381393432617
full_noisy_z_t,955,rock__rock.00049,rock,9,-1.5622652769088745,18.022397994995117
full_noisy_z_t,956,rock__rock.00049,rock,9,-46.163204193115234,-2.875908613204956
full_noisy_z_t,957,rock__rock.00049,rock,9,-42.59457015991211,0.8314719200134277
full_noisy_z_t,958,rock__rock.00050,rock,9,-43.47098159790039,-2.920644521713257
full_noisy_z_t,959,rock__rock.00050,rock,9,-43.958431243896484,-0.08033847063779831
full_noisy_z_t,960,rock__rock.00050,rock,9,-43.35340118408203,-0.7791179418563843
full_noisy_z_t,961,rock__rock.00050,rock,9,-42.969722747802734,2.77517032623291
full_noisy_z_t,962,rock__rock.00050,rock,9,-44.584495544433594,-1.9656803607940674
full_noisy_z_t,963,rock__rock.00050,rock,9,7.415230751037598,5.35528039932251
full_noisy_z_t,964,rock__rock.00050,rock,9,-43.102500915527344,1.9646997451782227
full_noisy_z_t,965,rock__rock.00050,rock,9,-41.972110748291016,2.4865708351135254
full_noisy_z_t,966,rock__rock.00054,rock,9,7.973159313201904,4.624831199645996
full_noisy_z_t,967,rock__rock.00054,rock,9,4.238665580749512,-3.669572114944458
full_noisy_z_t,968,rock__rock.00054,rock,9,3.3831393718719482,-7.964698791503906
full_noisy_z_t,969,rock__rock.00054,rock,9,8.789421081542969,14.957136154174805
full_noisy_z_t,970,rock__rock.00054,rock,9,8.772109985351562,16.143186569213867
full_noisy_z_t,971,rock__rock.00054,rock,9,10.351273536682129,15.310163497924805
full_noisy_z_t,972,rock__rock.00054,rock,9,10.223031044006348,10.580145835876465
full_noisy_z_t,973,rock__rock.00054,rock,9,10.320732116699219,5.946706295013428
full_noisy_z_t,974,rock__rock.00054,rock,9,9.280020713806152,6.627108097076416
full_noisy_z_t,975,rock__rock.00054,rock,9,11.3475341796875,11.130636215209961
full_noisy_z_t,976,rock__rock.00080,rock,9,2.789109468460083,-9.409424781799316
full_noisy_z_t,977,rock__rock.00080,rock,9,5.590432167053223,-8.679381370544434
full_noisy_z_t,978,rock__rock.00080,rock,9,10.587431907653809,0.11125173419713974
full_noisy_z_t,979,rock__rock.00080,rock,9,4.134006977081299,-8.85315227508545
full_noisy_z_t,980,rock__rock.00080,rock,9,6.926593780517578,-8.784967422485352
full_noisy_z_t,981,rock__rock.00085,rock,9,-8.075424194335938,-13.442464828491211
full_noisy_z_t,982,rock__rock.00085,rock,9,-22.657129287719727,5.330811023712158
full_noisy_z_t,983,rock__rock.00085,rock,9,6.857780456542969,-7.999739646911621
full_noisy_z_t,984,rock__rock.00085,rock,9,9.12886905670166,2.419466257095337
full_noisy_z_t,985,rock__rock.00085,rock,9,-2.4459686279296875,-9.113862037658691
full_noisy_z_t,986,rock__rock.00085,rock,9,11.270666122436523,27.01068878173828
full_noisy_z_t,987,rock__rock.00086,rock,9,2.2420494556427,-10.243337631225586
full_noisy_z_t,988,rock__rock.00086,rock,9,10.904464721679688,-2.6204729080200195
full_noisy_z_t,989,rock__rock.00086,rock,9,6.4469804763793945,-2.345850706100464
full_noisy_z_t,990,rock__rock.00086,rock,9,-16.120447158813477,17.10198402404785
full_noisy_z_t,991,rock__rock.00092,rock,9,8.049373626708984,-8.478798866271973
full_noisy_z_t,992,rock__rock.00092,rock,9,6.840818881988525,-16.047725677490234
full_noisy_z_t,993,rock__rock.00092,rock,9,6.084015846252441,-10.060776710510254
full_noisy_z_t,994,rock__rock.00092,rock,9,10.12661075592041,-5.797460079193115
full_noisy_z_t,995,rock__rock.00092,rock,9,7.045819282531738,-18.753890991210938
full_noisy_z_t,996,rock__rock.00092,rock,9,8.323528289794922,-7.400321960449219
full_noisy_z_t,997,rock__rock.00092,rock,9,3.7736055850982666,-10.013148307800293
full_noisy_z_t,998,rock__rock.00092,rock,9,7.4209113121032715,-12.172687530517578
full_noisy_z_t,999,rock__rock.00092,rock,9,7.971850872039795,-11.472086906433105
full_denoised_z_hat,0,blues__blues.00000,blues,0,-2.8570244312286377,41.54261016845703
full_denoised_z_hat,1,blues__blues.00000,blues,0,-2.1793911457061768,39.96137237548828
full_denoised_z_hat,2,blues__blues.00000,blues,0,-2.2803421020507812,38.35087966918945
full_denoised_z_hat,3,blues__blues.00000,blues,0,-2.0622289180755615,38.6724967956543
full_denoised_z_hat,4,blues__blues.00000,blues,0,-1.1383827924728394,39.651763916015625
full_denoised_z_hat,5,blues__blues.00000,blues,0,-1.7932332754135132,40.22816467285156
full_denoised_z_hat,6,blues__blues.00000,blues,0,-1.8863147497177124,39.84843063354492
full_denoised_z_hat,7,blues__blues.00001,blues,0,-0.22924332320690155,52.32693099975586
full_denoised_z_hat,8,blues__blues.00001,blues,0,-0.56253582239151,46.92705535888672
full_denoised_z_hat,9,blues__blues.00001,blues,0,-1.0796127319335938,47.56024932861328
full_denoised_z_hat,10,blues__blues.00001,blues,0,0.8234068155288696,52.074256896972656
full_denoised_z_hat,11,blues__blues.00001,blues,0,-6.417613983154297,48.50262451171875
full_denoised_z_hat,12,blues__blues.00001,blues,0,-2.637815237045288,48.29716873168945
full_denoised_z_hat,13,blues__blues.00001,blues,0,-1.482379674911499,47.48772430419922
full_denoised_z_hat,14,blues__blues.00009,blues,0,1.5349372625350952,55.08985137939453
full_denoised_z_hat,15,blues__blues.00009,blues,0,3.2083404064178467,54.04358673095703
full_denoised_z_hat,16,blues__blues.00009,blues,0,1.9639581441879272,56.07522201538086
full_denoised_z_hat,17,blues__blues.00009,blues,0,4.0752787590026855,53.596595764160156
full_denoised_z_hat,18,blues__blues.00009,blues,0,3.3792624473571777,52.16002655029297
full_denoised_z_hat,19,blues__blues.00009,blues,0,2.2447335720062256,54.70262908935547
full_denoised_z_hat,20,blues__blues.00009,blues,0,6.228416442871094,50.09162902832031
full_denoised_z_hat,21,blues__blues.00009,blues,0,42.780853271484375,9.44558334350586
full_denoised_z_hat,22,blues__blues.00009,blues,0,3.162379741668701,52.75835037231445
full_denoised_z_hat,23,blues__blues.00011,blues,0,44.329383850097656,9.209229469299316
full_denoised_z_hat,24,blues__blues.00011,blues,0,-1.404518961906433,48.27144241333008
full_denoised_z_hat,25,blues__blues.00011,blues,0,5.305546760559082,16.525283813476562
full_denoised_z_hat,26,blues__blues.00011,blues,0,7.695071697235107,48.867313385009766
full_denoised_z_hat,27,blues__blues.00011,blues,0,-1.1862610578536987,48.44904327392578
full_denoised_z_hat,28,blues__blues.00011,blues,0,-1.1738991737365723,48.19889831542969
full_denoised_z_hat,29,blues__blues.00011,blues,0,2.747237205505371,53.273956298828125
full_denoised_z_hat,30,blues__blues.00031,blues,0,1.0033758878707886,53.21794891357422
full_denoised_z_hat,31,blues__blues.00031,blues,0,2.6199405193328857,55.18271255493164
full_denoised_z_hat,32,blues__blues.00031,blues,0,1.2172551155090332,53.92387008666992
full_denoised_z_hat,33,blues__blues.00031,blues,0,0.6442183256149292,52.50942611694336
full_denoised_z_hat,34,blues__blues.00034,blues,0,2.4449281692504883,56.78681945800781
full_denoised_z_hat,35,blues__blues.00034,blues,0,-2.431683301925659,47.631439208984375
full_denoised_z_hat,36,blues__blues.00034,blues,0,2.1871933937072754,54.00431442260742
full_denoised_z_hat,37,blues__blues.00034,blues,0,-19.496601104736328,20.16655731201172
full_denoised_z_hat,38,blues__blues.00034,blues,0,2.086850881576538,57.65585708618164
full_denoised_z_hat,39,blues__blues.00034,blues,0,1.0430878400802612,53.381317138671875
full_denoised_z_hat,40,blues__blues.00039,blues,0,3.0236172676086426,56.24782943725586
full_denoised_z_hat,41,blues__blues.00039,blues,0,4.049654960632324,54.79752731323242
full_denoised_z_hat,42,blues__blues.00039,blues,0,3.4647340774536133,54.73232650756836
full_denoised_z_hat,43,blues__blues.00039,blues,0,2.6915977001190186,56.314361572265625
full_denoised_z_hat,44,blues__blues.00039,blues,0,1.4315502643585205,57.530174255371094
full_denoised_z_hat,45,blues__blues.00052,blues,0,-0.4245930016040802,52.70489501953125
full_denoised_z_hat,46,blues__blues.00052,blues,0,-1.8455086946487427,46.06992721557617
full_denoised_z_hat,47,blues__blues.00052,blues,0,-3.3184518814086914,49.10536193847656
full_denoised_z_hat,48,blues__blues.00052,blues,0,3.8263485431671143,55.88348388671875
full_denoised_z_hat,49,blues__blues.00052,blues,0,0.2051548957824707,54.606815338134766
full_denoised_z_hat,50,blues__blues.00052,blues,0,6.48598575592041,18.882570266723633
full_denoised_z_hat,51,blues__blues.00054,blues,0,5.01314640045166,54.92624282836914
full_denoised_z_hat,52,blues__blues.00054,blues,0,5.512213706970215,56.473487854003906
full_denoised_z_hat,53,blues__blues.00054,blues,0,3.073312520980835,56.98564147949219
full_denoised_z_hat,54,blues__blues.00054,blues,0,5.373253345489502,56.43760681152344
full_denoised_z_hat,55,blues__blues.00054,blues,0,3.80020809173584,57.390655517578125
full_denoised_z_hat,56,blues__blues.00054,blues,0,3.5570976734161377,57.10029602050781
full_denoised_z_hat,57,blues__blues.00057,blues,0,3.718226671218872,56.8603515625
full_denoised_z_hat,58,blues__blues.00057,blues,0,4.731016635894775,54.744956970214844
full_denoised_z_hat,59,blues__blues.00057,blues,0,4.933712959289551,55.72877883911133
full_denoised_z_hat,60,blues__blues.00057,blues,0,4.607483863830566,54.82704544067383
full_denoised_z_hat,61,blues__blues.00060,blues,0,1.225699543952942,55.004825592041016
full_denoised_z_hat,62,blues__blues.00060,blues,0,0.020064372569322586,53.148780822753906
full_denoised_z_hat,63,blues__blues.00060,blues,0,2.271042585372925,57.60437774658203
full_denoised_z_hat,64,blues__blues.00060,blues,0,1.6197112798690796,52.97157287597656
full_denoised_z_hat,65,blues__blues.00060,blues,0,2.505112886428833,53.02229690551758
full_denoised_z_hat,66,blues__blues.00060,blues,0,0.949815571308136,54.39866638183594
full_denoised_z_hat,67,blues__blues.00060,blues,0,2.9573795795440674,55.58340835571289
full_denoised_z_hat,68,blues__blues.00066,blues,0,-0.03565726801753044,45.41669464111328
full_denoised_z_hat,69,blues__blues.00066,blues,0,0.5337332487106323,53.12257766723633
full_denoised_z_hat,70,blues__blues.00066,blues,0,-1.9236325025558472,48.406864166259766
full_denoised_z_hat,71,blues__blues.00066,blues,0,-2.150036096572876,48.29854965209961
full_denoised_z_hat,72,blues__blues.00066,blues,0,3.777876615524292,47.042049407958984
full_denoised_z_hat,73,blues__blues.00066,blues,0,-1.231379747390747,46.43558120727539
full_denoised_z_hat,74,blues__blues.00066,blues,0,-0.16150151193141937,46.620845794677734
full_denoised_z_hat,75,blues__blues.00066,blues,0,1.133894920349121,57.388916015625
full_denoised_z_hat,76,blues__blues.00066,blues,0,-1.4519858360290527,48.99630355834961
full_denoised_z_hat,77,blues__blues.00068,blues,0,1.3729711771011353,56.899959564208984
full_denoised_z_hat,78,blues__blues.00068,blues,0,3.1512093544006348,54.471954345703125
full_denoised_z_hat,79,blues__blues.00068,blues,0,1.7908003330230713,53.29656219482422
full_denoised_z_hat,80,blues__blues.00068,blues,0,1.5243746042251587,53.808753967285156
full_denoised_z_hat,81,blues__blues.00068,blues,0,2.2818989753723145,53.825897216796875
full_denoised_z_hat,82,blues__blues.00068,blues,0,1.0187255144119263,54.99709701538086
full_denoised_z_hat,83,blues__blues.00068,blues,0,2.3645753860473633,54.14198684692383
full_denoised_z_hat,84,blues__blues.00070,blues,0,12.588248252868652,17.785795211791992
full_denoised_z_hat,85,blues__blues.00070,blues,0,0.7323505282402039,45.20506286621094
full_denoised_z_hat,86,blues__blues.00070,blues,0,4.655873775482178,15.909039497375488
full_denoised_z_hat,87,blues__blues.00070,blues,0,1.6065703630447388,-6.799923896789551
full_denoised_z_hat,88,blues__blues.00070,blues,0,2.4668490886688232,51.3687744140625
full_denoised_z_hat,89,blues__blues.00070,blues,0,9.01754379272461,-1.7320064306259155
full_denoised_z_hat,90,blues__blues.00070,blues,0,8.480545997619629,0.3761805295944214
full_denoised_z_hat,91,blues__blues.00071,blues,0,0.7841546535491943,54.50128936767578
full_denoised_z_hat,92,blues__blues.00071,blues,0,0.6805849671363831,53.93409729003906
full_denoised_z_hat,93,blues__blues.00071,blues,0,1.7690070867538452,57.600948333740234
full_denoised_z_hat,94,blues__blues.00071,blues,0,1.0213438272476196,55.261714935302734
full_denoised_z_hat,95,blues__blues.00071,blues,0,3.1053590774536133,56.40626525878906
full_denoised_z_hat,96,blues__blues.00071,blues,0,1.9002333879470825,51.84041976928711
full_denoised_z_hat,97,blues__blues.00071,blues,0,2.3259642124176025,54.631221771240234
full_denoised_z_hat,98,blues__blues.00071,blues,0,3.552248954772949,56.42146682739258
full_denoised_z_hat,99,blues__blues.00071,blues,0,1.8448536396026611,57.33807373046875
full_denoised_z_hat,100,classical__classical.00000,classical,1,39.53556442260742,-20.213651657104492
full_denoised_z_hat,101,classical__classical.00000,classical,1,44.88357162475586,-25.347673416137695
full_denoised_z_hat,102,classical__classical.00000,classical,1,41.46659851074219,-22.378868103027344
full_denoised_z_hat,103,classical__classical.00000,classical,1,46.47949981689453,-27.334754943847656
full_denoised_z_hat,104,classical__classical.00000,classical,1,47.33198165893555,-25.1826114654541
full_denoised_z_hat,105,classical__classical.00000,classical,1,43.412864685058594,-27.554771423339844
full_denoised_z_hat,106,classical__classical.00002,classical,1,42.43938064575195,-22.772520065307617
full_denoised_z_hat,107,classical__classical.00002,classical,1,43.94411849975586,-25.145835876464844
full_denoised_z_hat,108,classical__classical.00002,classical,1,45.49272918701172,-27.934894561767578
full_denoised_z_hat,109,classical__classical.00006,classical,1,46.337833404541016,-25.969072341918945
full_denoised_z_hat,110,classical__classical.00006,classical,1,46.60843276977539,-26.423765182495117
full_denoised_z_hat,111,classical__classical.00006,classical,1,42.87211608886719,-21.893911361694336
full_denoised_z_hat,112,classical__classical.00006,classical,1,46.33972930908203,-27.330713272094727
full_denoised_z_hat,113,classical__classical.00006,classical,1,41.652069091796875,-24.91431999206543
full_denoised_z_hat,114,classical__classical.00006,classical,1,41.827178955078125,-24.75899887084961
full_denoised_z_hat,115,classical__classical.00006,classical,1,42.536643981933594,-23.560802459716797
full_denoised_z_hat,116,classical__classical.00009,classical,1,42.58034133911133,-24.966033935546875
full_denoised_z_hat,117,classical__classical.00009,classical,1,42.41078567504883,-24.30448341369629
full_denoised_z_hat,118,classical__classical.00009,classical,1,42.22841262817383,-24.427988052368164
full_denoised_z_hat,119,classical__classical.00009,classical,1,43.77213668823242,-23.0494327545166
full_denoised_z_hat,120,classical__classical.00009,classical,1,44.519004821777344,-25.910083770751953
full_denoised_z_hat,121,classical__classical.00009,classical,1,41.49388885498047,-22.696353912353516
full_denoised_z_hat,122,classical__classical.00009,classical,1,43.09016418457031,-23.163761138916016
full_denoised_z_hat,123,classical__classical.00022,classical,1,43.45841598510742,-24.46197509765625
full_denoised_z_hat,124,classical__classical.00022,classical,1,45.565895080566406,-25.15870475769043
full_denoised_z_hat,125,classical__classical.00022,classical,1,42.621337890625,-22.30943489074707
full_denoised_z_hat,126,classical__classical.00022,classical,1,43.64897918701172,-23.80495262145996
full_denoised_z_hat,127,classical__classical.00022,classical,1,43.55350112915039,-24.917375564575195
full_denoised_z_hat,128,classical__classical.00022,classical,1,46.28750228881836,-19.26059341430664
full_denoised_z_hat,129,classical__classical.00022,classical,1,42.24128723144531,-23.051740646362305
full_denoised_z_hat,130,classical__classical.00034,classical,1,41.44671630859375,-20.639476776123047
full_denoised_z_hat,131,classical__classical.00034,classical,1,41.56638717651367,-22.944049835205078
full_denoised_z_hat,132,classical__classical.00034,classical,1,45.923702239990234,-22.485279083251953
full_denoised_z_hat,133,classical__classical.00034,classical,1,41.01786804199219,-22.432262420654297
full_denoised_z_hat,134,classical__classical.00034,classical,1,41.76841735839844,-20.82413101196289
full_denoised_z_hat,135,classical__classical.00034,classical,1,47.143367767333984,-25.630599975585938
full_denoised_z_hat,136,classical__classical.00034,classical,1,46.23407745361328,-22.366823196411133
full_denoised_z_hat,137,classical__classical.00037,classical,1,43.060325622558594,-25.2650089263916
full_denoised_z_hat,138,classical__classical.00037,classical,1,42.03757095336914,-20.02796745300293
full_denoised_z_hat,139,classical__classical.00037,classical,1,48.76839828491211,-1.033237099647522
full_denoised_z_hat,140,classical__classical.00037,classical,1,45.9401969909668,-19.004772186279297
full_denoised_z_hat,141,classical__classical.00037,classical,1,42.201332092285156,-19.757030487060547
full_denoised_z_hat,142,classical__classical.00037,classical,1,45.0101432800293,-25.966394424438477
full_denoised_z_hat,143,classical__classical.00037,classical,1,45.52965545654297,-24.69432258605957
full_denoised_z_hat,144,classical__classical.00037,classical,1,47.4884147644043,-25.29109001159668
full_denoised_z_hat,145,classical__classical.00039,classical,1,43.47162628173828,-24.70655632019043
full_denoised_z_hat,146,classical__classical.00039,classical,1,43.32463455200195,-18.581018447875977
full_denoised_z_hat,147,classical__classical.00039,classical,1,46.40931701660156,-18.94831657409668
full_denoised_z_hat,148,classical__classical.00039,classical,1,41.89806365966797,-23.652374267578125
full_denoised_z_hat,149,classical__classical.00039,classical,1,45.35676574707031,-27.73185157775879
full_denoised_z_hat,150,classical__classical.00039,classical,1,41.58070373535156,-23.884033203125
full_denoised_z_hat,151,classical__classical.00047,classical,1,43.87936782836914,-27.34413719177246
full_denoised_z_hat,152,classical__classical.00047,classical,1,42.461090087890625,-25.813907623291016
full_denoised_z_hat,153,classical__classical.00047,classical,1,41.98168182373047,-22.512836456298828
full_denoised_z_hat,154,classical__classical.00047,classical,1,44.97974395751953,-19.890825271606445
full_denoised_z_hat,155,classical__classical.00047,classical,1,45.28147888183594,-22.230140686035156
full_denoised_z_hat,156,classical__classical.00047,classical,1,43.43109893798828,-21.713699340820312
full_denoised_z_hat,157,classical__classical.00053,classical,1,42.93896484375,-26.155879974365234
full_denoised_z_hat,158,classical__classical.00053,classical,1,37.667076110839844,-23.495580673217773
full_denoised_z_hat,159,classical__classical.00053,classical,1,38.235687255859375,-23.261306762695312
full_denoised_z_hat,160,classical__classical.00053,classical,1,35.16846466064453,-26.39112091064453
full_denoised_z_hat,161,classical__classical.00053,classical,1,38.596309661865234,-23.35144805908203
full_denoised_z_hat,162,classical__classical.00056,classical,1,42.30000686645508,-26.79666519165039
full_denoised_z_hat,163,classical__classical.00056,classical,1,42.60292434692383,-26.214134216308594
full_denoised_z_hat,164,classical__classical.00056,classical,1,41.095130920410156,-26.413555145263672
full_denoised_z_hat,165,classical__classical.00056,classical,1,41.621856689453125,-26.900304794311523
full_denoised_z_hat,166,classical__classical.00056,classical,1,39.43866729736328,-22.97696304321289
full_denoised_z_hat,167,classical__classical.00056,classical,1,41.16582107543945,-26.490324020385742
full_denoised_z_hat,168,classical__classical.00056,classical,1,40.164146423339844,-26.376686096191406
full_denoised_z_hat,169,classical__classical.00056,classical,1,43.50326919555664,-24.146181106567383
full_denoised_z_hat,170,classical__classical.00056,classical,1,39.031517028808594,-25.14437484741211
full_denoised_z_hat,171,classical__classical.00056,classical,1,41.256126403808594,-25.928253173828125
full_denoised_z_hat,172,classical__classical.00057,classical,1,43.65472412109375,6.666471481323242
full_denoised_z_hat,173,classical__classical.00057,classical,1,48.57659149169922,-0.9443575739860535
full_denoised_z_hat,174,classical__classical.00057,classical,1,44.111297607421875,-24.126331329345703
full_denoised_z_hat,175,classical__classical.00057,classical,1,45.467552185058594,-20.017688751220703
full_denoised_z_hat,176,classical__classical.00057,classical,1,48.048160552978516,-18.306562423706055
full_denoised_z_hat,177,classical__classical.00057,classical,1,48.1006965637207,-0.3457571566104889
full_denoised_z_hat,178,classical__classical.00057,classical,1,47.07073974609375,-18.527870178222656
full_denoised_z_hat,179,classical__classical.00057,classical,1,48.065792083740234,-17.748506546020508
full_denoised_z_hat,180,classical__classical.00057,classical,1,47.00154495239258,-18.629281997680664
full_denoised_z_hat,181,classical__classical.00057,classical,1,44.23863983154297,-21.634775161743164
full_denoised_z_hat,182,classical__classical.00065,classical,1,40.57633590698242,-22.24302864074707
full_denoised_z_hat,183,classical__classical.00065,classical,1,44.19398498535156,-24.13813018798828
full_denoised_z_hat,184,classical__classical.00065,classical,1,46.9439697265625,-22.169557571411133
full_denoised_z_hat,185,classical__classical.00065,classical,1,46.16227722167969,-20.89994239807129
full_denoised_z_hat,186,classical__classical.00082,classical,1,46.273468017578125,-25.98016357421875
full_denoised_z_hat,187,classical__classical.00082,classical,1,44.857242584228516,-22.1512451171875
full_denoised_z_hat,188,classical__classical.00082,classical,1,43.63689041137695,-25.6514892578125
full_denoised_z_hat,189,classical__classical.00082,classical,1,46.00541687011719,-27.330873489379883
full_denoised_z_hat,190,classical__classical.00082,classical,1,41.22958755493164,-26.32076072692871
full_denoised_z_hat,191,classical__classical.00082,classical,1,44.47816467285156,-25.674299240112305
full_denoised_z_hat,192,classical__classical.00091,classical,1,44.11288070678711,-26.50402069091797
full_denoised_z_hat,193,classical__classical.00091,classical,1,43.27264404296875,-22.04829216003418
full_denoised_z_hat,194,classical__classical.00091,classical,1,44.536415100097656,-24.739818572998047
full_denoised_z_hat,195,classical__classical.00091,classical,1,44.645748138427734,-22.56036949157715
full_denoised_z_hat,196,classical__classical.00091,classical,1,46.6640739440918,-20.135417938232422
full_denoised_z_hat,197,classical__classical.00091,classical,1,45.91427993774414,-24.702585220336914
full_denoised_z_hat,198,classical__classical.00091,classical,1,45.39342498779297,-22.86123275756836
full_denoised_z_hat,199,classical__classical.00091,classical,1,46.07590866088867,-26.564680099487305
full_denoised_z_hat,200,country__country.00001,country,2,14.991129875183105,21.726491928100586
full_denoised_z_hat,201,country__country.00001,country,2,16.223011016845703,22.824928283691406
full_denoised_z_hat,202,country__country.00001,country,2,15.371138572692871,23.963024139404297
full_denoised_z_hat,203,country__country.00001,country,2,14.162941932678223,22.754924774169922
full_denoised_z_hat,204,country__country.00001,country,2,15.388731956481934,22.595460891723633
full_denoised_z_hat,205,country__country.00011,country,2,9.369216918945312,21.77833366394043
full_denoised_z_hat,206,country__country.00011,country,2,12.19051456451416,17.632081985473633
full_denoised_z_hat,207,country__country.00011,country,2,14.229598045349121,19.56465721130371
full_denoised_z_hat,208,country__country.00011,country,2,-2.3926076889038086,20.7978515625
full_denoised_z_hat,209,country__country.00011,country,2,9.230162620544434,13.492775917053223
full_denoised_z_hat,210,country__country.00011,country,2,-4.265231132507324,20.826480865478516
full_denoised_z_hat,211,country__country.00011,country,2,3.625900983810425,20.293079376220703
full_denoised_z_hat,212,country__country.00011,country,2,-2.7826359272003174,20.747217178344727
full_denoised_z_hat,213,country__country.00013,country,2,11.85830307006836,15.448915481567383
full_denoised_z_hat,214,country__country.00013,country,2,12.764701843261719,18.582937240600586
full_denoised_z_hat,215,country__country.00013,country,2,11.783495903015137,21.30339813232422
full_denoised_z_hat,216,country__country.00013,country,2,-13.316507339477539,-9.524551391601562
full_denoised_z_hat,217,country__country.00013,country,2,9.76773738861084,22.873332977294922
full_denoised_z_hat,218,country__country.00013,country,2,13.489877700805664,24.172073364257812
full_denoised_z_hat,219,country__country.00013,country,2,9.641607284545898,21.008235931396484
full_denoised_z_hat,220,country__country.00013,country,2,4.577452182769775,18.477128982543945
full_denoised_z_hat,221,country__country.00013,country,2,12.823751449584961,17.751771926879883
full_denoised_z_hat,222,country__country.00013,country,2,14.830604553222656,23.56772232055664
full_denoised_z_hat,223,country__country.00029,country,2,14.631356239318848,24.064228057861328
full_denoised_z_hat,224,country__country.00029,country,2,13.14748764038086,22.832538604736328
full_denoised_z_hat,225,country__country.00029,country,2,16.635953903198242,23.752700805664062
full_denoised_z_hat,226,country__country.00029,country,2,16.32402229309082,24.177518844604492
full_denoised_z_hat,227,country__country.00029,country,2,15.844515800476074,24.024457931518555
full_denoised_z_hat,228,country__country.00029,country,2,14.564850807189941,22.076932907104492
full_denoised_z_hat,229,country__country.00047,country,2,-7.694580554962158,22.064682006835938
full_denoised_z_hat,230,country__country.00057,country,2,10.633744239807129,14.238005638122559
full_denoised_z_hat,231,country__country.00057,country,2,12.79987621307373,20.58286476135254
full_denoised_z_hat,232,country__country.00057,country,2,2.7842161655426025,37.70045471191406
full_denoised_z_hat,233,country__country.00057,country,2,0.256592333316803,40.20417785644531
full_denoised_z_hat,234,country__country.00057,country,2,15.577823638916016,24.06199836730957
full_denoised_z_hat,235,country__country.00057,country,2,15.488260269165039,22.818878173828125
full_denoised_z_hat,236,country__country.00057,country,2,15.659396171569824,23.54043197631836
full_denoised_z_hat,237,country__country.00057,country,2,10.003942489624023,-8.367873191833496
full_denoised_z_hat,238,country__country.00057,country,2,8.21036434173584,3.5518524646759033
full_denoised_z_hat,239,country__country.00057,country,2,13.272439002990723,21.560930252075195
full_denoised_z_hat,240,country__country.00059,country,2,5.18662691116333,-1.8911200761795044
full_denoised_z_hat,241,country__country.00059,country,2,6.171659469604492,24.140304565429688
full_denoised_z_hat,242,country__country.00059,country,2,6.400896072387695,23.692718505859375
full_denoised_z_hat,243,country__country.00059,country,2,14.999072074890137,22.937969207763672
full_denoised_z_hat,244,country__country.00059,country,2,11.712681770324707,16.877405166625977
full_denoised_z_hat,245,country__country.00059,country,2,14.491499900817871,22.848543167114258
full_denoised_z_hat,246,country__country.00067,country,2,11.198375701904297,20.307716369628906
full_denoised_z_hat,247,country__country.00067,country,2,11.324287414550781,20.286174774169922
full_denoised_z_hat,248,country__country.00067,country,2,11.371466636657715,20.255895614624023
full_denoised_z_hat,249,country__country.00067,country,2,14.116144180297852,22.918668746948242
full_denoised_z_hat,250,country__country.00067,country,2,15.429948806762695,22.372831344604492
full_denoised_z_hat,251,country__country.00067,country,2,11.791460990905762,21.464086532592773
full_denoised_z_hat,252,country__country.00067,country,2,6.627447605133057,23.657794952392578
full_denoised_z_hat,253,country__country.00067,country,2,6.266532897949219,22.47171401977539
full_denoised_z_hat,254,country__country.00068,country,2,11.280913352966309,-3.4963223934173584
full_denoised_z_hat,255,country__country.00068,country,2,7.0492634773254395,2.8164985179901123
full_denoised_z_hat,256,country__country.00068,country,2,6.224565505981445,21.839385986328125
full_denoised_z_hat,257,country__country.00068,country,2,-17.543886184692383,19.750455856323242
full_denoised_z_hat,258,country__country.00068,country,2,-5.73014497756958,47.696163177490234
full_denoised_z_hat,259,country__country.00068,country,2,12.066977500915527,-3.8642845153808594
full_denoised_z_hat,260,country__country.00068,country,2,3.7140462398529053,19.82727813720703
full_denoised_z_hat,261,country__country.00068,country,2,8.485154151916504,-0.9087437987327576
full_denoised_z_hat,262,country__country.00069,country,2,6.71012544631958,28.776737213134766
full_denoised_z_hat,263,country__country.00069,country,2,-7.806950569152832,22.10730743408203
full_denoised_z_hat,264,country__country.00069,country,2,-17.433422088623047,19.74045181274414
full_denoised_z_hat,265,country__country.00069,country,2,-2.0342397689819336,43.009605407714844
full_denoised_z_hat,266,country__country.00069,country,2,12.176145553588867,19.028484344482422
full_denoised_z_hat,267,country__country.00069,country,2,13.520066261291504,23.8260498046875
full_denoised_z_hat,268,country__country.00069,country,2,13.55872631072998,21.090770721435547
full_denoised_z_hat,269,country__country.00075,country,2,6.862855434417725,-4.239297389984131
full_denoised_z_hat,270,country__country.00075,country,2,-0.2085886001586914,41.231719970703125
full_denoised_z_hat,271,country__country.00075,country,2,-1.7013633251190186,45.11656188964844
full_denoised_z_hat,272,country__country.00075,country,2,9.279792785644531,-3.859490394592285
full_denoised_z_hat,273,country__country.00075,country,2,-1.564062237739563,45.44812774658203
full_denoised_z_hat,274,country__country.00075,country,2,7.419163227081299,19.38144302368164
full_denoised_z_hat,275,country__country.00076,country,2,8.046993255615234,3.082341194152832
full_denoised_z_hat,276,country__country.00076,country,2,7.645408630371094,2.7503674030303955
full_denoised_z_hat,277,country__country.00076,country,2,4.162758827209473,14.78317928314209
full_denoised_z_hat,278,country__country.00076,country,2,13.767008781433105,22.30489158630371
full_denoised_z_hat,279,country__country.00076,country,2,1.8029118776321411,-3.0878102779388428
full_denoised_z_hat,280,country__country.00076,country,2,1.8880150318145752,50.80890655517578
full_denoised_z_hat,281,country__country.00076,country,2,-6.650204181671143,42.638877868652344
full_denoised_z_hat,282,country__country.00077,country,2,13.918855667114258,21.362550735473633
full_denoised_z_hat,283,country__country.00077,country,2,13.634953498840332,21.009719848632812
full_denoised_z_hat,284,country__country.00077,country,2,9.683674812316895,14.705734252929688
full_denoised_z_hat,285,country__country.00077,country,2,13.228874206542969,20.358060836791992
full_denoised_z_hat,286,country__country.00077,country,2,14.639349937438965,23.987937927246094
full_denoised_z_hat,287,country__country.00077,country,2,16.35662841796875,23.15900230407715
full_denoised_z_hat,288,country__country.00097,country,2,15.92780590057373,22.053829193115234
full_denoised_z_hat,289,country__country.00097,country,2,16.523052215576172,23.14508056640625
full_denoised_z_hat,290,country__country.00097,country,2,13.095975875854492,22.43360137939453
full_denoised_z_hat,291,country__country.00097,country,2,14.296597480773926,21.02170753479004
full_denoised_z_hat,292,country__country.00097,country,2,16.4555721282959,22.203203201293945
full_denoised_z_hat,293,country__country.00099,country,2,-1.2569177150726318,48.07186508178711
full_denoised_z_hat,294,country__country.00099,country,2,-6.009181022644043,12.447563171386719
full_denoised_z_hat,295,country__country.00099,country,2,-1.3057466745376587,48.48157501220703
full_denoised_z_hat,296,country__country.00099,country,2,-1.3769755363464355,46.74092483520508
full_denoised_z_hat,297,country__country.00099,country,2,-6.025816440582275,48.490631103515625
full_denoised_z_hat,298,country__country.00099,country,2,-6.866137504577637,48.071861267089844
full_denoised_z_hat,299,country__country.00099,country,2,-3.6369194984436035,49.04798126220703
full_denoised_z_hat,300,disco__disco.00000,disco,3,-14.0722017288208,-11.643882751464844
full_denoised_z_hat,301,disco__disco.00000,disco,3,-18.453752517700195,-12.939523696899414
full_denoised_z_hat,302,disco__disco.00000,disco,3,-16.68452262878418,-13.67779541015625
full_denoised_z_hat,303,disco__disco.00000,disco,3,-15.478559494018555,-14.584776878356934
full_denoised_z_hat,304,disco__disco.00000,disco,3,-5.667086124420166,-9.640953063964844
full_denoised_z_hat,305,disco__disco.00000,disco,3,-14.068573951721191,-12.258870124816895
full_denoised_z_hat,306,disco__disco.00000,disco,3,-16.00225067138672,-14.60632038116455
full_denoised_z_hat,307,disco__disco.00000,disco,3,-15.755742073059082,-15.024662971496582
full_denoised_z_hat,308,disco__disco.00000,disco,3,-16.480876922607422,-14.339948654174805
full_denoised_z_hat,309,disco__disco.00003,disco,3,-6.950702667236328,-2.6520214080810547
full_denoised_z_hat,310,disco__disco.00003,disco,3,-8.32104206085205,46.513580322265625
full_denoised_z_hat,311,disco__disco.00003,disco,3,-18.544084548950195,-11.1590576171875
full_denoised_z_hat,312,disco__disco.00003,disco,3,-17.737712860107422,-9.884317398071289
full_denoised_z_hat,313,disco__disco.00003,disco,3,-19.203479766845703,-8.626219749450684
full_denoised_z_hat,314,disco__disco.00003,disco,3,-19.007535934448242,-8.352235794067383
full_denoised_z_hat,315,disco__disco.00010,disco,3,-49.614784240722656,-8.5020112991333
full_denoised_z_hat,316,disco__disco.00010,disco,3,-16.24515724182129,-11.952183723449707
full_denoised_z_hat,317,disco__disco.00010,disco,3,-14.989912986755371,-12.606965065002441
full_denoised_z_hat,318,disco__disco.00010,disco,3,-24.010433197021484,-29.306270599365234
full_denoised_z_hat,319,disco__disco.00010,disco,3,-24.067638397216797,-29.50594139099121
full_denoised_z_hat,320,disco__disco.00010,disco,3,-22.8424072265625,-28.151185989379883
full_denoised_z_hat,321,disco__disco.00020,disco,3,-23.59718132019043,6.519857406616211
full_denoised_z_hat,322,disco__disco.00020,disco,3,9.752777099609375,22.722875595092773
full_denoised_z_hat,323,disco__disco.00020,disco,3,-19.67977523803711,12.86794376373291
full_denoised_z_hat,324,disco__disco.00021,disco,3,-13.7073392868042,-11.077764511108398
full_denoised_z_hat,325,disco__disco.00021,disco,3,-12.478716850280762,-8.964332580566406
full_denoised_z_hat,326,disco__disco.00021,disco,3,-12.398575782775879,-8.475337982177734
full_denoised_z_hat,327,disco__disco.00021,disco,3,-9.31432819366455,-9.265329360961914
full_denoised_z_hat,328,disco__disco.00021,disco,3,-9.571914672851562,-9.305251121520996
full_denoised_z_hat,329,disco__disco.00021,disco,3,-5.41535758972168,-5.930501937866211
full_denoised_z_hat,330,disco__disco.00021,disco,3,-5.690754413604736,-6.024665355682373
full_denoised_z_hat,331,disco__disco.00021,disco,3,-50.96444320678711,-0.5865344405174255
full_denoised_z_hat,332,disco__disco.00030,disco,3,-15.798978805541992,-13.289782524108887
full_denoised_z_hat,333,disco__disco.00030,disco,3,-15.211963653564453,-14.179471015930176
full_denoised_z_hat,334,disco__disco.00030,disco,3,-15.654557228088379,-14.019112586975098
full_denoised_z_hat,335,disco__disco.00030,disco,3,-9.156137466430664,-9.442724227905273
full_denoised_z_hat,336,disco__disco.00030,disco,3,-21.176265716552734,-27.511474609375
full_denoised_z_hat,337,disco__disco.00030,disco,3,-19.478893280029297,-13.530177116394043
full_denoised_z_hat,338,disco__disco.00030,disco,3,-17.914226531982422,-14.427557945251465
full_denoised_z_hat,339,disco__disco.00030,disco,3,-13.933358192443848,-12.817914009094238
full_denoised_z_hat,340,disco__disco.00030,disco,3,-18.748451232910156,-11.156299591064453
full_denoised_z_hat,341,disco__disco.00030,disco,3,-16.004247665405273,-12.919842720031738
full_denoised_z_hat,342,disco__disco.00040,disco,3,-14.157113075256348,-9.225900650024414
full_denoised_z_hat,343,disco__disco.00040,disco,3,-17.05508804321289,-0.05041665956377983
full_denoised_z_hat,344,disco__disco.00040,disco,3,-15.933770179748535,-4.214939117431641
full_denoised_z_hat,345,disco__disco.00040,disco,3,-16.74989128112793,-1.656627893447876
full_denoised_z_hat,346,disco__disco.00040,disco,3,-16.58643341064453,-3.544973134994507
full_denoised_z_hat,347,disco__disco.00040,disco,3,-14.872089385986328,-10.113493919372559
full_denoised_z_hat,348,disco__disco.00044,disco,3,-15.371676445007324,-10.778505325317383
full_denoised_z_hat,349,disco__disco.00044,disco,3,-18.241456985473633,-10.923171043395996
full_denoised_z_hat,350,disco__disco.00044,disco,3,-19.246501922607422,-8.835688591003418
full_denoised_z_hat,351,disco__disco.00044,disco,3,-17.984302520751953,-10.404546737670898
full_denoised_z_hat,352,disco__disco.00044,disco,3,-16.47660255432129,-3.218287706375122
full_denoised_z_hat,353,disco__disco.00044,disco,3,-15.177465438842773,-11.694843292236328
full_denoised_z_hat,354,disco__disco.00044,disco,3,-19.104854583740234,-12.140645980834961
full_denoised_z_hat,355,disco__disco.00044,disco,3,-18.61334991455078,-10.769603729248047
full_denoised_z_hat,356,disco__disco.00044,disco,3,-18.648834228515625,-11.884590148925781
full_denoised_z_hat,357,disco__disco.00044,disco,3,-16.826168060302734,-12.031891822814941
full_denoised_z_hat,358,disco__disco.00044,disco,3,-19.334142684936523,-11.145143508911133
full_denoised_z_hat,359,disco__disco.00055,disco,3,-19.059789657592773,-13.105548858642578
full_denoised_z_hat,360,disco__disco.00055,disco,3,-16.994260787963867,-12.649687767028809
full_denoised_z_hat,361,disco__disco.00055,disco,3,-15.608342170715332,-14.05557632446289
full_denoised_z_hat,362,disco__disco.00055,disco,3,-18.185209274291992,-11.866250038146973
full_denoised_z_hat,363,disco__disco.00055,disco,3,-16.27603530883789,-13.204176902770996
full_denoised_z_hat,364,disco__disco.00055,disco,3,-18.419557571411133,-12.372304916381836
full_denoised_z_hat,365,disco__disco.00055,disco,3,-17.86402130126953,-12.597330093383789
full_denoised_z_hat,366,disco__disco.00064,disco,3,-17.71916389465332,-13.285143852233887
full_denoised_z_hat,367,disco__disco.00064,disco,3,-17.95205307006836,-10.56130313873291
full_denoised_z_hat,368,disco__disco.00064,disco,3,-18.760562896728516,-11.819138526916504
full_denoised_z_hat,369,disco__disco.00064,disco,3,-18.71387481689453,-13.914933204650879
full_denoised_z_hat,370,disco__disco.00075,disco,3,-17.856107711791992,-11.525734901428223
full_denoised_z_hat,371,disco__disco.00075,disco,3,-19.876144409179688,-11.977858543395996
full_denoised_z_hat,372,disco__disco.00075,disco,3,-15.69082260131836,-10.221025466918945
full_denoised_z_hat,373,disco__disco.00075,disco,3,-8.184637069702148,-17.585205078125
full_denoised_z_hat,374,disco__disco.00075,disco,3,-19.171157836914062,-12.309277534484863
full_denoised_z_hat,375,disco__disco.00075,disco,3,-20.01511573791504,-12.089574813842773
full_denoised_z_hat,376,disco__disco.00075,disco,3,-8.427599906921387,-17.566402435302734
full_denoised_z_hat,377,disco__disco.00075,disco,3,-9.110958099365234,-15.236929893493652
full_denoised_z_hat,378,disco__disco.00084,disco,3,-17.260713577270508,-0.6074356436729431
full_denoised_z_hat,379,disco__disco.00084,disco,3,-17.23654556274414,-13.553105354309082
full_denoised_z_hat,380,disco__disco.00084,disco,3,-12.648311614990234,-10.021904945373535
full_denoised_z_hat,381,disco__disco.00084,disco,3,-17.814180374145508,-12.817044258117676
full_denoised_z_hat,382,disco__disco.00084,disco,3,-18.156278610229492,-13.364459991455078
full_denoised_z_hat,383,disco__disco.00084,disco,3,-19.18802833557129,7.170151233673096
full_denoised_z_hat,384,disco__disco.00084,disco,3,-18.986360549926758,6.690214157104492
full_denoised_z_hat,385,disco__disco.00093,disco,3,-16.699838638305664,-14.9548978805542
full_denoised_z_hat,386,disco__disco.00093,disco,3,-13.512133598327637,-11.783785820007324
full_denoised_z_hat,387,disco__disco.00093,disco,3,-15.885643005371094,-12.98445987701416
full_denoised_z_hat,388,disco__disco.00093,disco,3,-14.660648345947266,-11.653800010681152
full_denoised_z_hat,389,disco__disco.00093,disco,3,-14.248289108276367,-13.497781753540039
full_denoised_z_hat,390,disco__disco.00093,disco,3,-18.191144943237305,-13.998270988464355
full_denoised_z_hat,391,disco__disco.00094,disco,3,2.879722833633423,-48.64616775512695
full_denoised_z_hat,392,disco__disco.00094,disco,3,-8.170458793640137,-17.653806686401367
full_denoised_z_hat,393,disco__disco.00094,disco,3,-15.119918823242188,9.2889404296875
full_denoised_z_hat,394,disco__disco.00094,disco,3,-1.6077592372894287,-39.23737716674805
full_denoised_z_hat,395,disco__disco.00094,disco,3,-13.547856330871582,-6.1196184158325195
full_denoised_z_hat,396,disco__disco.00095,disco,3,-14.197345733642578,-9.56581974029541
full_denoised_z_hat,397,disco__disco.00095,disco,3,-18.210634231567383,-13.153078079223633
full_denoised_z_hat,398,disco__disco.00095,disco,3,-18.30964469909668,-13.161118507385254
full_denoised_z_hat,399,disco__disco.00095,disco,3,-17.529708862304688,0.9822942614555359
full_denoised_z_hat,400,hiphop__hiphop.00002,hiphop,4,-22.996143341064453,-28.664051055908203
full_denoised_z_hat,401,hiphop__hiphop.00002,hiphop,4,-30.311756134033203,-32.114994049072266
full_denoised_z_hat,402,hiphop__hiphop.00002,hiphop,4,-31.019268035888672,-32.975311279296875
full_denoised_z_hat,403,hiphop__hiphop.00002,hiphop,4,-30.062822341918945,-33.861690521240234
full_denoised_z_hat,404,hiphop__hiphop.00002,hiphop,4,-31.764421463012695,-32.90530014038086
full_denoised_z_hat,405,hiphop__hiphop.00034,hiphop,4,-35.069129943847656,-34.13862609863281
full_denoised_z_hat,406,hiphop__hiphop.00034,hiphop,4,-33.28106689453125,-32.55989074707031
full_denoised_z_hat,407,hiphop__hiphop.00034,hiphop,4,-33.72694396972656,-34.260955810546875
full_denoised_z_hat,408,hiphop__hiphop.00034,hiphop,4,-33.54204177856445,-33.52184295654297
full_denoised_z_hat,409,hiphop__hiphop.00034,hiphop,4,-36.29115676879883,-35.5384521484375
full_denoised_z_hat,410,hiphop__hiphop.00034,hiphop,4,-35.554115295410156,-35.576683044433594
full_denoised_z_hat,411,hiphop__hiphop.00038,hiphop,4,-38.973045349121094,-32.651126861572266
full_denoised_z_hat,412,hiphop__hiphop.00038,hiphop,4,-38.84398651123047,-32.46163558959961
full_denoised_z_hat,413,hiphop__hiphop.00038,hiphop,4,-39.0286865234375,-31.74483871459961
full_denoised_z_hat,414,hiphop__hiphop.00038,hiphop,4,-34.57048416137695,-34.863075256347656
full_denoised_z_hat,415,hiphop__hiphop.00040,hiphop,4,-44.69968032836914,-0.9678363800048828
full_denoised_z_hat,416,hiphop__hiphop.00040,hiphop,4,-48.96805191040039,-7.256441116333008
full_denoised_z_hat,417,hiphop__hiphop.00040,hiphop,4,-44.296142578125,-6.977806568145752
full_denoised_z_hat,418,hiphop__hiphop.00040,hiphop,4,-29.73798370361328,-28.373153686523438
full_denoised_z_hat,419,hiphop__hiphop.00040,hiphop,4,-46.2613639831543,4.728143215179443
full_denoised_z_hat,420,hiphop__hiphop.00040,hiphop,4,-49.54518127441406,-0.6413984894752502
full_denoised_z_hat,421,hiphop__hiphop.00040,hiphop,4,-48.24082946777344,-7.018378257751465
full_denoised_z_hat,422,hiphop__hiphop.00042,hiphop,4,-48.90400695800781,1.0506494045257568
full_denoised_z_hat,423,hiphop__hiphop.00042,hiphop,4,-26.560317993164062,7.375580787658691
full_denoised_z_hat,424,hiphop__hiphop.00042,hiphop,4,-34.896392822265625,-27.33603858947754
full_denoised_z_hat,425,hiphop__hiphop.00042,hiphop,4,-26.819849014282227,7.177002429962158
full_denoised_z_hat,426,hiphop__hiphop.00042,hiphop,4,-40.200950622558594,-29.95607566833496
full_denoised_z_hat,427,hiphop__hiphop.00042,hiphop,4,-26.098318099975586,6.44153356552124
full_denoised_z_hat,428,hiphop__hiphop.00042,hiphop,4,-39.54665756225586,-29.623882293701172
full_denoised_z_hat,429,hiphop__hiphop.00042,hiphop,4,-40.007259368896484,-30.278505325317383
full_denoised_z_hat,430,hiphop__hiphop.00044,hiphop,4,-26.072933197021484,7.783241271972656
full_denoised_z_hat,431,hiphop__hiphop.00044,hiphop,4,-39.112876892089844,8.261808395385742
full_denoised_z_hat,432,hiphop__hiphop.00044,hiphop,4,-16.2773494720459,15.200432777404785
full_denoised_z_hat,433,hiphop__hiphop.00044,hiphop,4,16.000629425048828,22.432527542114258
full_denoised_z_hat,434,hiphop__hiphop.00044,hiphop,4,10.126976013183594,4.891121864318848
full_denoised_z_hat,435,hiphop__hiphop.00044,hiphop,4,3.006659507751465,38.53408432006836
full_denoised_z_hat,436,hiphop__hiphop.00044,hiphop,4,-31.27828025817871,-25.678199768066406
full_denoised_z_hat,437,hiphop__hiphop.00053,hiphop,4,-38.250301361083984,8.70351791381836
full_denoised_z_hat,438,hiphop__hiphop.00053,hiphop,4,-18.92569923400879,-3.888787031173706
full_denoised_z_hat,439,hiphop__hiphop.00053,hiphop,4,-17.433391571044922,-2.601325035095215
full_denoised_z_hat,440,hiphop__hiphop.00053,hiphop,4,-16.585844039916992,-3.023355007171631
full_denoised_z_hat,441,hiphop__hiphop.00053,hiphop,4,-19.59210968017578,-10.252204895019531
full_denoised_z_hat,442,hiphop__hiphop.00053,hiphop,4,-38.41014862060547,-31.265419006347656
full_denoised_z_hat,443,hiphop__hiphop.00053,hiphop,4,-22.912981033325195,-28.294260025024414
full_denoised_z_hat,444,hiphop__hiphop.00053,hiphop,4,-25.78780746459961,-28.680885314941406
full_denoised_z_hat,445,hiphop__hiphop.00053,hiphop,4,-19.442338943481445,7.219086647033691
full_denoised_z_hat,446,hiphop__hiphop.00076,hiphop,4,-35.425655364990234,-35.6525993347168
full_denoised_z_hat,447,hiphop__hiphop.00076,hiphop,4,-34.813114166259766,-34.86071014404297
full_denoised_z_hat,448,hiphop__hiphop.00076,hiphop,4,-35.56547927856445,-35.52324676513672
full_denoised_z_hat,449,hiphop__hiphop.00076,hiphop,4,-35.84690856933594,-34.27948760986328
full_denoised_z_hat,450,hiphop__hiphop.00076,hiphop,4,-35.662132263183594,-34.5639762878418
full_denoised_z_hat,451,hiphop__hiphop.00076,hiphop,4,-34.68104553222656,-33.108158111572266
full_denoised_z_hat,452,hiphop__hiphop.00079,hiphop,4,-50.876792907714844,-6.985772132873535
full_denoised_z_hat,453,hiphop__hiphop.00079,hiphop,4,-50.21269607543945,-7.954558849334717
full_denoised_z_hat,454,hiphop__hiphop.00079,hiphop,4,-45.64210891723633,6.19648551940918
full_denoised_z_hat,455,hiphop__hiphop.00079,hiphop,4,-35.85313034057617,-32.156349182128906
full_denoised_z_hat,456,hiphop__hiphop.00079,hiphop,4,-49.804100036621094,-10.35228443145752
full_denoised_z_hat,457,hiphop__hiphop.00079,hiphop,4,-45.34941101074219,5.67337703704834
full_denoised_z_hat,458,hiphop__hiphop.00079,hiphop,4,-51.9506721496582,-2.9449520111083984
full_denoised_z_hat,459,hiphop__hiphop.00079,hiphop,4,-52.510963439941406,-2.414024591445923
full_denoised_z_hat,460,hiphop__hiphop.00082,hiphop,4,-36.17320251464844,-35.19154739379883
full_denoised_z_hat,461,hiphop__hiphop.00082,hiphop,4,-34.953468322753906,-35.69776153564453
full_denoised_z_hat,462,hiphop__hiphop.00082,hiphop,4,-34.21247482299805,-39.412261962890625
full_denoised_z_hat,463,hiphop__hiphop.00082,hiphop,4,-35.71983337402344,-33.789276123046875
full_denoised_z_hat,464,hiphop__hiphop.00082,hiphop,4,-33.28102111816406,-32.3738899230957
full_denoised_z_hat,465,hiphop__hiphop.00082,hiphop,4,-34.11957931518555,-35.94272232055664
full_denoised_z_hat,466,hiphop__hiphop.00087,hiphop,4,-34.92995834350586,-35.36208724975586
full_denoised_z_hat,467,hiphop__hiphop.00087,hiphop,4,-32.63703918457031,-34.09946060180664
full_denoised_z_hat,468,hiphop__hiphop.00087,hiphop,4,-31.564115524291992,-33.914974212646484
full_denoised_z_hat,469,hiphop__hiphop.00087,hiphop,4,-31.031469345092773,-32.12434387207031
full_denoised_z_hat,470,hiphop__hiphop.00087,hiphop,4,-32.53115463256836,-34.515228271484375
full_denoised_z_hat,471,hiphop__hiphop.00087,hiphop,4,-33.79500961303711,-34.774131774902344
full_denoised_z_hat,472,hiphop__hiphop.00087,hiphop,4,-33.53913879394531,-34.86946105957031
full_denoised_z_hat,473,hiphop__hiphop.00089,hiphop,4,-21.225749969482422,-27.491819381713867
full_denoised_z_hat,474,hiphop__hiphop.00089,hiphop,4,-21.20174217224121,-27.57664680480957
full_denoised_z_hat,475,hiphop__hiphop.00089,hiphop,4,-32.49538040161133,-34.794166564941406
full_denoised_z_hat,476,hiphop__hiphop.00089,hiphop,4,-22.5819149017334,-28.453174591064453
full_denoised_z_hat,477,hiphop__hiphop.00089,hiphop,4,-24.050607681274414,-29.41444969177246
full_denoised_z_hat,478,hiphop__hiphop.00093,hiphop,4,-29.844844818115234,-31.740619659423828
full_denoised_z_hat,479,hiphop__hiphop.00093,hiphop,4,-7.282507419586182,-33.33256912231445
full_denoised_z_hat,480,hiphop__hiphop.00093,hiphop,4,-6.540764331817627,-32.84775161743164
full_denoised_z_hat,481,hiphop__hiphop.00093,hiphop,4,4.943766117095947,-14.278532028198242
full_denoised_z_hat,482,hiphop__hiphop.00093,hiphop,4,-23.655141830444336,6.252198696136475
full_denoised_z_hat,483,hiphop__hiphop.00093,hiphop,4,-30.345645904541016,-25.023265838623047
full_denoised_z_hat,484,hiphop__hiphop.00093,hiphop,4,-10.495231628417969,-11.134300231933594
full_denoised_z_hat,485,hiphop__hiphop.00093,hiphop,4,-7.728489875793457,-33.183692932128906
full_denoised_z_hat,486,hiphop__hiphop.00093,hiphop,4,-4.948038578033447,-9.868644714355469
full_denoised_z_hat,487,hiphop__hiphop.00094,hiphop,4,-36.92705535888672,-33.72441482543945
full_denoised_z_hat,488,hiphop__hiphop.00094,hiphop,4,-36.720645904541016,-32.7514762878418
full_denoised_z_hat,489,hiphop__hiphop.00094,hiphop,4,-39.28115463256836,-32.223331451416016
full_denoised_z_hat,490,hiphop__hiphop.00094,hiphop,4,-36.529029846191406,-33.78343200683594
full_denoised_z_hat,491,hiphop__hiphop.00094,hiphop,4,-39.0125617980957,-31.418519973754883
full_denoised_z_hat,492,hiphop__hiphop.00098,hiphop,4,-34.507591247558594,-35.021873474121094
full_denoised_z_hat,493,hiphop__hiphop.00098,hiphop,4,-34.24061965942383,-34.753787994384766
full_denoised_z_hat,494,hiphop__hiphop.00098,hiphop,4,-35.41585922241211,-34.36604309082031
full_denoised_z_hat,495,hiphop__hiphop.00098,hiphop,4,-36.47603988647461,-33.369056701660156
full_denoised_z_hat,496,hiphop__hiphop.00098,hiphop,4,-36.14311599731445,-33.29275131225586
full_denoised_z_hat,497,hiphop__hiphop.00098,hiphop,4,-34.99781036376953,-33.89396667480469
full_denoised_z_hat,498,hiphop__hiphop.00098,hiphop,4,-36.36312484741211,-35.32087326049805
full_denoised_z_hat,499,hiphop__hiphop.00098,hiphop,4,-34.89069366455078,-33.88572311401367
full_denoised_z_hat,500,jazz__jazz.00033,jazz,5,46.59402847290039,9.349405288696289
full_denoised_z_hat,501,jazz__jazz.00033,jazz,5,48.10133361816406,8.974753379821777
full_denoised_z_hat,502,jazz__jazz.00033,jazz,5,49.93663787841797,8.80073356628418
full_denoised_z_hat,503,jazz__jazz.00033,jazz,5,46.66142272949219,7.619469165802002
full_denoised_z_hat,504,jazz__jazz.00033,jazz,5,47.597225189208984,8.794511795043945
full_denoised_z_hat,505,jazz__jazz.00033,jazz,5,47.399532318115234,9.25526237487793
full_denoised_z_hat,506,jazz__jazz.00041,jazz,5,46.880523681640625,10.185518264770508
full_denoised_z_hat,507,jazz__jazz.00041,jazz,5,44.05341339111328,9.257658004760742
full_denoised_z_hat,508,jazz__jazz.00041,jazz,5,42.205543518066406,9.27511978149414
full_denoised_z_hat,509,jazz__jazz.00041,jazz,5,43.033775329589844,9.361374855041504
full_denoised_z_hat,510,jazz__jazz.00041,jazz,5,48.453739166259766,9.662007331848145
full_denoised_z_hat,511,jazz__jazz.00041,jazz,5,45.95744323730469,5.027686595916748
full_denoised_z_hat,512,jazz__jazz.00041,jazz,5,51.017398834228516,8.072399139404297
full_denoised_z_hat,513,jazz__jazz.00041,jazz,5,51.962894439697266,7.913732528686523
full_denoised_z_hat,514,jazz__jazz.00041,jazz,5,51.3177490234375,10.128937721252441
full_denoised_z_hat,515,jazz__jazz.00041,jazz,5,49.947383880615234,7.161479949951172
full_denoised_z_hat,516,jazz__jazz.00046,jazz,5,48.59206771850586,6.328577041625977
full_denoised_z_hat,517,jazz__jazz.00046,jazz,5,48.308433532714844,9.321895599365234
full_denoised_z_hat,518,jazz__jazz.00046,jazz,5,50.24591064453125,7.145903587341309
full_denoised_z_hat,519,jazz__jazz.00046,jazz,5,48.916358947753906,9.768353462219238
full_denoised_z_hat,520,jazz__jazz.00046,jazz,5,43.805763244628906,7.886867046356201
full_denoised_z_hat,521,jazz__jazz.00046,jazz,5,48.452919006347656,5.655151844024658
full_denoised_z_hat,522,jazz__jazz.00046,jazz,5,50.90562438964844,6.999114990234375
full_denoised_z_hat,523,jazz__jazz.00046,jazz,5,50.168853759765625,6.730871677398682
full_denoised_z_hat,524,jazz__jazz.00048,jazz,5,42.497066497802734,2.664107322692871
full_denoised_z_hat,525,jazz__jazz.00048,jazz,5,50.29632568359375,8.480024337768555
full_denoised_z_hat,526,jazz__jazz.00048,jazz,5,19.357250213623047,-3.5106558799743652
full_denoised_z_hat,527,jazz__jazz.00048,jazz,5,51.23481750488281,6.192429065704346
full_denoised_z_hat,528,jazz__jazz.00048,jazz,5,51.84197998046875,8.877341270446777
full_denoised_z_hat,529,jazz__jazz.00048,jazz,5,45.896514892578125,5.019337177276611
full_denoised_z_hat,530,jazz__jazz.00048,jazz,5,18.545995712280273,-3.9020237922668457
full_denoised_z_hat,531,jazz__jazz.00048,jazz,5,42.437042236328125,1.994332194328308
full_denoised_z_hat,532,jazz__jazz.00050,jazz,5,-4.71612548828125,44.11516571044922
full_denoised_z_hat,533,jazz__jazz.00050,jazz,5,-4.717474460601807,45.45322799682617
full_denoised_z_hat,534,jazz__jazz.00050,jazz,5,44.671207427978516,9.357151985168457
full_denoised_z_hat,535,jazz__jazz.00050,jazz,5,46.94876480102539,9.731700897216797
full_denoised_z_hat,536,jazz__jazz.00050,jazz,5,45.30455780029297,7.895664215087891
full_denoised_z_hat,537,jazz__jazz.00050,jazz,5,41.59747314453125,4.4218430519104
full_denoised_z_hat,538,jazz__jazz.00050,jazz,5,-11.121504783630371,-4.254735469818115
full_denoised_z_hat,539,jazz__jazz.00050,jazz,5,-8.88525390625,-31.834962844848633
full_denoised_z_hat,540,jazz__jazz.00050,jazz,5,-8.64377212524414,-32.449058532714844
full_denoised_z_hat,541,jazz__jazz.00059,jazz,5,49.381195068359375,8.451217651367188
full_denoised_z_hat,542,jazz__jazz.00059,jazz,5,-25.702272415161133,5.40329647064209
full_denoised_z_hat,543,jazz__jazz.00060,jazz,5,49.865989685058594,8.929560661315918
full_denoised_z_hat,544,jazz__jazz.00060,jazz,5,52.54216384887695,6.861532688140869
full_denoised_z_hat,545,jazz__jazz.00060,jazz,5,52.2346076965332,4.825472831726074
full_denoised_z_hat,546,jazz__jazz.00060,jazz,5,51.14802932739258,8.065654754638672
full_denoised_z_hat,547,jazz__jazz.00060,jazz,5,49.50114822387695,6.06160306930542
full_denoised_z_hat,548,jazz__jazz.00060,jazz,5,52.479671478271484,8.142233848571777
full_denoised_z_hat,549,jazz__jazz.00071,jazz,5,51.215999603271484,9.664908409118652
full_denoised_z_hat,550,jazz__jazz.00071,jazz,5,51.777069091796875,9.154478073120117
full_denoised_z_hat,551,jazz__jazz.00071,jazz,5,47.91322326660156,9.1892728805542
full_denoised_z_hat,552,jazz__jazz.00071,jazz,5,49.48219680786133,9.080784797668457
full_denoised_z_hat,553,jazz__jazz.00071,jazz,5,49.286006927490234,5.4169464111328125
full_denoised_z_hat,554,jazz__jazz.00071,jazz,5,49.70302963256836,8.314888000488281
full_denoised_z_hat,555,jazz__jazz.00071,jazz,5,50.38285827636719,8.29894733428955
full_denoised_z_hat,556,jazz__jazz.00081,jazz,5,11.582106590270996,-5.872969627380371
full_denoised_z_hat,557,jazz__jazz.00081,jazz,5,11.208634376525879,-6.332253456115723
full_denoised_z_hat,558,jazz__jazz.00081,jazz,5,16.798175811767578,-4.188144207000732
full_denoised_z_hat,559,jazz__jazz.00081,jazz,5,11.653520584106445,-6.001922130584717
full_denoised_z_hat,560,jazz__jazz.00081,jazz,5,5.528593063354492,-4.755988597869873
full_denoised_z_hat,561,jazz__jazz.00081,jazz,5,42.40656661987305,2.4196271896362305
full_denoised_z_hat,562,jazz__jazz.00081,jazz,5,48.560508728027344,7.001060962677002
full_denoised_z_hat,563,jazz__jazz.00081,jazz,5,18.291460037231445,-4.005465984344482
full_denoised_z_hat,564,jazz__jazz.00081,jazz,5,18.442794799804688,-3.908285140991211
full_denoised_z_hat,565,jazz__jazz.00084,jazz,5,49.523101806640625,8.134102821350098
full_denoised_z_hat,566,jazz__jazz.00084,jazz,5,52.7401008605957,8.020442008972168
full_denoised_z_hat,567,jazz__jazz.00084,jazz,5,50.11892318725586,7.706009864807129
full_denoised_z_hat,568,jazz__jazz.00084,jazz,5,48.13572311401367,7.5652756690979
full_denoised_z_hat,569,jazz__jazz.00084,jazz,5,48.03083801269531,7.752301216125488
full_denoised_z_hat,570,jazz__jazz.00084,jazz,5,52.00637435913086,9.75262451171875
full_denoised_z_hat,571,jazz__jazz.00084,jazz,5,52.28563690185547,8.102392196655273
full_denoised_z_hat,572,jazz__jazz.00084,jazz,5,51.327884674072266,7.816598892211914
full_denoised_z_hat,573,jazz__jazz.00086,jazz,5,47.6733283996582,9.769821166992188
full_denoised_z_hat,574,jazz__jazz.00086,jazz,5,52.556129455566406,8.770594596862793
full_denoised_z_hat,575,jazz__jazz.00086,jazz,5,52.278831481933594,8.003438949584961
full_denoised_z_hat,576,jazz__jazz.00086,jazz,5,52.903892517089844,6.933224201202393
full_denoised_z_hat,577,jazz__jazz.00086,jazz,5,49.23826599121094,6.0974555015563965
full_denoised_z_hat,578,jazz__jazz.00091,jazz,5,48.43922805786133,5.485506534576416
full_denoised_z_hat,579,jazz__jazz.00091,jazz,5,48.289527893066406,0.19829195737838745
full_denoised_z_hat,580,jazz__jazz.00092,jazz,5,48.502166748046875,10.320470809936523
full_denoised_z_hat,581,jazz__jazz.00092,jazz,5,49.91463851928711,9.351974487304688
full_denoised_z_hat,582,jazz__jazz.00092,jazz,5,52.00227737426758,6.514989852905273
full_denoised_z_hat,583,jazz__jazz.00092,jazz,5,46.91300964355469,4.383221626281738
full_denoised_z_hat,584,jazz__jazz.00092,jazz,5,46.08222579956055,6.725986957550049
full_denoised_z_hat,585,jazz__jazz.00092,jazz,5,46.759639739990234,4.898367881774902
full_denoised_z_hat,586,jazz__jazz.00092,jazz,5,48.303462982177734,0.11185850948095322
full_denoised_z_hat,587,jazz__jazz.00096,jazz,5,50.27999496459961,5.947107315063477
full_denoised_z_hat,588,jazz__jazz.00096,jazz,5,48.385555267333984,7.207973480224609
full_denoised_z_hat,589,jazz__jazz.00096,jazz,5,48.81474685668945,5.5589375495910645
full_denoised_z_hat,590,jazz__jazz.00096,jazz,5,46.9027214050293,7.939910888671875
full_denoised_z_hat,591,jazz__jazz.00096,jazz,5,45.51729965209961,7.39310884475708
full_denoised_z_hat,592,jazz__jazz.00096,jazz,5,50.24041748046875,9.37965202331543
full_denoised_z_hat,593,jazz__jazz.00096,jazz,5,45.519508361816406,8.7144136428833
full_denoised_z_hat,594,jazz__jazz.00096,jazz,5,46.78774642944336,8.066445350646973
full_denoised_z_hat,595,jazz__jazz.00096,jazz,5,48.10874938964844,7.359714984893799
full_denoised_z_hat,596,jazz__jazz.00096,jazz,5,47.90473175048828,6.975653648376465
full_denoised_z_hat,597,jazz__jazz.00099,jazz,5,51.45576095581055,8.976200103759766
full_denoised_z_hat,598,jazz__jazz.00099,jazz,5,47.57339096069336,9.864785194396973
full_denoised_z_hat,599,jazz__jazz.00099,jazz,5,49.055599212646484,8.883283615112305
full_denoised_z_hat,600,metal__metal.00002,metal,6,6.998321533203125,-35.097965240478516
full_denoised_z_hat,601,metal__metal.00002,metal,6,6.578866958618164,-37.79397201538086
full_denoised_z_hat,602,metal__metal.00002,metal,6,5.124048233032227,-46.756343841552734
full_denoised_z_hat,603,metal__metal.00002,metal,6,5.56272554397583,-38.96322250366211
full_denoised_z_hat,604,metal__metal.00002,metal,6,3.884690284729004,-43.314815521240234
full_denoised_z_hat,605,metal__metal.00002,metal,6,6.151658535003662,-37.224143981933594
full_denoised_z_hat,606,metal__metal.00002,metal,6,4.363804817199707,-48.04606246948242
full_denoised_z_hat,607,metal__metal.00002,metal,6,3.609086275100708,-43.357200622558594
full_denoised_z_hat,608,metal__metal.00002,metal,6,2.5824859142303467,-43.490108489990234
full_denoised_z_hat,609,metal__metal.00004,metal,6,4.46909761428833,-47.591983795166016
full_denoised_z_hat,610,metal__metal.00004,metal,6,4.175090789794922,-45.18937683105469
full_denoised_z_hat,611,metal__metal.00004,metal,6,4.121893405914307,-47.179317474365234
full_denoised_z_hat,612,metal__metal.00004,metal,6,4.247316837310791,-44.43431091308594
full_denoised_z_hat,613,metal__metal.00004,metal,6,6.145425796508789,-46.173980712890625
full_denoised_z_hat,614,metal__metal.00004,metal,6,2.9551920890808105,-44.15037155151367
full_denoised_z_hat,615,metal__metal.00004,metal,6,4.376893997192383,-47.679893493652344
full_denoised_z_hat,616,metal__metal.00012,metal,6,3.554117441177368,-48.74473571777344
full_denoised_z_hat,617,metal__metal.00012,metal,6,3.6167776584625244,-48.81553268432617
full_denoised_z_hat,618,metal__metal.00012,metal,6,4.010147571563721,-48.86586380004883
full_denoised_z_hat,619,metal__metal.00012,metal,6,5.612997055053711,-40.189979553222656
full_denoised_z_hat,620,metal__metal.00012,metal,6,3.601621150970459,-45.337764739990234
full_denoised_z_hat,621,metal__metal.00012,metal,6,4.0501389503479,-40.33778762817383
full_denoised_z_hat,622,metal__metal.00012,metal,6,4.7836456298828125,-45.52625274658203
full_denoised_z_hat,623,metal__metal.00012,metal,6,2.845015525817871,-40.72276306152344
full_denoised_z_hat,624,metal__metal.00022,metal,6,7.213604927062988,-34.51911926269531
full_denoised_z_hat,625,metal__metal.00022,metal,6,6.226701259613037,-37.325904846191406
full_denoised_z_hat,626,metal__metal.00022,metal,6,7.927786827087402,-16.45993995666504
full_denoised_z_hat,627,metal__metal.00022,metal,6,2.2331960201263428,-15.51768970489502
full_denoised_z_hat,628,metal__metal.00022,metal,6,4.34895133972168,-15.305753707885742
full_denoised_z_hat,629,metal__metal.00022,metal,6,0.5522512793540955,49.68351364135742
full_denoised_z_hat,630,metal__metal.00022,metal,6,5.2283501625061035,-15.034080505371094
full_denoised_z_hat,631,metal__metal.00022,metal,6,5.623779773712158,-15.263915061950684
full_denoised_z_hat,632,metal__metal.00024,metal,6,5.118137359619141,-39.438743591308594
full_denoised_z_hat,633,metal__metal.00024,metal,6,4.824502468109131,-38.02918243408203
full_denoised_z_hat,634,metal__metal.00024,metal,6,4.751003265380859,-39.96295928955078
full_denoised_z_hat,635,metal__metal.00024,metal,6,4.546035289764404,-42.93846130371094
full_denoised_z_hat,636,metal__metal.00024,metal,6,5.066590785980225,-43.87591552734375
full_denoised_z_hat,637,metal__metal.00024,metal,6,6.479369163513184,-39.30971145629883
full_denoised_z_hat,638,metal__metal.00024,metal,6,4.762947082519531,-38.49748611450195
full_denoised_z_hat,639,metal__metal.00024,metal,6,3.131025791168213,-42.34239959716797
full_denoised_z_hat,640,metal__metal.00030,metal,6,9.136404991149902,-12.207514762878418
full_denoised_z_hat,641,metal__metal.00030,metal,6,-7.31334114074707,-33.350257873535156
full_denoised_z_hat,642,metal__metal.00030,metal,6,7.141608238220215,-15.14096736907959
full_denoised_z_hat,643,metal__metal.00030,metal,6,-7.06217622756958,-33.367210388183594
full_denoised_z_hat,644,metal__metal.00030,metal,6,-7.2331719398498535,-33.30107498168945
full_denoised_z_hat,645,metal__metal.00049,metal,6,4.690389633178711,-47.12058639526367
full_denoised_z_hat,646,metal__metal.00049,metal,6,4.901808261871338,-40.080589294433594
full_denoised_z_hat,647,metal__metal.00049,metal,6,4.539583683013916,-39.93114471435547
full_denoised_z_hat,648,metal__metal.00049,metal,6,4.962290287017822,-39.53861999511719
full_denoised_z_hat,649,metal__metal.00049,metal,6,3.272846221923828,-39.52383804321289
full_denoised_z_hat,650,metal__metal.00049,metal,6,4.206039905548096,-39.644535064697266
full_denoised_z_hat,651,metal__metal.00049,metal,6,4.02818489074707,-45.09806442260742
full_denoised_z_hat,652,metal__metal.00049,metal,6,4.548572063446045,-42.96281433105469
full_denoised_z_hat,653,metal__metal.00049,metal,6,4.5343098640441895,-37.348838806152344
full_denoised_z_hat,654,metal__metal.00051,metal,6,5.5062665939331055,-50.594722747802734
full_denoised_z_hat,655,metal__metal.00051,metal,6,0.9261516332626343,-43.95487976074219
full_denoised_z_hat,656,metal__metal.00051,metal,6,4.137067794799805,-45.4823112487793
full_denoised_z_hat,657,metal__metal.00051,metal,6,5.117207050323486,-44.85884094238281
full_denoised_z_hat,658,metal__metal.00051,metal,6,4.061676025390625,-38.78719711303711
full_denoised_z_hat,659,metal__metal.00051,metal,6,3.4860105514526367,-47.805233001708984
full_denoised_z_hat,660,metal__metal.00051,metal,6,3.6246795654296875,-41.22115707397461
full_denoised_z_hat,661,metal__metal.00051,metal,6,4.866063594818115,-39.715660095214844
full_denoised_z_hat,662,metal__metal.00052,metal,6,3.57161021232605,-44.7291259765625
full_denoised_z_hat,663,metal__metal.00052,metal,6,3.498720407485962,-47.911277770996094
full_denoised_z_hat,664,metal__metal.00052,metal,6,3.2381961345672607,-46.47088623046875
full_denoised_z_hat,665,metal__metal.00052,metal,6,4.325794219970703,-48.13547897338867
full_denoised_z_hat,666,metal__metal.00052,metal,6,4.5623979568481445,-48.09722137451172
full_denoised_z_hat,667,metal__metal.00056,metal,6,4.601123332977295,-46.32959747314453
full_denoised_z_hat,668,metal__metal.00056,metal,6,3.933905601501465,-44.764896392822266
full_denoised_z_hat,669,metal__metal.00056,metal,6,4.315643310546875,-40.791587829589844
full_denoised_z_hat,670,metal__metal.00056,metal,6,6.298510551452637,-38.6410026550293
full_denoised_z_hat,671,metal__metal.00056,metal,6,6.332597255706787,-38.957637786865234
full_denoised_z_hat,672,metal__metal.00056,metal,6,5.716888427734375,-36.96464538574219
full_denoised_z_hat,673,metal__metal.00069,metal,6,8.070509910583496,-34.01563262939453
full_denoised_z_hat,674,metal__metal.00069,metal,6,5.853722095489502,-39.6248893737793
full_denoised_z_hat,675,metal__metal.00069,metal,6,-19.293964385986328,13.213213920593262
full_denoised_z_hat,676,metal__metal.00069,metal,6,-20.455196380615234,19.854785919189453
full_denoised_z_hat,677,metal__metal.00069,metal,6,-6.246077537536621,-32.41774368286133
full_denoised_z_hat,678,metal__metal.00069,metal,6,2.2456140518188477,-43.9974365234375
full_denoised_z_hat,679,metal__metal.00069,metal,6,8.01136589050293,-15.889126777648926
full_denoised_z_hat,680,metal__metal.00091,metal,6,7.910776615142822,-9.105619430541992
full_denoised_z_hat,681,metal__metal.00091,metal,6,9.391289710998535,-9.94408893585205
full_denoised_z_hat,682,metal__metal.00091,metal,6,1.1308701038360596,44.11936569213867
full_denoised_z_hat,683,metal__metal.00091,metal,6,4.890419960021973,-1.5982027053833008
full_denoised_z_hat,684,metal__metal.00091,metal,6,8.723069190979004,-0.8955172300338745
full_denoised_z_hat,685,metal__metal.00091,metal,6,5.414600372314453,0.9529110193252563
full_denoised_z_hat,686,metal__metal.00092,metal,6,-22.735645294189453,-27.621469497680664
full_denoised_z_hat,687,metal__metal.00092,metal,6,-7.201440334320068,-32.570072174072266
full_denoised_z_hat,688,metal__metal.00092,metal,6,3.3897345066070557,-9.562042236328125
full_denoised_z_hat,689,metal__metal.00092,metal,6,8.10760498046875,-16.404294967651367
full_denoised_z_hat,690,metal__metal.00092,metal,6,5.520120143890381,-35.69651412963867
full_denoised_z_hat,691,metal__metal.00092,metal,6,2.3886377811431885,-43.23006057739258
full_denoised_z_hat,692,metal__metal.00096,metal,6,3.569946765899658,-44.51456069946289
full_denoised_z_hat,693,metal__metal.00096,metal,6,3.8607940673828125,-45.988040924072266
full_denoised_z_hat,694,metal__metal.00097,metal,6,0.8188241124153137,44.021114349365234
full_denoised_z_hat,695,metal__metal.00097,metal,6,1.0890264511108398,44.63200378417969
full_denoised_z_hat,696,metal__metal.00097,metal,6,4.177762508392334,-46.704097747802734
full_denoised_z_hat,697,metal__metal.00097,metal,6,4.457967758178711,-46.582130432128906
full_denoised_z_hat,698,metal__metal.00097,metal,6,4.048358917236328,-47.97120666503906
full_denoised_z_hat,699,metal__metal.00097,metal,6,3.8711025714874268,-47.921966552734375
full_denoised_z_hat,700,pop__pop.00003,pop,7,-52.94363021850586,0.8483680486679077
full_denoised_z_hat,701,pop__pop.00003,pop,7,-41.61617660522461,6.966700553894043
full_denoised_z_hat,702,pop__pop.00003,pop,7,-26.246437072753906,14.99348258972168
full_denoised_z_hat,703,pop__pop.00003,pop,7,-29.24730682373047,9.703364372253418
full_denoised_z_hat,704,pop__pop.00003,pop,7,-46.56096267700195,3.8108391761779785
full_denoised_z_hat,705,pop__pop.00003,pop,7,-45.2119255065918,4.573314666748047
full_denoised_z_hat,706,pop__pop.00003,pop,7,-20.735286712646484,-4.479614734649658
full_denoised_z_hat,707,pop__pop.00007,pop,7,-42.66618728637695,0.8461912274360657
full_denoised_z_hat,708,pop__pop.00007,pop,7,-2.4498183727264404,18.64418601989746
full_denoised_z_hat,709,pop__pop.00007,pop,7,-45.4058837890625,1.066273808479309
full_denoised_z_hat,710,pop__pop.00007,pop,7,5.143559455871582,-5.655680179595947
full_denoised_z_hat,711,pop__pop.00007,pop,7,7.794591903686523,-6.44809103012085
full_denoised_z_hat,712,pop__pop.00007,pop,7,15.572112083435059,24.0089168548584
full_denoised_z_hat,713,pop__pop.00007,pop,7,12.95687198638916,19.904033660888672
full_denoised_z_hat,714,pop__pop.00007,pop,7,14.834858894348145,21.115934371948242
full_denoised_z_hat,715,pop__pop.00015,pop,7,-51.54081344604492,-3.02091383934021
full_denoised_z_hat,716,pop__pop.00015,pop,7,-49.61037063598633,3.3941829204559326
full_denoised_z_hat,717,pop__pop.00015,pop,7,-49.2916374206543,1.5327855348587036
full_denoised_z_hat,718,pop__pop.00015,pop,7,-53.06478500366211,2.8708672523498535
full_denoised_z_hat,719,pop__pop.00015,pop,7,-50.12226867675781,1.808158278465271
full_denoised_z_hat,720,pop__pop.00015,pop,7,-53.36176681518555,0.8890252113342285
full_denoised_z_hat,721,pop__pop.00021,pop,7,-51.62807083129883,2.6408047676086426
full_denoised_z_hat,722,pop__pop.00021,pop,7,-52.05450439453125,1.1455732583999634
full_denoised_z_hat,723,pop__pop.00021,pop,7,-53.47135543823242,1.0672037601470947
full_denoised_z_hat,724,pop__pop.00021,pop,7,-46.60914993286133,1.143025279045105
full_denoised_z_hat,725,pop__pop.00021,pop,7,-47.68360900878906,1.72335946559906
full_denoised_z_hat,726,pop__pop.00021,pop,7,-51.301998138427734,2.667320728302002
full_denoised_z_hat,727,pop__pop.00021,pop,7,-53.036712646484375,0.7276986241340637
full_denoised_z_hat,728,pop__pop.00021,pop,7,-49.3680305480957,2.2823245525360107
full_denoised_z_hat,729,pop__pop.00028,pop,7,-48.446475982666016,-2.64945650100708
full_denoised_z_hat,730,pop__pop.00028,pop,7,-51.59742736816406,0.6219815611839294
full_denoised_z_hat,731,pop__pop.00028,pop,7,-48.248695373535156,-2.8156931400299072
full_denoised_z_hat,732,pop__pop.00028,pop,7,-51.8848762512207,2.3344953060150146
full_denoised_z_hat,733,pop__pop.00028,pop,7,-53.63036346435547,2.6740550994873047
full_denoised_z_hat,734,pop__pop.00028,pop,7,-53.75725555419922,2.895087242126465
full_denoised_z_hat,735,pop__pop.00029,pop,7,-42.164485931396484,7.185943126678467
full_denoised_z_hat,736,pop__pop.00029,pop,7,-49.83536911010742,3.247972011566162
full_denoised_z_hat,737,pop__pop.00029,pop,7,-25.579349517822266,15.063694953918457
full_denoised_z_hat,738,pop__pop.00029,pop,7,-40.31292724609375,8.181785583496094
full_denoised_z_hat,739,pop__pop.00029,pop,7,-47.781044006347656,4.7808637619018555
full_denoised_z_hat,740,pop__pop.00029,pop,7,-50.140411376953125,2.8707690238952637
full_denoised_z_hat,741,pop__pop.00029,pop,7,-50.73098373413086,4.2736382484436035
full_denoised_z_hat,742,pop__pop.00029,pop,7,-50.91343307495117,3.7034783363342285
full_denoised_z_hat,743,pop__pop.00033,pop,7,-48.928253173828125,-1.0761839151382446
full_denoised_z_hat,744,pop__pop.00033,pop,7,-51.7336311340332,-3.3233792781829834
full_denoised_z_hat,745,pop__pop.00033,pop,7,-30.55436897277832,-25.13681411743164
full_denoised_z_hat,746,pop__pop.00033,pop,7,-48.9652214050293,-9.318018913269043
full_denoised_z_hat,747,pop__pop.00033,pop,7,-46.978904724121094,-9.853994369506836
full_denoised_z_hat,748,pop__pop.00033,pop,7,-33.635746002197266,-33.503997802734375
full_denoised_z_hat,749,pop__pop.00033,pop,7,-50.364952087402344,-8.014922142028809
full_denoised_z_hat,750,pop__pop.00033,pop,7,-50.05408477783203,-8.20459270477295
full_denoised_z_hat,751,pop__pop.00034,pop,7,-52.130191802978516,-4.380376815795898
full_denoised_z_hat,752,pop__pop.00034,pop,7,-51.14402389526367,1.0734989643096924
full_denoised_z_hat,753,pop__pop.00034,pop,7,-51.214744567871094,2.6128928661346436
full_denoised_z_hat,754,pop__pop.00034,pop,7,-49.58944320678711,1.3151119947433472
full_denoised_z_hat,755,pop__pop.00034,pop,7,-52.075382232666016,1.3613826036453247
full_denoised_z_hat,756,pop__pop.00034,pop,7,-52.347137451171875,1.6607967615127563
full_denoised_z_hat,757,pop__pop.00034,pop,7,-52.674102783203125,2.802474021911621
full_denoised_z_hat,758,pop__pop.00035,pop,7,-51.931705474853516,1.7367573976516724
full_denoised_z_hat,759,pop__pop.00035,pop,7,-51.323829650878906,1.823096752166748
full_denoised_z_hat,760,pop__pop.00035,pop,7,-51.04933166503906,1.9286925792694092
full_denoised_z_hat,761,pop__pop.00035,pop,7,-51.29691696166992,2.8638241291046143
full_denoised_z_hat,762,pop__pop.00035,pop,7,-49.258148193359375,1.0085948705673218
full_denoised_z_hat,763,pop__pop.00038,pop,7,-34.07081604003906,-33.34067916870117
full_denoised_z_hat,764,pop__pop.00038,pop,7,-52.49677276611328,2.493950366973877
full_denoised_z_hat,765,pop__pop.00038,pop,7,-52.765499114990234,1.0238794088363647
full_denoised_z_hat,766,pop__pop.00038,pop,7,-52.73768615722656,-2.0459213256835938
full_denoised_z_hat,767,pop__pop.00039,pop,7,-49.65150833129883,1.541921615600586
full_denoised_z_hat,768,pop__pop.00039,pop,7,-53.30371856689453,2.0427610874176025
full_denoised_z_hat,769,pop__pop.00039,pop,7,-52.18577194213867,3.118399143218994
full_denoised_z_hat,770,pop__pop.00039,pop,7,-50.70316696166992,2.70326566696167
full_denoised_z_hat,771,pop__pop.00039,pop,7,-52.19035339355469,2.0235366821289062
full_denoised_z_hat,772,pop__pop.00039,pop,7,-52.74428939819336,1.0687578916549683
full_denoised_z_hat,773,pop__pop.00039,pop,7,-51.30683898925781,1.047982096672058
full_denoised_z_hat,774,pop__pop.00039,pop,7,-53.319114685058594,3.0641400814056396
full_denoised_z_hat,775,pop__pop.00045,pop,7,-40.19512176513672,-30.580106735229492
full_denoised_z_hat,776,pop__pop.00045,pop,7,-51.06144714355469,-5.03716516494751
full_denoised_z_hat,777,pop__pop.00045,pop,7,-40.00218200683594,8.671146392822266
full_denoised_z_hat,778,pop__pop.00045,pop,7,-25.346845626831055,15.354499816894531
full_denoised_z_hat,779,pop__pop.00045,pop,7,-49.974525451660156,3.4670536518096924
full_denoised_z_hat,780,pop__pop.00049,pop,7,-39.273704528808594,8.841839790344238
full_denoised_z_hat,781,pop__pop.00049,pop,7,-45.588829040527344,6.353309154510498
full_denoised_z_hat,782,pop__pop.00049,pop,7,-46.03453063964844,1.4807417392730713
full_denoised_z_hat,783,pop__pop.00049,pop,7,-52.83428192138672,4.06235408782959
full_denoised_z_hat,784,pop__pop.00049,pop,7,-51.38642883300781,3.691816806793213
full_denoised_z_hat,785,pop__pop.00049,pop,7,-51.002685546875,1.9864393472671509
full_denoised_z_hat,786,pop__pop.00049,pop,7,-51.850921630859375,0.26403021812438965
full_denoised_z_hat,787,pop__pop.00079,pop,7,-5.518556118011475,42.15391159057617
full_denoised_z_hat,788,pop__pop.00079,pop,7,1.607934594154358,45.652225494384766
full_denoised_z_hat,789,pop__pop.00079,pop,7,-7.700012683868408,11.232173919677734
full_denoised_z_hat,790,pop__pop.00079,pop,7,8.767208099365234,-1.0259649753570557
full_denoised_z_hat,791,pop__pop.00081,pop,7,-2.492266893386841,20.567359924316406
full_denoised_z_hat,792,pop__pop.00081,pop,7,-16.56562042236328,15.368807792663574
full_denoised_z_hat,793,pop__pop.00081,pop,7,-24.42582130432129,16.785005569458008
full_denoised_z_hat,794,pop__pop.00081,pop,7,-22.609821319580078,17.73756217956543
full_denoised_z_hat,795,pop__pop.00081,pop,7,-7.078398704528809,11.376152038574219
full_denoised_z_hat,796,pop__pop.00081,pop,7,-3.4285857677459717,20.06591796875
full_denoised_z_hat,797,pop__pop.00081,pop,7,-16.164352416992188,15.536334991455078
full_denoised_z_hat,798,pop__pop.00081,pop,7,-4.370567321777344,20.610074996948242
full_denoised_z_hat,799,pop__pop.00081,pop,7,-24.88268280029297,14.335972785949707
full_denoised_z_hat,800,reggae__reggae.00029,reggae,8,-23.50650978088379,14.959818840026855
full_denoised_z_hat,801,reggae__reggae.00029,reggae,8,-23.94309425354004,19.209758758544922
full_denoised_z_hat,802,reggae__reggae.00029,reggae,8,-26.5140380859375,18.46101951599121
full_denoised_z_hat,803,reggae__reggae.00029,reggae,8,-27.10919952392578,20.851730346679688
full_denoised_z_hat,804,reggae__reggae.00029,reggae,8,-24.733421325683594,18.680648803710938
full_denoised_z_hat,805,reggae__reggae.00029,reggae,8,-26.681861877441406,20.581409454345703
full_denoised_z_hat,806,reggae__reggae.00029,reggae,8,-25.242488861083984,15.573661804199219
full_denoised_z_hat,807,reggae__reggae.00029,reggae,8,-23.5777587890625,21.597902297973633
full_denoised_z_hat,808,reggae__reggae.00029,reggae,8,-22.745010375976562,18.99913215637207
full_denoised_z_hat,809,reggae__reggae.00029,reggae,8,-27.72590446472168,20.36205291748047
full_denoised_z_hat,810,reggae__reggae.00034,reggae,8,-23.854127883911133,18.62554168701172
full_denoised_z_hat,811,reggae__reggae.00034,reggae,8,-23.411849975585938,19.783979415893555
full_denoised_z_hat,812,reggae__reggae.00034,reggae,8,-22.656518936157227,16.952848434448242
full_denoised_z_hat,813,reggae__reggae.00034,reggae,8,-26.536598205566406,23.37261962890625
full_denoised_z_hat,814,reggae__reggae.00034,reggae,8,-22.37999153137207,19.744028091430664
full_denoised_z_hat,815,reggae__reggae.00034,reggae,8,-27.026123046875,19.424196243286133
full_denoised_z_hat,816,reggae__reggae.00034,reggae,8,-27.771535873413086,21.251020431518555
full_denoised_z_hat,817,reggae__reggae.00034,reggae,8,-24.373516082763672,19.451618194580078
full_denoised_z_hat,818,reggae__reggae.00035,reggae,8,-25.227497100830078,19.080907821655273
full_denoised_z_hat,819,reggae__reggae.00035,reggae,8,-23.198400497436523,19.114835739135742
full_denoised_z_hat,820,reggae__reggae.00035,reggae,8,-24.658525466918945,17.870845794677734
full_denoised_z_hat,821,reggae__reggae.00035,reggae,8,-24.58753204345703,21.255552291870117
full_denoised_z_hat,822,reggae__reggae.00035,reggae,8,-26.903669357299805,20.948226928710938
full_denoised_z_hat,823,reggae__reggae.00035,reggae,8,-26.240026473999023,20.435848236083984
full_denoised_z_hat,824,reggae__reggae.00035,reggae,8,-24.741117477416992,18.29311180114746
full_denoised_z_hat,825,reggae__reggae.00040,reggae,8,9.230037689208984,-2.711857557296753
full_denoised_z_hat,826,reggae__reggae.00040,reggae,8,9.23580551147461,-7.7284722328186035
full_denoised_z_hat,827,reggae__reggae.00040,reggae,8,6.931045055389404,-11.779754638671875
full_denoised_z_hat,828,reggae__reggae.00040,reggae,8,9.732537269592285,-8.947012901306152
full_denoised_z_hat,829,reggae__reggae.00040,reggae,8,7.137931823730469,-13.236050605773926
full_denoised_z_hat,830,reggae__reggae.00040,reggae,8,8.123966217041016,-12.0316801071167
full_denoised_z_hat,831,reggae__reggae.00040,reggae,8,10.327600479125977,5.026617050170898
full_denoised_z_hat,832,reggae__reggae.00040,reggae,8,-21.181594848632812,18.683551788330078
full_denoised_z_hat,833,reggae__reggae.00047,reggae,8,-26.10142707824707,20.99205780029297
full_denoised_z_hat,834,reggae__reggae.00047,reggae,8,-22.289865493774414,19.071979522705078
full_denoised_z_hat,835,reggae__reggae.00047,reggae,8,-24.289871215820312,15.597290992736816
full_denoised_z_hat,836,reggae__reggae.00047,reggae,8,-23.868684768676758,17.54201316833496
full_denoised_z_hat,837,reggae__reggae.00047,reggae,8,-23.078750610351562,18.828140258789062
full_denoised_z_hat,838,reggae__reggae.00049,reggae,8,-20.48720932006836,15.621217727661133
full_denoised_z_hat,839,reggae__reggae.00049,reggae,8,-23.890913009643555,13.961305618286133
full_denoised_z_hat,840,reggae__reggae.00049,reggae,8,-19.546831130981445,17.365171432495117
full_denoised_z_hat,841,reggae__reggae.00049,reggae,8,-12.602421760559082,-6.572206020355225
full_denoised_z_hat,842,reggae__reggae.00049,reggae,8,-8.463541984558105,9.643264770507812
full_denoised_z_hat,843,reggae__reggae.00049,reggae,8,-13.360673904418945,-10.82539176940918
full_denoised_z_hat,844,reggae__reggae.00049,reggae,8,-13.045748710632324,-10.836801528930664
full_denoised_z_hat,845,reggae__reggae.00062,reggae,8,-28.517871856689453,20.300294876098633
full_denoised_z_hat,846,reggae__reggae.00062,reggae,8,-25.46787452697754,20.20155906677246
full_denoised_z_hat,847,reggae__reggae.00062,reggae,8,-27.158939361572266,19.939226150512695
full_denoised_z_hat,848,reggae__reggae.00062,reggae,8,-25.526262283325195,18.763954162597656
full_denoised_z_hat,849,reggae__reggae.00062,reggae,8,-24.744768142700195,21.36265754699707
full_denoised_z_hat,850,reggae__reggae.00062,reggae,8,-27.74302864074707,20.470069885253906
full_denoised_z_hat,851,reggae__reggae.00062,reggae,8,-26.188344955444336,20.346946716308594
full_denoised_z_hat,852,reggae__reggae.00062,reggae,8,-21.988759994506836,17.97098159790039
full_denoised_z_hat,853,reggae__reggae.00062,reggae,8,-22.01386833190918,18.245189666748047
full_denoised_z_hat,854,reggae__reggae.00064,reggae,8,-26.15019989013672,17.902414321899414
full_denoised_z_hat,855,reggae__reggae.00064,reggae,8,-22.70541000366211,16.950599670410156
full_denoised_z_hat,856,reggae__reggae.00064,reggae,8,-24.748327255249023,21.704120635986328
full_denoised_z_hat,857,reggae__reggae.00064,reggae,8,-24.127605438232422,17.535057067871094
full_denoised_z_hat,858,reggae__reggae.00064,reggae,8,-38.81255340576172,8.634248733520508
full_denoised_z_hat,859,reggae__reggae.00064,reggae,8,-41.465362548828125,7.1392059326171875
full_denoised_z_hat,860,reggae__reggae.00065,reggae,8,-39.4401969909668,-30.18751335144043
full_denoised_z_hat,861,reggae__reggae.00065,reggae,8,-22.457962036132812,11.640750885009766
full_denoised_z_hat,862,reggae__reggae.00065,reggae,8,-21.981576919555664,-27.16914939880371
full_denoised_z_hat,863,reggae__reggae.00065,reggae,8,-19.244365692138672,7.5317511558532715
full_denoised_z_hat,864,reggae__reggae.00065,reggae,8,-19.68709945678711,-3.9122419357299805
full_denoised_z_hat,865,reggae__reggae.00065,reggae,8,-26.64820098876953,7.552327632904053
full_denoised_z_hat,866,reggae__reggae.00065,reggae,8,-26.145931243896484,7.994252681732178
full_denoised_z_hat,867,reggae__reggae.00065,reggae,8,-26.447816848754883,7.366543292999268
full_denoised_z_hat,868,reggae__reggae.00071,reggae,8,-25.34579849243164,16.22692108154297
full_denoised_z_hat,869,reggae__reggae.00071,reggae,8,-26.071544647216797,20.709598541259766
full_denoised_z_hat,870,reggae__reggae.00071,reggae,8,-24.981449127197266,17.134428024291992
full_denoised_z_hat,871,reggae__reggae.00071,reggae,8,-25.702838897705078,21.343109130859375
full_denoised_z_hat,872,reggae__reggae.00076,reggae,8,-34.446720123291016,-33.34720993041992
full_denoised_z_hat,873,reggae__reggae.00076,reggae,8,-39.183509826660156,-30.018644332885742
full_denoised_z_hat,874,reggae__reggae.00076,reggae,8,-34.9631233215332,-25.145700454711914
full_denoised_z_hat,875,reggae__reggae.00076,reggae,8,-51.55801010131836,-5.237602233886719
full_denoised_z_hat,876,reggae__reggae.00076,reggae,8,-51.6322021484375,-4.881089687347412
full_denoised_z_hat,877,reggae__reggae.00090,reggae,8,-22.65899085998535,14.79540729522705
full_denoised_z_hat,878,reggae__reggae.00090,reggae,8,-24.996253967285156,18.377830505371094
full_denoised_z_hat,879,reggae__reggae.00090,reggae,8,-24.341838836669922,16.883333206176758
full_denoised_z_hat,880,reggae__reggae.00090,reggae,8,-25.691104888916016,17.02410888671875
full_denoised_z_hat,881,reggae__reggae.00090,reggae,8,-24.769542694091797,16.773448944091797
full_denoised_z_hat,882,reggae__reggae.00090,reggae,8,-26.64338493347168,19.557783126831055
full_denoised_z_hat,883,reggae__reggae.00090,reggae,8,-25.046714782714844,20.6096248626709
full_denoised_z_hat,884,reggae__reggae.00091,reggae,8,-25.28201675415039,19.450593948364258
full_denoised_z_hat,885,reggae__reggae.00091,reggae,8,-22.00832748413086,19.239471435546875
full_denoised_z_hat,886,reggae__reggae.00091,reggae,8,-22.327600479125977,15.959001541137695
full_denoised_z_hat,887,reggae__reggae.00091,reggae,8,-19.765899658203125,16.65484046936035
full_denoised_z_hat,888,reggae__reggae.00091,reggae,8,-19.678974151611328,16.26275062561035
full_denoised_z_hat,889,reggae__reggae.00092,reggae,8,-23.378192901611328,15.873897552490234
full_denoised_z_hat,890,reggae__reggae.00092,reggae,8,-25.21609878540039,17.8759822845459
full_denoised_z_hat,891,reggae__reggae.00092,reggae,8,-22.755229949951172,20.310192108154297
full_denoised_z_hat,892,reggae__reggae.00092,reggae,8,-23.692962646484375,14.749542236328125
full_denoised_z_hat,893,reggae__reggae.00092,reggae,8,-22.990707397460938,18.384244918823242
full_denoised_z_hat,894,reggae__reggae.00092,reggae,8,-22.805776596069336,18.26267433166504
full_denoised_z_hat,895,reggae__reggae.00092,reggae,8,-26.145999908447266,17.94089698791504
full_denoised_z_hat,896,reggae__reggae.00092,reggae,8,-22.797338485717773,17.34724998474121
full_denoised_z_hat,897,reggae__reggae.00092,reggae,8,-26.737154006958008,17.33048439025879
full_denoised_z_hat,898,reggae__reggae.00092,reggae,8,-24.816715240478516,19.005367279052734
full_denoised_z_hat,899,reggae__reggae.00092,reggae,8,-27.95772361755371,20.17807960510254
full_denoised_z_hat,900,rock__rock.00000,rock,9,7.342504501342773,-40.3337287902832
full_denoised_z_hat,901,rock__rock.00000,rock,9,2.9224324226379395,-41.93163299560547
full_denoised_z_hat,902,rock__rock.00000,rock,9,7.234187126159668,-16.141708374023438
full_denoised_z_hat,903,rock__rock.00000,rock,9,-6.199472427368164,12.245718955993652
full_denoised_z_hat,904,rock__rock.00000,rock,9,8.442770957946777,0.1165539100766182
full_denoised_z_hat,905,rock__rock.00000,rock,9,10.433089256286621,-6.825949668884277
full_denoised_z_hat,906,rock__rock.00000,rock,9,9.301371574401855,-5.785751819610596
full_denoised_z_hat,907,rock__rock.00000,rock,9,10.01984691619873,-8.98180103302002
full_denoised_z_hat,908,rock__rock.00000,rock,9,10.180837631225586,-4.981164455413818
full_denoised_z_hat,909,rock__rock.00003,rock,9,3.2671713829040527,45.12581253051758
full_denoised_z_hat,910,rock__rock.00003,rock,9,6.257423400878906,17.319259643554688
full_denoised_z_hat,911,rock__rock.00003,rock,9,3.3293793201446533,35.483001708984375
full_denoised_z_hat,912,rock__rock.00003,rock,9,4.587652206420898,34.334869384765625
full_denoised_z_hat,913,rock__rock.00003,rock,9,-0.04774783179163933,45.48675537109375
full_denoised_z_hat,914,rock__rock.00003,rock,9,8.948309898376465,-5.335057735443115
full_denoised_z_hat,915,rock__rock.00008,rock,9,4.563601493835449,-37.594722747802734
full_denoised_z_hat,916,rock__rock.00008,rock,9,5.101560592651367,-38.64311599731445
full_denoised_z_hat,917,rock__rock.00008,rock,9,4.495440483093262,-36.939361572265625
full_denoised_z_hat,918,rock__rock.00008,rock,9,4.767042636871338,-39.3984260559082
full_denoised_z_hat,919,rock__rock.00008,rock,9,3.698975086212158,-42.07505416870117
full_denoised_z_hat,920,rock__rock.00008,rock,9,9.16238021850586,-12.176411628723145
full_denoised_z_hat,921,rock__rock.00008,rock,9,7.999583721160889,-34.273948669433594
full_denoised_z_hat,922,rock__rock.00032,rock,9,6.082193374633789,-4.73624849319458
full_denoised_z_hat,923,rock__rock.00032,rock,9,7.598553657531738,-17.068300247192383
full_denoised_z_hat,924,rock__rock.00034,rock,9,15.116105079650879,23.83159637451172
full_denoised_z_hat,925,rock__rock.00034,rock,9,11.685486793518066,16.452869415283203
full_denoised_z_hat,926,rock__rock.00034,rock,9,10.88661003112793,14.209112167358398
full_denoised_z_hat,927,rock__rock.00034,rock,9,11.903096199035645,19.80402946472168
full_denoised_z_hat,928,rock__rock.00034,rock,9,13.597168922424316,20.412174224853516
full_denoised_z_hat,929,rock__rock.00034,rock,9,11.231269836425781,19.049802780151367
full_denoised_z_hat,930,rock__rock.00039,rock,9,9.25354290008545,-4.047464370727539
full_denoised_z_hat,931,rock__rock.00039,rock,9,9.907069206237793,-8.891829490661621
full_denoised_z_hat,932,rock__rock.00039,rock,9,6.960830211639404,-6.412806034088135
full_denoised_z_hat,933,rock__rock.00039,rock,9,2.136413335800171,-4.746140003204346
full_denoised_z_hat,934,rock__rock.00044,rock,9,14.8604736328125,20.173643112182617
full_denoised_z_hat,935,rock__rock.00044,rock,9,-7.12509298324585,-4.021726608276367
full_denoised_z_hat,936,rock__rock.00044,rock,9,-45.785831451416016,-3.835329055786133
full_denoised_z_hat,937,rock__rock.00044,rock,9,-15.403753280639648,-12.12491512298584
full_denoised_z_hat,938,rock__rock.00044,rock,9,-16.219383239746094,-9.122413635253906
full_denoised_z_hat,939,rock__rock.00044,rock,9,-14.393299102783203,-8.87065601348877
full_denoised_z_hat,940,rock__rock.00044,rock,9,-15.712048530578613,-9.498368263244629
full_denoised_z_hat,941,rock__rock.00048,rock,9,10.8141450881958,-5.591517448425293
full_denoised_z_hat,942,rock__rock.00048,rock,9,10.928722381591797,-5.082950592041016
full_denoised_z_hat,943,rock__rock.00048,rock,9,-7.795018196105957,11.690042495727539
full_denoised_z_hat,944,rock__rock.00048,rock,9,-7.755104064941406,47.48710250854492
full_denoised_z_hat,945,rock__rock.00048,rock,9,11.684822082519531,-6.293886661529541
full_denoised_z_hat,946,rock__rock.00048,rock,9,-39.15391159057617,7.091064453125
full_denoised_z_hat,947,rock__rock.00048,rock,9,10.434098243713379,-3.9696922302246094
full_denoised_z_hat,948,rock__rock.00049,rock,9,12.272095680236816,21.66649055480957
full_denoised_z_hat,949,rock__rock.00049,rock,9,10.37398624420166,18.85548973083496
full_denoised_z_hat,950,rock__rock.00049,rock,9,10.6686429977417,24.265880584716797
full_denoised_z_hat,951,rock__rock.00049,rock,9,14.780739784240723,22.628719329833984
full_denoised_z_hat,952,rock__rock.00049,rock,9,13.01348876953125,23.283645629882812
full_denoised_z_hat,953,rock__rock.00049,rock,9,11.312244415283203,23.900753021240234
full_denoised_z_hat,954,rock__rock.00049,rock,9,11.265584945678711,23.803081512451172
full_denoised_z_hat,955,rock__rock.00049,rock,9,-1.6714260578155518,18.648784637451172
full_denoised_z_hat,956,rock__rock.00049,rock,9,-46.473453521728516,-2.664682388305664
full_denoised_z_hat,957,rock__rock.00049,rock,9,-43.426963806152344,0.6299020648002625
full_denoised_z_hat,958,rock__rock.00050,rock,9,-44.486053466796875,-1.928652286529541
full_denoised_z_hat,959,rock__rock.00050,rock,9,-50.666900634765625,-0.5075184106826782
full_denoised_z_hat,960,rock__rock.00050,rock,9,-46.984188079833984,-0.6356032490730286
full_denoised_z_hat,961,rock__rock.00050,rock,9,-43.849876403808594,2.0972938537597656
full_denoised_z_hat,962,rock__rock.00050,rock,9,-44.908016204833984,-0.9621421098709106
full_denoised_z_hat,963,rock__rock.00050,rock,9,7.739214897155762,4.9399638175964355
full_denoised_z_hat,964,rock__rock.00050,rock,9,-43.71735382080078,1.6004900932312012
full_denoised_z_hat,965,rock__rock.00050,rock,9,-47.22231674194336,0.20761127769947052
full_denoised_z_hat,966,rock__rock.00054,rock,9,8.461358070373535,4.32703971862793
full_denoised_z_hat,967,rock__rock.00054,rock,9,4.805712699890137,-4.133537769317627
full_denoised_z_hat,968,rock__rock.00054,rock,9,7.11177396774292,-4.922445297241211
full_denoised_z_hat,969,rock__rock.00054,rock,9,11.42061996459961,17.003360748291016
full_denoised_z_hat,970,rock__rock.00054,rock,9,9.536185264587402,16.545595169067383
full_denoised_z_hat,971,rock__rock.00054,rock,9,11.405826568603516,15.952800750732422
full_denoised_z_hat,972,rock__rock.00054,rock,9,10.541709899902344,13.894545555114746
full_denoised_z_hat,973,rock__rock.00054,rock,9,9.39117431640625,5.0911431312561035
full_denoised_z_hat,974,rock__rock.00054,rock,9,9.391692161560059,5.4860992431640625
full_denoised_z_hat,975,rock__rock.00054,rock,9,10.97508716583252,11.586017608642578
full_denoised_z_hat,976,rock__rock.00080,rock,9,3.2177534103393555,-8.663609504699707
full_denoised_z_hat,977,rock__rock.00080,rock,9,8.848542213439941,-6.96615743637085
full_denoised_z_hat,978,rock__rock.00080,rock,9,9.443085670471191,-4.511196613311768
full_denoised_z_hat,979,rock__rock.00080,rock,9,7.003557205200195,-4.883337020874023
full_denoised_z_hat,980,rock__rock.00080,rock,9,9.158797264099121,-7.5936970710754395
full_denoised_z_hat,981,rock__rock.00085,rock,9,-11.887500762939453,-10.987443923950195
full_denoised_z_hat,982,rock__rock.00085,rock,9,-23.205448150634766,6.148186683654785
full_denoised_z_hat,983,rock__rock.00085,rock,9,9.440113067626953,-6.991952419281006
full_denoised_z_hat,984,rock__rock.00085,rock,9,9.121837615966797,-1.8524343967437744
full_denoised_z_hat,985,rock__rock.00085,rock,9,-3.775139093399048,-9.238587379455566
full_denoised_z_hat,986,rock__rock.00085,rock,9,11.562865257263184,25.989896774291992
full_denoised_z_hat,987,rock__rock.00086,rock,9,2.4913244247436523,-10.163081169128418
full_denoised_z_hat,988,rock__rock.00086,rock,9,9.568228721618652,-2.578937530517578
full_denoised_z_hat,989,rock__rock.00086,rock,9,9.193524360656738,-3.7629573345184326
full_denoised_z_hat,990,rock__rock.00086,rock,9,-20.87360954284668,16.31757354736328
full_denoised_z_hat,991,rock__rock.00092,rock,9,10.060354232788086,-8.078829765319824
full_denoised_z_hat,992,rock__rock.00092,rock,9,8.127228736877441,-16.135358810424805
full_denoised_z_hat,993,rock__rock.00092,rock,9,9.578924179077148,-8.093420028686523
full_denoised_z_hat,994,rock__rock.00092,rock,9,10.107815742492676,-6.857632160186768
full_denoised_z_hat,995,rock__rock.00092,rock,9,7.623779296875,-34.156192779541016
full_denoised_z_hat,996,rock__rock.00092,rock,9,10.330307960510254,-7.124215126037598
full_denoised_z_hat,997,rock__rock.00092,rock,9,6.9472270011901855,-9.030146598815918
full_denoised_z_hat,998,rock__rock.00092,rock,9,9.627945899963379,-9.370584487915039
full_denoised_z_hat,999,rock__rock.00092,rock,9,9.773679733276367,-9.760302543640137
