embedding,sample_index,song_id,genre,label,tsne_x,tsne_y
full_clean_z,0,blues__blues.00000,blues,0,-52.229549407958984,0.9922407865524292
full_clean_z,1,blues__blues.00000,blues,0,-8.195438385009766,-30.918209075927734
full_clean_z,2,blues__blues.00000,blues,0,16.439403533935547,9.579374313354492
full_clean_z,3,blues__blues.00000,blues,0,-8.14238452911377,-30.784929275512695
full_clean_z,4,blues__blues.00000,blues,0,-7.206998825073242,-31.883304595947266
full_clean_z,5,blues__blues.00000,blues,0,-7.261327743530273,-31.36344337463379
full_clean_z,6,blues__blues.00000,blues,0,-7.305209159851074,-30.961685180664062
full_clean_z,7,blues__blues.00001,blues,0,-1.093501091003418,-10.477054595947266
full_clean_z,8,blues__blues.00001,blues,0,-9.820319175720215,-26.21713638305664
full_clean_z,9,blues__blues.00001,blues,0,-49.32213592529297,0.6824500560760498
full_clean_z,10,blues__blues.00001,blues,0,-3.3547980785369873,-21.10984992980957
full_clean_z,11,blues__blues.00001,blues,0,-32.39940643310547,-1.4271615743637085
full_clean_z,12,blues__blues.00001,blues,0,-50.04356384277344,2.3264412879943848
full_clean_z,13,blues__blues.00001,blues,0,-49.202091217041016,3.510484218597412
full_clean_z,14,blues__blues.00009,blues,0,-39.913272857666016,12.344368934631348
full_clean_z,15,blues__blues.00009,blues,0,-50.303165435791016,4.437389373779297
full_clean_z,16,blues__blues.00009,blues,0,-39.45726013183594,13.0813627243042
full_clean_z,17,blues__blues.00009,blues,0,-39.39829635620117,13.302206993103027
full_clean_z,18,blues__blues.00009,blues,0,-39.53620147705078,13.082392692565918
full_clean_z,19,blues__blues.00009,blues,0,-49.05410385131836,6.758841037750244
full_clean_z,20,blues__blues.00009,blues,0,-33.78990173339844,-1.1843267679214478
full_clean_z,21,blues__blues.00009,blues,0,-39.962074279785156,40.2889404296875
full_clean_z,22,blues__blues.00009,blues,0,-42.800453186035156,38.60849380493164
full_clean_z,23,blues__blues.00011,blues,0,-0.8036385178565979,-9.724308967590332
full_clean_z,24,blues__blues.00011,blues,0,-48.89753723144531,4.290148735046387
full_clean_z,25,blues__blues.00011,blues,0,-0.818694531917572,-10.080670356750488
full_clean_z,26,blues__blues.00011,blues,0,-1.80929696559906,-10.030416488647461
full_clean_z,27,blues__blues.00011,blues,0,-33.65170669555664,-1.207301139831543
full_clean_z,28,blues__blues.00011,blues,0,-21.937105178833008,-11.860249519348145
full_clean_z,29,blues__blues.00011,blues,0,-48.913360595703125,0.9212633371353149
full_clean_z,30,blues__blues.00031,blues,0,-49.77687454223633,5.651296615600586
full_clean_z,31,blues__blues.00031,blues,0,-49.69746780395508,8.09504508972168
full_clean_z,32,blues__blues.00031,blues,0,-49.580989837646484,8.346015930175781
full_clean_z,33,blues__blues.00031,blues,0,-49.57094955444336,8.213258743286133
full_clean_z,34,blues__blues.00034,blues,0,-49.861106872558594,5.487582206726074
full_clean_z,35,blues__blues.00034,blues,0,-49.56397247314453,7.059291362762451
full_clean_z,36,blues__blues.00034,blues,0,-49.912109375,5.471756935119629
full_clean_z,37,blues__blues.00034,blues,0,-50.11790084838867,0.945756733417511
full_clean_z,38,blues__blues.00034,blues,0,-49.99028396606445,4.888149738311768
full_clean_z,39,blues__blues.00034,blues,0,-50.07384490966797,4.718290328979492
full_clean_z,40,blues__blues.00039,blues,0,-48.685115814208984,10.317397117614746
full_clean_z,41,blues__blues.00039,blues,0,-48.64955139160156,10.34106159210205
full_clean_z,42,blues__blues.00039,blues,0,-48.46058654785156,10.529982566833496
full_clean_z,43,blues__blues.00039,blues,0,-48.795223236083984,10.128521919250488
full_clean_z,44,blues__blues.00039,blues,0,-49.732017517089844,5.986534595489502
full_clean_z,45,blues__blues.00052,blues,0,-50.35454177856445,0.6225529313087463
full_clean_z,46,blues__blues.00052,blues,0,-49.976741790771484,0.8210158348083496
full_clean_z,47,blues__blues.00052,blues,0,-49.52782440185547,5.851508140563965
full_clean_z,48,blues__blues.00052,blues,0,-50.529727935791016,3.618469476699829
full_clean_z,49,blues__blues.00052,blues,0,-50.35728073120117,-0.42863479256629944
full_clean_z,50,blues__blues.00052,blues,0,-25.264429092407227,-10.932971954345703
full_clean_z,51,blues__blues.00054,blues,0,-45.73408508300781,1.080267310142517
full_clean_z,52,blues__blues.00054,blues,0,-46.00665283203125,1.2083842754364014
full_clean_z,53,blues__blues.00054,blues,0,-46.99590301513672,1.8962889909744263
full_clean_z,54,blues__blues.00054,blues,0,-46.23073196411133,1.0124845504760742
full_clean_z,55,blues__blues.00054,blues,0,-45.467472076416016,0.9872247576713562
full_clean_z,56,blues__blues.00054,blues,0,-46.88071060180664,1.948771595954895
full_clean_z,57,blues__blues.00057,blues,0,-47.818016052246094,3.777386426925659
full_clean_z,58,blues__blues.00057,blues,0,-46.15535354614258,1.6331669092178345
full_clean_z,59,blues__blues.00057,blues,0,-47.46854782104492,3.611586332321167
full_clean_z,60,blues__blues.00057,blues,0,-47.410560607910156,3.635817527770996
full_clean_z,61,blues__blues.00060,blues,0,-51.65880584716797,4.899866104125977
full_clean_z,62,blues__blues.00060,blues,0,-49.04618453979492,6.269263744354248
full_clean_z,63,blues__blues.00060,blues,0,-49.30599594116211,6.018259525299072
full_clean_z,64,blues__blues.00060,blues,0,-50.63932418823242,4.978278160095215
full_clean_z,65,blues__blues.00060,blues,0,-46.41303253173828,1.4112454652786255
full_clean_z,66,blues__blues.00060,blues,0,-51.53791809082031,3.9950716495513916
full_clean_z,67,blues__blues.00060,blues,0,-51.02092742919922,5.243160724639893
full_clean_z,68,blues__blues.00066,blues,0,-50.7813720703125,3.0377511978149414
full_clean_z,69,blues__blues.00066,blues,0,-51.14830017089844,2.83736252784729
full_clean_z,70,blues__blues.00066,blues,0,-52.40742111206055,0.8428663015365601
full_clean_z,71,blues__blues.00066,blues,0,-52.36941909790039,0.8741880655288696
full_clean_z,72,blues__blues.00066,blues,0,-51.23131561279297,2.7835195064544678
full_clean_z,73,blues__blues.00066,blues,0,-50.88075637817383,1.0597522258758545
full_clean_z,74,blues__blues.00066,blues,0,-50.93714904785156,3.7718594074249268
full_clean_z,75,blues__blues.00066,blues,0,-49.75643539428711,6.477633476257324
full_clean_z,76,blues__blues.00066,blues,0,-49.572147369384766,6.707906246185303
full_clean_z,77,blues__blues.00068,blues,0,-51.668724060058594,2.28999924659729
full_clean_z,78,blues__blues.00068,blues,0,-51.01780319213867,6.053324222564697
full_clean_z,79,blues__blues.00068,blues,0,-50.80133056640625,6.669950485229492
full_clean_z,80,blues__blues.00068,blues,0,-51.87305450439453,4.553557872772217
full_clean_z,81,blues__blues.00068,blues,0,-50.16215133666992,6.809484004974365
full_clean_z,82,blues__blues.00068,blues,0,-50.77797317504883,6.224339485168457
full_clean_z,83,blues__blues.00068,blues,0,-48.68832015991211,7.272078514099121
full_clean_z,84,blues__blues.00070,blues,0,-8.118707656860352,-29.932361602783203
full_clean_z,85,blues__blues.00070,blues,0,-2.3829472064971924,-20.835102081298828
full_clean_z,86,blues__blues.00070,blues,0,-2.5776124000549316,-20.827608108520508
full_clean_z,87,blues__blues.00070,blues,0,-51.458343505859375,0.47039318084716797
full_clean_z,88,blues__blues.00070,blues,0,-52.16828918457031,0.839751660823822
full_clean_z,89,blues__blues.00070,blues,0,-2.5002615451812744,-20.83493995666504
full_clean_z,90,blues__blues.00070,blues,0,-8.166257858276367,-29.371665954589844
full_clean_z,91,blues__blues.00071,blues,0,-52.491825103759766,5.114729881286621
full_clean_z,92,blues__blues.00071,blues,0,-53.22264862060547,5.637417316436768
full_clean_z,93,blues__blues.00071,blues,0,-52.30608367919922,5.111050605773926
full_clean_z,94,blues__blues.00071,blues,0,-52.7567138671875,5.025057315826416
full_clean_z,95,blues__blues.00071,blues,0,-52.53622055053711,5.231805801391602
full_clean_z,96,blues__blues.00071,blues,0,-52.47699737548828,2.759241819381714
full_clean_z,97,blues__blues.00071,blues,0,-52.139774322509766,4.784250736236572
full_clean_z,98,blues__blues.00071,blues,0,-53.190677642822266,4.76284122467041
full_clean_z,99,blues__blues.00071,blues,0,-52.75593185424805,4.937317371368408
full_clean_z,100,classical__classical.00000,classical,1,0.5111278295516968,53.31288528442383
full_clean_z,101,classical__classical.00000,classical,1,1.0344536304473877,56.49241638183594
full_clean_z,102,classical__classical.00000,classical,1,1.3354188203811646,56.88656997680664
full_clean_z,103,classical__classical.00000,classical,1,0.05600757524371147,58.21455383300781
full_clean_z,104,classical__classical.00000,classical,1,0.7618990540504456,56.583038330078125
full_clean_z,105,classical__classical.00000,classical,1,1.0718836784362793,55.60007858276367
full_clean_z,106,classical__classical.00002,classical,1,1.1159156560897827,58.09322738647461
full_clean_z,107,classical__classical.00002,classical,1,1.7048732042312622,59.94507598876953
full_clean_z,108,classical__classical.00002,classical,1,0.6213186979293823,59.86996841430664
full_clean_z,109,classical__classical.00006,classical,1,2.0072290897369385,56.044193267822266
full_clean_z,110,classical__classical.00006,classical,1,1.0252659320831299,56.91221618652344
full_clean_z,111,classical__classical.00006,classical,1,2.223823070526123,52.22443771362305
full_clean_z,112,classical__classical.00006,classical,1,0.031228968873620033,57.8636589050293
full_clean_z,113,classical__classical.00006,classical,1,2.7806520462036133,56.045989990234375
full_clean_z,114,classical__classical.00006,classical,1,1.3587669134140015,56.1466178894043
full_clean_z,115,classical__classical.00006,classical,1,1.2067142724990845,56.27914810180664
full_clean_z,116,classical__classical.00009,classical,1,2.0594663619995117,53.13180923461914
full_clean_z,117,classical__classical.00009,classical,1,1.783232569694519,53.809898376464844
full_clean_z,118,classical__classical.00009,classical,1,1.7466371059417725,56.232295989990234
full_clean_z,119,classical__classical.00009,classical,1,2.436648368835449,55.857337951660156
full_clean_z,120,classical__classical.00009,classical,1,2.8780593872070312,51.454627990722656
full_clean_z,121,classical__classical.00009,classical,1,2.7765326499938965,52.76234436035156
full_clean_z,122,classical__classical.00009,classical,1,1.900415301322937,53.045509338378906
full_clean_z,123,classical__classical.00022,classical,1,-0.9187741875648499,58.283287048339844
full_clean_z,124,classical__classical.00022,classical,1,-0.681323766708374,58.4142951965332
full_clean_z,125,classical__classical.00022,classical,1,-0.7418424487113953,58.63148498535156
full_clean_z,126,classical__classical.00022,classical,1,0.8436059355735779,56.05957794189453
full_clean_z,127,classical__classical.00022,classical,1,0.118248350918293,56.32614517211914
full_clean_z,128,classical__classical.00022,classical,1,-0.13880512118339539,55.58755111694336
full_clean_z,129,classical__classical.00022,classical,1,-0.10548634827136993,55.450767517089844
full_clean_z,130,classical__classical.00034,classical,1,-0.08722960948944092,57.020713806152344
full_clean_z,131,classical__classical.00034,classical,1,1.2060823440551758,58.609615325927734
full_clean_z,132,classical__classical.00034,classical,1,0.3955811858177185,58.80707550048828
full_clean_z,133,classical__classical.00034,classical,1,0.27299734950065613,58.68751525878906
full_clean_z,134,classical__classical.00034,classical,1,1.2606536149978638,57.064476013183594
full_clean_z,135,classical__classical.00034,classical,1,0.7804766893386841,56.40163040161133
full_clean_z,136,classical__classical.00034,classical,1,-0.2955303192138672,55.0914421081543
full_clean_z,137,classical__classical.00037,classical,1,-0.9242810010910034,58.434471130371094
full_clean_z,138,classical__classical.00037,classical,1,2.248018503189087,53.08524703979492
full_clean_z,139,classical__classical.00037,classical,1,4.3724751472473145,50.75441360473633
full_clean_z,140,classical__classical.00037,classical,1,4.160272121429443,50.95952606201172
full_clean_z,141,classical__classical.00037,classical,1,-0.0974605605006218,56.83744812011719
full_clean_z,142,classical__classical.00037,classical,1,2.9444432258605957,56.824039459228516
full_clean_z,143,classical__classical.00037,classical,1,-0.6241100430488586,57.91322326660156
full_clean_z,144,classical__classical.00037,classical,1,1.4594837427139282,54.49100112915039
full_clean_z,145,classical__classical.00039,classical,1,2.404402256011963,52.567745208740234
full_clean_z,146,classical__classical.00039,classical,1,1.406152606010437,53.78025436401367
full_clean_z,147,classical__classical.00039,classical,1,4.036133289337158,56.284149169921875
full_clean_z,148,classical__classical.00039,classical,1,7.0018110275268555,48.04328536987305
full_clean_z,149,classical__classical.00039,classical,1,2.0443766117095947,55.0876579284668
full_clean_z,150,classical__classical.00039,classical,1,1.8093575239181519,55.143428802490234
full_clean_z,151,classical__classical.00047,classical,1,0.9820559024810791,55.4039306640625
full_clean_z,152,classical__classical.00047,classical,1,1.8206264972686768,55.78280258178711
full_clean_z,153,classical__classical.00047,classical,1,2.909055709838867,56.65843963623047
full_clean_z,154,classical__classical.00047,classical,1,1.5219964981079102,54.6960334777832
full_clean_z,155,classical__classical.00047,classical,1,1.9295623302459717,52.382728576660156
full_clean_z,156,classical__classical.00047,classical,1,2.1290571689605713,52.312171936035156
full_clean_z,157,classical__classical.00053,classical,1,-2.6834421157836914,59.63785934448242
full_clean_z,158,classical__classical.00053,classical,1,-1.3566232919692993,59.05957794189453
full_clean_z,159,classical__classical.00053,classical,1,-1.1083743572235107,59.29686737060547
full_clean_z,160,classical__classical.00053,classical,1,-2.301384210586548,58.52280044555664
full_clean_z,161,classical__classical.00053,classical,1,-2.060971975326538,57.17744445800781
full_clean_z,162,classical__classical.00056,classical,1,-0.7451437711715698,59.528568267822266
full_clean_z,163,classical__classical.00056,classical,1,-0.8283687233924866,59.64238739013672
full_clean_z,164,classical__classical.00056,classical,1,-0.9313889145851135,60.429683685302734
full_clean_z,165,classical__classical.00056,classical,1,-1.4308319091796875,59.31475830078125
full_clean_z,166,classical__classical.00056,classical,1,-1.5753306150436401,59.642295837402344
full_clean_z,167,classical__classical.00056,classical,1,-2.45505952835083,59.84994888305664
full_clean_z,168,classical__classical.00056,classical,1,-3.1811721324920654,60.0478515625
full_clean_z,169,classical__classical.00056,classical,1,-2.723625659942627,59.714595794677734
full_clean_z,170,classical__classical.00056,classical,1,2.2706198692321777,60.846923828125
full_clean_z,171,classical__classical.00056,classical,1,2.021818161010742,60.55400085449219
full_clean_z,172,classical__classical.00057,classical,1,7.349580764770508,47.8930778503418
full_clean_z,173,classical__classical.00057,classical,1,6.870274066925049,48.00742721557617
full_clean_z,174,classical__classical.00057,classical,1,2.672234296798706,52.56985092163086
full_clean_z,175,classical__classical.00057,classical,1,3.4000837802886963,51.8344841003418
full_clean_z,176,classical__classical.00057,classical,1,6.319527626037598,46.58381271362305
full_clean_z,177,classical__classical.00057,classical,1,6.290615558624268,46.49054718017578
full_clean_z,178,classical__classical.00057,classical,1,3.527857780456543,51.745872497558594
full_clean_z,179,classical__classical.00057,classical,1,1.774802565574646,-5.586885452270508
full_clean_z,180,classical__classical.00057,classical,1,1.96628999710083,-5.0798797607421875
full_clean_z,181,classical__classical.00057,classical,1,-0.9450191855430603,55.6657829284668
full_clean_z,182,classical__classical.00065,classical,1,1.4469603300094604,54.27076721191406
full_clean_z,183,classical__classical.00065,classical,1,1.7119389772415161,52.87128448486328
full_clean_z,184,classical__classical.00065,classical,1,1.4430166482925415,54.14165496826172
full_clean_z,185,classical__classical.00065,classical,1,1.569382667541504,53.42084503173828
full_clean_z,186,classical__classical.00082,classical,1,3.982963800430298,57.89298629760742
full_clean_z,187,classical__classical.00082,classical,1,4.286256313323975,57.95082473754883
full_clean_z,188,classical__classical.00082,classical,1,3.7811882495880127,57.80119323730469
full_clean_z,189,classical__classical.00082,classical,1,1.4273779392242432,55.2258415222168
full_clean_z,190,classical__classical.00082,classical,1,3.138601064682007,55.75235366821289
full_clean_z,191,classical__classical.00082,classical,1,1.9630433320999146,56.70348358154297
full_clean_z,192,classical__classical.00091,classical,1,0.5716608166694641,59.872196197509766
full_clean_z,193,classical__classical.00091,classical,1,0.9930224418640137,55.008358001708984
full_clean_z,194,classical__classical.00091,classical,1,0.31677401065826416,55.740928649902344
full_clean_z,195,classical__classical.00091,classical,1,-0.30601245164871216,54.620704650878906
full_clean_z,196,classical__classical.00091,classical,1,-1.022308349609375,57.084232330322266
full_clean_z,197,classical__classical.00091,classical,1,-1.2160075902938843,57.545650482177734
full_clean_z,198,classical__classical.00091,classical,1,-1.2394905090332031,57.46595764160156
full_clean_z,199,classical__classical.00091,classical,1,-0.15282782912254333,58.65332794189453
full_clean_z,200,country__country.00001,country,2,-36.55434799194336,-24.643117904663086
full_clean_z,201,country__country.00001,country,2,-37.06754684448242,-25.746145248413086
full_clean_z,202,country__country.00001,country,2,-37.12850570678711,-25.833364486694336
full_clean_z,203,country__country.00001,country,2,-37.11914825439453,-25.820423126220703
full_clean_z,204,country__country.00001,country,2,-37.09474182128906,-25.781614303588867
full_clean_z,205,country__country.00011,country,2,-25.916793823242188,-26.139083862304688
full_clean_z,206,country__country.00011,country,2,-23.821611404418945,-26.232192993164062
full_clean_z,207,country__country.00011,country,2,-24.39774513244629,-27.256776809692383
full_clean_z,208,country__country.00011,country,2,-37.43087387084961,-16.935213088989258
full_clean_z,209,country__country.00011,country,2,-23.483766555786133,-27.059097290039062
full_clean_z,210,country__country.00011,country,2,-23.365079879760742,-26.441770553588867
full_clean_z,211,country__country.00011,country,2,2.797656774520874,-6.658185005187988
full_clean_z,212,country__country.00011,country,2,-35.663570404052734,-25.853120803833008
full_clean_z,213,country__country.00013,country,2,-23.875362396240234,-24.30536651611328
full_clean_z,214,country__country.00013,country,2,-22.113882064819336,-23.950075149536133
full_clean_z,215,country__country.00013,country,2,-8.434369087219238,-35.16984939575195
full_clean_z,216,country__country.00013,country,2,-36.57072067260742,-22.261890411376953
full_clean_z,217,country__country.00013,country,2,-36.30826950073242,-19.972984313964844
full_clean_z,218,country__country.00013,country,2,-10.446596145629883,11.095414161682129
full_clean_z,219,country__country.00013,country,2,-11.95623779296875,-23.050739288330078
full_clean_z,220,country__country.00013,country,2,-12.207571029663086,-22.901042938232422
full_clean_z,221,country__country.00013,country,2,-8.523503303527832,-35.31126022338867
full_clean_z,222,country__country.00013,country,2,-36.471168518066406,-21.830293655395508
full_clean_z,223,country__country.00029,country,2,-34.571231842041016,-27.82859230041504
full_clean_z,224,country__country.00029,country,2,-34.83199691772461,-28.18085289001465
full_clean_z,225,country__country.00029,country,2,-34.77123260498047,-28.17078399658203
full_clean_z,226,country__country.00029,country,2,-35.12135696411133,-28.87284278869629
full_clean_z,227,country__country.00029,country,2,-34.92678451538086,-28.825349807739258
full_clean_z,228,country__country.00029,country,2,-34.95002365112305,-28.63359832763672
full_clean_z,229,country__country.00047,country,2,-33.63908004760742,-29.439987182617188
full_clean_z,230,country__country.00057,country,2,-20.719499588012695,-23.517004013061523
full_clean_z,231,country__country.00057,country,2,-35.12141036987305,-26.918922424316406
full_clean_z,232,country__country.00057,country,2,-29.585084915161133,-27.734621047973633
full_clean_z,233,country__country.00057,country,2,-29.575727462768555,-27.69510841369629
full_clean_z,234,country__country.00057,country,2,-34.59457778930664,-26.692420959472656
full_clean_z,235,country__country.00057,country,2,-34.58980941772461,-26.54694175720215
full_clean_z,236,country__country.00057,country,2,-35.61092758178711,-26.94162940979004
full_clean_z,237,country__country.00057,country,2,-8.62268352508545,-34.943843841552734
full_clean_z,238,country__country.00057,country,2,-11.306439399719238,-23.728008270263672
full_clean_z,239,country__country.00057,country,2,-20.514970779418945,-23.42814064025879
full_clean_z,240,country__country.00059,country,2,-13.011887550354004,-21.28423309326172
full_clean_z,241,country__country.00059,country,2,-25.055435180664062,-12.007466316223145
full_clean_z,242,country__country.00059,country,2,-37.50853729248047,-27.427217483520508
full_clean_z,243,country__country.00059,country,2,-25.58734703063965,-26.992380142211914
full_clean_z,244,country__country.00059,country,2,-25.456811904907227,-10.943038940429688
full_clean_z,245,country__country.00059,country,2,-37.485084533691406,-27.408309936523438
full_clean_z,246,country__country.00067,country,2,-21.916654586791992,-11.856048583984375
full_clean_z,247,country__country.00067,country,2,-21.989418029785156,-11.87623119354248
full_clean_z,248,country__country.00067,country,2,-31.94140625,-1.7347291707992554
full_clean_z,249,country__country.00067,country,2,-21.711381912231445,-24.586055755615234
full_clean_z,250,country__country.00067,country,2,-0.8759472966194153,-9.393732070922852
full_clean_z,251,country__country.00067,country,2,-33.63386917114258,-1.2272924184799194
full_clean_z,252,country__country.00067,country,2,-21.957307815551758,-11.850532531738281
full_clean_z,253,country__country.00067,country,2,-32.19426345825195,-1.5612256526947021
full_clean_z,254,country__country.00068,country,2,-9.52861213684082,-26.63806915283203
full_clean_z,255,country__country.00068,country,2,-6.945874214172363,-32.5419921875
full_clean_z,256,country__country.00068,country,2,-9.368657112121582,-27.559118270874023
full_clean_z,257,country__country.00068,country,2,-7.190032005310059,-33.05678176879883
full_clean_z,258,country__country.00068,country,2,-10.116768836975098,-26.06304168701172
full_clean_z,259,country__country.00068,country,2,-14.561919212341309,-22.665695190429688
full_clean_z,260,country__country.00068,country,2,-22.78668785095215,-25.754728317260742
full_clean_z,261,country__country.00068,country,2,-6.71688985824585,-32.75449752807617
full_clean_z,262,country__country.00069,country,2,-29.26171112060547,-26.825092315673828
full_clean_z,263,country__country.00069,country,2,-32.48112106323242,-27.330760955810547
full_clean_z,264,country__country.00069,country,2,-33.075164794921875,-27.274425506591797
full_clean_z,265,country__country.00069,country,2,-24.126684188842773,-12.197693824768066
full_clean_z,266,country__country.00069,country,2,-24.244274139404297,-26.012067794799805
full_clean_z,267,country__country.00069,country,2,-25.659778594970703,-26.533132553100586
full_clean_z,268,country__country.00069,country,2,-24.224990844726562,-26.106983184814453
full_clean_z,269,country__country.00075,country,2,-5.392971038818359,-36.604190826416016
full_clean_z,270,country__country.00075,country,2,-10.367742538452148,-32.914493560791016
full_clean_z,271,country__country.00075,country,2,-51.16838073730469,1.3823879957199097
full_clean_z,272,country__country.00075,country,2,-7.460696697235107,-34.339141845703125
full_clean_z,273,country__country.00075,country,2,-12.096663475036621,-24.410011291503906
full_clean_z,274,country__country.00075,country,2,-11.891878128051758,-24.45823097229004
full_clean_z,275,country__country.00076,country,2,-20.92051887512207,-23.26796531677246
full_clean_z,276,country__country.00076,country,2,-20.928104400634766,-23.30603790283203
full_clean_z,277,country__country.00076,country,2,-11.334171295166016,-23.632234573364258
full_clean_z,278,country__country.00076,country,2,-23.850072860717773,-26.184783935546875
full_clean_z,279,country__country.00076,country,2,-22.968904495239258,-25.474653244018555
full_clean_z,280,country__country.00076,country,2,-48.927677154541016,2.8865773677825928
full_clean_z,281,country__country.00076,country,2,2.60176157951355,-7.873348236083984
full_clean_z,282,country__country.00077,country,2,-25.163742065429688,-26.830528259277344
full_clean_z,283,country__country.00077,country,2,-10.78911018371582,-24.000255584716797
full_clean_z,284,country__country.00077,country,2,-20.887598037719727,-23.324251174926758
full_clean_z,285,country__country.00077,country,2,-23.893911361694336,-26.216157913208008
full_clean_z,286,country__country.00077,country,2,-25.324087142944336,-26.860185623168945
full_clean_z,287,country__country.00077,country,2,-25.16191864013672,-26.86459732055664
full_clean_z,288,country__country.00097,country,2,-35.1827278137207,-26.600454330444336
full_clean_z,289,country__country.00097,country,2,-35.414676666259766,-26.765031814575195
full_clean_z,290,country__country.00097,country,2,-34.981536865234375,-26.188034057617188
full_clean_z,291,country__country.00097,country,2,-34.865055084228516,-25.84108543395996
full_clean_z,292,country__country.00097,country,2,-34.76282501220703,-25.652711868286133
full_clean_z,293,country__country.00099,country,2,-52.28905487060547,7.5383710861206055
full_clean_z,294,country__country.00099,country,2,-27.205543518066406,-25.380516052246094
full_clean_z,295,country__country.00099,country,2,-47.86830139160156,11.038374900817871
full_clean_z,296,country__country.00099,country,2,-36.802040100097656,-26.558135986328125
full_clean_z,297,country__country.00099,country,2,-24.905855178833008,-12.187838554382324
full_clean_z,298,country__country.00099,country,2,-51.85624313354492,7.511155128479004
full_clean_z,299,country__country.00099,country,2,-51.34739303588867,7.003906726837158
full_clean_z,300,disco__disco.00000,disco,3,-6.191481590270996,26.619823455810547
full_clean_z,301,disco__disco.00000,disco,3,-3.6922268867492676,26.29556655883789
full_clean_z,302,disco__disco.00000,disco,3,-4.79439640045166,26.554912567138672
full_clean_z,303,disco__disco.00000,disco,3,-1.6405487060546875,22.39347267150879
full_clean_z,304,disco__disco.00000,disco,3,-1.748383641242981,22.771516799926758
full_clean_z,305,disco__disco.00000,disco,3,-5.756486415863037,26.55978775024414
full_clean_z,306,disco__disco.00000,disco,3,-7.237344741821289,26.53944206237793
full_clean_z,307,disco__disco.00000,disco,3,-4.9411773681640625,26.631776809692383
full_clean_z,308,disco__disco.00000,disco,3,-4.745920658111572,26.83694839477539
full_clean_z,309,disco__disco.00003,disco,3,-3.9970967769622803,28.86542320251465
full_clean_z,310,disco__disco.00003,disco,3,-34.031986236572266,-20.244789123535156
full_clean_z,311,disco__disco.00003,disco,3,1.0481678247451782,24.830896377563477
full_clean_z,312,disco__disco.00003,disco,3,1.0812783241271973,24.714208602905273
full_clean_z,313,disco__disco.00003,disco,3,-2.681138515472412,25.8259220123291
full_clean_z,314,disco__disco.00003,disco,3,-2.195909261703491,25.585050582885742
full_clean_z,315,disco__disco.00010,disco,3,57.70289611816406,5.739990234375
full_clean_z,316,disco__disco.00010,disco,3,-1.5462009906768799,22.195148468017578
full_clean_z,317,disco__disco.00010,disco,3,59.61681365966797,6.950916767120361
full_clean_z,318,disco__disco.00010,disco,3,57.69932174682617,5.648648738861084
full_clean_z,319,disco__disco.00010,disco,3,59.754913330078125,6.334542274475098
full_clean_z,320,disco__disco.00010,disco,3,59.587257385253906,7.048098564147949
full_clean_z,321,disco__disco.00020,disco,3,-36.22193145751953,-19.94605255126953
full_clean_z,322,disco__disco.00020,disco,3,19.40135383605957,13.226597785949707
full_clean_z,323,disco__disco.00020,disco,3,20.040008544921875,14.125985145568848
full_clean_z,324,disco__disco.00021,disco,3,-5.670168399810791,23.344961166381836
full_clean_z,325,disco__disco.00021,disco,3,-6.827516555786133,22.19915771484375
full_clean_z,326,disco__disco.00021,disco,3,-6.697671890258789,22.34600257873535
full_clean_z,327,disco__disco.00021,disco,3,-6.840305805206299,22.188817977905273
full_clean_z,328,disco__disco.00021,disco,3,-5.631800174713135,23.36197280883789
full_clean_z,329,disco__disco.00021,disco,3,-8.028139114379883,19.970611572265625
full_clean_z,330,disco__disco.00021,disco,3,35.999366760253906,-23.638317108154297
full_clean_z,331,disco__disco.00021,disco,3,39.37873840332031,-18.984546661376953
full_clean_z,332,disco__disco.00030,disco,3,-3.5527212619781494,28.56486701965332
full_clean_z,333,disco__disco.00030,disco,3,-3.5798797607421875,28.368167877197266
full_clean_z,334,disco__disco.00030,disco,3,-4.196627616882324,26.818078994750977
full_clean_z,335,disco__disco.00030,disco,3,-4.037784576416016,27.696060180664062
full_clean_z,336,disco__disco.00030,disco,3,-1.1985177993774414,25.32156753540039
full_clean_z,337,disco__disco.00030,disco,3,-7.858654022216797,26.485612869262695
full_clean_z,338,disco__disco.00030,disco,3,-6.408288478851318,26.648534774780273
full_clean_z,339,disco__disco.00030,disco,3,-3.887266159057617,27.49921417236328
full_clean_z,340,disco__disco.00030,disco,3,-3.794611930847168,26.777551651000977
full_clean_z,341,disco__disco.00030,disco,3,-3.5805487632751465,28.58670425415039
full_clean_z,342,disco__disco.00040,disco,3,5.414546489715576,15.169747352600098
full_clean_z,343,disco__disco.00040,disco,3,12.302870750427246,4.36736536026001
full_clean_z,344,disco__disco.00040,disco,3,5.345925807952881,15.162334442138672
full_clean_z,345,disco__disco.00040,disco,3,5.333421230316162,15.149615287780762
full_clean_z,346,disco__disco.00040,disco,3,5.416897296905518,15.1995849609375
full_clean_z,347,disco__disco.00040,disco,3,5.14451265335083,15.193879127502441
full_clean_z,348,disco__disco.00044,disco,3,-5.467165946960449,24.63593101501465
full_clean_z,349,disco__disco.00044,disco,3,-8.06228256225586,20.911514282226562
full_clean_z,350,disco__disco.00044,disco,3,-7.820761680603027,21.15435791015625
full_clean_z,351,disco__disco.00044,disco,3,-4.572518348693848,24.85087776184082
full_clean_z,352,disco__disco.00044,disco,3,-7.732387065887451,21.306522369384766
full_clean_z,353,disco__disco.00044,disco,3,-8.238764762878418,19.979297637939453
full_clean_z,354,disco__disco.00044,disco,3,-7.988709926605225,20.92926025390625
full_clean_z,355,disco__disco.00044,disco,3,-4.856651306152344,24.866308212280273
full_clean_z,356,disco__disco.00044,disco,3,-4.845499038696289,25.299652099609375
full_clean_z,357,disco__disco.00044,disco,3,-4.7887959480285645,24.98472785949707
full_clean_z,358,disco__disco.00044,disco,3,-5.109524726867676,24.593381881713867
full_clean_z,359,disco__disco.00055,disco,3,-1.780532717704773,27.392967224121094
full_clean_z,360,disco__disco.00055,disco,3,-3.0600390434265137,26.261981964111328
full_clean_z,361,disco__disco.00055,disco,3,-2.4455184936523438,27.054006576538086
full_clean_z,362,disco__disco.00055,disco,3,-2.661039113998413,26.453264236450195
full_clean_z,363,disco__disco.00055,disco,3,-2.526426076889038,26.633554458618164
full_clean_z,364,disco__disco.00055,disco,3,-1.7086035013198853,27.368825912475586
full_clean_z,365,disco__disco.00055,disco,3,-1.4685720205307007,27.605224609375
full_clean_z,366,disco__disco.00064,disco,3,-1.2085270881652832,27.88046646118164
full_clean_z,367,disco__disco.00064,disco,3,-1.1346508264541626,27.947078704833984
full_clean_z,368,disco__disco.00064,disco,3,-1.1938258409500122,27.903776168823242
full_clean_z,369,disco__disco.00064,disco,3,-0.742000162601471,28.303119659423828
full_clean_z,370,disco__disco.00075,disco,3,-2.9102954864501953,25.0164794921875
full_clean_z,371,disco__disco.00075,disco,3,-2.974212884902954,24.94217872619629
full_clean_z,372,disco__disco.00075,disco,3,0.020550087094306946,25.198270797729492
full_clean_z,373,disco__disco.00075,disco,3,0.4851151704788208,25.058277130126953
full_clean_z,374,disco__disco.00075,disco,3,-5.6257500648498535,25.908905029296875
full_clean_z,375,disco__disco.00075,disco,3,-2.707258701324463,24.725385665893555
full_clean_z,376,disco__disco.00075,disco,3,-2.4511022567749023,24.24581527709961
full_clean_z,377,disco__disco.00075,disco,3,0.36662521958351135,25.088842391967773
full_clean_z,378,disco__disco.00084,disco,3,-1.3990843296051025,24.32267189025879
full_clean_z,379,disco__disco.00084,disco,3,-1.6837655305862427,25.706302642822266
full_clean_z,380,disco__disco.00084,disco,3,-1.796626329421997,25.9111270904541
full_clean_z,381,disco__disco.00084,disco,3,-1.8628073930740356,26.242778778076172
full_clean_z,382,disco__disco.00084,disco,3,-1.9533778429031372,25.77452850341797
full_clean_z,383,disco__disco.00084,disco,3,-1.4746286869049072,24.67427635192871
full_clean_z,384,disco__disco.00084,disco,3,-1.4732604026794434,24.65204429626465
full_clean_z,385,disco__disco.00093,disco,3,-2.5801968574523926,24.541231155395508
full_clean_z,386,disco__disco.00093,disco,3,-3.4669809341430664,25.902469635009766
full_clean_z,387,disco__disco.00093,disco,3,-3.603635549545288,25.989696502685547
full_clean_z,388,disco__disco.00093,disco,3,-6.045010566711426,26.47318458557129
full_clean_z,389,disco__disco.00093,disco,3,-2.9955523014068604,25.339927673339844
full_clean_z,390,disco__disco.00093,disco,3,-2.4451746940612793,26.631881713867188
full_clean_z,391,disco__disco.00094,disco,3,1.2681509256362915,24.559032440185547
full_clean_z,392,disco__disco.00094,disco,3,1.7655888795852661,23.748804092407227
full_clean_z,393,disco__disco.00094,disco,3,2.073880434036255,23.173587799072266
full_clean_z,394,disco__disco.00094,disco,3,2.1219587326049805,23.08991241455078
full_clean_z,395,disco__disco.00094,disco,3,2.3023529052734375,22.84978675842285
full_clean_z,396,disco__disco.00095,disco,3,-1.4114603996276855,27.758405685424805
full_clean_z,397,disco__disco.00095,disco,3,-1.987658143043518,27.041595458984375
full_clean_z,398,disco__disco.00095,disco,3,-1.8877118825912476,27.143800735473633
full_clean_z,399,disco__disco.00095,disco,3,5.237720966339111,15.219079971313477
full_clean_z,400,hiphop__hiphop.00002,hiphop,4,61.22621154785156,4.299194812774658
full_clean_z,401,hiphop__hiphop.00002,hiphop,4,55.933509826660156,11.37476634979248
full_clean_z,402,hiphop__hiphop.00002,hiphop,4,55.96552658081055,11.400435447692871
full_clean_z,403,hiphop__hiphop.00002,hiphop,4,60.707420349121094,5.06278657913208
full_clean_z,404,hiphop__hiphop.00002,hiphop,4,60.67270278930664,5.364421367645264
full_clean_z,405,hiphop__hiphop.00034,hiphop,4,59.319583892822266,2.8385512828826904
full_clean_z,406,hiphop__hiphop.00034,hiphop,4,57.910423278808594,4.297374725341797
full_clean_z,407,hiphop__hiphop.00034,hiphop,4,58.6700325012207,3.6385560035705566
full_clean_z,408,hiphop__hiphop.00034,hiphop,4,58.048458099365234,3.17293643951416
full_clean_z,409,hiphop__hiphop.00034,hiphop,4,59.014156341552734,3.0239107608795166
full_clean_z,410,hiphop__hiphop.00034,hiphop,4,59.02450942993164,3.013216495513916
full_clean_z,411,hiphop__hiphop.00038,hiphop,4,60.658931732177734,1.4961069822311401
full_clean_z,412,hiphop__hiphop.00038,hiphop,4,60.559295654296875,1.5817815065383911
full_clean_z,413,hiphop__hiphop.00038,hiphop,4,58.43730163574219,1.3756405115127563
full_clean_z,414,hiphop__hiphop.00038,hiphop,4,59.004249572753906,1.5460807085037231
full_clean_z,415,hiphop__hiphop.00040,hiphop,4,-9.146982192993164,-34.868778228759766
full_clean_z,416,hiphop__hiphop.00040,hiphop,4,-12.356947898864746,-22.505279541015625
full_clean_z,417,hiphop__hiphop.00040,hiphop,4,-9.297707557678223,-24.562501907348633
full_clean_z,418,hiphop__hiphop.00040,hiphop,4,55.99748992919922,11.352993965148926
full_clean_z,419,hiphop__hiphop.00040,hiphop,4,56.672279357910156,3.89504075050354
full_clean_z,420,hiphop__hiphop.00040,hiphop,4,38.016239166259766,-15.574318885803223
full_clean_z,421,hiphop__hiphop.00040,hiphop,4,55.96111297607422,11.404020309448242
full_clean_z,422,hiphop__hiphop.00042,hiphop,4,59.33018493652344,4.4816741943359375
full_clean_z,423,hiphop__hiphop.00042,hiphop,4,58.15150833129883,1.9500128030776978
full_clean_z,424,hiphop__hiphop.00042,hiphop,4,58.484615325927734,2.052398443222046
full_clean_z,425,hiphop__hiphop.00042,hiphop,4,57.95682144165039,2.010970115661621
full_clean_z,426,hiphop__hiphop.00042,hiphop,4,57.98243713378906,2.0106465816497803
full_clean_z,427,hiphop__hiphop.00042,hiphop,4,56.44819641113281,2.2755331993103027
full_clean_z,428,hiphop__hiphop.00042,hiphop,4,56.85765838623047,2.1286540031433105
full_clean_z,429,hiphop__hiphop.00042,hiphop,4,57.68328857421875,1.946260929107666
full_clean_z,430,hiphop__hiphop.00044,hiphop,4,55.40491485595703,2.329406261444092
full_clean_z,431,hiphop__hiphop.00044,hiphop,4,9.95842456817627,-26.592849731445312
full_clean_z,432,hiphop__hiphop.00044,hiphop,4,-9.650081634521484,-24.472013473510742
full_clean_z,433,hiphop__hiphop.00044,hiphop,4,-9.265900611877441,-24.514144897460938
full_clean_z,434,hiphop__hiphop.00044,hiphop,4,-8.563222885131836,-35.899967193603516
full_clean_z,435,hiphop__hiphop.00044,hiphop,4,-12.240850448608398,-20.58400535583496
full_clean_z,436,hiphop__hiphop.00044,hiphop,4,-3.665034294128418,-34.349491119384766
full_clean_z,437,hiphop__hiphop.00053,hiphop,4,37.05847930908203,-18.940410614013672
full_clean_z,438,hiphop__hiphop.00053,hiphop,4,36.361995697021484,-18.585723876953125
full_clean_z,439,hiphop__hiphop.00053,hiphop,4,34.69469451904297,-13.746978759765625
full_clean_z,440,hiphop__hiphop.00053,hiphop,4,37.33985137939453,-19.016103744506836
full_clean_z,441,hiphop__hiphop.00053,hiphop,4,34.324214935302734,-13.669358253479004
full_clean_z,442,hiphop__hiphop.00053,hiphop,4,56.95159912109375,1.8830633163452148
full_clean_z,443,hiphop__hiphop.00053,hiphop,4,53.810550689697266,1.4860044717788696
full_clean_z,444,hiphop__hiphop.00053,hiphop,4,53.71826171875,1.482898473739624
full_clean_z,445,hiphop__hiphop.00053,hiphop,4,56.396244049072266,1.5837788581848145
full_clean_z,446,hiphop__hiphop.00076,hiphop,4,59.495487213134766,2.10986328125
full_clean_z,447,hiphop__hiphop.00076,hiphop,4,59.315067291259766,2.070995807647705
full_clean_z,448,hiphop__hiphop.00076,hiphop,4,59.63835525512695,2.1813361644744873
full_clean_z,449,hiphop__hiphop.00076,hiphop,4,59.524009704589844,2.181403875350952
full_clean_z,450,hiphop__hiphop.00076,hiphop,4,59.47111892700195,2.1304514408111572
full_clean_z,451,hiphop__hiphop.00076,hiphop,4,59.70178985595703,2.201293706893921
full_clean_z,452,hiphop__hiphop.00079,hiphop,4,35.23996353149414,-16.081037521362305
full_clean_z,453,hiphop__hiphop.00079,hiphop,4,35.35109329223633,-15.618279457092285
full_clean_z,454,hiphop__hiphop.00079,hiphop,4,36.58381652832031,-15.563499450683594
full_clean_z,455,hiphop__hiphop.00079,hiphop,4,24.75466537475586,-9.636786460876465
full_clean_z,456,hiphop__hiphop.00079,hiphop,4,24.870302200317383,-9.882525444030762
full_clean_z,457,hiphop__hiphop.00079,hiphop,4,32.38130187988281,-12.64907169342041
full_clean_z,458,hiphop__hiphop.00079,hiphop,4,35.18037414550781,-15.645898818969727
full_clean_z,459,hiphop__hiphop.00079,hiphop,4,34.828269958496094,-14.670680046081543
full_clean_z,460,hiphop__hiphop.00082,hiphop,4,60.87224197387695,2.2790749073028564
full_clean_z,461,hiphop__hiphop.00082,hiphop,4,61.34330749511719,2.337489604949951
full_clean_z,462,hiphop__hiphop.00082,hiphop,4,61.08478927612305,3.2421646118164062
full_clean_z,463,hiphop__hiphop.00082,hiphop,4,62.650203704833984,3.7882273197174072
full_clean_z,464,hiphop__hiphop.00082,hiphop,4,62.571537017822266,3.715803623199463
full_clean_z,465,hiphop__hiphop.00082,hiphop,4,62.524715423583984,3.780574083328247
full_clean_z,466,hiphop__hiphop.00087,hiphop,4,60.92108917236328,2.537045955657959
full_clean_z,467,hiphop__hiphop.00087,hiphop,4,60.91022491455078,2.4262824058532715
full_clean_z,468,hiphop__hiphop.00087,hiphop,4,61.158905029296875,2.821091413497925
full_clean_z,469,hiphop__hiphop.00087,hiphop,4,61.15293502807617,2.651182174682617
full_clean_z,470,hiphop__hiphop.00087,hiphop,4,60.92971420288086,2.5478646755218506
full_clean_z,471,hiphop__hiphop.00087,hiphop,4,60.89882278442383,2.510718584060669
full_clean_z,472,hiphop__hiphop.00087,hiphop,4,60.98183822631836,2.541569709777832
full_clean_z,473,hiphop__hiphop.00089,hiphop,4,62.12317657470703,4.715975284576416
full_clean_z,474,hiphop__hiphop.00089,hiphop,4,63.10407638549805,5.021411895751953
full_clean_z,475,hiphop__hiphop.00089,hiphop,4,63.1372184753418,5.2214484214782715
full_clean_z,476,hiphop__hiphop.00089,hiphop,4,62.81867218017578,4.793734550476074
full_clean_z,477,hiphop__hiphop.00089,hiphop,4,62.83375549316406,4.2478132247924805
full_clean_z,478,hiphop__hiphop.00093,hiphop,4,58.897850036621094,8.335672378540039
full_clean_z,479,hiphop__hiphop.00093,hiphop,4,-4.282791614532471,21.791555404663086
full_clean_z,480,hiphop__hiphop.00093,hiphop,4,-4.2854695320129395,21.7867374420166
full_clean_z,481,hiphop__hiphop.00093,hiphop,4,19.342548370361328,8.928906440734863
full_clean_z,482,hiphop__hiphop.00093,hiphop,4,19.377511978149414,8.924999237060547
full_clean_z,483,hiphop__hiphop.00093,hiphop,4,-35.424888610839844,8.06369686126709
full_clean_z,484,hiphop__hiphop.00093,hiphop,4,12.704141616821289,4.720315933227539
full_clean_z,485,hiphop__hiphop.00093,hiphop,4,47.89195251464844,5.219215393066406
full_clean_z,486,hiphop__hiphop.00093,hiphop,4,0.386761873960495,8.157793045043945
full_clean_z,487,hiphop__hiphop.00094,hiphop,4,62.49003219604492,3.111104726791382
full_clean_z,488,hiphop__hiphop.00094,hiphop,4,62.54249954223633,3.0749971866607666
full_clean_z,489,hiphop__hiphop.00094,hiphop,4,62.74422073364258,3.0491209030151367
full_clean_z,490,hiphop__hiphop.00094,hiphop,4,62.07607650756836,3.165987014770508
full_clean_z,491,hiphop__hiphop.00094,hiphop,4,60.2192497253418,2.588999032974243
full_clean_z,492,hiphop__hiphop.00098,hiphop,4,61.39523696899414,3.583695650100708
full_clean_z,493,hiphop__hiphop.00098,hiphop,4,60.95970153808594,3.5634191036224365
full_clean_z,494,hiphop__hiphop.00098,hiphop,4,61.636131286621094,3.698643207550049
full_clean_z,495,hiphop__hiphop.00098,hiphop,4,60.679141998291016,3.644484519958496
full_clean_z,496,hiphop__hiphop.00098,hiphop,4,58.24259567260742,2.1934282779693604
full_clean_z,497,hiphop__hiphop.00098,hiphop,4,60.3177490234375,2.916393756866455
full_clean_z,498,hiphop__hiphop.00098,hiphop,4,60.6096305847168,3.033402919769287
full_clean_z,499,hiphop__hiphop.00098,hiphop,4,60.63694763183594,3.0043654441833496
full_clean_z,500,jazz__jazz.00033,jazz,5,-41.81209182739258,38.96811294555664
full_clean_z,501,jazz__jazz.00033,jazz,5,-40.55065155029297,39.76047897338867
full_clean_z,502,jazz__jazz.00033,jazz,5,-40.268836975097656,37.6176872253418
full_clean_z,503,jazz__jazz.00033,jazz,5,-42.01710891723633,38.70909881591797
full_clean_z,504,jazz__jazz.00033,jazz,5,-41.93623352050781,38.8368034362793
full_clean_z,505,jazz__jazz.00033,jazz,5,-42.5350341796875,38.90376281738281
full_clean_z,506,jazz__jazz.00041,jazz,5,-40.87697219848633,37.51961135864258
full_clean_z,507,jazz__jazz.00041,jazz,5,-40.76775360107422,37.31951904296875
full_clean_z,508,jazz__jazz.00041,jazz,5,-41.338645935058594,37.79360580444336
full_clean_z,509,jazz__jazz.00041,jazz,5,-41.11075210571289,37.57606887817383
full_clean_z,510,jazz__jazz.00041,jazz,5,-42.35251998901367,38.614662170410156
full_clean_z,511,jazz__jazz.00041,jazz,5,-41.09001159667969,37.59379577636719
full_clean_z,512,jazz__jazz.00041,jazz,5,-38.931941986083984,38.27481460571289
full_clean_z,513,jazz__jazz.00041,jazz,5,-39.196834564208984,37.44188690185547
full_clean_z,514,jazz__jazz.00041,jazz,5,-38.67184066772461,37.92523193359375
full_clean_z,515,jazz__jazz.00041,jazz,5,-39.16562271118164,37.866695404052734
full_clean_z,516,jazz__jazz.00046,jazz,5,-41.05948257446289,37.574398040771484
full_clean_z,517,jazz__jazz.00046,jazz,5,-42.167152404785156,38.248477935791016
full_clean_z,518,jazz__jazz.00046,jazz,5,-37.960205078125,37.236595153808594
full_clean_z,519,jazz__jazz.00046,jazz,5,-40.604393005371094,37.444236755371094
full_clean_z,520,jazz__jazz.00046,jazz,5,-41.935829162597656,38.0563850402832
full_clean_z,521,jazz__jazz.00046,jazz,5,-40.372947692871094,37.407169342041016
full_clean_z,522,jazz__jazz.00046,jazz,5,-39.24821853637695,36.81011962890625
full_clean_z,523,jazz__jazz.00046,jazz,5,-39.308433532714844,36.97685623168945
full_clean_z,524,jazz__jazz.00048,jazz,5,-33.19729232788086,31.516725540161133
full_clean_z,525,jazz__jazz.00048,jazz,5,-33.24142837524414,31.524465560913086
full_clean_z,526,jazz__jazz.00048,jazz,5,-33.09016799926758,41.967918395996094
full_clean_z,527,jazz__jazz.00048,jazz,5,-37.468807220458984,36.1285400390625
full_clean_z,528,jazz__jazz.00048,jazz,5,-37.826900482177734,36.15704345703125
full_clean_z,529,jazz__jazz.00048,jazz,5,-37.30509948730469,36.53786849975586
full_clean_z,530,jazz__jazz.00048,jazz,5,-6.8106842041015625,-31.848371505737305
full_clean_z,531,jazz__jazz.00048,jazz,5,-33.68627166748047,41.26572036743164
full_clean_z,532,jazz__jazz.00050,jazz,5,5.679361343383789,11.89918327331543
full_clean_z,533,jazz__jazz.00050,jazz,5,-24.936792373657227,27.797842025756836
full_clean_z,534,jazz__jazz.00050,jazz,5,-39.63200378417969,33.31892395019531
full_clean_z,535,jazz__jazz.00050,jazz,5,-39.64625930786133,33.402809143066406
full_clean_z,536,jazz__jazz.00050,jazz,5,-39.71381378173828,33.27486038208008
full_clean_z,537,jazz__jazz.00050,jazz,5,-31.45211410522461,30.99315643310547
full_clean_z,538,jazz__jazz.00050,jazz,5,-31.798227310180664,-9.326048851013184
full_clean_z,539,jazz__jazz.00050,jazz,5,-10.93624210357666,7.341036319732666
full_clean_z,540,jazz__jazz.00050,jazz,5,-10.931565284729004,7.407275676727295
full_clean_z,541,jazz__jazz.00059,jazz,5,-38.970375061035156,35.25860595703125
full_clean_z,542,jazz__jazz.00059,jazz,5,53.57521057128906,3.759002208709717
full_clean_z,543,jazz__jazz.00060,jazz,5,-34.667137145996094,31.930822372436523
full_clean_z,544,jazz__jazz.00060,jazz,5,-35.934661865234375,33.001792907714844
full_clean_z,545,jazz__jazz.00060,jazz,5,-35.37397766113281,32.65871810913086
full_clean_z,546,jazz__jazz.00060,jazz,5,-35.378116607666016,32.35133743286133
full_clean_z,547,jazz__jazz.00060,jazz,5,-37.408477783203125,34.39939880371094
full_clean_z,548,jazz__jazz.00060,jazz,5,-37.360816955566406,34.324310302734375
full_clean_z,549,jazz__jazz.00071,jazz,5,-40.03215026855469,37.071678161621094
full_clean_z,550,jazz__jazz.00071,jazz,5,-38.466121673583984,35.825252532958984
full_clean_z,551,jazz__jazz.00071,jazz,5,-38.40324020385742,35.8635139465332
full_clean_z,552,jazz__jazz.00071,jazz,5,-39.99422836303711,36.037635803222656
full_clean_z,553,jazz__jazz.00071,jazz,5,-40.06580352783203,35.893836975097656
full_clean_z,554,jazz__jazz.00071,jazz,5,-36.17584991455078,32.56204605102539
full_clean_z,555,jazz__jazz.00071,jazz,5,-36.99661636352539,33.56947326660156
full_clean_z,556,jazz__jazz.00081,jazz,5,-33.647125244140625,41.328121185302734
full_clean_z,557,jazz__jazz.00081,jazz,5,-33.09693145751953,41.974571228027344
full_clean_z,558,jazz__jazz.00081,jazz,5,-33.712379455566406,41.250831604003906
full_clean_z,559,jazz__jazz.00081,jazz,5,-33.267295837402344,41.75444030761719
full_clean_z,560,jazz__jazz.00081,jazz,5,-19.56790542602539,27.694997787475586
full_clean_z,561,jazz__jazz.00081,jazz,5,-34.62464141845703,40.04769515991211
full_clean_z,562,jazz__jazz.00081,jazz,5,-34.66208267211914,40.00945281982422
full_clean_z,563,jazz__jazz.00081,jazz,5,-33.680049896240234,41.28892517089844
full_clean_z,564,jazz__jazz.00081,jazz,5,-33.69822311401367,41.26649475097656
full_clean_z,565,jazz__jazz.00084,jazz,5,-32.5019416809082,29.057910919189453
full_clean_z,566,jazz__jazz.00084,jazz,5,-36.61285400390625,32.90114974975586
full_clean_z,567,jazz__jazz.00084,jazz,5,-36.4247932434082,32.74090576171875
full_clean_z,568,jazz__jazz.00084,jazz,5,-36.716400146484375,33.10467529296875
full_clean_z,569,jazz__jazz.00084,jazz,5,-36.856746673583984,33.30877685546875
full_clean_z,570,jazz__jazz.00084,jazz,5,-37.6844367980957,35.05590057373047
full_clean_z,571,jazz__jazz.00084,jazz,5,-36.31132507324219,32.69205093383789
full_clean_z,572,jazz__jazz.00084,jazz,5,-37.30113220214844,34.27336883544922
full_clean_z,573,jazz__jazz.00086,jazz,5,-32.35756301879883,28.984115600585938
full_clean_z,574,jazz__jazz.00086,jazz,5,-36.55291748046875,32.37843322753906
full_clean_z,575,jazz__jazz.00086,jazz,5,-36.777244567871094,36.42845153808594
full_clean_z,576,jazz__jazz.00086,jazz,5,-32.487979888916016,29.196184158325195
full_clean_z,577,jazz__jazz.00086,jazz,5,-32.42160415649414,29.045513153076172
full_clean_z,578,jazz__jazz.00091,jazz,5,-38.30518341064453,35.870208740234375
full_clean_z,579,jazz__jazz.00091,jazz,5,-38.71844482421875,34.726280212402344
full_clean_z,580,jazz__jazz.00092,jazz,5,-39.06426239013672,35.479583740234375
full_clean_z,581,jazz__jazz.00092,jazz,5,-38.4635124206543,35.47953796386719
full_clean_z,582,jazz__jazz.00092,jazz,5,-38.304622650146484,35.40592956542969
full_clean_z,583,jazz__jazz.00092,jazz,5,-32.85475540161133,36.57712173461914
full_clean_z,584,jazz__jazz.00092,jazz,5,-33.85810470581055,41.079429626464844
full_clean_z,585,jazz__jazz.00092,jazz,5,-39.47852325439453,36.188629150390625
full_clean_z,586,jazz__jazz.00092,jazz,5,-32.911285400390625,36.580970764160156
full_clean_z,587,jazz__jazz.00096,jazz,5,-37.46786117553711,36.43724822998047
full_clean_z,588,jazz__jazz.00096,jazz,5,-33.19374084472656,31.59610366821289
full_clean_z,589,jazz__jazz.00096,jazz,5,-38.5485954284668,36.49253845214844
full_clean_z,590,jazz__jazz.00096,jazz,5,-38.6755256652832,36.46118927001953
full_clean_z,591,jazz__jazz.00096,jazz,5,-37.95307922363281,37.91071319580078
full_clean_z,592,jazz__jazz.00096,jazz,5,-38.12723922729492,37.67499923706055
full_clean_z,593,jazz__jazz.00096,jazz,5,-41.60496520996094,38.76797103881836
full_clean_z,594,jazz__jazz.00096,jazz,5,-40.560699462890625,39.64046859741211
full_clean_z,595,jazz__jazz.00096,jazz,5,-38.75996017456055,37.401371002197266
full_clean_z,596,jazz__jazz.00096,jazz,5,-38.628074645996094,37.21689224243164
full_clean_z,597,jazz__jazz.00099,jazz,5,-38.59511947631836,36.72842025756836
full_clean_z,598,jazz__jazz.00099,jazz,5,-40.67538070678711,39.62358474731445
full_clean_z,599,jazz__jazz.00099,jazz,5,-40.60039520263672,38.53423309326172
full_clean_z,600,metal__metal.00002,metal,6,2.9988174438476562,-58.18910598754883
full_clean_z,601,metal__metal.00002,metal,6,2.40810227394104,-60.8305549621582
full_clean_z,602,metal__metal.00002,metal,6,2.6278603076934814,-60.336856842041016
full_clean_z,603,metal__metal.00002,metal,6,2.999404191970825,-57.77719497680664
full_clean_z,604,metal__metal.00002,metal,6,2.943192481994629,-58.74068069458008
full_clean_z,605,metal__metal.00002,metal,6,2.6382675170898438,-60.848838806152344
full_clean_z,606,metal__metal.00002,metal,6,2.6010138988494873,-61.202030181884766
full_clean_z,607,metal__metal.00002,metal,6,3.001051187515259,-58.40890121459961
full_clean_z,608,metal__metal.00002,metal,6,2.7584354877471924,-47.22826385498047
full_clean_z,609,metal__metal.00004,metal,6,1.6859791278839111,-64.81835174560547
full_clean_z,610,metal__metal.00004,metal,6,1.5598115921020508,-64.78309631347656
full_clean_z,611,metal__metal.00004,metal,6,1.2635811567306519,-64.66912841796875
full_clean_z,612,metal__metal.00004,metal,6,1.2547595500946045,-64.80722045898438
full_clean_z,613,metal__metal.00004,metal,6,1.2741355895996094,-64.58528137207031
full_clean_z,614,metal__metal.00004,metal,6,1.439824104309082,-64.69622802734375
full_clean_z,615,metal__metal.00004,metal,6,1.4231575727462769,-64.67379760742188
full_clean_z,616,metal__metal.00012,metal,6,2.248861312866211,-64.70944213867188
full_clean_z,617,metal__metal.00012,metal,6,7.7421722412109375,-61.58766174316406
full_clean_z,618,metal__metal.00012,metal,6,7.720193862915039,-61.597312927246094
full_clean_z,619,metal__metal.00012,metal,6,2.39906644821167,-64.6917495727539
full_clean_z,620,metal__metal.00012,metal,6,2.5473074913024902,-64.64794158935547
full_clean_z,621,metal__metal.00012,metal,6,2.048804521560669,-64.28521728515625
full_clean_z,622,metal__metal.00012,metal,6,2.3972177505493164,-64.25579833984375
full_clean_z,623,metal__metal.00012,metal,6,2.5876991748809814,-63.74141311645508
full_clean_z,624,metal__metal.00022,metal,6,1.356031894683838,-45.46225357055664
full_clean_z,625,metal__metal.00022,metal,6,1.4383857250213623,-46.588829040527344
full_clean_z,626,metal__metal.00022,metal,6,1.7255825996398926,-46.34174728393555
full_clean_z,627,metal__metal.00022,metal,6,1.6495059728622437,-47.09260940551758
full_clean_z,628,metal__metal.00022,metal,6,0.9077439308166504,-45.61506652832031
full_clean_z,629,metal__metal.00022,metal,6,-3.800870418548584,-40.194862365722656
full_clean_z,630,metal__metal.00022,metal,6,1.3058183193206787,-45.7645378112793
full_clean_z,631,metal__metal.00022,metal,6,1.2994613647460938,-45.75559997558594
full_clean_z,632,metal__metal.00024,metal,6,2.8834941387176514,-60.98371124267578
full_clean_z,633,metal__metal.00024,metal,6,2.4389991760253906,-62.44894027709961
full_clean_z,634,metal__metal.00024,metal,6,5.940604209899902,-64.3267593383789
full_clean_z,635,metal__metal.00024,metal,6,5.845480442047119,-64.84773254394531
full_clean_z,636,metal__metal.00024,metal,6,2.937711715698242,-59.23705291748047
full_clean_z,637,metal__metal.00024,metal,6,3.266378164291382,-61.81041717529297
full_clean_z,638,metal__metal.00024,metal,6,3.2562222480773926,-60.39937973022461
full_clean_z,639,metal__metal.00024,metal,6,3.6437389850616455,-61.96342086791992
full_clean_z,640,metal__metal.00030,metal,6,1.5676337480545044,-48.35112762451172
full_clean_z,641,metal__metal.00030,metal,6,1.6128300428390503,-48.444374084472656
full_clean_z,642,metal__metal.00030,metal,6,1.7355533838272095,-48.32005310058594
full_clean_z,643,metal__metal.00030,metal,6,3.7977640628814697,-60.09535217285156
full_clean_z,644,metal__metal.00030,metal,6,3.575479507446289,-59.189178466796875
full_clean_z,645,metal__metal.00049,metal,6,6.6439080238342285,-66.03790283203125
full_clean_z,646,metal__metal.00049,metal,6,4.964494228363037,-64.45856475830078
full_clean_z,647,metal__metal.00049,metal,6,6.0482916831970215,-65.61375427246094
full_clean_z,648,metal__metal.00049,metal,6,5.158492088317871,-64.5536117553711
full_clean_z,649,metal__metal.00049,metal,6,6.23903751373291,-65.1815414428711
full_clean_z,650,metal__metal.00049,metal,6,6.938175201416016,-66.05667114257812
full_clean_z,651,metal__metal.00049,metal,6,4.967780113220215,-63.86298370361328
full_clean_z,652,metal__metal.00049,metal,6,5.885572910308838,-65.22867584228516
full_clean_z,653,metal__metal.00049,metal,6,4.766371726989746,-63.57762145996094
full_clean_z,654,metal__metal.00051,metal,6,7.885406494140625,-66.39036560058594
full_clean_z,655,metal__metal.00051,metal,6,6.592987060546875,-65.29602813720703
full_clean_z,656,metal__metal.00051,metal,6,3.3286757469177246,-62.330074310302734
full_clean_z,657,metal__metal.00051,metal,6,3.3387222290039062,-62.00861358642578
full_clean_z,658,metal__metal.00051,metal,6,3.4412033557891846,-62.50436782836914
full_clean_z,659,metal__metal.00051,metal,6,3.1786890029907227,-62.44355773925781
full_clean_z,660,metal__metal.00051,metal,6,3.196498394012451,-62.723228454589844
full_clean_z,661,metal__metal.00051,metal,6,3.204216957092285,-62.71330642700195
full_clean_z,662,metal__metal.00052,metal,6,5.058741092681885,-64.97270965576172
full_clean_z,663,metal__metal.00052,metal,6,5.2893385887146,-65.38053894042969
full_clean_z,664,metal__metal.00052,metal,6,7.939730167388916,-66.43994903564453
full_clean_z,665,metal__metal.00052,metal,6,48.10851287841797,5.314813613891602
full_clean_z,666,metal__metal.00052,metal,6,48.109840393066406,5.313958644866943
full_clean_z,667,metal__metal.00056,metal,6,7.751142978668213,-66.3538589477539
full_clean_z,668,metal__metal.00056,metal,6,5.682992935180664,-64.48885345458984
full_clean_z,669,metal__metal.00056,metal,6,5.861299991607666,-64.92926025390625
full_clean_z,670,metal__metal.00056,metal,6,6.732553005218506,-65.56594848632812
full_clean_z,671,metal__metal.00056,metal,6,3.910554885864258,-62.287628173828125
full_clean_z,672,metal__metal.00056,metal,6,4.230842590332031,-62.492698669433594
full_clean_z,673,metal__metal.00069,metal,6,1.3225452899932861,-64.22834777832031
full_clean_z,674,metal__metal.00069,metal,6,0.7828447818756104,-64.26058197021484
full_clean_z,675,metal__metal.00069,metal,6,-11.07192611694336,13.916289329528809
full_clean_z,676,metal__metal.00069,metal,6,16.10235023498535,4.964575290679932
full_clean_z,677,metal__metal.00069,metal,6,4.9080400466918945,-66.18678283691406
full_clean_z,678,metal__metal.00069,metal,6,0.8910640478134155,-65.0053482055664
full_clean_z,679,metal__metal.00069,metal,6,5.391558647155762,-66.42681884765625
full_clean_z,680,metal__metal.00091,metal,6,-50.352840423583984,-0.29752492904663086
full_clean_z,681,metal__metal.00091,metal,6,-3.8941261768341064,-40.180728912353516
full_clean_z,682,metal__metal.00091,metal,6,-6.3180766105651855,-34.00687026977539
full_clean_z,683,metal__metal.00091,metal,6,-7.916845798492432,-34.32050323486328
full_clean_z,684,metal__metal.00091,metal,6,-6.399816513061523,-34.03733444213867
full_clean_z,685,metal__metal.00091,metal,6,-6.5981268882751465,-34.12266540527344
full_clean_z,686,metal__metal.00092,metal,6,2.547206401824951,-60.60177993774414
full_clean_z,687,metal__metal.00092,metal,6,2.3823227882385254,-61.30893325805664
full_clean_z,688,metal__metal.00092,metal,6,3.0654594898223877,-56.81199645996094
full_clean_z,689,metal__metal.00092,metal,6,-2.6350905895233154,-39.904762268066406
full_clean_z,690,metal__metal.00092,metal,6,3.0202226638793945,-47.998294830322266
full_clean_z,691,metal__metal.00092,metal,6,6.424814701080322,-64.36319732666016
full_clean_z,692,metal__metal.00096,metal,6,6.400232791900635,-66.62427520751953
full_clean_z,693,metal__metal.00096,metal,6,4.432003498077393,-63.00528335571289
full_clean_z,694,metal__metal.00097,metal,6,-43.833797454833984,3.286217212677002
full_clean_z,695,metal__metal.00097,metal,6,-44.16593551635742,3.570193290710449
full_clean_z,696,metal__metal.00097,metal,6,4.20601224899292,-65.45511627197266
full_clean_z,697,metal__metal.00097,metal,6,4.177377700805664,-65.45545196533203
full_clean_z,698,metal__metal.00097,metal,6,4.267284393310547,-65.77938079833984
full_clean_z,699,metal__metal.00097,metal,6,4.111121654510498,-65.58088684082031
full_clean_z,700,pop__pop.00003,pop,7,38.90901184082031,-15.95182991027832
full_clean_z,701,pop__pop.00003,pop,7,-6.684712886810303,22.355558395385742
full_clean_z,702,pop__pop.00003,pop,7,33.28203201293945,-13.08397388458252
full_clean_z,703,pop__pop.00003,pop,7,23.14877700805664,-25.265729904174805
full_clean_z,704,pop__pop.00003,pop,7,34.68058395385742,-13.785953521728516
full_clean_z,705,pop__pop.00003,pop,7,46.27054977416992,7.030749320983887
full_clean_z,706,pop__pop.00003,pop,7,31.887069702148438,-14.379181861877441
full_clean_z,707,pop__pop.00007,pop,7,35.405548095703125,-17.47846794128418
full_clean_z,708,pop__pop.00007,pop,7,24.763683319091797,-10.653475761413574
full_clean_z,709,pop__pop.00007,pop,7,39.88275909423828,-20.289688110351562
full_clean_z,710,pop__pop.00007,pop,7,39.70806884765625,-20.836416244506836
full_clean_z,711,pop__pop.00007,pop,7,39.31468200683594,-21.418100357055664
full_clean_z,712,pop__pop.00007,pop,7,-33.472900390625,-28.42624282836914
full_clean_z,713,pop__pop.00007,pop,7,-33.6934928894043,-27.846145629882812
full_clean_z,714,pop__pop.00007,pop,7,-33.68380355834961,-27.493194580078125
full_clean_z,715,pop__pop.00015,pop,7,40.12107467651367,-18.253429412841797
full_clean_z,716,pop__pop.00015,pop,7,39.759063720703125,-18.770885467529297
full_clean_z,717,pop__pop.00015,pop,7,40.28489303588867,-19.764116287231445
full_clean_z,718,pop__pop.00015,pop,7,40.53630447387695,-18.325464248657227
full_clean_z,719,pop__pop.00015,pop,7,40.0351676940918,-19.037334442138672
full_clean_z,720,pop__pop.00015,pop,7,40.64748001098633,-18.310176849365234
full_clean_z,721,pop__pop.00021,pop,7,36.40557861328125,-15.803766250610352
full_clean_z,722,pop__pop.00021,pop,7,40.113494873046875,-19.767181396484375
full_clean_z,723,pop__pop.00021,pop,7,40.96004867553711,-19.297903060913086
full_clean_z,724,pop__pop.00021,pop,7,41.44480514526367,-20.659772872924805
full_clean_z,725,pop__pop.00021,pop,7,41.20938491821289,-20.435497283935547
full_clean_z,726,pop__pop.00021,pop,7,39.714595794677734,-18.56356430053711
full_clean_z,727,pop__pop.00021,pop,7,40.67741775512695,-19.702688217163086
full_clean_z,728,pop__pop.00021,pop,7,40.990882873535156,-20.159347534179688
full_clean_z,729,pop__pop.00028,pop,7,37.579071044921875,-15.543766021728516
full_clean_z,730,pop__pop.00028,pop,7,39.91462707519531,-17.52853775024414
full_clean_z,731,pop__pop.00028,pop,7,37.23370361328125,-15.384356498718262
full_clean_z,732,pop__pop.00028,pop,7,39.659324645996094,-17.649972915649414
full_clean_z,733,pop__pop.00028,pop,7,40.08415985107422,-17.573278427124023
full_clean_z,734,pop__pop.00028,pop,7,40.18156814575195,-17.561054229736328
full_clean_z,735,pop__pop.00029,pop,7,35.76191329956055,-17.395248413085938
full_clean_z,736,pop__pop.00029,pop,7,36.25665283203125,-17.53986930847168
full_clean_z,737,pop__pop.00029,pop,7,23.614200592041016,-8.896334648132324
full_clean_z,738,pop__pop.00029,pop,7,33.68600845336914,-14.628649711608887
full_clean_z,739,pop__pop.00029,pop,7,36.15717697143555,-17.605854034423828
full_clean_z,740,pop__pop.00029,pop,7,40.7899055480957,-15.896513938903809
full_clean_z,741,pop__pop.00029,pop,7,40.796356201171875,-16.144859313964844
full_clean_z,742,pop__pop.00029,pop,7,39.30183410644531,-14.771336555480957
full_clean_z,743,pop__pop.00033,pop,7,38.64358901977539,-18.12601661682129
full_clean_z,744,pop__pop.00033,pop,7,41.11898422241211,-21.050180435180664
full_clean_z,745,pop__pop.00033,pop,7,54.501705169677734,2.9905686378479004
full_clean_z,746,pop__pop.00033,pop,7,57.33292007446289,5.87333869934082
full_clean_z,747,pop__pop.00033,pop,7,31.951921463012695,-14.41789722442627
full_clean_z,748,pop__pop.00033,pop,7,-9.099396705627441,19.04258918762207
full_clean_z,749,pop__pop.00033,pop,7,8.362987518310547,-28.7312068939209
full_clean_z,750,pop__pop.00033,pop,7,8.360361099243164,-28.732650756835938
full_clean_z,751,pop__pop.00034,pop,7,39.74873733520508,-17.548994064331055
full_clean_z,752,pop__pop.00034,pop,7,39.38413619995117,-16.971046447753906
full_clean_z,753,pop__pop.00034,pop,7,34.839054107666016,-13.811899185180664
full_clean_z,754,pop__pop.00034,pop,7,39.45964431762695,-17.932024002075195
full_clean_z,755,pop__pop.00034,pop,7,40.06524658203125,-17.571956634521484
full_clean_z,756,pop__pop.00034,pop,7,39.02421188354492,-16.718626022338867
full_clean_z,757,pop__pop.00034,pop,7,39.149288177490234,-16.90682601928711
full_clean_z,758,pop__pop.00035,pop,7,40.52345275878906,-17.352540969848633
full_clean_z,759,pop__pop.00035,pop,7,41.11296844482422,-17.114715576171875
full_clean_z,760,pop__pop.00035,pop,7,41.133934020996094,-16.807741165161133
full_clean_z,761,pop__pop.00035,pop,7,40.69272232055664,-19.273193359375
full_clean_z,762,pop__pop.00035,pop,7,40.69256591796875,-19.27301025390625
full_clean_z,763,pop__pop.00038,pop,7,33.07936096191406,-12.993005752563477
full_clean_z,764,pop__pop.00038,pop,7,35.97319793701172,-15.596019744873047
full_clean_z,765,pop__pop.00038,pop,7,25.283782958984375,-10.436314582824707
full_clean_z,766,pop__pop.00038,pop,7,39.6080322265625,-18.987520217895508
full_clean_z,767,pop__pop.00039,pop,7,39.7730712890625,-14.411087036132812
full_clean_z,768,pop__pop.00039,pop,7,40.85301208496094,-15.831271171569824
full_clean_z,769,pop__pop.00039,pop,7,41.25635528564453,-16.609664916992188
full_clean_z,770,pop__pop.00039,pop,7,40.60743713378906,-15.009325981140137
full_clean_z,771,pop__pop.00039,pop,7,40.85316467285156,-15.07117748260498
full_clean_z,772,pop__pop.00039,pop,7,40.965816497802734,-16.316226959228516
full_clean_z,773,pop__pop.00039,pop,7,41.40480041503906,-16.535343170166016
full_clean_z,774,pop__pop.00039,pop,7,41.04051208496094,-16.253131866455078
full_clean_z,775,pop__pop.00045,pop,7,59.75337600708008,3.894989252090454
full_clean_z,776,pop__pop.00045,pop,7,21.176204681396484,14.111307144165039
full_clean_z,777,pop__pop.00045,pop,7,24.75359535217285,-10.661343574523926
full_clean_z,778,pop__pop.00045,pop,7,56.754600524902344,3.9196248054504395
full_clean_z,779,pop__pop.00045,pop,7,35.522911071777344,-18.32457733154297
full_clean_z,780,pop__pop.00049,pop,7,41.39305114746094,-17.44207000732422
full_clean_z,781,pop__pop.00049,pop,7,41.38900375366211,-18.465818405151367
full_clean_z,782,pop__pop.00049,pop,7,23.076444625854492,-25.186323165893555
full_clean_z,783,pop__pop.00049,pop,7,38.65970993041992,-17.920345306396484
full_clean_z,784,pop__pop.00049,pop,7,40.063194274902344,-15.472662925720215
full_clean_z,785,pop__pop.00049,pop,7,39.34751892089844,-15.845956802368164
full_clean_z,786,pop__pop.00049,pop,7,39.348350524902344,-15.846700668334961
full_clean_z,787,pop__pop.00079,pop,7,6.081977844238281,-35.42203140258789
full_clean_z,788,pop__pop.00079,pop,7,-0.012457914650440216,-8.669364929199219
full_clean_z,789,pop__pop.00079,pop,7,-6.361125946044922,-27.770681381225586
full_clean_z,790,pop__pop.00079,pop,7,-6.108835220336914,-27.7078914642334
full_clean_z,791,pop__pop.00081,pop,7,-22.064876556396484,-23.13300323486328
full_clean_z,792,pop__pop.00081,pop,7,-26.707189559936523,-25.947893142700195
full_clean_z,793,pop__pop.00081,pop,7,-26.94611167907715,-25.82943344116211
full_clean_z,794,pop__pop.00081,pop,7,-26.625465393066406,-25.893630981445312
full_clean_z,795,pop__pop.00081,pop,7,-22.780073165893555,-24.002023696899414
full_clean_z,796,pop__pop.00081,pop,7,-26.209165573120117,-26.051284790039062
full_clean_z,797,pop__pop.00081,pop,7,-26.26896095275879,-26.10856056213379
full_clean_z,798,pop__pop.00081,pop,7,-22.124645233154297,-22.97772979736328
full_clean_z,799,pop__pop.00081,pop,7,-26.159286499023438,-26.083694458007812
full_clean_z,800,reggae__reggae.00029,reggae,8,22.18587303161621,12.573707580566406
full_clean_z,801,reggae__reggae.00029,reggae,8,21.910907745361328,12.694352149963379
full_clean_z,802,reggae__reggae.00029,reggae,8,22.16184425354004,12.539325714111328
full_clean_z,803,reggae__reggae.00029,reggae,8,22.043466567993164,12.505491256713867
full_clean_z,804,reggae__reggae.00029,reggae,8,22.25973129272461,9.612774848937988
full_clean_z,805,reggae__reggae.00029,reggae,8,22.172088623046875,9.514533996582031
full_clean_z,806,reggae__reggae.00029,reggae,8,21.520132064819336,11.018012046813965
full_clean_z,807,reggae__reggae.00029,reggae,8,21.57585906982422,11.425381660461426
full_clean_z,808,reggae__reggae.00029,reggae,8,21.94759178161621,3.8611295223236084
full_clean_z,809,reggae__reggae.00029,reggae,8,21.860397338867188,3.996523380279541
full_clean_z,810,reggae__reggae.00034,reggae,8,22.495363235473633,8.677597045898438
full_clean_z,811,reggae__reggae.00034,reggae,8,22.472881317138672,11.640531539916992
full_clean_z,812,reggae__reggae.00034,reggae,8,22.21677017211914,13.106980323791504
full_clean_z,813,reggae__reggae.00034,reggae,8,22.442731857299805,11.944141387939453
full_clean_z,814,reggae__reggae.00034,reggae,8,22.430147171020508,9.702070236206055
full_clean_z,815,reggae__reggae.00034,reggae,8,23.181133270263672,11.235037803649902
full_clean_z,816,reggae__reggae.00034,reggae,8,21.850852966308594,11.963808059692383
full_clean_z,817,reggae__reggae.00034,reggae,8,22.24917984008789,11.466378211975098
full_clean_z,818,reggae__reggae.00035,reggae,8,21.955467224121094,12.25034236907959
full_clean_z,819,reggae__reggae.00035,reggae,8,22.211933135986328,12.637927055358887
full_clean_z,820,reggae__reggae.00035,reggae,8,21.950071334838867,11.978394508361816
full_clean_z,821,reggae__reggae.00035,reggae,8,21.87599754333496,11.77267837524414
full_clean_z,822,reggae__reggae.00035,reggae,8,21.725297927856445,11.980067253112793
full_clean_z,823,reggae__reggae.00035,reggae,8,22.34491729736328,12.037075996398926
full_clean_z,824,reggae__reggae.00035,reggae,8,22.091651916503906,12.085079193115234
full_clean_z,825,reggae__reggae.00040,reggae,8,-0.45491015911102295,-9.046911239624023
full_clean_z,826,reggae__reggae.00040,reggae,8,-7.259756088256836,-30.05169105529785
full_clean_z,827,reggae__reggae.00040,reggae,8,-8.005250930786133,-27.9681453704834
full_clean_z,828,reggae__reggae.00040,reggae,8,-5.244818210601807,-36.90867233276367
full_clean_z,829,reggae__reggae.00040,reggae,8,2.2347962856292725,-8.006366729736328
full_clean_z,830,reggae__reggae.00040,reggae,8,1.2109153270721436,-7.816469669342041
full_clean_z,831,reggae__reggae.00040,reggae,8,1.1623551845550537,-6.706887245178223
full_clean_z,832,reggae__reggae.00040,reggae,8,16.437156677246094,9.563801765441895
full_clean_z,833,reggae__reggae.00047,reggae,8,19.39783477783203,12.31425952911377
full_clean_z,834,reggae__reggae.00047,reggae,8,22.187782287597656,6.8523993492126465
full_clean_z,835,reggae__reggae.00047,reggae,8,21.878164291381836,4.548336505889893
full_clean_z,836,reggae__reggae.00047,reggae,8,22.02631950378418,3.816822052001953
full_clean_z,837,reggae__reggae.00047,reggae,8,21.997276306152344,8.706865310668945
full_clean_z,838,reggae__reggae.00049,reggae,8,6.170112133026123,-35.33271408081055
full_clean_z,839,reggae__reggae.00049,reggae,8,17.138521194458008,-6.977574825286865
full_clean_z,840,reggae__reggae.00049,reggae,8,16.166908264160156,9.01142406463623
full_clean_z,841,reggae__reggae.00049,reggae,8,6.253025054931641,-35.23163604736328
full_clean_z,842,reggae__reggae.00049,reggae,8,6.461877822875977,-34.88576889038086
full_clean_z,843,reggae__reggae.00049,reggae,8,6.269858360290527,-35.223609924316406
full_clean_z,844,reggae__reggae.00049,reggae,8,6.271806716918945,-35.220970153808594
full_clean_z,845,reggae__reggae.00062,reggae,8,21.218225479125977,12.046880722045898
full_clean_z,846,reggae__reggae.00062,reggae,8,23.146194458007812,9.208328247070312
full_clean_z,847,reggae__reggae.00062,reggae,8,21.431257247924805,5.212558269500732
full_clean_z,848,reggae__reggae.00062,reggae,8,21.372316360473633,5.29625129699707
full_clean_z,849,reggae__reggae.00062,reggae,8,23.24549102783203,9.71213436126709
full_clean_z,850,reggae__reggae.00062,reggae,8,22.721086502075195,9.788971900939941
full_clean_z,851,reggae__reggae.00062,reggae,8,23.168935775756836,9.997481346130371
full_clean_z,852,reggae__reggae.00062,reggae,8,23.12261390686035,9.473719596862793
full_clean_z,853,reggae__reggae.00062,reggae,8,23.367107391357422,10.500349998474121
full_clean_z,854,reggae__reggae.00064,reggae,8,19.136438369750977,12.914026260375977
full_clean_z,855,reggae__reggae.00064,reggae,8,23.32871437072754,-8.485291481018066
full_clean_z,856,reggae__reggae.00064,reggae,8,22.893640518188477,14.341392517089844
full_clean_z,857,reggae__reggae.00064,reggae,8,22.56723976135254,-7.592269420623779
full_clean_z,858,reggae__reggae.00064,reggae,8,35.75891876220703,-24.018022537231445
full_clean_z,859,reggae__reggae.00064,reggae,8,35.76142120361328,-24.01446533203125
full_clean_z,860,reggae__reggae.00065,reggae,8,23.28614616394043,13.479161262512207
full_clean_z,861,reggae__reggae.00065,reggae,8,23.580564498901367,12.258950233459473
full_clean_z,862,reggae__reggae.00065,reggae,8,23.28367042541504,13.512739181518555
full_clean_z,863,reggae__reggae.00065,reggae,8,23.210241317749023,12.733682632446289
full_clean_z,864,reggae__reggae.00065,reggae,8,23.32416534423828,13.584376335144043
full_clean_z,865,reggae__reggae.00065,reggae,8,22.54822540283203,7.578808784484863
full_clean_z,866,reggae__reggae.00065,reggae,8,21.9597225189209,3.768195152282715
full_clean_z,867,reggae__reggae.00065,reggae,8,21.962291717529297,3.764852285385132
full_clean_z,868,reggae__reggae.00071,reggae,8,22.398754119873047,8.873950958251953
full_clean_z,869,reggae__reggae.00071,reggae,8,22.76649284362793,13.827953338623047
full_clean_z,870,reggae__reggae.00071,reggae,8,23.164514541625977,13.717264175415039
full_clean_z,871,reggae__reggae.00071,reggae,8,23.164417266845703,13.717514991760254
full_clean_z,872,reggae__reggae.00076,reggae,8,55.37245178222656,2.833099365234375
full_clean_z,873,reggae__reggae.00076,reggae,8,55.62202453613281,2.7667973041534424
full_clean_z,874,reggae__reggae.00076,reggae,8,62.55598831176758,5.060930252075195
full_clean_z,875,reggae__reggae.00076,reggae,8,22.449142456054688,7.65223503112793
full_clean_z,876,reggae__reggae.00076,reggae,8,22.534833908081055,3.637542486190796
full_clean_z,877,reggae__reggae.00090,reggae,8,22.115070343017578,10.439512252807617
full_clean_z,878,reggae__reggae.00090,reggae,8,22.05874252319336,8.703639030456543
full_clean_z,879,reggae__reggae.00090,reggae,8,19.24263572692871,12.650542259216309
full_clean_z,880,reggae__reggae.00090,reggae,8,22.246084213256836,10.88825798034668
full_clean_z,881,reggae__reggae.00090,reggae,8,22.237241744995117,7.29388427734375
full_clean_z,882,reggae__reggae.00090,reggae,8,22.252979278564453,8.125696182250977
full_clean_z,883,reggae__reggae.00090,reggae,8,22.414705276489258,11.168960571289062
full_clean_z,884,reggae__reggae.00091,reggae,8,19.65895652770996,11.904160499572754
full_clean_z,885,reggae__reggae.00091,reggae,8,16.44989013671875,5.178483963012695
full_clean_z,886,reggae__reggae.00091,reggae,8,19.249114990234375,11.227422714233398
full_clean_z,887,reggae__reggae.00091,reggae,8,22.11726188659668,7.209904193878174
full_clean_z,888,reggae__reggae.00091,reggae,8,20.371599197387695,10.437054634094238
full_clean_z,889,reggae__reggae.00092,reggae,8,20.34015655517578,10.41360855102539
full_clean_z,890,reggae__reggae.00092,reggae,8,20.663877487182617,11.999950408935547
full_clean_z,891,reggae__reggae.00092,reggae,8,20.484622955322266,11.175311088562012
full_clean_z,892,reggae__reggae.00092,reggae,8,16.47055435180664,5.218310356140137
full_clean_z,893,reggae__reggae.00092,reggae,8,20.86408233642578,13.473031044006348
full_clean_z,894,reggae__reggae.00092,reggae,8,20.338430404663086,13.443439483642578
full_clean_z,895,reggae__reggae.00092,reggae,8,21.337356567382812,9.067167282104492
full_clean_z,896,reggae__reggae.00092,reggae,8,21.50302505493164,10.036630630493164
full_clean_z,897,reggae__reggae.00092,reggae,8,20.17383575439453,13.236294746398926
full_clean_z,898,reggae__reggae.00092,reggae,8,22.724407196044922,3.6504886150360107
full_clean_z,899,reggae__reggae.00092,reggae,8,20.855295181274414,9.633761405944824
full_clean_z,900,rock__rock.00000,rock,9,7.252545356750488,-65.34383392333984
full_clean_z,901,rock__rock.00000,rock,9,2.896299123764038,-47.23146438598633
full_clean_z,902,rock__rock.00000,rock,9,-0.11701440811157227,-42.02674102783203
full_clean_z,903,rock__rock.00000,rock,9,0.5233441591262817,-22.060989379882812
full_clean_z,904,rock__rock.00000,rock,9,-6.707402229309082,-31.07306671142578
full_clean_z,905,rock__rock.00000,rock,9,-5.25182580947876,-38.06755065917969
full_clean_z,906,rock__rock.00000,rock,9,-6.2303595542907715,-31.20201873779297
full_clean_z,907,rock__rock.00000,rock,9,-8.496465682983398,-32.9860954284668
full_clean_z,908,rock__rock.00000,rock,9,-8.440793991088867,-33.05241394042969
full_clean_z,909,rock__rock.00003,rock,9,-1.4784318208694458,-20.650558471679688
full_clean_z,910,rock__rock.00003,rock,9,-40.52672576904297,11.666340827941895
full_clean_z,911,rock__rock.00003,rock,9,-2.5207326412200928,-22.466453552246094
full_clean_z,912,rock__rock.00003,rock,9,-38.85503005981445,13.823796272277832
full_clean_z,913,rock__rock.00003,rock,9,-50.3657112121582,3.5656368732452393
full_clean_z,914,rock__rock.00003,rock,9,-48.73940658569336,0.9505077004432678
full_clean_z,915,rock__rock.00008,rock,9,0.9245568513870239,-44.567237854003906
full_clean_z,916,rock__rock.00008,rock,9,0.6855119466781616,-44.15869903564453
full_clean_z,917,rock__rock.00008,rock,9,1.056427001953125,-44.84284973144531
full_clean_z,918,rock__rock.00008,rock,9,0.8018248677253723,-44.291404724121094
full_clean_z,919,rock__rock.00008,rock,9,0.09192176908254623,-43.647647857666016
full_clean_z,920,rock__rock.00008,rock,9,-4.629225254058838,-38.6700553894043
full_clean_z,921,rock__rock.00008,rock,9,1.0652177333831787,-44.78636169433594
full_clean_z,922,rock__rock.00032,rock,9,-12.107003211975098,-23.054086685180664
full_clean_z,923,rock__rock.00032,rock,9,-4.7233076095581055,-37.71363830566406
full_clean_z,924,rock__rock.00034,rock,9,-36.22798538208008,-24.34500503540039
full_clean_z,925,rock__rock.00034,rock,9,-35.92273712158203,-24.000484466552734
full_clean_z,926,rock__rock.00034,rock,9,-25.62799072265625,-24.369773864746094
full_clean_z,927,rock__rock.00034,rock,9,-36.6092529296875,-22.469039916992188
full_clean_z,928,rock__rock.00034,rock,9,-22.134521484375,-23.949031829833984
full_clean_z,929,rock__rock.00034,rock,9,-10.520676612854004,11.00481128692627
full_clean_z,930,rock__rock.00039,rock,9,-8.578460693359375,-35.56007385253906
full_clean_z,931,rock__rock.00039,rock,9,-7.170727252960205,-35.408451080322266
full_clean_z,932,rock__rock.00039,rock,9,-6.239508628845215,-36.78670883178711
full_clean_z,933,rock__rock.00039,rock,9,-7.181654930114746,-35.325626373291016
full_clean_z,934,rock__rock.00044,rock,9,-35.549034118652344,-24.616518020629883
full_clean_z,935,rock__rock.00044,rock,9,-35.16746139526367,-24.975353240966797
full_clean_z,936,rock__rock.00044,rock,9,7.710254192352295,-29.130672454833984
full_clean_z,937,rock__rock.00044,rock,9,-3.9771881103515625,-36.60092544555664
full_clean_z,938,rock__rock.00044,rock,9,-6.981408596038818,-36.195369720458984
full_clean_z,939,rock__rock.00044,rock,9,-7.489960670471191,-36.40363693237305
full_clean_z,940,rock__rock.00044,rock,9,-7.529375076293945,-36.36973571777344
full_clean_z,941,rock__rock.00048,rock,9,-2.7289979457855225,-36.96055221557617
full_clean_z,942,rock__rock.00048,rock,9,-3.0239415168762207,-37.22520446777344
full_clean_z,943,rock__rock.00048,rock,9,-3.541560411453247,-37.71497344970703
full_clean_z,944,rock__rock.00048,rock,9,-2.6399850845336914,-37.9101676940918
full_clean_z,945,rock__rock.00048,rock,9,-5.396665096282959,-38.926719665527344
full_clean_z,946,rock__rock.00048,rock,9,-4.988447189331055,-38.348690032958984
full_clean_z,947,rock__rock.00048,rock,9,-3.166748285293579,-37.92160415649414
full_clean_z,948,rock__rock.00049,rock,9,-33.85041046142578,-28.039627075195312
full_clean_z,949,rock__rock.00049,rock,9,-34.01398849487305,-27.900224685668945
full_clean_z,950,rock__rock.00049,rock,9,-33.86966323852539,-27.832515716552734
full_clean_z,951,rock__rock.00049,rock,9,-33.2600212097168,-27.612882614135742
full_clean_z,952,rock__rock.00049,rock,9,-33.5205078125,-27.675010681152344
full_clean_z,953,rock__rock.00049,rock,9,-36.03840637207031,-23.96751594543457
full_clean_z,954,rock__rock.00049,rock,9,-36.096031188964844,-23.78862953186035
full_clean_z,955,rock__rock.00049,rock,9,-37.50665283203125,-17.110427856445312
full_clean_z,956,rock__rock.00049,rock,9,8.09323501586914,-29.004390716552734
full_clean_z,957,rock__rock.00049,rock,9,-9.987442016601562,-35.10087203979492
full_clean_z,958,rock__rock.00050,rock,9,-9.945036888122559,-35.099365234375
full_clean_z,959,rock__rock.00050,rock,9,35.55016326904297,-24.275508880615234
full_clean_z,960,rock__rock.00050,rock,9,-37.408607482910156,-16.883342742919922
full_clean_z,961,rock__rock.00050,rock,9,-9.160905838012695,14.738828659057617
full_clean_z,962,rock__rock.00050,rock,9,-25.617633819580078,-24.726215362548828
full_clean_z,963,rock__rock.00050,rock,9,-25.56072998046875,-25.361719131469727
full_clean_z,964,rock__rock.00050,rock,9,-25.590717315673828,-25.49321174621582
full_clean_z,965,rock__rock.00050,rock,9,-37.33156204223633,-16.77497100830078
full_clean_z,966,rock__rock.00054,rock,9,7.558924198150635,-29.325847625732422
full_clean_z,967,rock__rock.00054,rock,9,-7.244973182678223,-35.77823257446289
full_clean_z,968,rock__rock.00054,rock,9,-22.46973419189453,-24.11162567138672
full_clean_z,969,rock__rock.00054,rock,9,-23.62320327758789,-24.85824203491211
full_clean_z,970,rock__rock.00054,rock,9,-23.830242156982422,-24.74464988708496
full_clean_z,971,rock__rock.00054,rock,9,-20.76984214782715,-23.782068252563477
full_clean_z,972,rock__rock.00054,rock,9,6.331739902496338,-23.0612850189209
full_clean_z,973,rock__rock.00054,rock,9,-12.42125129699707,-22.842519760131836
full_clean_z,974,rock__rock.00054,rock,9,-23.388465881347656,-24.62347984313965
full_clean_z,975,rock__rock.00054,rock,9,6.268701076507568,-30.01506805419922
full_clean_z,976,rock__rock.00080,rock,9,-9.724278450012207,-33.59161376953125
full_clean_z,977,rock__rock.00080,rock,9,-5.0479865074157715,-37.53318405151367
full_clean_z,978,rock__rock.00080,rock,9,-3.8557026386260986,-39.3149528503418
full_clean_z,979,rock__rock.00080,rock,9,-3.8092827796936035,-39.75093078613281
full_clean_z,980,rock__rock.00080,rock,9,-2.8120288848876953,-39.80208969116211
full_clean_z,981,rock__rock.00085,rock,9,-10.166529655456543,-33.145225524902344
full_clean_z,982,rock__rock.00085,rock,9,-8.270748138427734,-27.181344985961914
full_clean_z,983,rock__rock.00085,rock,9,-8.296538352966309,-34.326904296875
full_clean_z,984,rock__rock.00085,rock,9,-10.699471473693848,-24.190237045288086
full_clean_z,985,rock__rock.00085,rock,9,-6.036449432373047,-36.74610137939453
full_clean_z,986,rock__rock.00085,rock,9,-29.427032470703125,-27.3299617767334
full_clean_z,987,rock__rock.00086,rock,9,1.9444278478622437,-62.11326217651367
full_clean_z,988,rock__rock.00086,rock,9,-7.251573085784912,-29.54023551940918
full_clean_z,989,rock__rock.00086,rock,9,-6.573426723480225,-32.779518127441406
full_clean_z,990,rock__rock.00086,rock,9,-7.307466983795166,-29.787363052368164
full_clean_z,991,rock__rock.00092,rock,9,-4.098743438720703,-38.906150817871094
full_clean_z,992,rock__rock.00092,rock,9,-3.91811466217041,-39.11826705932617
full_clean_z,993,rock__rock.00092,rock,9,-4.611167907714844,-38.219444274902344
full_clean_z,994,rock__rock.00092,rock,9,-4.780766010284424,-37.9765739440918
full_clean_z,995,rock__rock.00092,rock,9,-3.3674159049987793,-39.461944580078125
full_clean_z,996,rock__rock.00092,rock,9,-3.726708173751831,-39.277923583984375
full_clean_z,997,rock__rock.00092,rock,9,-4.166031360626221,-38.82624435424805
full_clean_z,998,rock__rock.00092,rock,9,-4.216634750366211,-38.874610900878906
full_clean_z,999,rock__rock.00092,rock,9,-4.061027526855469,-38.9867057800293
full_noisy_z_t,0,blues__blues.00000,blues,0,-35.195594787597656,4.9952778816223145
full_noisy_z_t,1,blues__blues.00000,blues,0,-0.08117211610078812,-23.744491577148438
full_noisy_z_t,2,blues__blues.00000,blues,0,5.431105613708496,-6.783801078796387
full_noisy_z_t,3,blues__blues.00000,blues,0,-2.7975666522979736,-25.460487365722656
full_noisy_z_t,4,blues__blues.00000,blues,0,1.3825255632400513,-24.294828414916992
full_noisy_z_t,5,blues__blues.00000,blues,0,1.2954329252243042,-26.280641555786133
full_noisy_z_t,6,blues__blues.00000,blues,0,-1.4381812810897827,-27.142196655273438
full_noisy_z_t,7,blues__blues.00001,blues,0,-8.599348068237305,-19.12147331237793
full_noisy_z_t,8,blues__blues.00001,blues,0,-8.944899559020996,-20.100265502929688
full_noisy_z_t,9,blues__blues.00001,blues,0,-35.764244079589844,1.9106159210205078
full_noisy_z_t,10,blues__blues.00001,blues,0,-0.8036496639251709,-23.59630012512207
full_noisy_z_t,11,blues__blues.00001,blues,0,-33.667999267578125,1.0858358144760132
full_noisy_z_t,12,blues__blues.00001,blues,0,-38.12868881225586,10.320294380187988
full_noisy_z_t,13,blues__blues.00001,blues,0,-39.985198974609375,10.20753288269043
full_noisy_z_t,14,blues__blues.00009,blues,0,-38.7773323059082,11.127827644348145
full_noisy_z_t,15,blues__blues.00009,blues,0,-38.20942306518555,5.34613561630249
full_noisy_z_t,16,blues__blues.00009,blues,0,-38.404876708984375,12.871411323547363
full_noisy_z_t,17,blues__blues.00009,blues,0,-37.90095901489258,13.53965950012207
full_noisy_z_t,18,blues__blues.00009,blues,0,-38.44964599609375,12.435980796813965
full_noisy_z_t,19,blues__blues.00009,blues,0,-38.94745635986328,9.699360847473145
full_noisy_z_t,20,blues__blues.00009,blues,0,-34.73905563354492,0.15831312537193298
full_noisy_z_t,21,blues__blues.00009,blues,0,-23.868019104003906,32.30470657348633
full_noisy_z_t,22,blues__blues.00009,blues,0,-22.71385383605957,38.50955581665039
full_noisy_z_t,23,blues__blues.00011,blues,0,-1.4918254613876343,-7.838827133178711
full_noisy_z_t,24,blues__blues.00011,blues,0,-37.8553581237793,5.22755241394043
full_noisy_z_t,25,blues__blues.00011,blues,0,0.8688408136367798,-9.238530158996582
full_noisy_z_t,26,blues__blues.00011,blues,0,-2.5064759254455566,-8.660266876220703
full_noisy_z_t,27,blues__blues.00011,blues,0,-34.029571533203125,0.09427060931921005
full_noisy_z_t,28,blues__blues.00011,blues,0,-22.989282608032227,-14.429644584655762
full_noisy_z_t,29,blues__blues.00011,blues,0,-35.957061767578125,1.0956021547317505
full_noisy_z_t,30,blues__blues.00031,blues,0,-40.65936279296875,8.39950180053711
full_noisy_z_t,31,blues__blues.00031,blues,0,-39.478492736816406,6.042626857757568
full_noisy_z_t,32,blues__blues.00031,blues,0,-37.045597076416016,6.1374359130859375
full_noisy_z_t,33,blues__blues.00031,blues,0,-39.15938949584961,6.6913886070251465
full_noisy_z_t,34,blues__blues.00034,blues,0,-38.770992279052734,8.449532508850098
full_noisy_z_t,35,blues__blues.00034,blues,0,-38.982505798339844,4.232280254364014
full_noisy_z_t,36,blues__blues.00034,blues,0,-38.73260498046875,6.216835021972656
full_noisy_z_t,37,blues__blues.00034,blues,0,-37.25069046020508,1.266911506652832
full_noisy_z_t,38,blues__blues.00034,blues,0,-38.63486862182617,7.580820083618164
full_noisy_z_t,39,blues__blues.00034,blues,0,-36.29308319091797,4.459224224090576
full_noisy_z_t,40,blues__blues.00039,blues,0,-38.690757751464844,7.009774684906006
full_noisy_z_t,41,blues__blues.00039,blues,0,-34.702369689941406,2.083627700805664
full_noisy_z_t,42,blues__blues.00039,blues,0,-36.87866973876953,-0.48893067240715027
full_noisy_z_t,43,blues__blues.00039,blues,0,-39.917198181152344,6.440101146697998
full_noisy_z_t,44,blues__blues.00039,blues,0,-38.48714065551758,5.946263790130615
full_noisy_z_t,45,blues__blues.00052,blues,0,-37.775936126708984,1.5344576835632324
full_noisy_z_t,46,blues__blues.00052,blues,0,-38.43891143798828,1.7802200317382812
full_noisy_z_t,47,blues__blues.00052,blues,0,-37.956092834472656,6.5139479637146
full_noisy_z_t,48,blues__blues.00052,blues,0,-40.57416534423828,1.3537962436676025
full_noisy_z_t,49,blues__blues.00052,blues,0,-38.061790466308594,0.590940535068512
full_noisy_z_t,50,blues__blues.00052,blues,0,-23.71702003479004,-14.460357666015625
full_noisy_z_t,51,blues__blues.00054,blues,0,-44.212615966796875,0.808752179145813
full_noisy_z_t,52,blues__blues.00054,blues,0,-42.42648696899414,0.8292234539985657
full_noisy_z_t,53,blues__blues.00054,blues,0,-41.588287353515625,2.937917947769165
full_noisy_z_t,54,blues__blues.00054,blues,0,-39.02580261230469,1.1404507160186768
full_noisy_z_t,55,blues__blues.00054,blues,0,-43.294578552246094,0.4267275333404541
full_noisy_z_t,56,blues__blues.00054,blues,0,-40.372779846191406,2.0464062690734863
full_noisy_z_t,57,blues__blues.00057,blues,0,-37.112396240234375,5.011776447296143
full_noisy_z_t,58,blues__blues.00057,blues,0,-42.13819122314453,1.903841495513916
full_noisy_z_t,59,blues__blues.00057,blues,0,-37.92136764526367,6.942585468292236
full_noisy_z_t,60,blues__blues.00057,blues,0,-40.06127166748047,7.569187641143799
full_noisy_z_t,61,blues__blues.00060,blues,0,-40.03147888183594,3.8387486934661865
full_noisy_z_t,62,blues__blues.00060,blues,0,-39.271766662597656,7.827017307281494
full_noisy_z_t,63,blues__blues.00060,blues,0,-40.79442596435547,7.050325870513916
full_noisy_z_t,64,blues__blues.00060,blues,0,-39.48849868774414,3.8841006755828857
full_noisy_z_t,65,blues__blues.00060,blues,0,-41.12443542480469,1.1428918838500977
full_noisy_z_t,66,blues__blues.00060,blues,0,-41.570491790771484,4.134068489074707
full_noisy_z_t,67,blues__blues.00060,blues,0,-36.56682205200195,9.202886581420898
full_noisy_z_t,68,blues__blues.00066,blues,0,-37.44880676269531,5.112177848815918
full_noisy_z_t,69,blues__blues.00066,blues,0,-38.94754409790039,4.775005340576172
full_noisy_z_t,70,blues__blues.00066,blues,0,-37.1318359375,3.445986270904541
full_noisy_z_t,71,blues__blues.00066,blues,0,-37.69083023071289,3.7972848415374756
full_noisy_z_t,72,blues__blues.00066,blues,0,-40.109710693359375,3.105391025543213
full_noisy_z_t,73,blues__blues.00066,blues,0,-37.73893356323242,3.044481039047241
full_noisy_z_t,74,blues__blues.00066,blues,0,-39.00652313232422,3.566650390625
full_noisy_z_t,75,blues__blues.00066,blues,0,-37.81857681274414,6.167555332183838
full_noisy_z_t,76,blues__blues.00066,blues,0,-40.73461151123047,9.613165855407715
full_noisy_z_t,77,blues__blues.00068,blues,0,-38.71712875366211,2.723006248474121
full_noisy_z_t,78,blues__blues.00068,blues,0,-37.38825225830078,8.107187271118164
full_noisy_z_t,79,blues__blues.00068,blues,0,-37.913448333740234,4.171093463897705
full_noisy_z_t,80,blues__blues.00068,blues,0,-36.153907775878906,6.7897047996521
full_noisy_z_t,81,blues__blues.00068,blues,0,-37.98644256591797,8.852437973022461
full_noisy_z_t,82,blues__blues.00068,blues,0,-37.51743698120117,7.696153163909912
full_noisy_z_t,83,blues__blues.00068,blues,0,-39.61480712890625,8.873937606811523
full_noisy_z_t,84,blues__blues.00070,blues,0,-4.04882287979126,-26.329635620117188
full_noisy_z_t,85,blues__blues.00070,blues,0,-0.2881389558315277,-22.457204818725586
full_noisy_z_t,86,blues__blues.00070,blues,0,0.339885950088501,-23.40110206604004
full_noisy_z_t,87,blues__blues.00070,blues,0,-36.71774673461914,2.234611749649048
full_noisy_z_t,88,blues__blues.00070,blues,0,-36.31896209716797,2.5283546447753906
full_noisy_z_t,89,blues__blues.00070,blues,0,-0.9180418252944946,-21.741491317749023
full_noisy_z_t,90,blues__blues.00070,blues,0,-7.445631980895996,-18.8989315032959
full_noisy_z_t,91,blues__blues.00071,blues,0,-40.607582092285156,3.9026036262512207
full_noisy_z_t,92,blues__blues.00071,blues,0,-34.67675018310547,6.495233058929443
full_noisy_z_t,93,blues__blues.00071,blues,0,-38.32929611206055,6.433552265167236
full_noisy_z_t,94,blues__blues.00071,blues,0,-41.367103576660156,2.884896755218506
full_noisy_z_t,95,blues__blues.00071,blues,0,-37.02573013305664,7.0974321365356445
full_noisy_z_t,96,blues__blues.00071,blues,0,-39.318782806396484,2.054330825805664
full_noisy_z_t,97,blues__blues.00071,blues,0,-39.7926139831543,5.038588047027588
full_noisy_z_t,98,blues__blues.00071,blues,0,-36.60591506958008,5.691020965576172
full_noisy_z_t,99,blues__blues.00071,blues,0,-36.41504669189453,4.151062965393066
full_noisy_z_t,100,classical__classical.00000,classical,1,15.836037635803223,42.75516891479492
full_noisy_z_t,101,classical__classical.00000,classical,1,15.258090019226074,46.497589111328125
full_noisy_z_t,102,classical__classical.00000,classical,1,16.90040397644043,45.54290771484375
full_noisy_z_t,103,classical__classical.00000,classical,1,16.937789916992188,44.12142562866211
full_noisy_z_t,104,classical__classical.00000,classical,1,15.517531394958496,46.01334762573242
full_noisy_z_t,105,classical__classical.00000,classical,1,16.526222229003906,43.71584701538086
full_noisy_z_t,106,classical__classical.00002,classical,1,18.557292938232422,45.102012634277344
full_noisy_z_t,107,classical__classical.00002,classical,1,15.860426902770996,41.508853912353516
full_noisy_z_t,108,classical__classical.00002,classical,1,17.214839935302734,46.30015182495117
full_noisy_z_t,109,classical__classical.00006,classical,1,13.035411834716797,41.70722579956055
full_noisy_z_t,110,classical__classical.00006,classical,1,13.996801376342773,41.1035270690918
full_noisy_z_t,111,classical__classical.00006,classical,1,10.93240737915039,44.20621871948242
full_noisy_z_t,112,classical__classical.00006,classical,1,20.391536712646484,48.25727844238281
full_noisy_z_t,113,classical__classical.00006,classical,1,20.025489807128906,42.57797622680664
full_noisy_z_t,114,classical__classical.00006,classical,1,13.138834953308105,42.96665573120117
full_noisy_z_t,115,classical__classical.00006,classical,1,15.286897659301758,41.022743225097656
full_noisy_z_t,116,classical__classical.00009,classical,1,16.042972564697266,44.869564056396484
full_noisy_z_t,117,classical__classical.00009,classical,1,13.101658821105957,44.228172302246094
full_noisy_z_t,118,classical__classical.00009,classical,1,16.367713928222656,43.283424377441406
full_noisy_z_t,119,classical__classical.00009,classical,1,9.76240348815918,44.683868408203125
full_noisy_z_t,120,classical__classical.00009,classical,1,12.512655258178711,45.1424674987793
full_noisy_z_t,121,classical__classical.00009,classical,1,11.798123359680176,45.679264068603516
full_noisy_z_t,122,classical__classical.00009,classical,1,12.406303405761719,43.763729095458984
full_noisy_z_t,123,classical__classical.00022,classical,1,10.593339920043945,43.02881622314453
full_noisy_z_t,124,classical__classical.00022,classical,1,17.326488494873047,43.01927947998047
full_noisy_z_t,125,classical__classical.00022,classical,1,15.628901481628418,41.65119171142578
full_noisy_z_t,126,classical__classical.00022,classical,1,16.801389694213867,45.054317474365234
full_noisy_z_t,127,classical__classical.00022,classical,1,14.180302619934082,45.38188934326172
full_noisy_z_t,128,classical__classical.00022,classical,1,14.53144359588623,44.34716033935547
full_noisy_z_t,129,classical__classical.00022,classical,1,16.55315589904785,42.02631378173828
full_noisy_z_t,130,classical__classical.00034,classical,1,17.9333438873291,43.839866638183594
full_noisy_z_t,131,classical__classical.00034,classical,1,18.586347579956055,42.807891845703125
full_noisy_z_t,132,classical__classical.00034,classical,1,18.9671688079834,42.42695236206055
full_noisy_z_t,133,classical__classical.00034,classical,1,18.051664352416992,44.508514404296875
full_noisy_z_t,134,classical__classical.00034,classical,1,15.974801063537598,45.61015701293945
full_noisy_z_t,135,classical__classical.00034,classical,1,18.863718032836914,47.78860092163086
full_noisy_z_t,136,classical__classical.00034,classical,1,13.569805145263672,44.99228286743164
full_noisy_z_t,137,classical__classical.00037,classical,1,17.265193939208984,43.567848205566406
full_noisy_z_t,138,classical__classical.00037,classical,1,11.9014892578125,42.95060729980469
full_noisy_z_t,139,classical__classical.00037,classical,1,9.576108932495117,44.578983306884766
full_noisy_z_t,140,classical__classical.00037,classical,1,10.236000061035156,45.53317642211914
full_noisy_z_t,141,classical__classical.00037,classical,1,14.959083557128906,43.941097259521484
full_noisy_z_t,142,classical__classical.00037,classical,1,14.621703147888184,43.364742279052734
full_noisy_z_t,143,classical__classical.00037,classical,1,17.543624877929688,46.92356491088867
full_noisy_z_t,144,classical__classical.00037,classical,1,17.54703712463379,44.35921859741211
full_noisy_z_t,145,classical__classical.00039,classical,1,16.328449249267578,42.75397872924805
full_noisy_z_t,146,classical__classical.00039,classical,1,14.784213066101074,46.27893829345703
full_noisy_z_t,147,classical__classical.00039,classical,1,18.043113708496094,47.35321044921875
full_noisy_z_t,148,classical__classical.00039,classical,1,8.76400089263916,45.77581787109375
full_noisy_z_t,149,classical__classical.00039,classical,1,17.054527282714844,44.79336166381836
full_noisy_z_t,150,classical__classical.00039,classical,1,13.726476669311523,43.51485061645508
full_noisy_z_t,151,classical__classical.00047,classical,1,12.265270233154297,41.72174835205078
full_noisy_z_t,152,classical__classical.00047,classical,1,14.591012954711914,44.944068908691406
full_noisy_z_t,153,classical__classical.00047,classical,1,14.789070129394531,45.720298767089844
full_noisy_z_t,154,classical__classical.00047,classical,1,15.70557975769043,40.08878707885742
full_noisy_z_t,155,classical__classical.00047,classical,1,11.67305850982666,42.466346740722656
full_noisy_z_t,156,classical__classical.00047,classical,1,13.458866119384766,45.64439010620117
full_noisy_z_t,157,classical__classical.00053,classical,1,17.5649356842041,45.29166793823242
full_noisy_z_t,158,classical__classical.00053,classical,1,14.919465065002441,43.0687370300293
full_noisy_z_t,159,classical__classical.00053,classical,1,18.462617874145508,46.372440338134766
full_noisy_z_t,160,classical__classical.00053,classical,1,18.17081642150879,41.56542205810547
full_noisy_z_t,161,classical__classical.00053,classical,1,18.986509323120117,49.13515853881836
full_noisy_z_t,162,classical__classical.00056,classical,1,16.45770835876465,45.959815979003906
full_noisy_z_t,163,classical__classical.00056,classical,1,20.375961303710938,48.219032287597656
full_noisy_z_t,164,classical__classical.00056,classical,1,19.503665924072266,44.638004302978516
full_noisy_z_t,165,classical__classical.00056,classical,1,19.155515670776367,41.11360549926758
full_noisy_z_t,166,classical__classical.00056,classical,1,19.504671096801758,45.757781982421875
full_noisy_z_t,167,classical__classical.00056,classical,1,20.113344192504883,43.54489517211914
full_noisy_z_t,168,classical__classical.00056,classical,1,19.449588775634766,44.009300231933594
full_noisy_z_t,169,classical__classical.00056,classical,1,20.261905670166016,45.40740203857422
full_noisy_z_t,170,classical__classical.00056,classical,1,17.407276153564453,40.67075729370117
full_noisy_z_t,171,classical__classical.00056,classical,1,16.79840850830078,40.715335845947266
full_noisy_z_t,172,classical__classical.00057,classical,1,7.976451873779297,46.48579025268555
full_noisy_z_t,173,classical__classical.00057,classical,1,8.423110008239746,46.0833740234375
full_noisy_z_t,174,classical__classical.00057,classical,1,15.6337308883667,43.46127700805664
full_noisy_z_t,175,classical__classical.00057,classical,1,10.17239761352539,45.78158950805664
full_noisy_z_t,176,classical__classical.00057,classical,1,7.00936222076416,45.995750427246094
full_noisy_z_t,177,classical__classical.00057,classical,1,6.637810230255127,45.772499084472656
full_noisy_z_t,178,classical__classical.00057,classical,1,9.721643447875977,46.137298583984375
full_noisy_z_t,179,classical__classical.00057,classical,1,1.658194661140442,-5.583935260772705
full_noisy_z_t,180,classical__classical.00057,classical,1,2.239837169647217,-4.838626861572266
full_noisy_z_t,181,classical__classical.00057,classical,1,15.719497680664062,44.354984283447266
full_noisy_z_t,182,classical__classical.00065,classical,1,15.63523006439209,44.132225036621094
full_noisy_z_t,183,classical__classical.00065,classical,1,13.892248153686523,44.252830505371094
full_noisy_z_t,184,classical__classical.00065,classical,1,15.250141143798828,42.52848815917969
full_noisy_z_t,185,classical__classical.00065,classical,1,11.846643447875977,44.621646881103516
full_noisy_z_t,186,classical__classical.00082,classical,1,18.418947219848633,45.406272888183594
full_noisy_z_t,187,classical__classical.00082,classical,1,13.888961791992188,40.22789764404297
full_noisy_z_t,188,classical__classical.00082,classical,1,20.658130645751953,46.50815963745117
full_noisy_z_t,189,classical__classical.00082,classical,1,19.231821060180664,46.783626556396484
full_noisy_z_t,190,classical__classical.00082,classical,1,13.967307090759277,42.59556579589844
full_noisy_z_t,191,classical__classical.00082,classical,1,18.60953712463379,43.64213562011719
full_noisy_z_t,192,classical__classical.00091,classical,1,17.633712768554688,42.739105224609375
full_noisy_z_t,193,classical__classical.00091,classical,1,15.099723815917969,45.11555480957031
full_noisy_z_t,194,classical__classical.00091,classical,1,20.925334930419922,44.39045333862305
full_noisy_z_t,195,classical__classical.00091,classical,1,11.06648063659668,45.879371643066406
full_noisy_z_t,196,classical__classical.00091,classical,1,16.345251083374023,44.24117660522461
full_noisy_z_t,197,classical__classical.00091,classical,1,14.500603675842285,42.016387939453125
full_noisy_z_t,198,classical__classical.00091,classical,1,17.212491989135742,42.027366638183594
full_noisy_z_t,199,classical__classical.00091,classical,1,17.6798038482666,46.01652526855469
full_noisy_z_t,200,country__country.00001,country,2,-27.878149032592773,-15.85501766204834
full_noisy_z_t,201,country__country.00001,country,2,-29.55792236328125,-16.303091049194336
full_noisy_z_t,202,country__country.00001,country,2,-27.68376350402832,-16.68812370300293
full_noisy_z_t,203,country__country.00001,country,2,-27.980422973632812,-13.793664932250977
full_noisy_z_t,204,country__country.00001,country,2,-28.548139572143555,-12.461002349853516
full_noisy_z_t,205,country__country.00011,country,2,-26.19375991821289,-15.562955856323242
full_noisy_z_t,206,country__country.00011,country,2,-27.626100540161133,-18.184612274169922
full_noisy_z_t,207,country__country.00011,country,2,-26.41866111755371,-17.048416137695312
full_noisy_z_t,208,country__country.00011,country,2,-36.138710021972656,-15.551168441772461
full_noisy_z_t,209,country__country.00011,country,2,-24.282377243041992,-19.545637130737305
full_noisy_z_t,210,country__country.00011,country,2,-23.12425422668457,-19.167856216430664
full_noisy_z_t,211,country__country.00011,country,2,2.9491190910339355,-6.626125335693359
full_noisy_z_t,212,country__country.00011,country,2,-24.24514389038086,-17.48664093017578
full_noisy_z_t,213,country__country.00013,country,2,-24.422517776489258,-18.559085845947266
full_noisy_z_t,214,country__country.00013,country,2,-21.81203842163086,-16.225669860839844
full_noisy_z_t,215,country__country.00013,country,2,2.0985171794891357,-26.829805374145508
full_noisy_z_t,216,country__country.00013,country,2,-34.35574722290039,-17.77821159362793
full_noisy_z_t,217,country__country.00013,country,2,-35.503944396972656,-18.54888153076172
full_noisy_z_t,218,country__country.00013,country,2,-9.830855369567871,9.435894966125488
full_noisy_z_t,219,country__country.00013,country,2,-8.40530014038086,-21.8790225982666
full_noisy_z_t,220,country__country.00013,country,2,-10.134408950805664,-21.513301849365234
full_noisy_z_t,221,country__country.00013,country,2,0.6834867596626282,-27.90390396118164
full_noisy_z_t,222,country__country.00013,country,2,-34.74901580810547,-18.446340560913086
full_noisy_z_t,223,country__country.00029,country,2,-27.187273025512695,-16.433120727539062
full_noisy_z_t,224,country__country.00029,country,2,-27.44391632080078,-15.123130798339844
full_noisy_z_t,225,country__country.00029,country,2,-29.618186950683594,-14.664688110351562
full_noisy_z_t,226,country__country.00029,country,2,-30.616107940673828,-15.911482810974121
full_noisy_z_t,227,country__country.00029,country,2,-31.660480499267578,-17.32879066467285
full_noisy_z_t,228,country__country.00029,country,2,-28.649869918823242,-18.101064682006836
full_noisy_z_t,229,country__country.00047,country,2,-32.0375862121582,-16.21857452392578
full_noisy_z_t,230,country__country.00057,country,2,-20.512964248657227,-19.652002334594727
full_noisy_z_t,231,country__country.00057,country,2,-32.007225036621094,-18.941062927246094
full_noisy_z_t,232,country__country.00057,country,2,-26.20231056213379,-18.62261390686035
full_noisy_z_t,233,country__country.00057,country,2,-30.543563842773438,-14.329915046691895
full_noisy_z_t,234,country__country.00057,country,2,-27.473609924316406,-17.2846622467041
full_noisy_z_t,235,country__country.00057,country,2,-28.92274284362793,-14.652563095092773
full_noisy_z_t,236,country__country.00057,country,2,-26.154470443725586,-14.396271705627441
full_noisy_z_t,237,country__country.00057,country,2,-0.5712137222290039,-28.77927017211914
full_noisy_z_t,238,country__country.00057,country,2,-6.317747116088867,-21.190879821777344
full_noisy_z_t,239,country__country.00057,country,2,-18.650432586669922,-18.60639762878418
full_noisy_z_t,240,country__country.00059,country,2,-17.12267303466797,-19.475709915161133
full_noisy_z_t,241,country__country.00059,country,2,-25.231460571289062,-13.738404273986816
full_noisy_z_t,242,country__country.00059,country,2,-26.840103149414062,-15.037055015563965
full_noisy_z_t,243,country__country.00059,country,2,-28.741907119750977,-17.24046516418457
full_noisy_z_t,244,country__country.00059,country,2,-26.976802825927734,-11.979000091552734
full_noisy_z_t,245,country__country.00059,country,2,-27.286605834960938,-14.278494834899902
full_noisy_z_t,246,country__country.00067,country,2,-22.585546493530273,-15.353072166442871
full_noisy_z_t,247,country__country.00067,country,2,-22.689268112182617,-13.677458763122559
full_noisy_z_t,248,country__country.00067,country,2,-2.584747076034546,-8.11219310760498
full_noisy_z_t,249,country__country.00067,country,2,-21.396787643432617,-18.36387062072754
full_noisy_z_t,250,country__country.00067,country,2,-1.1559890508651733,-7.735956192016602
full_noisy_z_t,251,country__country.00067,country,2,-34.70319366455078,0.6062979102134705
full_noisy_z_t,252,country__country.00067,country,2,-22.894075393676758,-14.625272750854492
full_noisy_z_t,253,country__country.00067,country,2,-33.975887298583984,1.1667219400405884
full_noisy_z_t,254,country__country.00068,country,2,-8.677303314208984,-21.192495346069336
full_noisy_z_t,255,country__country.00068,country,2,-0.1015905886888504,-27.024715423583984
full_noisy_z_t,256,country__country.00068,country,2,-0.03329642862081528,-24.279712677001953
full_noisy_z_t,257,country__country.00068,country,2,0.05497892573475838,-26.364120483398438
full_noisy_z_t,258,country__country.00068,country,2,1.5867573022842407,-22.03380584716797
full_noisy_z_t,259,country__country.00068,country,2,-10.484821319580078,-20.059371948242188
full_noisy_z_t,260,country__country.00068,country,2,-24.007186889648438,-15.202764511108398
full_noisy_z_t,261,country__country.00068,country,2,0.6395570635795593,-24.377017974853516
full_noisy_z_t,262,country__country.00069,country,2,-30.779541015625,-13.49478530883789
full_noisy_z_t,263,country__country.00069,country,2,-29.888696670532227,-17.90933609008789
full_noisy_z_t,264,country__country.00069,country,2,-26.84398078918457,-19.334457397460938
full_noisy_z_t,265,country__country.00069,country,2,-23.848987579345703,-13.39016056060791
full_noisy_z_t,266,country__country.00069,country,2,-25.70401382446289,-19.5847225189209
full_noisy_z_t,267,country__country.00069,country,2,-25.42040252685547,-15.300765037536621
full_noisy_z_t,268,country__country.00069,country,2,-26.72618865966797,-18.231077194213867
full_noisy_z_t,269,country__country.00075,country,2,1.7914341688156128,-28.98700714111328
full_noisy_z_t,270,country__country.00075,country,2,2.651343584060669,-26.369903564453125
full_noisy_z_t,271,country__country.00075,country,2,-37.64651107788086,2.4092564582824707
full_noisy_z_t,272,country__country.00075,country,2,-0.936206042766571,-25.30772590637207
full_noisy_z_t,273,country__country.00075,country,2,-7.754523277282715,-20.801250457763672
full_noisy_z_t,274,country__country.00075,country,2,-10.800009727478027,-21.276920318603516
full_noisy_z_t,275,country__country.00076,country,2,-20.068998336791992,-19.335407257080078
full_noisy_z_t,276,country__country.00076,country,2,-20.65535545349121,-18.68669891357422
full_noisy_z_t,277,country__country.00076,country,2,-9.45238971710205,-21.529966354370117
full_noisy_z_t,278,country__country.00076,country,2,-27.05411148071289,-15.8608980178833
full_noisy_z_t,279,country__country.00076,country,2,-22.219972610473633,-18.692041397094727
full_noisy_z_t,280,country__country.00076,country,2,-35.2612190246582,3.5186820030212402
full_noisy_z_t,281,country__country.00076,country,2,3.6975197792053223,-7.7342448234558105
full_noisy_z_t,282,country__country.00077,country,2,-29.178279876708984,-18.36626625061035
full_noisy_z_t,283,country__country.00077,country,2,-5.464382648468018,-23.849485397338867
full_noisy_z_t,284,country__country.00077,country,2,-19.15167236328125,-19.999256134033203
full_noisy_z_t,285,country__country.00077,country,2,-23.570192337036133,-16.477476119995117
full_noisy_z_t,286,country__country.00077,country,2,-25.709354400634766,-16.70926856994629
full_noisy_z_t,287,country__country.00077,country,2,-25.04631805419922,-18.184871673583984
full_noisy_z_t,288,country__country.00097,country,2,-28.36496353149414,-14.822160720825195
full_noisy_z_t,289,country__country.00097,country,2,-30.224328994750977,-18.42755699157715
full_noisy_z_t,290,country__country.00097,country,2,-29.060213088989258,-16.71047592163086
full_noisy_z_t,291,country__country.00097,country,2,-28.334449768066406,-16.448413848876953
full_noisy_z_t,292,country__country.00097,country,2,-25.054792404174805,-20.300212860107422
full_noisy_z_t,293,country__country.00099,country,2,-36.1752815246582,5.794223308563232
full_noisy_z_t,294,country__country.00099,country,2,-24.691373825073242,-16.5622501373291
full_noisy_z_t,295,country__country.00099,country,2,-33.87562561035156,3.0289976596832275
full_noisy_z_t,296,country__country.00099,country,2,-32.37824249267578,-13.825737953186035
full_noisy_z_t,297,country__country.00099,country,2,-24.684972763061523,-13.080606460571289
full_noisy_z_t,298,country__country.00099,country,2,-40.11016845703125,5.590239524841309
full_noisy_z_t,299,country__country.00099,country,2,-39.769683837890625,7.156769275665283
full_noisy_z_t,300,disco__disco.00000,disco,3,-6.80918025970459,10.172409057617188
full_noisy_z_t,301,disco__disco.00000,disco,3,-3.241673231124878,11.717927932739258
full_noisy_z_t,302,disco__disco.00000,disco,3,-6.485141277313232,10.58307933807373
full_noisy_z_t,303,disco__disco.00000,disco,3,-5.88697624206543,8.746078491210938
full_noisy_z_t,304,disco__disco.00000,disco,3,-1.697139024734497,12.098978996276855
full_noisy_z_t,305,disco__disco.00000,disco,3,-5.801114082336426,9.982542037963867
full_noisy_z_t,306,disco__disco.00000,disco,3,-8.54428768157959,11.481162071228027
full_noisy_z_t,307,disco__disco.00000,disco,3,-6.422787666320801,11.386099815368652
full_noisy_z_t,308,disco__disco.00000,disco,3,-7.299659729003906,11.16281795501709
full_noisy_z_t,309,disco__disco.00003,disco,3,-8.192352294921875,10.268359184265137
full_noisy_z_t,310,disco__disco.00003,disco,3,-34.360076904296875,-14.234248161315918
full_noisy_z_t,311,disco__disco.00003,disco,3,-0.560417652130127,8.984598159790039
full_noisy_z_t,312,disco__disco.00003,disco,3,-2.408255100250244,13.983053207397461
full_noisy_z_t,313,disco__disco.00003,disco,3,-3.3552865982055664,10.478352546691895
full_noisy_z_t,314,disco__disco.00003,disco,3,-2.2505152225494385,12.657631874084473
full_noisy_z_t,315,disco__disco.00010,disco,3,51.267826080322266,15.183560371398926
full_noisy_z_t,316,disco__disco.00010,disco,3,-7.117114543914795,8.93181037902832
full_noisy_z_t,317,disco__disco.00010,disco,3,50.917884826660156,15.160711288452148
full_noisy_z_t,318,disco__disco.00010,disco,3,42.94886016845703,12.616992950439453
full_noisy_z_t,319,disco__disco.00010,disco,3,42.12077331542969,13.247370719909668
full_noisy_z_t,320,disco__disco.00010,disco,3,52.41771697998047,14.958995819091797
full_noisy_z_t,321,disco__disco.00020,disco,3,-11.611037254333496,8.654031753540039
full_noisy_z_t,322,disco__disco.00020,disco,3,15.193133354187012,-4.575275897979736
full_noisy_z_t,323,disco__disco.00020,disco,3,13.65975570678711,-3.5058367252349854
full_noisy_z_t,324,disco__disco.00021,disco,3,-7.173973083496094,15.306102752685547
full_noisy_z_t,325,disco__disco.00021,disco,3,-8.336134910583496,15.565185546875
full_noisy_z_t,326,disco__disco.00021,disco,3,-7.194399356842041,14.24560546875
full_noisy_z_t,327,disco__disco.00021,disco,3,-7.539878845214844,16.654870986938477
full_noisy_z_t,328,disco__disco.00021,disco,3,-5.279960632324219,14.33454704284668
full_noisy_z_t,329,disco__disco.00021,disco,3,-8.701899528503418,17.78829574584961
full_noisy_z_t,330,disco__disco.00021,disco,3,27.804807662963867,-24.626710891723633
full_noisy_z_t,331,disco__disco.00021,disco,3,27.55511474609375,-19.193340301513672
full_noisy_z_t,332,disco__disco.00030,disco,3,-1.014149785041809,10.979981422424316
full_noisy_z_t,333,disco__disco.00030,disco,3,-5.177974700927734,12.873887062072754
full_noisy_z_t,334,disco__disco.00030,disco,3,-6.981012344360352,12.5525484085083
full_noisy_z_t,335,disco__disco.00030,disco,3,-5.418354034423828,12.076601028442383
full_noisy_z_t,336,disco__disco.00030,disco,3,-4.271145343780518,10.97126579284668
full_noisy_z_t,337,disco__disco.00030,disco,3,4.123807430267334,-25.575511932373047
full_noisy_z_t,338,disco__disco.00030,disco,3,-9.067636489868164,12.259634971618652
full_noisy_z_t,339,disco__disco.00030,disco,3,-7.9533257484436035,12.802156448364258
full_noisy_z_t,340,disco__disco.00030,disco,3,-5.594505786895752,12.568424224853516
full_noisy_z_t,341,disco__disco.00030,disco,3,-2.6218628883361816,13.716782569885254
full_noisy_z_t,342,disco__disco.00040,disco,3,4.162802219390869,13.024079322814941
full_noisy_z_t,343,disco__disco.00040,disco,3,13.136127471923828,3.79612398147583
full_noisy_z_t,344,disco__disco.00040,disco,3,5.197234630584717,13.292593002319336
full_noisy_z_t,345,disco__disco.00040,disco,3,5.358674049377441,13.827228546142578
full_noisy_z_t,346,disco__disco.00040,disco,3,4.1383137702941895,13.065074920654297
full_noisy_z_t,347,disco__disco.00040,disco,3,3.6385579109191895,14.280200958251953
full_noisy_z_t,348,disco__disco.00044,disco,3,-5.447387218475342,10.761788368225098
full_noisy_z_t,349,disco__disco.00044,disco,3,-8.051753997802734,13.594839096069336
full_noisy_z_t,350,disco__disco.00044,disco,3,-7.763233661651611,14.659274101257324
full_noisy_z_t,351,disco__disco.00044,disco,3,-4.351460933685303,12.207113265991211
full_noisy_z_t,352,disco__disco.00044,disco,3,-6.975954532623291,15.8759765625
full_noisy_z_t,353,disco__disco.00044,disco,3,-8.65668773651123,18.01112937927246
full_noisy_z_t,354,disco__disco.00044,disco,3,-9.10014820098877,16.410587310791016
full_noisy_z_t,355,disco__disco.00044,disco,3,-4.743813514709473,13.20861530303955
full_noisy_z_t,356,disco__disco.00044,disco,3,-2.7567198276519775,14.573832511901855
full_noisy_z_t,357,disco__disco.00044,disco,3,-3.61682391166687,14.46741008758545
full_noisy_z_t,358,disco__disco.00044,disco,3,-5.314480781555176,15.131786346435547
full_noisy_z_t,359,disco__disco.00055,disco,3,-1.734042763710022,13.716667175292969
full_noisy_z_t,360,disco__disco.00055,disco,3,-5.291399002075195,12.313106536865234
full_noisy_z_t,361,disco__disco.00055,disco,3,-5.13297700881958,11.310543060302734
full_noisy_z_t,362,disco__disco.00055,disco,3,-2.432854413986206,11.535783767700195
full_noisy_z_t,363,disco__disco.00055,disco,3,-2.953676223754883,13.252416610717773
full_noisy_z_t,364,disco__disco.00055,disco,3,-6.281197547912598,13.570226669311523
full_noisy_z_t,365,disco__disco.00055,disco,3,-0.10431917756795883,11.952198028564453
full_noisy_z_t,366,disco__disco.00064,disco,3,-4.461561679840088,8.229349136352539
full_noisy_z_t,367,disco__disco.00064,disco,3,-1.8446673154830933,10.585163116455078
full_noisy_z_t,368,disco__disco.00064,disco,3,-3.993474006652832,9.828373908996582
full_noisy_z_t,369,disco__disco.00064,disco,3,-2.315868377685547,9.633467674255371
full_noisy_z_t,370,disco__disco.00075,disco,3,-4.092569828033447,13.633322715759277
full_noisy_z_t,371,disco__disco.00075,disco,3,-1.2585291862487793,12.738960266113281
full_noisy_z_t,372,disco__disco.00075,disco,3,-0.9172401428222656,13.674507141113281
full_noisy_z_t,373,disco__disco.00075,disco,3,-4.593935489654541,12.55977725982666
full_noisy_z_t,374,disco__disco.00075,disco,3,-3.4269583225250244,13.1015043258667
full_noisy_z_t,375,disco__disco.00075,disco,3,-7.26188325881958,12.09243106842041
full_noisy_z_t,376,disco__disco.00075,disco,3,-6.242520332336426,12.31192684173584
full_noisy_z_t,377,disco__disco.00075,disco,3,-0.2909778654575348,14.488064765930176
full_noisy_z_t,378,disco__disco.00084,disco,3,-5.850013256072998,11.617980003356934
full_noisy_z_t,379,disco__disco.00084,disco,3,-3.7166359424591064,12.6171293258667
full_noisy_z_t,380,disco__disco.00084,disco,3,-4.23599910736084,14.704780578613281
full_noisy_z_t,381,disco__disco.00084,disco,3,-4.490081310272217,14.980079650878906
full_noisy_z_t,382,disco__disco.00084,disco,3,-5.659575939178467,13.125510215759277
full_noisy_z_t,383,disco__disco.00084,disco,3,-6.345510005950928,14.203132629394531
full_noisy_z_t,384,disco__disco.00084,disco,3,-5.007844924926758,9.546594619750977
full_noisy_z_t,385,disco__disco.00093,disco,3,-3.7746639251708984,11.68156909942627
full_noisy_z_t,386,disco__disco.00093,disco,3,-4.6587395668029785,10.445852279663086
full_noisy_z_t,387,disco__disco.00093,disco,3,-7.016129016876221,13.382122993469238
full_noisy_z_t,388,disco__disco.00093,disco,3,-6.0874738693237305,15.002163887023926
full_noisy_z_t,389,disco__disco.00093,disco,3,-2.834585428237915,10.753335952758789
full_noisy_z_t,390,disco__disco.00093,disco,3,-4.807365894317627,13.813701629638672
full_noisy_z_t,391,disco__disco.00094,disco,3,-0.1618625968694687,9.667695999145508
full_noisy_z_t,392,disco__disco.00094,disco,3,1.1185001134872437,12.09001350402832
full_noisy_z_t,393,disco__disco.00094,disco,3,-0.1233823150396347,13.024096488952637
full_noisy_z_t,394,disco__disco.00094,disco,3,0.7797628045082092,14.447798728942871
full_noisy_z_t,395,disco__disco.00094,disco,3,2.349393606185913,13.382757186889648
full_noisy_z_t,396,disco__disco.00095,disco,3,-5.4600677490234375,13.647685050964355
full_noisy_z_t,397,disco__disco.00095,disco,3,-6.258599281311035,12.997969627380371
full_noisy_z_t,398,disco__disco.00095,disco,3,-4.858880043029785,11.806232452392578
full_noisy_z_t,399,disco__disco.00095,disco,3,4.369264602661133,13.75642204284668
full_noisy_z_t,400,hiphop__hiphop.00002,hiphop,4,45.62263870239258,13.680203437805176
full_noisy_z_t,401,hiphop__hiphop.00002,hiphop,4,53.62438201904297,12.859640121459961
full_noisy_z_t,402,hiphop__hiphop.00002,hiphop,4,53.57408905029297,13.482626914978027
full_noisy_z_t,403,hiphop__hiphop.00002,hiphop,4,48.06813430786133,16.98105812072754
full_noisy_z_t,404,hiphop__hiphop.00002,hiphop,4,49.67808151245117,12.551541328430176
full_noisy_z_t,405,hiphop__hiphop.00034,hiphop,4,45.06553649902344,13.533548355102539
full_noisy_z_t,406,hiphop__hiphop.00034,hiphop,4,42.51054382324219,14.597846031188965
full_noisy_z_t,407,hiphop__hiphop.00034,hiphop,4,45.49799728393555,12.29112434387207
full_noisy_z_t,408,hiphop__hiphop.00034,hiphop,4,43.57637023925781,9.821773529052734
full_noisy_z_t,409,hiphop__hiphop.00034,hiphop,4,46.266929626464844,16.771785736083984
full_noisy_z_t,410,hiphop__hiphop.00034,hiphop,4,46.537086486816406,13.552461624145508
full_noisy_z_t,411,hiphop__hiphop.00038,hiphop,4,46.005836486816406,14.471455574035645
full_noisy_z_t,412,hiphop__hiphop.00038,hiphop,4,48.519561767578125,13.921163558959961
full_noisy_z_t,413,hiphop__hiphop.00038,hiphop,4,45.128238677978516,12.76081371307373
full_noisy_z_t,414,hiphop__hiphop.00038,hiphop,4,44.202117919921875,9.368195533752441
full_noisy_z_t,415,hiphop__hiphop.00040,hiphop,4,-6.900031089782715,-24.525348663330078
full_noisy_z_t,416,hiphop__hiphop.00040,hiphop,4,-11.08919620513916,-19.255334854125977
full_noisy_z_t,417,hiphop__hiphop.00040,hiphop,4,-7.461402416229248,-23.40401840209961
full_noisy_z_t,418,hiphop__hiphop.00040,hiphop,4,54.17970275878906,12.98393726348877
full_noisy_z_t,419,hiphop__hiphop.00040,hiphop,4,41.83938217163086,12.598278045654297
full_noisy_z_t,420,hiphop__hiphop.00040,hiphop,4,27.67388153076172,-14.454949378967285
full_noisy_z_t,421,hiphop__hiphop.00040,hiphop,4,54.13274002075195,13.693233489990234
full_noisy_z_t,422,hiphop__hiphop.00042,hiphop,4,44.075111389160156,14.322197914123535
full_noisy_z_t,423,hiphop__hiphop.00042,hiphop,4,44.45485305786133,14.117592811584473
full_noisy_z_t,424,hiphop__hiphop.00042,hiphop,4,45.431724548339844,10.976236343383789
full_noisy_z_t,425,hiphop__hiphop.00042,hiphop,4,43.322044372558594,15.749356269836426
full_noisy_z_t,426,hiphop__hiphop.00042,hiphop,4,44.80275344848633,11.602432250976562
full_noisy_z_t,427,hiphop__hiphop.00042,hiphop,4,42.70988464355469,9.451973915100098
full_noisy_z_t,428,hiphop__hiphop.00042,hiphop,4,44.490440368652344,8.251672744750977
full_noisy_z_t,429,hiphop__hiphop.00042,hiphop,4,43.677249908447266,10.593521118164062
full_noisy_z_t,430,hiphop__hiphop.00044,hiphop,4,42.130821228027344,10.982474327087402
full_noisy_z_t,431,hiphop__hiphop.00044,hiphop,4,9.897433280944824,-26.59325408935547
full_noisy_z_t,432,hiphop__hiphop.00044,hiphop,4,-8.00300121307373,-23.547176361083984
full_noisy_z_t,433,hiphop__hiphop.00044,hiphop,4,-7.869706630706787,-22.502788543701172
full_noisy_z_t,434,hiphop__hiphop.00044,hiphop,4,1.8464187383651733,-30.872589111328125
full_noisy_z_t,435,hiphop__hiphop.00044,hiphop,4,-12.18689250946045,-20.295589447021484
full_noisy_z_t,436,hiphop__hiphop.00044,hiphop,4,0.7095555067062378,-30.950237274169922
full_noisy_z_t,437,hiphop__hiphop.00053,hiphop,4,27.38051414489746,-24.044954299926758
full_noisy_z_t,438,hiphop__hiphop.00053,hiphop,4,24.995412826538086,-15.941337585449219
full_noisy_z_t,439,hiphop__hiphop.00053,hiphop,4,26.313085556030273,-14.827902793884277
full_noisy_z_t,440,hiphop__hiphop.00053,hiphop,4,25.125953674316406,-17.963695526123047
full_noisy_z_t,441,hiphop__hiphop.00053,hiphop,4,27.384855270385742,-13.439140319824219
full_noisy_z_t,442,hiphop__hiphop.00053,hiphop,4,42.82876205444336,11.653520584106445
full_noisy_z_t,443,hiphop__hiphop.00053,hiphop,4,41.5855598449707,11.57172966003418
full_noisy_z_t,444,hiphop__hiphop.00053,hiphop,4,41.186683654785156,10.276405334472656
full_noisy_z_t,445,hiphop__hiphop.00053,hiphop,4,49.25992202758789,16.004270553588867
full_noisy_z_t,446,hiphop__hiphop.00076,hiphop,4,43.73054504394531,12.708152770996094
full_noisy_z_t,447,hiphop__hiphop.00076,hiphop,4,45.95783615112305,16.45676612854004
full_noisy_z_t,448,hiphop__hiphop.00076,hiphop,4,44.215049743652344,13.286628723144531
full_noisy_z_t,449,hiphop__hiphop.00076,hiphop,4,44.510704040527344,16.54997444152832
full_noisy_z_t,450,hiphop__hiphop.00076,hiphop,4,45.05146789550781,9.952081680297852
full_noisy_z_t,451,hiphop__hiphop.00076,hiphop,4,43.20753860473633,13.347395896911621
full_noisy_z_t,452,hiphop__hiphop.00079,hiphop,4,24.810453414916992,-14.293318748474121
full_noisy_z_t,453,hiphop__hiphop.00079,hiphop,4,27.1912784576416,-12.918670654296875
full_noisy_z_t,454,hiphop__hiphop.00079,hiphop,4,26.76985740661621,-14.8155517578125
full_noisy_z_t,455,hiphop__hiphop.00079,hiphop,4,23.58395004272461,-10.151308059692383
full_noisy_z_t,456,hiphop__hiphop.00079,hiphop,4,23.17130470275879,-10.9918212890625
full_noisy_z_t,457,hiphop__hiphop.00079,hiphop,4,26.645994186401367,-12.109808921813965
full_noisy_z_t,458,hiphop__hiphop.00079,hiphop,4,26.448001861572266,-13.817594528198242
full_noisy_z_t,459,hiphop__hiphop.00079,hiphop,4,27.397666931152344,-14.345726013183594
full_noisy_z_t,460,hiphop__hiphop.00082,hiphop,4,48.341251373291016,12.92323112487793
full_noisy_z_t,461,hiphop__hiphop.00082,hiphop,4,47.57890701293945,12.650824546813965
full_noisy_z_t,462,hiphop__hiphop.00082,hiphop,4,48.07082748413086,16.698890686035156
full_noisy_z_t,463,hiphop__hiphop.00082,hiphop,4,45.144168853759766,14.337989807128906
full_noisy_z_t,464,hiphop__hiphop.00082,hiphop,4,48.48008346557617,14.595466613769531
full_noisy_z_t,465,hiphop__hiphop.00082,hiphop,4,46.206302642822266,8.467405319213867
full_noisy_z_t,466,hiphop__hiphop.00087,hiphop,4,47.67598342895508,14.913787841796875
full_noisy_z_t,467,hiphop__hiphop.00087,hiphop,4,47.846710205078125,13.413982391357422
full_noisy_z_t,468,hiphop__hiphop.00087,hiphop,4,48.295536041259766,15.29926586151123
full_noisy_z_t,469,hiphop__hiphop.00087,hiphop,4,44.43143844604492,12.201904296875
full_noisy_z_t,470,hiphop__hiphop.00087,hiphop,4,43.31642532348633,11.590778350830078
full_noisy_z_t,471,hiphop__hiphop.00087,hiphop,4,46.1416015625,12.845678329467773
full_noisy_z_t,472,hiphop__hiphop.00087,hiphop,4,44.880035400390625,10.95796012878418
full_noisy_z_t,473,hiphop__hiphop.00089,hiphop,4,49.765316009521484,13.844043731689453
full_noisy_z_t,474,hiphop__hiphop.00089,hiphop,4,46.0069580078125,13.877175331115723
full_noisy_z_t,475,hiphop__hiphop.00089,hiphop,4,50.687686920166016,13.259210586547852
full_noisy_z_t,476,hiphop__hiphop.00089,hiphop,4,44.475791931152344,15.298429489135742
full_noisy_z_t,477,hiphop__hiphop.00089,hiphop,4,47.03266906738281,13.889881134033203
full_noisy_z_t,478,hiphop__hiphop.00093,hiphop,4,47.79549789428711,7.799327850341797
full_noisy_z_t,479,hiphop__hiphop.00093,hiphop,4,-2.630739450454712,9.150213241577148
full_noisy_z_t,480,hiphop__hiphop.00093,hiphop,4,-2.2097055912017822,9.171730041503906
full_noisy_z_t,481,hiphop__hiphop.00093,hiphop,4,13.116530418395996,-2.842268943786621
full_noisy_z_t,482,hiphop__hiphop.00093,hiphop,4,17.973997116088867,-1.1863728761672974
full_noisy_z_t,483,hiphop__hiphop.00093,hiphop,4,-35.842063903808594,7.671372413635254
full_noisy_z_t,484,hiphop__hiphop.00093,hiphop,4,13.913666725158691,3.8901500701904297
full_noisy_z_t,485,hiphop__hiphop.00093,hiphop,4,46.31169128417969,5.4069719314575195
full_noisy_z_t,486,hiphop__hiphop.00093,hiphop,4,0.32275938987731934,8.215415954589844
full_noisy_z_t,487,hiphop__hiphop.00094,hiphop,4,48.956138610839844,13.569661140441895
full_noisy_z_t,488,hiphop__hiphop.00094,hiphop,4,47.1669921875,15.633878707885742
full_noisy_z_t,489,hiphop__hiphop.00094,hiphop,4,45.33053207397461,15.19118595123291
full_noisy_z_t,490,hiphop__hiphop.00094,hiphop,4,47.230186462402344,12.841719627380371
full_noisy_z_t,491,hiphop__hiphop.00094,hiphop,4,44.40937805175781,11.122231483459473
full_noisy_z_t,492,hiphop__hiphop.00098,hiphop,4,47.75835037231445,14.08057975769043
full_noisy_z_t,493,hiphop__hiphop.00098,hiphop,4,46.19078826904297,15.326759338378906
full_noisy_z_t,494,hiphop__hiphop.00098,hiphop,4,49.41566467285156,14.790821075439453
full_noisy_z_t,495,hiphop__hiphop.00098,hiphop,4,47.150733947753906,11.943283081054688
full_noisy_z_t,496,hiphop__hiphop.00098,hiphop,4,43.60039520263672,11.941819190979004
full_noisy_z_t,497,hiphop__hiphop.00098,hiphop,4,45.63289260864258,13.024385452270508
full_noisy_z_t,498,hiphop__hiphop.00098,hiphop,4,45.90547180175781,11.526456832885742
full_noisy_z_t,499,hiphop__hiphop.00098,hiphop,4,46.58323287963867,12.516546249389648
full_noisy_z_t,500,jazz__jazz.00033,jazz,5,-21.31741714477539,36.015289306640625
full_noisy_z_t,501,jazz__jazz.00033,jazz,5,-24.83211898803711,35.672264099121094
full_noisy_z_t,502,jazz__jazz.00033,jazz,5,-24.38909912109375,31.907867431640625
full_noisy_z_t,503,jazz__jazz.00033,jazz,5,-24.173362731933594,38.16282653808594
full_noisy_z_t,504,jazz__jazz.00033,jazz,5,-24.573862075805664,33.14931869506836
full_noisy_z_t,505,jazz__jazz.00033,jazz,5,-23.92940902709961,39.13271713256836
full_noisy_z_t,506,jazz__jazz.00041,jazz,5,-25.09697723388672,36.02986145019531
full_noisy_z_t,507,jazz__jazz.00041,jazz,5,-26.196125030517578,35.81559753417969
full_noisy_z_t,508,jazz__jazz.00041,jazz,5,-27.413188934326172,30.411848068237305
full_noisy_z_t,509,jazz__jazz.00041,jazz,5,-25.679386138916016,33.21795654296875
full_noisy_z_t,510,jazz__jazz.00041,jazz,5,-22.97458267211914,37.59958267211914
full_noisy_z_t,511,jazz__jazz.00041,jazz,5,-24.94057273864746,32.873451232910156
full_noisy_z_t,512,jazz__jazz.00041,jazz,5,-26.023494720458984,33.97579574584961
full_noisy_z_t,513,jazz__jazz.00041,jazz,5,-26.548524856567383,32.21770477294922
full_noisy_z_t,514,jazz__jazz.00041,jazz,5,-27.4698429107666,32.48454284667969
full_noisy_z_t,515,jazz__jazz.00041,jazz,5,-26.78836441040039,34.61293411254883
full_noisy_z_t,516,jazz__jazz.00046,jazz,5,-24.570173263549805,36.56440353393555
full_noisy_z_t,517,jazz__jazz.00046,jazz,5,-24.112964630126953,33.186153411865234
full_noisy_z_t,518,jazz__jazz.00046,jazz,5,-28.408153533935547,32.44459915161133
full_noisy_z_t,519,jazz__jazz.00046,jazz,5,-24.35860824584961,31.769840240478516
full_noisy_z_t,520,jazz__jazz.00046,jazz,5,-24.263629913330078,37.620338439941406
full_noisy_z_t,521,jazz__jazz.00046,jazz,5,-26.245716094970703,33.448143005371094
full_noisy_z_t,522,jazz__jazz.00046,jazz,5,-23.679868698120117,36.1232795715332
full_noisy_z_t,523,jazz__jazz.00046,jazz,5,-29.02528953552246,34.008148193359375
full_noisy_z_t,524,jazz__jazz.00048,jazz,5,-29.152156829833984,28.200700759887695
full_noisy_z_t,525,jazz__jazz.00048,jazz,5,-24.220035552978516,29.393102645874023
full_noisy_z_t,526,jazz__jazz.00048,jazz,5,-21.492630004882812,30.981019973754883
full_noisy_z_t,527,jazz__jazz.00048,jazz,5,-25.038463592529297,34.278831481933594
full_noisy_z_t,528,jazz__jazz.00048,jazz,5,-24.61890983581543,34.9803581237793
full_noisy_z_t,529,jazz__jazz.00048,jazz,5,-23.597808837890625,30.602500915527344
full_noisy_z_t,530,jazz__jazz.00048,jazz,5,0.6994713544845581,-25.09311866760254
full_noisy_z_t,531,jazz__jazz.00048,jazz,5,-21.563735961914062,31.498703002929688
full_noisy_z_t,532,jazz__jazz.00050,jazz,5,5.640321731567383,11.659921646118164
full_noisy_z_t,533,jazz__jazz.00050,jazz,5,-25.03877830505371,28.44477081298828
full_noisy_z_t,534,jazz__jazz.00050,jazz,5,-27.940820693969727,31.382631301879883
full_noisy_z_t,535,jazz__jazz.00050,jazz,5,-22.709871292114258,32.02717590332031
full_noisy_z_t,536,jazz__jazz.00050,jazz,5,-30.110841751098633,34.23020935058594
full_noisy_z_t,537,jazz__jazz.00050,jazz,5,-28.573246002197266,28.749042510986328
full_noisy_z_t,538,jazz__jazz.00050,jazz,5,-31.579912185668945,-9.377440452575684
full_noisy_z_t,539,jazz__jazz.00050,jazz,5,-10.877646446228027,7.750030994415283
full_noisy_z_t,540,jazz__jazz.00050,jazz,5,-10.846762657165527,7.964630126953125
full_noisy_z_t,541,jazz__jazz.00059,jazz,5,-22.651039123535156,35.08781433105469
full_noisy_z_t,542,jazz__jazz.00059,jazz,5,40.80684280395508,13.917607307434082
full_noisy_z_t,543,jazz__jazz.00060,jazz,5,-28.793745040893555,30.13761329650879
full_noisy_z_t,544,jazz__jazz.00060,jazz,5,-28.72403335571289,31.533443450927734
full_noisy_z_t,545,jazz__jazz.00060,jazz,5,-26.33758544921875,31.12555503845215
full_noisy_z_t,546,jazz__jazz.00060,jazz,5,-30.125289916992188,29.619308471679688
full_noisy_z_t,547,jazz__jazz.00060,jazz,5,-26.366792678833008,29.25092124938965
full_noisy_z_t,548,jazz__jazz.00060,jazz,5,-25.917076110839844,36.062686920166016
full_noisy_z_t,549,jazz__jazz.00071,jazz,5,-27.947071075439453,33.556400299072266
full_noisy_z_t,550,jazz__jazz.00071,jazz,5,-22.14496421813965,34.046627044677734
full_noisy_z_t,551,jazz__jazz.00071,jazz,5,-30.365434646606445,33.054203033447266
full_noisy_z_t,552,jazz__jazz.00071,jazz,5,-21.46126937866211,35.47459030151367
full_noisy_z_t,553,jazz__jazz.00071,jazz,5,-26.02353858947754,34.50390625
full_noisy_z_t,554,jazz__jazz.00071,jazz,5,-29.253311157226562,29.78702735900879
full_noisy_z_t,555,jazz__jazz.00071,jazz,5,-26.8273983001709,31.928638458251953
full_noisy_z_t,556,jazz__jazz.00081,jazz,5,-21.87051773071289,32.91887664794922
full_noisy_z_t,557,jazz__jazz.00081,jazz,5,-21.02616310119629,31.254854202270508
full_noisy_z_t,558,jazz__jazz.00081,jazz,5,-21.14853286743164,31.961244583129883
full_noisy_z_t,559,jazz__jazz.00081,jazz,5,-20.819849014282227,31.284250259399414
full_noisy_z_t,560,jazz__jazz.00081,jazz,5,-10.48126220703125,-17.42413330078125
full_noisy_z_t,561,jazz__jazz.00081,jazz,5,-23.251739501953125,31.655630111694336
full_noisy_z_t,562,jazz__jazz.00081,jazz,5,-22.787532806396484,33.70296859741211
full_noisy_z_t,563,jazz__jazz.00081,jazz,5,-20.590259552001953,32.08329391479492
full_noisy_z_t,564,jazz__jazz.00081,jazz,5,-20.789949417114258,32.223876953125
full_noisy_z_t,565,jazz__jazz.00084,jazz,5,-30.838468551635742,28.312040328979492
full_noisy_z_t,566,jazz__jazz.00084,jazz,5,-29.379154205322266,30.696611404418945
full_noisy_z_t,567,jazz__jazz.00084,jazz,5,-28.712160110473633,30.60024070739746
full_noisy_z_t,568,jazz__jazz.00084,jazz,5,-23.580190658569336,35.74787521362305
full_noisy_z_t,569,jazz__jazz.00084,jazz,5,-26.36404037475586,30.13294219970703
full_noisy_z_t,570,jazz__jazz.00084,jazz,5,-25.539194107055664,34.48869323730469
full_noisy_z_t,571,jazz__jazz.00084,jazz,5,-29.826475143432617,30.786455154418945
full_noisy_z_t,572,jazz__jazz.00084,jazz,5,-25.24874496459961,30.381511688232422
full_noisy_z_t,573,jazz__jazz.00086,jazz,5,-31.421052932739258,28.162187576293945
full_noisy_z_t,574,jazz__jazz.00086,jazz,5,-28.3768253326416,29.604736328125
full_noisy_z_t,575,jazz__jazz.00086,jazz,5,-24.66651153564453,30.75141716003418
full_noisy_z_t,576,jazz__jazz.00086,jazz,5,-29.635456085205078,29.193519592285156
full_noisy_z_t,577,jazz__jazz.00086,jazz,5,-30.876144409179688,28.539690017700195
full_noisy_z_t,578,jazz__jazz.00091,jazz,5,-26.815391540527344,35.64776611328125
full_noisy_z_t,579,jazz__jazz.00091,jazz,5,-26.960859298706055,33.26024627685547
full_noisy_z_t,580,jazz__jazz.00092,jazz,5,-25.22197914123535,31.791534423828125
full_noisy_z_t,581,jazz__jazz.00092,jazz,5,-24.438814163208008,34.12214279174805
full_noisy_z_t,582,jazz__jazz.00092,jazz,5,-23.52103614807129,33.494022369384766
full_noisy_z_t,583,jazz__jazz.00092,jazz,5,-27.461620330810547,33.82364273071289
full_noisy_z_t,584,jazz__jazz.00092,jazz,5,-21.386207580566406,32.76385498046875
full_noisy_z_t,585,jazz__jazz.00092,jazz,5,-24.20724868774414,34.85258102416992
full_noisy_z_t,586,jazz__jazz.00092,jazz,5,-22.715097427368164,30.336820602416992
full_noisy_z_t,587,jazz__jazz.00096,jazz,5,-22.9102783203125,36.15121841430664
full_noisy_z_t,588,jazz__jazz.00096,jazz,5,-22.942358016967773,29.25749969482422
full_noisy_z_t,589,jazz__jazz.00096,jazz,5,-26.34765625,29.09419059753418
full_noisy_z_t,590,jazz__jazz.00096,jazz,5,-23.363679885864258,34.55295944213867
full_noisy_z_t,591,jazz__jazz.00096,jazz,5,-22.891990661621094,31.28473472595215
full_noisy_z_t,592,jazz__jazz.00096,jazz,5,-25.43376350402832,36.940025329589844
full_noisy_z_t,593,jazz__jazz.00096,jazz,5,-25.132474899291992,37.427921295166016
full_noisy_z_t,594,jazz__jazz.00096,jazz,5,-21.19318962097168,34.0128059387207
full_noisy_z_t,595,jazz__jazz.00096,jazz,5,-25.746383666992188,32.55251693725586
full_noisy_z_t,596,jazz__jazz.00096,jazz,5,-26.885236740112305,34.16184616088867
full_noisy_z_t,597,jazz__jazz.00099,jazz,5,-25.41815757751465,35.19371795654297
full_noisy_z_t,598,jazz__jazz.00099,jazz,5,-21.790761947631836,37.34607696533203
full_noisy_z_t,599,jazz__jazz.00099,jazz,5,-23.56089210510254,36.89634704589844
full_noisy_z_t,600,metal__metal.00002,metal,6,7.095719337463379,-51.315914154052734
full_noisy_z_t,601,metal__metal.00002,metal,6,7.570059299468994,-53.994075775146484
full_noisy_z_t,602,metal__metal.00002,metal,6,9.528711318969727,-52.90846633911133
full_noisy_z_t,603,metal__metal.00002,metal,6,5.542379379272461,-49.00986862182617
full_noisy_z_t,604,metal__metal.00002,metal,6,13.26285457611084,-50.93894577026367
full_noisy_z_t,605,metal__metal.00002,metal,6,9.513232231140137,-51.78517532348633
full_noisy_z_t,606,metal__metal.00002,metal,6,8.389176368713379,-52.977596282958984
full_noisy_z_t,607,metal__metal.00002,metal,6,6.6934494972229,-49.93394088745117
full_noisy_z_t,608,metal__metal.00002,metal,6,4.309382438659668,-45.959327697753906
full_noisy_z_t,609,metal__metal.00004,metal,6,11.139357566833496,-55.96560287475586
full_noisy_z_t,610,metal__metal.00004,metal,6,12.272900581359863,-54.746238708496094
full_noisy_z_t,611,metal__metal.00004,metal,6,10.763148307800293,-52.821163177490234
full_noisy_z_t,612,metal__metal.00004,metal,6,14.661696434020996,-57.89519119262695
full_noisy_z_t,613,metal__metal.00004,metal,6,8.637779235839844,-49.61977005004883
full_noisy_z_t,614,metal__metal.00004,metal,6,8.869558334350586,-53.95690155029297
full_noisy_z_t,615,metal__metal.00004,metal,6,12.849059104919434,-53.60591506958008
full_noisy_z_t,616,metal__metal.00012,metal,6,11.187189102172852,-52.4351692199707
full_noisy_z_t,617,metal__metal.00012,metal,6,12.657809257507324,-52.8752326965332
full_noisy_z_t,618,metal__metal.00012,metal,6,11.863850593566895,-53.963008880615234
full_noisy_z_t,619,metal__metal.00012,metal,6,13.298147201538086,-56.06930923461914
full_noisy_z_t,620,metal__metal.00012,metal,6,13.14090633392334,-54.70161819458008
full_noisy_z_t,621,metal__metal.00012,metal,6,9.18433952331543,-56.051910400390625
full_noisy_z_t,622,metal__metal.00012,metal,6,15.088993072509766,-53.57725143432617
full_noisy_z_t,623,metal__metal.00012,metal,6,12.416312217712402,-56.218536376953125
full_noisy_z_t,624,metal__metal.00022,metal,6,3.131608724594116,-43.867042541503906
full_noisy_z_t,625,metal__metal.00022,metal,6,4.488976955413818,-45.261207580566406
full_noisy_z_t,626,metal__metal.00022,metal,6,3.94818377494812,-46.22684097290039
full_noisy_z_t,627,metal__metal.00022,metal,6,4.424720287322998,-48.23503875732422
full_noisy_z_t,628,metal__metal.00022,metal,6,3.934047222137451,-43.392765045166016
full_noisy_z_t,629,metal__metal.00022,metal,6,1.7810736894607544,-33.581520080566406
full_noisy_z_t,630,metal__metal.00022,metal,6,4.63344144821167,-44.144771575927734
full_noisy_z_t,631,metal__metal.00022,metal,6,4.363759517669678,-44.25974655151367
full_noisy_z_t,632,metal__metal.00024,metal,6,8.724068641662598,-51.3386344909668
full_noisy_z_t,633,metal__metal.00024,metal,6,9.339518547058105,-55.274539947509766
full_noisy_z_t,634,metal__metal.00024,metal,6,10.337087631225586,-52.61349105834961
full_noisy_z_t,635,metal__metal.00024,metal,6,13.870391845703125,-53.043060302734375
full_noisy_z_t,636,metal__metal.00024,metal,6,7.054697513580322,-49.64369201660156
full_noisy_z_t,637,metal__metal.00024,metal,6,13.352848052978516,-51.374088287353516
full_noisy_z_t,638,metal__metal.00024,metal,6,8.84900951385498,-52.64232635498047
full_noisy_z_t,639,metal__metal.00024,metal,6,9.831356048583984,-51.88158416748047
full_noisy_z_t,640,metal__metal.00030,metal,6,5.776963710784912,-46.15406799316406
full_noisy_z_t,641,metal__metal.00030,metal,6,6.348782539367676,-48.14228820800781
full_noisy_z_t,642,metal__metal.00030,metal,6,4.941590785980225,-46.408321380615234
full_noisy_z_t,643,metal__metal.00030,metal,6,7.010283946990967,-52.958255767822266
full_noisy_z_t,644,metal__metal.00030,metal,6,8.082236289978027,-50.4084587097168
full_noisy_z_t,645,metal__metal.00049,metal,6,14.972140312194824,-54.76450729370117
full_noisy_z_t,646,metal__metal.00049,metal,6,12.892011642456055,-55.31282043457031
full_noisy_z_t,647,metal__metal.00049,metal,6,15.938859939575195,-57.3631591796875
full_noisy_z_t,648,metal__metal.00049,metal,6,12.709125518798828,-51.63514709472656
full_noisy_z_t,649,metal__metal.00049,metal,6,11.822615623474121,-53.39841842651367
full_noisy_z_t,650,metal__metal.00049,metal,6,15.355966567993164,-57.3923225402832
full_noisy_z_t,651,metal__metal.00049,metal,6,16.658084869384766,-55.113731384277344
full_noisy_z_t,652,metal__metal.00049,metal,6,13.864002227783203,-55.681396484375
full_noisy_z_t,653,metal__metal.00049,metal,6,12.836414337158203,-51.67686462402344
full_noisy_z_t,654,metal__metal.00051,metal,6,17.379379272460938,-56.69923400878906
full_noisy_z_t,655,metal__metal.00051,metal,6,16.47781753540039,-56.119163513183594
full_noisy_z_t,656,metal__metal.00051,metal,6,11.264184951782227,-53.321353912353516
full_noisy_z_t,657,metal__metal.00051,metal,6,11.322246551513672,-55.197303771972656
full_noisy_z_t,658,metal__metal.00051,metal,6,11.20897102355957,-50.61604690551758
full_noisy_z_t,659,metal__metal.00051,metal,6,9.491535186767578,-50.2304801940918
full_noisy_z_t,660,metal__metal.00051,metal,6,11.889047622680664,-52.90306854248047
full_noisy_z_t,661,metal__metal.00051,metal,6,8.071974754333496,-54.01671600341797
full_noisy_z_t,662,metal__metal.00052,metal,6,15.199369430541992,-55.734073638916016
full_noisy_z_t,663,metal__metal.00052,metal,6,15.453017234802246,-53.62712097167969
full_noisy_z_t,664,metal__metal.00052,metal,6,17.136749267578125,-57.198062896728516
full_noisy_z_t,665,metal__metal.00052,metal,6,46.81660842895508,5.31833028793335
full_noisy_z_t,666,metal__metal.00052,metal,6,46.56273651123047,5.758042812347412
full_noisy_z_t,667,metal__metal.00056,metal,6,16.740339279174805,-57.00843811035156
full_noisy_z_t,668,metal__metal.00056,metal,6,11.13399600982666,-50.73739242553711
full_noisy_z_t,669,metal__metal.00056,metal,6,16.81378173828125,-54.807960510253906
full_noisy_z_t,670,metal__metal.00056,metal,6,16.690988540649414,-57.8992919921875
full_noisy_z_t,671,metal__metal.00056,metal,6,8.113974571228027,-51.613956451416016
full_noisy_z_t,672,metal__metal.00056,metal,6,10.622477531433105,-51.10464096069336
full_noisy_z_t,673,metal__metal.00069,metal,6,11.395208358764648,-51.805419921875
full_noisy_z_t,674,metal__metal.00069,metal,6,11.865288734436035,-54.74567794799805
full_noisy_z_t,675,metal__metal.00069,metal,6,-11.086934089660645,13.797866821289062
full_noisy_z_t,676,metal__metal.00069,metal,6,15.585410118103027,3.1130096912384033
full_noisy_z_t,677,metal__metal.00069,metal,6,14.295011520385742,-56.28169631958008
full_noisy_z_t,678,metal__metal.00069,metal,6,12.180635452270508,-55.66421890258789
full_noisy_z_t,679,metal__metal.00069,metal,6,13.840456008911133,-54.48746109008789
full_noisy_z_t,680,metal__metal.00091,metal,6,-38.534175872802734,0.7666663527488708
full_noisy_z_t,681,metal__metal.00091,metal,6,1.6155505180358887,-34.66152572631836
full_noisy_z_t,682,metal__metal.00091,metal,6,1.8956506252288818,-25.6392765045166
full_noisy_z_t,683,metal__metal.00091,metal,6,-5.099014759063721,-25.421417236328125
full_noisy_z_t,684,metal__metal.00091,metal,6,-0.5931594371795654,-27.306554794311523
full_noisy_z_t,685,metal__metal.00091,metal,6,1.5626752376556396,-27.108678817749023
full_noisy_z_t,686,metal__metal.00092,metal,6,7.853140354156494,-52.36544418334961
full_noisy_z_t,687,metal__metal.00092,metal,6,8.832306861877441,-51.072147369384766
full_noisy_z_t,688,metal__metal.00092,metal,6,6.077496528625488,-50.678253173828125
full_noisy_z_t,689,metal__metal.00092,metal,6,2.0338315963745117,-39.54119873046875
full_noisy_z_t,690,metal__metal.00092,metal,6,5.85865592956543,-48.83070373535156
full_noisy_z_t,691,metal__metal.00092,metal,6,9.201509475708008,-53.55198669433594
full_noisy_z_t,692,metal__metal.00096,metal,6,10.081792831420898,-51.16726303100586
full_noisy_z_t,693,metal__metal.00096,metal,6,13.608320236206055,-53.70475769042969
full_noisy_z_t,694,metal__metal.00097,metal,6,-42.69341278076172,2.963992118835449
full_noisy_z_t,695,metal__metal.00097,metal,6,-39.09272766113281,5.440828323364258
full_noisy_z_t,696,metal__metal.00097,metal,6,12.462663650512695,-54.12992477416992
full_noisy_z_t,697,metal__metal.00097,metal,6,14.633554458618164,-55.55272674560547
full_noisy_z_t,698,metal__metal.00097,metal,6,14.466172218322754,-58.67320251464844
full_noisy_z_t,699,metal__metal.00097,metal,6,14.149492263793945,-57.72454071044922
full_noisy_z_t,700,pop__pop.00003,pop,7,27.658924102783203,-15.19738483428955
full_noisy_z_t,701,pop__pop.00003,pop,7,-6.192667007446289,11.95566177368164
full_noisy_z_t,702,pop__pop.00003,pop,7,29.123565673828125,-13.305327415466309
full_noisy_z_t,703,pop__pop.00003,pop,7,23.75288963317871,-23.86549186706543
full_noisy_z_t,704,pop__pop.00003,pop,7,28.37791633605957,-14.75145149230957
full_noisy_z_t,705,pop__pop.00003,pop,7,46.05935287475586,6.448950290679932
full_noisy_z_t,706,pop__pop.00003,pop,7,29.098705291748047,-14.382966041564941
full_noisy_z_t,707,pop__pop.00007,pop,7,25.310754776000977,-16.954397201538086
full_noisy_z_t,708,pop__pop.00007,pop,7,21.860910415649414,-9.788983345031738
full_noisy_z_t,709,pop__pop.00007,pop,7,26.389089584350586,-25.225833892822266
full_noisy_z_t,710,pop__pop.00007,pop,7,25.29836654663086,-24.61467933654785
full_noisy_z_t,711,pop__pop.00007,pop,7,25.100643157958984,-23.574045181274414
full_noisy_z_t,712,pop__pop.00007,pop,7,-32.7108154296875,-16.93692970275879
full_noisy_z_t,713,pop__pop.00007,pop,7,-29.926944732666016,-17.20357894897461
full_noisy_z_t,714,pop__pop.00007,pop,7,-32.84501647949219,-17.99907875061035
full_noisy_z_t,715,pop__pop.00015,pop,7,24.811275482177734,-22.13041877746582
full_noisy_z_t,716,pop__pop.00015,pop,7,26.228519439697266,-17.922584533691406
full_noisy_z_t,717,pop__pop.00015,pop,7,23.861347198486328,-20.88453483581543
full_noisy_z_t,718,pop__pop.00015,pop,7,24.13839340209961,-22.006105422973633
full_noisy_z_t,719,pop__pop.00015,pop,7,26.243776321411133,-20.29452896118164
full_noisy_z_t,720,pop__pop.00015,pop,7,26.227975845336914,-23.352354049682617
full_noisy_z_t,721,pop__pop.00021,pop,7,27.501893997192383,-18.39874839782715
full_noisy_z_t,722,pop__pop.00021,pop,7,26.40097999572754,-24.114225387573242
full_noisy_z_t,723,pop__pop.00021,pop,7,26.29895782470703,-21.077417373657227
full_noisy_z_t,724,pop__pop.00021,pop,7,23.37073516845703,-19.27984619140625
full_noisy_z_t,725,pop__pop.00021,pop,7,23.854185104370117,-22.62607192993164
full_noisy_z_t,726,pop__pop.00021,pop,7,25.656984329223633,-20.676002502441406
full_noisy_z_t,727,pop__pop.00021,pop,7,26.861875534057617,-18.34413719177246
full_noisy_z_t,728,pop__pop.00021,pop,7,24.86487579345703,-20.980937957763672
full_noisy_z_t,729,pop__pop.00028,pop,7,29.676467895507812,-16.837265014648438
full_noisy_z_t,730,pop__pop.00028,pop,7,25.453384399414062,-19.792831420898438
full_noisy_z_t,731,pop__pop.00028,pop,7,26.992467880249023,-16.065189361572266
full_noisy_z_t,732,pop__pop.00028,pop,7,27.287656784057617,-22.107805252075195
full_noisy_z_t,733,pop__pop.00028,pop,7,26.628864288330078,-21.537158966064453
full_noisy_z_t,734,pop__pop.00028,pop,7,26.342824935913086,-22.242944717407227
full_noisy_z_t,735,pop__pop.00029,pop,7,24.86069679260254,-13.007194519042969
full_noisy_z_t,736,pop__pop.00029,pop,7,27.208999633789062,-17.58587646484375
full_noisy_z_t,737,pop__pop.00029,pop,7,22.821529388427734,-9.475787162780762
full_noisy_z_t,738,pop__pop.00029,pop,7,28.191450119018555,-13.524113655090332
full_noisy_z_t,739,pop__pop.00029,pop,7,25.469970703125,-22.525005340576172
full_noisy_z_t,740,pop__pop.00029,pop,7,27.452869415283203,-20.418241500854492
full_noisy_z_t,741,pop__pop.00029,pop,7,28.42915916442871,-18.360252380371094
full_noisy_z_t,742,pop__pop.00029,pop,7,24.0185604095459,-17.7193603515625
full_noisy_z_t,743,pop__pop.00033,pop,7,23.465085983276367,-21.557825088500977
full_noisy_z_t,744,pop__pop.00033,pop,7,22.936843872070312,-23.06686019897461
full_noisy_z_t,745,pop__pop.00033,pop,7,42.81138610839844,10.78432846069336
full_noisy_z_t,746,pop__pop.00033,pop,7,43.187286376953125,8.442469596862793
full_noisy_z_t,747,pop__pop.00033,pop,7,29.616317749023438,-14.42261791229248
full_noisy_z_t,748,pop__pop.00033,pop,7,-9.439024925231934,18.464651107788086
full_noisy_z_t,749,pop__pop.00033,pop,7,8.15057373046875,-27.174657821655273
full_noisy_z_t,750,pop__pop.00033,pop,7,8.12489128112793,-27.551528930664062
full_noisy_z_t,751,pop__pop.00034,pop,7,26.08452033996582,-19.506591796875
full_noisy_z_t,752,pop__pop.00034,pop,7,29.02709197998047,-17.67759895324707
full_noisy_z_t,753,pop__pop.00034,pop,7,28.89838409423828,-13.920822143554688
full_noisy_z_t,754,pop__pop.00034,pop,7,28.011220932006836,-22.196189880371094
full_noisy_z_t,755,pop__pop.00034,pop,7,26.204177856445312,-20.020570755004883
full_noisy_z_t,756,pop__pop.00034,pop,7,27.977121353149414,-22.907304763793945
full_noisy_z_t,757,pop__pop.00034,pop,7,26.138391494750977,-18.673118591308594
full_noisy_z_t,758,pop__pop.00035,pop,7,28.104780197143555,-21.304807662963867
full_noisy_z_t,759,pop__pop.00035,pop,7,27.020919799804688,-23.041704177856445
full_noisy_z_t,760,pop__pop.00035,pop,7,28.33403205871582,-23.722614288330078
full_noisy_z_t,761,pop__pop.00035,pop,7,24.683835983276367,-23.37179183959961
full_noisy_z_t,762,pop__pop.00035,pop,7,25.470256805419922,-18.743968963623047
full_noisy_z_t,763,pop__pop.00038,pop,7,28.204639434814453,-12.864797592163086
full_noisy_z_t,764,pop__pop.00038,pop,7,27.329755783081055,-16.607606887817383
full_noisy_z_t,765,pop__pop.00038,pop,7,24.18187713623047,-12.000004768371582
full_noisy_z_t,766,pop__pop.00038,pop,7,28.783002853393555,-23.215835571289062
full_noisy_z_t,767,pop__pop.00039,pop,7,25.110273361206055,-19.5838623046875
full_noisy_z_t,768,pop__pop.00039,pop,7,28.102514266967773,-20.841039657592773
full_noisy_z_t,769,pop__pop.00039,pop,7,27.3403377532959,-21.20268440246582
full_noisy_z_t,770,pop__pop.00039,pop,7,24.516733169555664,-20.03982925415039
full_noisy_z_t,771,pop__pop.00039,pop,7,23.508485794067383,-19.156780242919922
full_noisy_z_t,772,pop__pop.00039,pop,7,26.764360427856445,-19.103351593017578
full_noisy_z_t,773,pop__pop.00039,pop,7,26.058773040771484,-17.283946990966797
full_noisy_z_t,774,pop__pop.00039,pop,7,26.92793083190918,-20.805294036865234
full_noisy_z_t,775,pop__pop.00045,pop,7,43.05367660522461,14.414582252502441
full_noisy_z_t,776,pop__pop.00045,pop,7,14.396320343017578,-6.107518672943115
full_noisy_z_t,777,pop__pop.00045,pop,7,22.533615112304688,-10.512787818908691
full_noisy_z_t,778,pop__pop.00045,pop,7,42.3617057800293,11.648296356201172
full_noisy_z_t,779,pop__pop.00045,pop,7,23.409162521362305,-14.074926376342773
full_noisy_z_t,780,pop__pop.00049,pop,7,27.055349349975586,-19.3834285736084
full_noisy_z_t,781,pop__pop.00049,pop,7,25.546855926513672,-21.53346061706543
full_noisy_z_t,782,pop__pop.00049,pop,7,22.74850845336914,-24.501569747924805
full_noisy_z_t,783,pop__pop.00049,pop,7,22.402952194213867,-21.3161678314209
full_noisy_z_t,784,pop__pop.00049,pop,7,24.050134658813477,-18.936002731323242
full_noisy_z_t,785,pop__pop.00049,pop,7,26.043004989624023,-16.2094783782959
full_noisy_z_t,786,pop__pop.00049,pop,7,23.72738265991211,-17.53925895690918
full_noisy_z_t,787,pop__pop.00079,pop,7,-2.0281858444213867,-26.707948684692383
full_noisy_z_t,788,pop__pop.00079,pop,7,-0.22493648529052734,-8.47571849822998
full_noisy_z_t,789,pop__pop.00079,pop,7,-1.9144245386123657,-24.08380889892578
full_noisy_z_t,790,pop__pop.00079,pop,7,-5.572610855102539,-22.579872131347656
full_noisy_z_t,791,pop__pop.00081,pop,7,-18.57493782043457,-20.384828567504883
full_noisy_z_t,792,pop__pop.00081,pop,7,-26.596595764160156,-17.594362258911133
full_noisy_z_t,793,pop__pop.00081,pop,7,-24.668941497802734,-14.779651641845703
full_noisy_z_t,794,pop__pop.00081,pop,7,-29.0974178314209,-15.422883033752441
full_noisy_z_t,795,pop__pop.00081,pop,7,-29.849124908447266,-14.006778717041016
full_noisy_z_t,796,pop__pop.00081,pop,7,-24.574817657470703,-15.909419059753418
full_noisy_z_t,797,pop__pop.00081,pop,7,-26.699085235595703,-13.64855670928955
full_noisy_z_t,798,pop__pop.00081,pop,7,-20.38385772705078,-17.355121612548828
full_noisy_z_t,799,pop__pop.00081,pop,7,-30.374473571777344,-14.743990898132324
full_noisy_z_t,800,reggae__reggae.00029,reggae,8,12.323965072631836,-5.299882411956787
full_noisy_z_t,801,reggae__reggae.00029,reggae,8,15.117280960083008,-2.1517467498779297
full_noisy_z_t,802,reggae__reggae.00029,reggae,8,16.529924392700195,-4.857677459716797
full_noisy_z_t,803,reggae__reggae.00029,reggae,8,12.163901329040527,-3.6167242527008057
full_noisy_z_t,804,reggae__reggae.00029,reggae,8,20.029743194580078,-0.6445586681365967
full_noisy_z_t,805,reggae__reggae.00029,reggae,8,13.506266593933105,1.3939554691314697
full_noisy_z_t,806,reggae__reggae.00029,reggae,8,18.166105270385742,0.28332844376564026
full_noisy_z_t,807,reggae__reggae.00029,reggae,8,16.56134033203125,-0.3109045922756195
full_noisy_z_t,808,reggae__reggae.00029,reggae,8,21.418411254882812,1.106964349746704
full_noisy_z_t,809,reggae__reggae.00029,reggae,8,20.256675720214844,2.5535783767700195
full_noisy_z_t,810,reggae__reggae.00034,reggae,8,17.12360382080078,-2.45979642868042
full_noisy_z_t,811,reggae__reggae.00034,reggae,8,13.231646537780762,-5.287419319152832
full_noisy_z_t,812,reggae__reggae.00034,reggae,8,13.961495399475098,-1.615289330482483
full_noisy_z_t,813,reggae__reggae.00034,reggae,8,14.949095726013184,-3.6899192333221436
full_noisy_z_t,814,reggae__reggae.00034,reggae,8,14.330827713012695,-1.5055346488952637
full_noisy_z_t,815,reggae__reggae.00034,reggae,8,15.75246810913086,-2.5826237201690674
full_noisy_z_t,816,reggae__reggae.00034,reggae,8,12.600646018981934,-3.3946149349212646
full_noisy_z_t,817,reggae__reggae.00034,reggae,8,12.061788558959961,-6.811936855316162
full_noisy_z_t,818,reggae__reggae.00035,reggae,8,18.00640106201172,-2.318573236465454
full_noisy_z_t,819,reggae__reggae.00035,reggae,8,16.619050979614258,-4.15900182723999
full_noisy_z_t,820,reggae__reggae.00035,reggae,8,14.35627555847168,-3.9828035831451416
full_noisy_z_t,821,reggae__reggae.00035,reggae,8,16.722187042236328,-3.1718556880950928
full_noisy_z_t,822,reggae__reggae.00035,reggae,8,14.380426406860352,-0.4896429181098938
full_noisy_z_t,823,reggae__reggae.00035,reggae,8,14.420315742492676,-3.0769424438476562
full_noisy_z_t,824,reggae__reggae.00035,reggae,8,15.180367469787598,-5.408280849456787
full_noisy_z_t,825,reggae__reggae.00040,reggae,8,-0.4526960253715515,-7.40122127532959
full_noisy_z_t,826,reggae__reggae.00040,reggae,8,-1.232437252998352,-26.165882110595703
full_noisy_z_t,827,reggae__reggae.00040,reggae,8,-2.9499032497406006,-23.9003963470459
full_noisy_z_t,828,reggae__reggae.00040,reggae,8,0.5593234896659851,-29.63127899169922
full_noisy_z_t,829,reggae__reggae.00040,reggae,8,1.4438116550445557,-8.681353569030762
full_noisy_z_t,830,reggae__reggae.00040,reggae,8,0.2844426929950714,-7.201643943786621
full_noisy_z_t,831,reggae__reggae.00040,reggae,8,0.5608071684837341,-6.319504737854004
full_noisy_z_t,832,reggae__reggae.00040,reggae,8,7.145936489105225,-6.498456954956055
full_noisy_z_t,833,reggae__reggae.00047,reggae,8,10.727653503417969,-5.16248893737793
full_noisy_z_t,834,reggae__reggae.00047,reggae,8,19.1049747467041,0.8287751078605652
full_noisy_z_t,835,reggae__reggae.00047,reggae,8,20.03821563720703,0.623479962348938
full_noisy_z_t,836,reggae__reggae.00047,reggae,8,21.680660247802734,2.0659658908843994
full_noisy_z_t,837,reggae__reggae.00047,reggae,8,19.28605079650879,0.15827541053295135
full_noisy_z_t,838,reggae__reggae.00049,reggae,8,-0.1108856126666069,-25.048316955566406
full_noisy_z_t,839,reggae__reggae.00049,reggae,8,17.119586944580078,-6.866596221923828
full_noisy_z_t,840,reggae__reggae.00049,reggae,8,6.040584564208984,-6.547415733337402
full_noisy_z_t,841,reggae__reggae.00049,reggae,8,-1.9146891832351685,-25.817270278930664
full_noisy_z_t,842,reggae__reggae.00049,reggae,8,-2.0313467979431152,-25.48001480102539
full_noisy_z_t,843,reggae__reggae.00049,reggae,8,-0.23590973019599915,-25.785587310791016
full_noisy_z_t,844,reggae__reggae.00049,reggae,8,-1.06212317943573,-26.58662986755371
full_noisy_z_t,845,reggae__reggae.00062,reggae,8,13.574002265930176,-1.2070266008377075
full_noisy_z_t,846,reggae__reggae.00062,reggae,8,15.977385520935059,0.5809143781661987
full_noisy_z_t,847,reggae__reggae.00062,reggae,8,19.518428802490234,1.8148400783538818
full_noisy_z_t,848,reggae__reggae.00062,reggae,8,18.38152503967285,2.7834789752960205
full_noisy_z_t,849,reggae__reggae.00062,reggae,8,16.661930084228516,-1.0140321254730225
full_noisy_z_t,850,reggae__reggae.00062,reggae,8,14.60250186920166,1.2655081748962402
full_noisy_z_t,851,reggae__reggae.00062,reggae,8,13.661511421203613,0.4510650932788849
full_noisy_z_t,852,reggae__reggae.00062,reggae,8,15.503604888916016,-0.2972160577774048
full_noisy_z_t,853,reggae__reggae.00062,reggae,8,18.829872131347656,-0.34828269481658936
full_noisy_z_t,854,reggae__reggae.00064,reggae,8,13.79952621459961,-2.664536237716675
full_noisy_z_t,855,reggae__reggae.00064,reggae,8,22.64161491394043,-8.868339538574219
full_noisy_z_t,856,reggae__reggae.00064,reggae,8,13.786741256713867,-4.6584930419921875
full_noisy_z_t,857,reggae__reggae.00064,reggae,8,21.228269577026367,-8.82099723815918
full_noisy_z_t,858,reggae__reggae.00064,reggae,8,28.416948318481445,-25.3729248046875
full_noisy_z_t,859,reggae__reggae.00064,reggae,8,28.600929260253906,-24.374597549438477
full_noisy_z_t,860,reggae__reggae.00065,reggae,8,15.367354393005371,-1.3437718152999878
full_noisy_z_t,861,reggae__reggae.00065,reggae,8,15.164226531982422,-2.751375913619995
full_noisy_z_t,862,reggae__reggae.00065,reggae,8,11.29661750793457,-3.8685686588287354
full_noisy_z_t,863,reggae__reggae.00065,reggae,8,14.316058158874512,-2.445783853530884
full_noisy_z_t,864,reggae__reggae.00065,reggae,8,13.383496284484863,-2.0077638626098633
full_noisy_z_t,865,reggae__reggae.00065,reggae,8,18.70667266845703,1.6972880363464355
full_noisy_z_t,866,reggae__reggae.00065,reggae,8,20.630340576171875,1.0017579793930054
full_noisy_z_t,867,reggae__reggae.00065,reggae,8,20.73491096496582,1.3382683992385864
full_noisy_z_t,868,reggae__reggae.00071,reggae,8,15.874861717224121,-5.761379718780518
full_noisy_z_t,869,reggae__reggae.00071,reggae,8,13.318096160888672,-3.8985724449157715
full_noisy_z_t,870,reggae__reggae.00071,reggae,8,11.730594635009766,-4.490860939025879
full_noisy_z_t,871,reggae__reggae.00071,reggae,8,12.68576431274414,-4.260305881500244
full_noisy_z_t,872,reggae__reggae.00076,reggae,8,42.59768295288086,10.168219566345215
full_noisy_z_t,873,reggae__reggae.00076,reggae,8,45.456993103027344,9.30589485168457
full_noisy_z_t,874,reggae__reggae.00076,reggae,8,46.79254150390625,14.6307954788208
full_noisy_z_t,875,reggae__reggae.00076,reggae,8,17.06499481201172,1.8444253206253052
full_noisy_z_t,876,reggae__reggae.00076,reggae,8,40.799888610839844,8.975752830505371
full_noisy_z_t,877,reggae__reggae.00090,reggae,8,14.96841049194336,0.46611714363098145
full_noisy_z_t,878,reggae__reggae.00090,reggae,8,18.361188888549805,1.0061904191970825
full_noisy_z_t,879,reggae__reggae.00090,reggae,8,16.03403663635254,-4.718806743621826
full_noisy_z_t,880,reggae__reggae.00090,reggae,8,17.455440521240234,-5.133153915405273
full_noisy_z_t,881,reggae__reggae.00090,reggae,8,17.47925567626953,1.5516184568405151
full_noisy_z_t,882,reggae__reggae.00090,reggae,8,17.9329776763916,-3.5516297817230225
full_noisy_z_t,883,reggae__reggae.00090,reggae,8,15.003294944763184,-0.4820178747177124
full_noisy_z_t,884,reggae__reggae.00091,reggae,8,16.23792266845703,-3.848128080368042
full_noisy_z_t,885,reggae__reggae.00091,reggae,8,16.569223403930664,3.7139081954956055
full_noisy_z_t,886,reggae__reggae.00091,reggae,8,16.452030181884766,1.1384167671203613
full_noisy_z_t,887,reggae__reggae.00091,reggae,8,19.019672393798828,-1.3493249416351318
full_noisy_z_t,888,reggae__reggae.00091,reggae,8,17.739938735961914,-4.048365116119385
full_noisy_z_t,889,reggae__reggae.00092,reggae,8,19.065168380737305,-2.495539903640747
full_noisy_z_t,890,reggae__reggae.00092,reggae,8,17.135051727294922,-0.9227869510650635
full_noisy_z_t,891,reggae__reggae.00092,reggae,8,13.673323631286621,-0.28806889057159424
full_noisy_z_t,892,reggae__reggae.00092,reggae,8,15.70701789855957,2.38488507270813
full_noisy_z_t,893,reggae__reggae.00092,reggae,8,14.514453887939453,-4.880742073059082
full_noisy_z_t,894,reggae__reggae.00092,reggae,8,15.717455863952637,-1.5284799337387085
full_noisy_z_t,895,reggae__reggae.00092,reggae,8,15.778054237365723,-1.6973100900650024
full_noisy_z_t,896,reggae__reggae.00092,reggae,8,16.791013717651367,-2.001286029815674
full_noisy_z_t,897,reggae__reggae.00092,reggae,8,15.470953941345215,-3.5831315517425537
full_noisy_z_t,898,reggae__reggae.00092,reggae,8,40.10403060913086,9.285326957702637
full_noisy_z_t,899,reggae__reggae.00092,reggae,8,17.272111892700195,0.3351088762283325
full_noisy_z_t,900,rock__rock.00000,rock,9,15.876174926757812,-56.47909927368164
full_noisy_z_t,901,rock__rock.00000,rock,9,5.148279666900635,-47.46871566772461
full_noisy_z_t,902,rock__rock.00000,rock,9,3.1416029930114746,-42.31279754638672
full_noisy_z_t,903,rock__rock.00000,rock,9,1.0175682306289673,-22.91513442993164
full_noisy_z_t,904,rock__rock.00000,rock,9,-2.3823471069335938,-27.411039352416992
full_noisy_z_t,905,rock__rock.00000,rock,9,2.4929749965667725,-31.839778900146484
full_noisy_z_t,906,rock__rock.00000,rock,9,1.0485156774520874,-28.82319450378418
full_noisy_z_t,907,rock__rock.00000,rock,9,1.5987029075622559,-27.8480224609375
full_noisy_z_t,908,rock__rock.00000,rock,9,1.530192255973816,-24.322683334350586
full_noisy_z_t,909,rock__rock.00003,rock,9,-0.6993381977081299,-21.0955753326416
full_noisy_z_t,910,rock__rock.00003,rock,9,-37.28591537475586,11.950752258300781
full_noisy_z_t,911,rock__rock.00003,rock,9,-0.7046725153923035,-23.0428409576416
full_noisy_z_t,912,rock__rock.00003,rock,9,-37.59862518310547,13.939306259155273
full_noisy_z_t,913,rock__rock.00003,rock,9,-38.396209716796875,4.79859733581543
full_noisy_z_t,914,rock__rock.00003,rock,9,-40.17998504638672,0.8502047657966614
full_noisy_z_t,915,rock__rock.00008,rock,9,3.75307035446167,-44.82002639770508
full_noisy_z_t,916,rock__rock.00008,rock,9,3.4130373001098633,-44.527313232421875
full_noisy_z_t,917,rock__rock.00008,rock,9,3.4503281116485596,-45.260986328125
full_noisy_z_t,918,rock__rock.00008,rock,9,2.3045332431793213,-42.9534797668457
full_noisy_z_t,919,rock__rock.00008,rock,9,1.5866843461990356,-36.69502639770508
full_noisy_z_t,920,rock__rock.00008,rock,9,3.1978495121002197,-29.221832275390625
full_noisy_z_t,921,rock__rock.00008,rock,9,3.455595016479492,-43.2201042175293
full_noisy_z_t,922,rock__rock.00032,rock,9,-10.70493221282959,-18.659608840942383
full_noisy_z_t,923,rock__rock.00032,rock,9,4.015695095062256,-29.667449951171875
full_noisy_z_t,924,rock__rock.00034,rock,9,-32.78226852416992,-18.137954711914062
full_noisy_z_t,925,rock__rock.00034,rock,9,-33.144508361816406,-15.170380592346191
full_noisy_z_t,926,rock__rock.00034,rock,9,-27.91572380065918,-18.713056564331055
full_noisy_z_t,927,rock__rock.00034,rock,9,-28.07913589477539,-13.518588066101074
full_noisy_z_t,928,rock__rock.00034,rock,9,-18.730266571044922,-18.639266967773438
full_noisy_z_t,929,rock__rock.00034,rock,9,-10.426098823547363,9.71204948425293
full_noisy_z_t,930,rock__rock.00039,rock,9,-0.4317896366119385,-28.26898193359375
full_noisy_z_t,931,rock__rock.00039,rock,9,2.533771514892578,-28.730634689331055
full_noisy_z_t,932,rock__rock.00039,rock,9,0.3820040225982666,-28.429019927978516
full_noisy_z_t,933,rock__rock.00039,rock,9,4.205761432647705,-27.701204299926758
full_noisy_z_t,934,rock__rock.00044,rock,9,-30.625789642333984,-17.214815139770508
full_noisy_z_t,935,rock__rock.00044,rock,9,-28.07856559753418,-17.52744483947754
full_noisy_z_t,936,rock__rock.00044,rock,9,6.7767157554626465,-26.98476219177246
full_noisy_z_t,937,rock__rock.00044,rock,9,2.667497396469116,-31.238494873046875
full_noisy_z_t,938,rock__rock.00044,rock,9,2.851118326187134,-28.067167282104492
full_noisy_z_t,939,rock__rock.00044,rock,9,3.5152018070220947,-28.264602661132812
full_noisy_z_t,940,rock__rock.00044,rock,9,3.2746424674987793,-27.087726593017578
full_noisy_z_t,941,rock__rock.00048,rock,9,3.9093825817108154,-31.718738555908203
full_noisy_z_t,942,rock__rock.00048,rock,9,3.586916923522949,-30.79772186279297
full_noisy_z_t,943,rock__rock.00048,rock,9,2.715679407119751,-34.14654541015625
full_noisy_z_t,944,rock__rock.00048,rock,9,3.134237766265869,-35.44392395019531
full_noisy_z_t,945,rock__rock.00048,rock,9,3.6736526489257812,-32.729034423828125
full_noisy_z_t,946,rock__rock.00048,rock,9,1.6425020694732666,-32.59504318237305
full_noisy_z_t,947,rock__rock.00048,rock,9,0.03874604403972626,-32.43919372558594
full_noisy_z_t,948,rock__rock.00049,rock,9,-28.59065055847168,-16.017358779907227
full_noisy_z_t,949,rock__rock.00049,rock,9,-30.571630477905273,-16.093685150146484
full_noisy_z_t,950,rock__rock.00049,rock,9,-30.068279266357422,-15.156112670898438
full_noisy_z_t,951,rock__rock.00049,rock,9,-31.798913955688477,-15.373385429382324
full_noisy_z_t,952,rock__rock.00049,rock,9,-29.812158584594727,-13.605870246887207
full_noisy_z_t,953,rock__rock.00049,rock,9,-30.997236251831055,-18.174489974975586
full_noisy_z_t,954,rock__rock.00049,rock,9,-34.52809143066406,-16.511981964111328
full_noisy_z_t,955,rock__rock.00049,rock,9,-36.02207565307617,-15.93333625793457
full_noisy_z_t,956,rock__rock.00049,rock,9,7.986209869384766,-26.908052444458008
full_noisy_z_t,957,rock__rock.00049,rock,9,1.9615750312805176,-29.73767852783203
full_noisy_z_t,958,rock__rock.00050,rock,9,-4.562058448791504,-24.821481704711914
full_noisy_z_t,959,rock__rock.00050,rock,9,29.016916275024414,-25.6381893157959
full_noisy_z_t,960,rock__rock.00050,rock,9,-36.48017120361328,-15.936663627624512
full_noisy_z_t,961,rock__rock.00050,rock,9,-9.228789329528809,13.78270149230957
full_noisy_z_t,962,rock__rock.00050,rock,9,-33.8586311340332,-15.714253425598145
full_noisy_z_t,963,rock__rock.00050,rock,9,-25.62128448486328,-17.72952651977539
full_noisy_z_t,964,rock__rock.00050,rock,9,-23.042720794677734,-18.16102409362793
full_noisy_z_t,965,rock__rock.00050,rock,9,-35.46946334838867,-15.939371109008789
full_noisy_z_t,966,rock__rock.00054,rock,9,5.234576225280762,-27.667736053466797
full_noisy_z_t,967,rock__rock.00054,rock,9,-1.2059253454208374,-27.86474609375
full_noisy_z_t,968,rock__rock.00054,rock,9,-21.580129623413086,-19.204177856445312
full_noisy_z_t,969,rock__rock.00054,rock,9,-22.39582061767578,-17.082550048828125
full_noisy_z_t,970,rock__rock.00054,rock,9,-29.68694305419922,-12.985016822814941
full_noisy_z_t,971,rock__rock.00054,rock,9,-20.522798538208008,-20.886436462402344
full_noisy_z_t,972,rock__rock.00054,rock,9,6.337406635284424,-23.033472061157227
full_noisy_z_t,973,rock__rock.00054,rock,9,-15.54934024810791,-20.816593170166016
full_noisy_z_t,974,rock__rock.00054,rock,9,-25.749521255493164,-16.088045120239258
full_noisy_z_t,975,rock__rock.00054,rock,9,6.095938205718994,-26.926410675048828
full_noisy_z_t,976,rock__rock.00080,rock,9,2.4268600940704346,-27.370872497558594
full_noisy_z_t,977,rock__rock.00080,rock,9,2.5508038997650146,-30.29567527770996
full_noisy_z_t,978,rock__rock.00080,rock,9,1.8912911415100098,-34.55503463745117
full_noisy_z_t,979,rock__rock.00080,rock,9,2.7277960777282715,-23.99052619934082
full_noisy_z_t,980,rock__rock.00080,rock,9,2.3837625980377197,-41.81118392944336
full_noisy_z_t,981,rock__rock.00085,rock,9,2.842155694961548,-25.32985496520996
full_noisy_z_t,982,rock__rock.00085,rock,9,-7.009456634521484,-21.834815979003906
full_noisy_z_t,983,rock__rock.00085,rock,9,0.6937311291694641,-26.994173049926758
full_noisy_z_t,984,rock__rock.00085,rock,9,-5.299332618713379,-24.705747604370117
full_noisy_z_t,985,rock__rock.00085,rock,9,0.44810807704925537,-30.32897186279297
full_noisy_z_t,986,rock__rock.00085,rock,9,-30.914165496826172,-14.171562194824219
full_noisy_z_t,987,rock__rock.00086,rock,9,8.554009437561035,-54.8659782409668
full_noisy_z_t,988,rock__rock.00086,rock,9,-0.9525775909423828,-24.408416748046875
full_noisy_z_t,989,rock__rock.00086,rock,9,0.02653304673731327,-29.38705825805664
full_noisy_z_t,990,rock__rock.00086,rock,9,-2.9724409580230713,-26.311689376831055
full_noisy_z_t,991,rock__rock.00092,rock,9,0.9598867893218994,-35.0382080078125
full_noisy_z_t,992,rock__rock.00092,rock,9,1.4209455251693726,-35.49090576171875
full_noisy_z_t,993,rock__rock.00092,rock,9,1.031485676765442,-31.476205825805664
full_noisy_z_t,994,rock__rock.00092,rock,9,1.579743504524231,-31.62657356262207
full_noisy_z_t,995,rock__rock.00092,rock,9,0.8580599427223206,-33.292442321777344
full_noisy_z_t,996,rock__rock.00092,rock,9,0.8347482085227966,-32.34665298461914
full_noisy_z_t,997,rock__rock.00092,rock,9,2.568094491958618,-32.691139221191406
full_noisy_z_t,998,rock__rock.00092,rock,9,0.3675764799118042,-35.72068405151367
full_noisy_z_t,999,rock__rock.00092,rock,9,1.1696689128875732,-33.96335220336914
full_denoised_z_hat,0,blues__blues.00000,blues,0,-40.999507904052734,7.63215970993042
full_denoised_z_hat,1,blues__blues.00000,blues,0,-1.7783945798873901,-23.06682014465332
full_denoised_z_hat,2,blues__blues.00000,blues,0,4.360078811645508,-6.772949695587158
full_denoised_z_hat,3,blues__blues.00000,blues,0,-4.481595516204834,-29.40932273864746
full_denoised_z_hat,4,blues__blues.00000,blues,0,-3.0198869705200195,-27.974599838256836
full_denoised_z_hat,5,blues__blues.00000,blues,0,-3.092827796936035,-29.30052947998047
full_denoised_z_hat,6,blues__blues.00000,blues,0,-4.527340888977051,-30.037508010864258
full_denoised_z_hat,7,blues__blues.00001,blues,0,-8.836363792419434,-19.715600967407227
full_denoised_z_hat,8,blues__blues.00001,blues,0,-9.527750968933105,-20.5395450592041
full_denoised_z_hat,9,blues__blues.00001,blues,0,-39.90327072143555,4.790268898010254
full_denoised_z_hat,10,blues__blues.00001,blues,0,-1.323702335357666,-23.459510803222656
full_denoised_z_hat,11,blues__blues.00001,blues,0,-34.50890350341797,0.9349834322929382
full_denoised_z_hat,12,blues__blues.00001,blues,0,-41.30744934082031,7.8839521408081055
full_denoised_z_hat,13,blues__blues.00001,blues,0,-44.11832809448242,9.553272247314453
full_denoised_z_hat,14,blues__blues.00009,blues,0,-39.38661193847656,10.843457221984863
full_denoised_z_hat,15,blues__blues.00009,blues,0,-45.20745849609375,8.090495109558105
full_denoised_z_hat,16,blues__blues.00009,blues,0,-38.918785095214844,12.625374794006348
full_denoised_z_hat,17,blues__blues.00009,blues,0,-38.50014114379883,13.172624588012695
full_denoised_z_hat,18,blues__blues.00009,blues,0,-39.10577392578125,12.336217880249023
full_denoised_z_hat,19,blues__blues.00009,blues,0,-43.10773849487305,9.964410781860352
full_denoised_z_hat,20,blues__blues.00009,blues,0,-34.787628173828125,0.7954028844833374
full_denoised_z_hat,21,blues__blues.00009,blues,0,-27.194122314453125,39.479591369628906
full_denoised_z_hat,22,blues__blues.00009,blues,0,-24.4261417388916,37.59796905517578
full_denoised_z_hat,23,blues__blues.00011,blues,0,-0.4113963544368744,-7.953723907470703
full_denoised_z_hat,24,blues__blues.00011,blues,0,-43.60390090942383,8.182857513427734
full_denoised_z_hat,25,blues__blues.00011,blues,0,1.256349802017212,-8.562789916992188
full_denoised_z_hat,26,blues__blues.00011,blues,0,-9.445825576782227,-19.863115310668945
full_denoised_z_hat,27,blues__blues.00011,blues,0,-34.48283386230469,0.6096529960632324
full_denoised_z_hat,28,blues__blues.00011,blues,0,-24.25900650024414,-14.470993995666504
full_denoised_z_hat,29,blues__blues.00011,blues,0,-39.981117248535156,4.732846260070801
full_denoised_z_hat,30,blues__blues.00031,blues,0,-44.43036651611328,8.574814796447754
full_denoised_z_hat,31,blues__blues.00031,blues,0,-43.95688247680664,7.421285152435303
full_denoised_z_hat,32,blues__blues.00031,blues,0,-43.732154846191406,7.334211826324463
full_denoised_z_hat,33,blues__blues.00031,blues,0,-43.13578796386719,7.506362438201904
full_denoised_z_hat,34,blues__blues.00034,blues,0,-42.184810638427734,8.600440979003906
full_denoised_z_hat,35,blues__blues.00034,blues,0,-43.426116943359375,6.483556270599365
full_denoised_z_hat,36,blues__blues.00034,blues,0,-43.9965705871582,7.53226375579834
full_denoised_z_hat,37,blues__blues.00034,blues,0,-40.721309661865234,4.743966102600098
full_denoised_z_hat,38,blues__blues.00034,blues,0,-44.12818145751953,7.994626522064209
full_denoised_z_hat,39,blues__blues.00034,blues,0,-40.68265914916992,6.271797180175781
full_denoised_z_hat,40,blues__blues.00039,blues,0,-46.02671813964844,9.768877983093262
full_denoised_z_hat,41,blues__blues.00039,blues,0,-47.0477180480957,10.547714233398438
full_denoised_z_hat,42,blues__blues.00039,blues,0,-47.20473861694336,10.593976020812988
full_denoised_z_hat,43,blues__blues.00039,blues,0,-43.29241180419922,7.223593711853027
full_denoised_z_hat,44,blues__blues.00039,blues,0,-44.29978942871094,7.809075355529785
full_denoised_z_hat,45,blues__blues.00052,blues,0,-38.22237777709961,2.0260534286499023
full_denoised_z_hat,46,blues__blues.00052,blues,0,-41.00366973876953,5.6306047439575195
full_denoised_z_hat,47,blues__blues.00052,blues,0,-43.94092559814453,8.518139839172363
full_denoised_z_hat,48,blues__blues.00052,blues,0,-42.29758834838867,5.025928974151611
full_denoised_z_hat,49,blues__blues.00052,blues,0,-38.92164611816406,2.3655307292938232
full_denoised_z_hat,50,blues__blues.00052,blues,0,-23.781251907348633,-14.85715389251709
full_denoised_z_hat,51,blues__blues.00054,blues,0,-42.850372314453125,4.480621337890625
full_denoised_z_hat,52,blues__blues.00054,blues,0,-42.87860107421875,4.48347282409668
full_denoised_z_hat,53,blues__blues.00054,blues,0,-45.606510162353516,5.929413795471191
full_denoised_z_hat,54,blues__blues.00054,blues,0,-40.7250862121582,3.329907178878784
full_denoised_z_hat,55,blues__blues.00054,blues,0,-44.5645751953125,0.8983979225158691
full_denoised_z_hat,56,blues__blues.00054,blues,0,-44.161136627197266,5.546834468841553
full_denoised_z_hat,57,blues__blues.00057,blues,0,-43.31930160522461,8.878071784973145
full_denoised_z_hat,58,blues__blues.00057,blues,0,-43.110877990722656,4.741064071655273
full_denoised_z_hat,59,blues__blues.00057,blues,0,-43.95109176635742,7.256993293762207
full_denoised_z_hat,60,blues__blues.00057,blues,0,-45.526023864746094,7.818338394165039
full_denoised_z_hat,61,blues__blues.00060,blues,0,-46.27423858642578,6.639402866363525
full_denoised_z_hat,62,blues__blues.00060,blues,0,-44.23334884643555,9.32620620727539
full_denoised_z_hat,63,blues__blues.00060,blues,0,-46.1486930847168,8.364449501037598
full_denoised_z_hat,64,blues__blues.00060,blues,0,-45.430458068847656,6.504292964935303
full_denoised_z_hat,65,blues__blues.00060,blues,0,-43.2170524597168,4.922574520111084
full_denoised_z_hat,66,blues__blues.00060,blues,0,-45.72455596923828,6.864469528198242
full_denoised_z_hat,67,blues__blues.00060,blues,0,-43.764041900634766,8.981873512268066
full_denoised_z_hat,68,blues__blues.00066,blues,0,-41.91563415527344,5.564870357513428
full_denoised_z_hat,69,blues__blues.00066,blues,0,-45.395973205566406,7.288712024688721
full_denoised_z_hat,70,blues__blues.00066,blues,0,-40.82163619995117,4.838964462280273
full_denoised_z_hat,71,blues__blues.00066,blues,0,-41.30462646484375,5.185067176818848
full_denoised_z_hat,72,blues__blues.00066,blues,0,-45.470699310302734,6.882388114929199
full_denoised_z_hat,73,blues__blues.00066,blues,0,-41.02278518676758,5.046334743499756
full_denoised_z_hat,74,blues__blues.00066,blues,0,-45.50279998779297,7.1157002449035645
full_denoised_z_hat,75,blues__blues.00066,blues,0,-43.46449279785156,7.0097503662109375
full_denoised_z_hat,76,blues__blues.00066,blues,0,-44.41949462890625,9.36439323425293
full_denoised_z_hat,77,blues__blues.00068,blues,0,-45.449153900146484,5.200403213500977
full_denoised_z_hat,78,blues__blues.00068,blues,0,-43.02796936035156,6.8661603927612305
full_denoised_z_hat,79,blues__blues.00068,blues,0,-45.53561782836914,7.560310363769531
full_denoised_z_hat,80,blues__blues.00068,blues,0,-44.83198928833008,7.750768184661865
full_denoised_z_hat,81,blues__blues.00068,blues,0,-44.422935485839844,9.309026718139648
full_denoised_z_hat,82,blues__blues.00068,blues,0,-42.7861213684082,8.59631633758545
full_denoised_z_hat,83,blues__blues.00068,blues,0,-44.59117126464844,9.571722984313965
full_denoised_z_hat,84,blues__blues.00070,blues,0,-4.416650772094727,-27.83119010925293
full_denoised_z_hat,85,blues__blues.00070,blues,0,-1.3974316120147705,-21.998992919921875
full_denoised_z_hat,86,blues__blues.00070,blues,0,-1.657752513885498,-22.939348220825195
full_denoised_z_hat,87,blues__blues.00070,blues,0,-38.218021392822266,3.537355899810791
full_denoised_z_hat,88,blues__blues.00070,blues,0,-38.22431945800781,4.012031555175781
full_denoised_z_hat,89,blues__blues.00070,blues,0,-1.2735379934310913,-21.77063751220703
full_denoised_z_hat,90,blues__blues.00070,blues,0,-7.581997394561768,-19.137617111206055
full_denoised_z_hat,91,blues__blues.00071,blues,0,-45.585147857666016,6.088240146636963
full_denoised_z_hat,92,blues__blues.00071,blues,0,-45.94541549682617,5.502715587615967
full_denoised_z_hat,93,blues__blues.00071,blues,0,-44.695655822753906,8.461301803588867
full_denoised_z_hat,94,blues__blues.00071,blues,0,-45.068321228027344,5.704646587371826
full_denoised_z_hat,95,blues__blues.00071,blues,0,-43.912113189697266,6.7193756103515625
full_denoised_z_hat,96,blues__blues.00071,blues,0,-45.4026985168457,5.287566661834717
full_denoised_z_hat,97,blues__blues.00071,blues,0,-45.630157470703125,7.326075077056885
full_denoised_z_hat,98,blues__blues.00071,blues,0,-43.05712890625,7.313689231872559
full_denoised_z_hat,99,blues__blues.00071,blues,0,-40.718597412109375,6.24840784072876
full_denoised_z_hat,100,classical__classical.00000,classical,1,16.07183265686035,47.02992248535156
full_denoised_z_hat,101,classical__classical.00000,classical,1,13.920098304748535,49.504180908203125
full_denoised_z_hat,102,classical__classical.00000,classical,1,13.947985649108887,46.52470779418945
full_denoised_z_hat,103,classical__classical.00000,classical,1,15.713167190551758,50.42206954956055
full_denoised_z_hat,104,classical__classical.00000,classical,1,14.223937034606934,48.34346008300781
full_denoised_z_hat,105,classical__classical.00000,classical,1,11.839496612548828,49.55255126953125
full_denoised_z_hat,106,classical__classical.00002,classical,1,16.10818862915039,46.67649459838867
full_denoised_z_hat,107,classical__classical.00002,classical,1,15.428478240966797,45.04740905761719
full_denoised_z_hat,108,classical__classical.00002,classical,1,16.422433853149414,50.199066162109375
full_denoised_z_hat,109,classical__classical.00006,classical,1,13.533785820007324,47.74889373779297
full_denoised_z_hat,110,classical__classical.00006,classical,1,12.90986442565918,45.843387603759766
full_denoised_z_hat,111,classical__classical.00006,classical,1,11.591131210327148,46.14674377441406
full_denoised_z_hat,112,classical__classical.00006,classical,1,14.745132446289062,47.77667236328125
full_denoised_z_hat,113,classical__classical.00006,classical,1,15.414685249328613,51.415985107421875
full_denoised_z_hat,114,classical__classical.00006,classical,1,11.480499267578125,46.88094711303711
full_denoised_z_hat,115,classical__classical.00006,classical,1,14.078697204589844,48.22687530517578
full_denoised_z_hat,116,classical__classical.00009,classical,1,14.14948558807373,51.41012191772461
full_denoised_z_hat,117,classical__classical.00009,classical,1,14.285264015197754,48.294822692871094
full_denoised_z_hat,118,classical__classical.00009,classical,1,16.17119598388672,45.15061950683594
full_denoised_z_hat,119,classical__classical.00009,classical,1,11.316239356994629,46.79653549194336
full_denoised_z_hat,120,classical__classical.00009,classical,1,11.122993469238281,48.68236541748047
full_denoised_z_hat,121,classical__classical.00009,classical,1,10.691823959350586,49.20606994628906
full_denoised_z_hat,122,classical__classical.00009,classical,1,10.833346366882324,49.03491973876953
full_denoised_z_hat,123,classical__classical.00022,classical,1,10.845148086547852,47.22138214111328
full_denoised_z_hat,124,classical__classical.00022,classical,1,15.895503997802734,48.739479064941406
full_denoised_z_hat,125,classical__classical.00022,classical,1,15.630836486816406,49.78795623779297
full_denoised_z_hat,126,classical__classical.00022,classical,1,13.743125915527344,47.02681350708008
full_denoised_z_hat,127,classical__classical.00022,classical,1,13.327804565429688,50.735992431640625
full_denoised_z_hat,128,classical__classical.00022,classical,1,12.9151611328125,48.58839416503906
full_denoised_z_hat,129,classical__classical.00022,classical,1,16.549888610839844,47.11553192138672
full_denoised_z_hat,130,classical__classical.00034,classical,1,16.023303985595703,45.07717514038086
full_denoised_z_hat,131,classical__classical.00034,classical,1,16.724138259887695,49.899715423583984
full_denoised_z_hat,132,classical__classical.00034,classical,1,17.138656616210938,49.70722579956055
full_denoised_z_hat,133,classical__classical.00034,classical,1,15.6688814163208,48.44868850708008
full_denoised_z_hat,134,classical__classical.00034,classical,1,14.130010604858398,50.08521270751953
full_denoised_z_hat,135,classical__classical.00034,classical,1,15.379014015197754,51.34950256347656
full_denoised_z_hat,136,classical__classical.00034,classical,1,13.84685230255127,49.86701202392578
full_denoised_z_hat,137,classical__classical.00037,classical,1,16.382963180541992,44.232521057128906
full_denoised_z_hat,138,classical__classical.00037,classical,1,11.920811653137207,50.003482818603516
full_denoised_z_hat,139,classical__classical.00037,classical,1,9.92030143737793,45.75285720825195
full_denoised_z_hat,140,classical__classical.00037,classical,1,9.289395332336426,47.957881927490234
full_denoised_z_hat,141,classical__classical.00037,classical,1,15.434331893920898,48.08542251586914
full_denoised_z_hat,142,classical__classical.00037,classical,1,12.31592845916748,48.19783020019531
full_denoised_z_hat,143,classical__classical.00037,classical,1,13.756509780883789,50.910499572753906
full_denoised_z_hat,144,classical__classical.00037,classical,1,16.341571807861328,48.3372917175293
full_denoised_z_hat,145,classical__classical.00039,classical,1,15.706716537475586,47.95524978637695
full_denoised_z_hat,146,classical__classical.00039,classical,1,12.808448791503906,52.10763168334961
full_denoised_z_hat,147,classical__classical.00039,classical,1,16.604158401489258,47.18223571777344
full_denoised_z_hat,148,classical__classical.00039,classical,1,8.072556495666504,47.15990447998047
full_denoised_z_hat,149,classical__classical.00039,classical,1,14.871170997619629,49.990421295166016
full_denoised_z_hat,150,classical__classical.00039,classical,1,13.330348014831543,48.43515396118164
full_denoised_z_hat,151,classical__classical.00047,classical,1,11.96701717376709,47.025970458984375
full_denoised_z_hat,152,classical__classical.00047,classical,1,12.161579132080078,50.213905334472656
full_denoised_z_hat,153,classical__classical.00047,classical,1,12.380962371826172,49.91999435424805
full_denoised_z_hat,154,classical__classical.00047,classical,1,13.871760368347168,46.48223876953125
full_denoised_z_hat,155,classical__classical.00047,classical,1,12.544677734375,49.03095626831055
full_denoised_z_hat,156,classical__classical.00047,classical,1,12.872461318969727,48.680938720703125
full_denoised_z_hat,157,classical__classical.00053,classical,1,16.524267196655273,49.828041076660156
full_denoised_z_hat,158,classical__classical.00053,classical,1,15.194310188293457,49.74522399902344
full_denoised_z_hat,159,classical__classical.00053,classical,1,15.747159004211426,51.52662658691406
full_denoised_z_hat,160,classical__classical.00053,classical,1,16.700319290161133,44.67330551147461
full_denoised_z_hat,161,classical__classical.00053,classical,1,13.214656829833984,51.912193298339844
full_denoised_z_hat,162,classical__classical.00056,classical,1,13.260649681091309,51.91521453857422
full_denoised_z_hat,163,classical__classical.00056,classical,1,17.66588592529297,48.52080535888672
full_denoised_z_hat,164,classical__classical.00056,classical,1,15.584218978881836,51.59183883666992
full_denoised_z_hat,165,classical__classical.00056,classical,1,16.049840927124023,49.73247146606445
full_denoised_z_hat,166,classical__classical.00056,classical,1,13.657538414001465,50.97237777709961
full_denoised_z_hat,167,classical__classical.00056,classical,1,17.0679988861084,49.37087631225586
full_denoised_z_hat,168,classical__classical.00056,classical,1,19.101221084594727,44.2713508605957
full_denoised_z_hat,169,classical__classical.00056,classical,1,15.558829307556152,50.231014251708984
full_denoised_z_hat,170,classical__classical.00056,classical,1,17.11795425415039,41.19736099243164
full_denoised_z_hat,171,classical__classical.00056,classical,1,15.932239532470703,43.21219253540039
full_denoised_z_hat,172,classical__classical.00057,classical,1,7.647869110107422,47.29034423828125
full_denoised_z_hat,173,classical__classical.00057,classical,1,7.807307243347168,47.26634216308594
full_denoised_z_hat,174,classical__classical.00057,classical,1,12.779078483581543,48.30620574951172
full_denoised_z_hat,175,classical__classical.00057,classical,1,10.480420112609863,47.54926300048828
full_denoised_z_hat,176,classical__classical.00057,classical,1,7.849207401275635,46.949012756347656
full_denoised_z_hat,177,classical__classical.00057,classical,1,7.279743194580078,46.59345245361328
full_denoised_z_hat,178,classical__classical.00057,classical,1,9.194238662719727,47.8801383972168
full_denoised_z_hat,179,classical__classical.00057,classical,1,2.2035725116729736,-6.515552997589111
full_denoised_z_hat,180,classical__classical.00057,classical,1,2.2072324752807617,-5.224560737609863
full_denoised_z_hat,181,classical__classical.00057,classical,1,14.590387344360352,49.20555114746094
full_denoised_z_hat,182,classical__classical.00065,classical,1,13.25334644317627,49.10490798950195
full_denoised_z_hat,183,classical__classical.00065,classical,1,12.840571403503418,49.26241683959961
full_denoised_z_hat,184,classical__classical.00065,classical,1,13.515262603759766,47.48768997192383
full_denoised_z_hat,185,classical__classical.00065,classical,1,10.56768798828125,48.0692253112793
full_denoised_z_hat,186,classical__classical.00082,classical,1,15.135700225830078,51.638038635253906
full_denoised_z_hat,187,classical__classical.00082,classical,1,12.845995903015137,46.20042037963867
full_denoised_z_hat,188,classical__classical.00082,classical,1,16.9484920501709,48.68974685668945
full_denoised_z_hat,189,classical__classical.00082,classical,1,14.445414543151855,47.9111213684082
full_denoised_z_hat,190,classical__classical.00082,classical,1,14.982207298278809,44.719139099121094
full_denoised_z_hat,191,classical__classical.00082,classical,1,16.827550888061523,48.539146423339844
full_denoised_z_hat,192,classical__classical.00091,classical,1,16.342025756835938,46.03782272338867
full_denoised_z_hat,193,classical__classical.00091,classical,1,13.219234466552734,47.4281005859375
full_denoised_z_hat,194,classical__classical.00091,classical,1,15.715301513671875,51.2529411315918
full_denoised_z_hat,195,classical__classical.00091,classical,1,10.544012069702148,49.367820739746094
full_denoised_z_hat,196,classical__classical.00091,classical,1,13.715106010437012,48.808589935302734
full_denoised_z_hat,197,classical__classical.00091,classical,1,15.01331901550293,49.15797424316406
full_denoised_z_hat,198,classical__classical.00091,classical,1,15.736063003540039,48.467044830322266
full_denoised_z_hat,199,classical__classical.00091,classical,1,14.566089630126953,50.45625305175781
full_denoised_z_hat,200,country__country.00001,country,2,-31.587265014648438,-20.57347869873047
full_denoised_z_hat,201,country__country.00001,country,2,-30.33085060119629,-20.03641700744629
full_denoised_z_hat,202,country__country.00001,country,2,-31.78355598449707,-22.750965118408203
full_denoised_z_hat,203,country__country.00001,country,2,-29.76295280456543,-18.79068946838379
full_denoised_z_hat,204,country__country.00001,country,2,-31.432050704956055,-19.2311954498291
full_denoised_z_hat,205,country__country.00011,country,2,-29.251192092895508,-21.465667724609375
full_denoised_z_hat,206,country__country.00011,country,2,-28.416696548461914,-20.265663146972656
full_denoised_z_hat,207,country__country.00011,country,2,-28.331161499023438,-21.89702796936035
full_denoised_z_hat,208,country__country.00011,country,2,-36.103023529052734,-16.028661727905273
full_denoised_z_hat,209,country__country.00011,country,2,-27.850923538208008,-20.575204849243164
full_denoised_z_hat,210,country__country.00011,country,2,-26.795385360717773,-21.23622703552246
full_denoised_z_hat,211,country__country.00011,country,2,2.540278673171997,-6.674628257751465
full_denoised_z_hat,212,country__country.00011,country,2,-28.799697875976562,-21.46015167236328
full_denoised_z_hat,213,country__country.00013,country,2,-28.602209091186523,-22.617347717285156
full_denoised_z_hat,214,country__country.00013,country,2,-22.24649429321289,-19.01515007019043
full_denoised_z_hat,215,country__country.00013,country,2,-3.324711561203003,-28.94487762451172
full_denoised_z_hat,216,country__country.00013,country,2,-32.88042449951172,-19.53150749206543
full_denoised_z_hat,217,country__country.00013,country,2,-35.06075668334961,-18.531841278076172
full_denoised_z_hat,218,country__country.00013,country,2,-9.242388725280762,11.157441139221191
full_denoised_z_hat,219,country__country.00013,country,2,-9.599576950073242,-22.940988540649414
full_denoised_z_hat,220,country__country.00013,country,2,-9.943062782287598,-22.335031509399414
full_denoised_z_hat,221,country__country.00013,country,2,-3.3727123737335205,-30.11919403076172
full_denoised_z_hat,222,country__country.00013,country,2,-28.485185623168945,-20.240554809570312
full_denoised_z_hat,223,country__country.00029,country,2,-30.485218048095703,-20.188562393188477
full_denoised_z_hat,224,country__country.00029,country,2,-31.72219467163086,-22.286102294921875
full_denoised_z_hat,225,country__country.00029,country,2,-30.86349868774414,-20.28627586364746
full_denoised_z_hat,226,country__country.00029,country,2,-31.759475708007812,-23.149194717407227
full_denoised_z_hat,227,country__country.00029,country,2,-31.3723087310791,-22.800947189331055
full_denoised_z_hat,228,country__country.00029,country,2,-32.69763946533203,-23.626083374023438
full_denoised_z_hat,229,country__country.00047,country,2,-29.41634178161621,-17.80769920349121
full_denoised_z_hat,230,country__country.00057,country,2,-21.789403915405273,-20.726484298706055
full_denoised_z_hat,231,country__country.00057,country,2,-32.80630874633789,-24.029678344726562
full_denoised_z_hat,232,country__country.00057,country,2,-29.48409080505371,-20.417617797851562
full_denoised_z_hat,233,country__country.00057,country,2,-31.18433952331543,-17.310190200805664
full_denoised_z_hat,234,country__country.00057,country,2,-30.628347396850586,-23.152114868164062
full_denoised_z_hat,235,country__country.00057,country,2,-29.008718490600586,-19.48368263244629
full_denoised_z_hat,236,country__country.00057,country,2,-31.600505828857422,-19.903928756713867
full_denoised_z_hat,237,country__country.00057,country,2,-2.3388895988464355,-29.994441986083984
full_denoised_z_hat,238,country__country.00057,country,2,-9.108257293701172,-23.125972747802734
full_denoised_z_hat,239,country__country.00057,country,2,-19.762611389160156,-19.91079330444336
full_denoised_z_hat,240,country__country.00059,country,2,-17.37078285217285,-19.543262481689453
full_denoised_z_hat,241,country__country.00059,country,2,-25.67258644104004,-13.848516464233398
full_denoised_z_hat,242,country__country.00059,country,2,-32.33265686035156,-20.910564422607422
full_denoised_z_hat,243,country__country.00059,country,2,-30.20275115966797,-22.692562103271484
full_denoised_z_hat,244,country__country.00059,country,2,-27.317813873291016,-17.010854721069336
full_denoised_z_hat,245,country__country.00059,country,2,-31.4947452545166,-22.00528335571289
full_denoised_z_hat,246,country__country.00067,country,2,-23.286457061767578,-15.479269981384277
full_denoised_z_hat,247,country__country.00067,country,2,-26.51384735107422,-16.308195114135742
full_denoised_z_hat,248,country__country.00067,country,2,-1.6605772972106934,-8.191792488098145
full_denoised_z_hat,249,country__country.00067,country,2,-22.033445358276367,-20.76195526123047
full_denoised_z_hat,250,country__country.00067,country,2,-0.13567879796028137,-7.9258012771606445
full_denoised_z_hat,251,country__country.00067,country,2,-34.92702865600586,1.0774648189544678
full_denoised_z_hat,252,country__country.00067,country,2,-24.510765075683594,-14.940706253051758
full_denoised_z_hat,253,country__country.00067,country,2,-34.73609161376953,1.0908143520355225
full_denoised_z_hat,254,country__country.00068,country,2,-9.37926197052002,-22.4305362701416
full_denoised_z_hat,255,country__country.00068,country,2,-3.6698312759399414,-29.13644027709961
full_denoised_z_hat,256,country__country.00068,country,2,-3.778963088989258,-27.45657730102539
full_denoised_z_hat,257,country__country.00068,country,2,-1.0859863758087158,-30.401199340820312
full_denoised_z_hat,258,country__country.00068,country,2,-8.849973678588867,-21.539230346679688
full_denoised_z_hat,259,country__country.00068,country,2,-10.146245956420898,-20.4407901763916
full_denoised_z_hat,260,country__country.00068,country,2,-26.983484268188477,-16.611326217651367
full_denoised_z_hat,261,country__country.00068,country,2,-1.221441388130188,-30.81155776977539
full_denoised_z_hat,262,country__country.00069,country,2,-30.074304580688477,-14.55105209350586
full_denoised_z_hat,263,country__country.00069,country,2,-33.13328552246094,-23.45163345336914
full_denoised_z_hat,264,country__country.00069,country,2,-31.42965316772461,-23.955503463745117
full_denoised_z_hat,265,country__country.00069,country,2,-24.45673370361328,-13.232597351074219
full_denoised_z_hat,266,country__country.00069,country,2,-27.301977157592773,-21.9383544921875
full_denoised_z_hat,267,country__country.00069,country,2,-29.983190536499023,-21.52004623413086
full_denoised_z_hat,268,country__country.00069,country,2,-27.631683349609375,-20.39096450805664
full_denoised_z_hat,269,country__country.00075,country,2,-2.0850796699523926,-30.65878677368164
full_denoised_z_hat,270,country__country.00075,country,2,-2.9903171062469482,-28.716707229614258
full_denoised_z_hat,271,country__country.00075,country,2,-44.76054382324219,4.614238739013672
full_denoised_z_hat,272,country__country.00075,country,2,-2.4367597103118896,-31.52924156188965
full_denoised_z_hat,273,country__country.00075,country,2,-10.597814559936523,-22.602441787719727
full_denoised_z_hat,274,country__country.00075,country,2,-10.805218696594238,-22.629064559936523
full_denoised_z_hat,275,country__country.00076,country,2,-21.5450439453125,-20.421314239501953
full_denoised_z_hat,276,country__country.00076,country,2,-21.79083824157715,-20.95262908935547
full_denoised_z_hat,277,country__country.00076,country,2,-10.312816619873047,-22.486146926879883
full_denoised_z_hat,278,country__country.00076,country,2,-29.046817779541016,-21.854013442993164
full_denoised_z_hat,279,country__country.00076,country,2,-26.313051223754883,-19.944271087646484
full_denoised_z_hat,280,country__country.00076,country,2,-40.47425079345703,6.6440348625183105
full_denoised_z_hat,281,country__country.00076,country,2,4.25468111038208,-6.781027317047119
full_denoised_z_hat,282,country__country.00077,country,2,-33.2195930480957,-22.80719757080078
full_denoised_z_hat,283,country__country.00077,country,2,-9.991059303283691,-23.248979568481445
full_denoised_z_hat,284,country__country.00077,country,2,-19.990602493286133,-20.658924102783203
full_denoised_z_hat,285,country__country.00077,country,2,-28.331907272338867,-21.752132415771484
full_denoised_z_hat,286,country__country.00077,country,2,-30.323566436767578,-21.491498947143555
full_denoised_z_hat,287,country__country.00077,country,2,-30.242103576660156,-20.017166137695312
full_denoised_z_hat,288,country__country.00097,country,2,-31.586963653564453,-20.16852378845215
full_denoised_z_hat,289,country__country.00097,country,2,-32.886497497558594,-23.578125
full_denoised_z_hat,290,country__country.00097,country,2,-32.847808837890625,-23.305356979370117
full_denoised_z_hat,291,country__country.00097,country,2,-31.7165470123291,-20.098833084106445
full_denoised_z_hat,292,country__country.00097,country,2,-30.275901794433594,-22.85626983642578
full_denoised_z_hat,293,country__country.00099,country,2,-41.37485122680664,6.192651271820068
full_denoised_z_hat,294,country__country.00099,country,2,-28.361928939819336,-21.26044464111328
full_denoised_z_hat,295,country__country.00099,country,2,-47.48693084716797,10.7511568069458
full_denoised_z_hat,296,country__country.00099,country,2,-32.04194259643555,-20.118200302124023
full_denoised_z_hat,297,country__country.00099,country,2,-24.712907791137695,-13.00440788269043
full_denoised_z_hat,298,country__country.00099,country,2,-45.036964416503906,8.920674324035645
full_denoised_z_hat,299,country__country.00099,country,2,-42.99428176879883,7.636979103088379
full_denoised_z_hat,300,disco__disco.00000,disco,3,-3.0681262016296387,15.783597946166992
full_denoised_z_hat,301,disco__disco.00000,disco,3,-1.6605788469314575,15.696847915649414
full_denoised_z_hat,302,disco__disco.00000,disco,3,-2.9423580169677734,19.233131408691406
full_denoised_z_hat,303,disco__disco.00000,disco,3,0.27430975437164307,16.979450225830078
full_denoised_z_hat,304,disco__disco.00000,disco,3,0.08255965262651443,17.281797409057617
full_denoised_z_hat,305,disco__disco.00000,disco,3,-3.864830255508423,13.469022750854492
full_denoised_z_hat,306,disco__disco.00000,disco,3,-8.574389457702637,11.645915031433105
full_denoised_z_hat,307,disco__disco.00000,disco,3,-3.7999625205993652,13.744932174682617
full_denoised_z_hat,308,disco__disco.00000,disco,3,-3.0693955421447754,15.486028671264648
full_denoised_z_hat,309,disco__disco.00003,disco,3,-2.9365341663360596,16.9545955657959
full_denoised_z_hat,310,disco__disco.00003,disco,3,-33.436248779296875,-19.857175827026367
full_denoised_z_hat,311,disco__disco.00003,disco,3,-1.400381326675415,14.524765014648438
full_denoised_z_hat,312,disco__disco.00003,disco,3,-1.1850783824920654,15.517584800720215
full_denoised_z_hat,313,disco__disco.00003,disco,3,-4.287031173706055,16.569292068481445
full_denoised_z_hat,314,disco__disco.00003,disco,3,-0.9586054682731628,16.842424392700195
full_denoised_z_hat,315,disco__disco.00010,disco,3,51.417449951171875,13.933573722839355
full_denoised_z_hat,316,disco__disco.00010,disco,3,-2.08296799659729,12.672642707824707
full_denoised_z_hat,317,disco__disco.00010,disco,3,51.491695404052734,13.787476539611816
full_denoised_z_hat,318,disco__disco.00010,disco,3,46.497135162353516,13.250423431396484
full_denoised_z_hat,319,disco__disco.00010,disco,3,50.51368713378906,12.795449256896973
full_denoised_z_hat,320,disco__disco.00010,disco,3,51.5069465637207,12.766098976135254
full_denoised_z_hat,321,disco__disco.00020,disco,3,-34.8385124206543,-18.49360466003418
full_denoised_z_hat,322,disco__disco.00020,disco,3,9.480948448181152,-2.135638475418091
full_denoised_z_hat,323,disco__disco.00020,disco,3,7.174487113952637,-0.7300702929496765
full_denoised_z_hat,324,disco__disco.00021,disco,3,-6.315808296203613,17.075428009033203
full_denoised_z_hat,325,disco__disco.00021,disco,3,-4.49708890914917,17.550992965698242
full_denoised_z_hat,326,disco__disco.00021,disco,3,-4.268377304077148,14.461591720581055
full_denoised_z_hat,327,disco__disco.00021,disco,3,-5.488162040710449,16.67243003845215
full_denoised_z_hat,328,disco__disco.00021,disco,3,-2.0520410537719727,19.23487091064453
full_denoised_z_hat,329,disco__disco.00021,disco,3,-8.41688346862793,18.395166397094727
full_denoised_z_hat,330,disco__disco.00021,disco,3,27.979707717895508,-23.358488082885742
full_denoised_z_hat,331,disco__disco.00021,disco,3,32.65615463256836,-20.86962127685547
full_denoised_z_hat,332,disco__disco.00030,disco,3,-1.8793820142745972,15.677906036376953
full_denoised_z_hat,333,disco__disco.00030,disco,3,-2.7797391414642334,16.04213523864746
full_denoised_z_hat,334,disco__disco.00030,disco,3,-2.517028331756592,19.642126083374023
full_denoised_z_hat,335,disco__disco.00030,disco,3,-2.7728121280670166,17.892534255981445
full_denoised_z_hat,336,disco__disco.00030,disco,3,0.22434355318546295,17.091632843017578
full_denoised_z_hat,337,disco__disco.00030,disco,3,3.9436004161834717,-25.783767700195312
full_denoised_z_hat,338,disco__disco.00030,disco,3,-3.3161461353302,20.094749450683594
full_denoised_z_hat,339,disco__disco.00030,disco,3,-3.6009271144866943,16.686372756958008
full_denoised_z_hat,340,disco__disco.00030,disco,3,-3.82382869720459,17.604385375976562
full_denoised_z_hat,341,disco__disco.00030,disco,3,-0.9343224167823792,18.13442039489746
full_denoised_z_hat,342,disco__disco.00040,disco,3,4.431546688079834,14.33188533782959
full_denoised_z_hat,343,disco__disco.00040,disco,3,12.591103553771973,4.044042587280273
full_denoised_z_hat,344,disco__disco.00040,disco,3,4.76593542098999,14.05179500579834
full_denoised_z_hat,345,disco__disco.00040,disco,3,4.7064385414123535,14.530146598815918
full_denoised_z_hat,346,disco__disco.00040,disco,3,4.009574890136719,14.044289588928223
full_denoised_z_hat,347,disco__disco.00040,disco,3,4.269526958465576,14.659736633300781
full_denoised_z_hat,348,disco__disco.00044,disco,3,-3.643552541732788,13.757153511047363
full_denoised_z_hat,349,disco__disco.00044,disco,3,-6.454333782196045,14.909990310668945
full_denoised_z_hat,350,disco__disco.00044,disco,3,-6.530744552612305,17.024391174316406
full_denoised_z_hat,351,disco__disco.00044,disco,3,-3.4953882694244385,15.298224449157715
full_denoised_z_hat,352,disco__disco.00044,disco,3,-5.7067766189575195,16.60765266418457
full_denoised_z_hat,353,disco__disco.00044,disco,3,-8.448695182800293,18.397981643676758
full_denoised_z_hat,354,disco__disco.00044,disco,3,-7.659571170806885,17.514888763427734
full_denoised_z_hat,355,disco__disco.00044,disco,3,-1.302402138710022,17.449081420898438
full_denoised_z_hat,356,disco__disco.00044,disco,3,-1.5427688360214233,19.139671325683594
full_denoised_z_hat,357,disco__disco.00044,disco,3,-2.0801515579223633,18.971839904785156
full_denoised_z_hat,358,disco__disco.00044,disco,3,-2.8011369705200195,18.14525604248047
full_denoised_z_hat,359,disco__disco.00055,disco,3,-0.9861652255058289,18.0628604888916
full_denoised_z_hat,360,disco__disco.00055,disco,3,-3.190138578414917,14.42299747467041
full_denoised_z_hat,361,disco__disco.00055,disco,3,-1.163611650466919,15.657776832580566
full_denoised_z_hat,362,disco__disco.00055,disco,3,-4.685754776000977,17.849098205566406
full_denoised_z_hat,363,disco__disco.00055,disco,3,-1.522081732749939,17.223337173461914
full_denoised_z_hat,364,disco__disco.00055,disco,3,-2.953927993774414,17.682315826416016
full_denoised_z_hat,365,disco__disco.00055,disco,3,-1.4196778535842896,16.571592330932617
full_denoised_z_hat,366,disco__disco.00064,disco,3,-2.9139509201049805,16.92051124572754
full_denoised_z_hat,367,disco__disco.00064,disco,3,-1.6853359937667847,16.300886154174805
full_denoised_z_hat,368,disco__disco.00064,disco,3,-4.577713966369629,16.3156795501709
full_denoised_z_hat,369,disco__disco.00064,disco,3,-2.8631508350372314,12.415276527404785
full_denoised_z_hat,370,disco__disco.00075,disco,3,-1.6595419645309448,19.55183982849121
full_denoised_z_hat,371,disco__disco.00075,disco,3,-0.7207863926887512,17.87281608581543
full_denoised_z_hat,372,disco__disco.00075,disco,3,-2.7868549823760986,19.918689727783203
full_denoised_z_hat,373,disco__disco.00075,disco,3,-2.6908936500549316,16.119247436523438
full_denoised_z_hat,374,disco__disco.00075,disco,3,-2.7564356327056885,19.500410079956055
full_denoised_z_hat,375,disco__disco.00075,disco,3,-2.8490827083587646,18.79386329650879
full_denoised_z_hat,376,disco__disco.00075,disco,3,-5.636627674102783,14.526904106140137
full_denoised_z_hat,377,disco__disco.00075,disco,3,-1.0021083354949951,19.8487606048584
full_denoised_z_hat,378,disco__disco.00084,disco,3,-0.16589030623435974,16.872053146362305
full_denoised_z_hat,379,disco__disco.00084,disco,3,-1.2767586708068848,17.055130004882812
full_denoised_z_hat,380,disco__disco.00084,disco,3,-2.472842216491699,18.23770523071289
full_denoised_z_hat,381,disco__disco.00084,disco,3,-1.9031661748886108,18.853700637817383
full_denoised_z_hat,382,disco__disco.00084,disco,3,-2.9484293460845947,16.61624526977539
full_denoised_z_hat,383,disco__disco.00084,disco,3,-3.6375961303710938,17.50072479248047
full_denoised_z_hat,384,disco__disco.00084,disco,3,-5.018502712249756,16.650630950927734
full_denoised_z_hat,385,disco__disco.00093,disco,3,-0.8207254409790039,17.432716369628906
full_denoised_z_hat,386,disco__disco.00093,disco,3,-1.060509443283081,16.484760284423828
full_denoised_z_hat,387,disco__disco.00093,disco,3,-4.359698295593262,16.337392807006836
full_denoised_z_hat,388,disco__disco.00093,disco,3,-3.2024474143981934,19.36615753173828
full_denoised_z_hat,389,disco__disco.00093,disco,3,-4.738557815551758,17.115371704101562
full_denoised_z_hat,390,disco__disco.00093,disco,3,-2.128882884979248,18.814655303955078
full_denoised_z_hat,391,disco__disco.00094,disco,3,-0.7247510552406311,15.102668762207031
full_denoised_z_hat,392,disco__disco.00094,disco,3,-1.193928837776184,14.988969802856445
full_denoised_z_hat,393,disco__disco.00094,disco,3,-0.8015499114990234,18.097639083862305
full_denoised_z_hat,394,disco__disco.00094,disco,3,-1.2221994400024414,15.202451705932617
full_denoised_z_hat,395,disco__disco.00094,disco,3,-0.13490380346775055,15.844303131103516
full_denoised_z_hat,396,disco__disco.00095,disco,3,-5.5373969078063965,16.777952194213867
full_denoised_z_hat,397,disco__disco.00095,disco,3,-5.413087844848633,16.282926559448242
full_denoised_z_hat,398,disco__disco.00095,disco,3,-2.7058486938476562,16.31817626953125
full_denoised_z_hat,399,disco__disco.00095,disco,3,4.460453033447266,14.483076095581055
full_denoised_z_hat,400,hiphop__hiphop.00002,hiphop,4,49.79593276977539,10.246161460876465
full_denoised_z_hat,401,hiphop__hiphop.00002,hiphop,4,53.36366653442383,12.348251342773438
full_denoised_z_hat,402,hiphop__hiphop.00002,hiphop,4,52.48908996582031,12.556983947753906
full_denoised_z_hat,403,hiphop__hiphop.00002,hiphop,4,50.89845275878906,11.7055025100708
full_denoised_z_hat,404,hiphop__hiphop.00002,hiphop,4,52.37525177001953,10.471752166748047
full_denoised_z_hat,405,hiphop__hiphop.00034,hiphop,4,48.11579513549805,10.802308082580566
full_denoised_z_hat,406,hiphop__hiphop.00034,hiphop,4,46.428306579589844,11.913827896118164
full_denoised_z_hat,407,hiphop__hiphop.00034,hiphop,4,49.27040100097656,10.983667373657227
full_denoised_z_hat,408,hiphop__hiphop.00034,hiphop,4,46.0727424621582,10.186250686645508
full_denoised_z_hat,409,hiphop__hiphop.00034,hiphop,4,51.38671112060547,9.740959167480469
full_denoised_z_hat,410,hiphop__hiphop.00034,hiphop,4,49.89912796020508,11.912363052368164
full_denoised_z_hat,411,hiphop__hiphop.00038,hiphop,4,50.706085205078125,10.703975677490234
full_denoised_z_hat,412,hiphop__hiphop.00038,hiphop,4,49.892906188964844,10.317216873168945
full_denoised_z_hat,413,hiphop__hiphop.00038,hiphop,4,49.069297790527344,9.39731502532959
full_denoised_z_hat,414,hiphop__hiphop.00038,hiphop,4,47.62871170043945,10.140865325927734
full_denoised_z_hat,415,hiphop__hiphop.00040,hiphop,4,-7.000729084014893,-24.211122512817383
full_denoised_z_hat,416,hiphop__hiphop.00040,hiphop,4,-10.232236862182617,-21.0858154296875
full_denoised_z_hat,417,hiphop__hiphop.00040,hiphop,4,-8.018534660339355,-23.33175277709961
full_denoised_z_hat,418,hiphop__hiphop.00040,hiphop,4,53.50152587890625,12.601630210876465
full_denoised_z_hat,419,hiphop__hiphop.00040,hiphop,4,45.86170959472656,13.375497817993164
full_denoised_z_hat,420,hiphop__hiphop.00040,hiphop,4,28.652864456176758,-16.014209747314453
full_denoised_z_hat,421,hiphop__hiphop.00040,hiphop,4,53.744415283203125,13.223827362060547
full_denoised_z_hat,422,hiphop__hiphop.00042,hiphop,4,50.5309944152832,10.841133117675781
full_denoised_z_hat,423,hiphop__hiphop.00042,hiphop,4,49.06593704223633,10.658268928527832
full_denoised_z_hat,424,hiphop__hiphop.00042,hiphop,4,49.33390426635742,9.113149642944336
full_denoised_z_hat,425,hiphop__hiphop.00042,hiphop,4,48.669673919677734,10.79336929321289
full_denoised_z_hat,426,hiphop__hiphop.00042,hiphop,4,48.39243698120117,9.781499862670898
full_denoised_z_hat,427,hiphop__hiphop.00042,hiphop,4,44.54436492919922,10.170108795166016
full_denoised_z_hat,428,hiphop__hiphop.00042,hiphop,4,47.12141036987305,11.063865661621094
full_denoised_z_hat,429,hiphop__hiphop.00042,hiphop,4,46.00221252441406,10.460124969482422
full_denoised_z_hat,430,hiphop__hiphop.00044,hiphop,4,43.87834167480469,10.926138877868652
full_denoised_z_hat,431,hiphop__hiphop.00044,hiphop,4,9.66120719909668,-26.702760696411133
full_denoised_z_hat,432,hiphop__hiphop.00044,hiphop,4,-8.685281753540039,-23.010128021240234
full_denoised_z_hat,433,hiphop__hiphop.00044,hiphop,4,-8.934778213500977,-22.697919845581055
full_denoised_z_hat,434,hiphop__hiphop.00044,hiphop,4,-1.9657108783721924,-29.53270149230957
full_denoised_z_hat,435,hiphop__hiphop.00044,hiphop,4,-9.93006420135498,-21.027912139892578
full_denoised_z_hat,436,hiphop__hiphop.00044,hiphop,4,-0.5322474241256714,-30.258647918701172
full_denoised_z_hat,437,hiphop__hiphop.00053,hiphop,4,32.50458908081055,-18.990896224975586
full_denoised_z_hat,438,hiphop__hiphop.00053,hiphop,4,28.027687072753906,-18.07064437866211
full_denoised_z_hat,439,hiphop__hiphop.00053,hiphop,4,27.91924285888672,-17.715087890625
full_denoised_z_hat,440,hiphop__hiphop.00053,hiphop,4,28.444868087768555,-19.791248321533203
full_denoised_z_hat,441,hiphop__hiphop.00053,hiphop,4,28.270498275756836,-16.224889755249023
full_denoised_z_hat,442,hiphop__hiphop.00053,hiphop,4,46.129974365234375,12.136370658874512
full_denoised_z_hat,443,hiphop__hiphop.00053,hiphop,4,43.13649368286133,11.467696189880371
full_denoised_z_hat,444,hiphop__hiphop.00053,hiphop,4,41.1241455078125,9.554544448852539
full_denoised_z_hat,445,hiphop__hiphop.00053,hiphop,4,48.00629806518555,14.246238708496094
full_denoised_z_hat,446,hiphop__hiphop.00076,hiphop,4,48.04329299926758,12.119601249694824
full_denoised_z_hat,447,hiphop__hiphop.00076,hiphop,4,49.109901428222656,10.586112022399902
full_denoised_z_hat,448,hiphop__hiphop.00076,hiphop,4,47.864524841308594,9.916171073913574
full_denoised_z_hat,449,hiphop__hiphop.00076,hiphop,4,48.316444396972656,11.253219604492188
full_denoised_z_hat,450,hiphop__hiphop.00076,hiphop,4,47.884132385253906,10.131146430969238
full_denoised_z_hat,451,hiphop__hiphop.00076,hiphop,4,48.044254302978516,12.219528198242188
full_denoised_z_hat,452,hiphop__hiphop.00079,hiphop,4,30.14638900756836,-18.75067901611328
full_denoised_z_hat,453,hiphop__hiphop.00079,hiphop,4,28.945463180541992,-15.822444915771484
full_denoised_z_hat,454,hiphop__hiphop.00079,hiphop,4,28.616456985473633,-16.40679359436035
full_denoised_z_hat,455,hiphop__hiphop.00079,hiphop,4,23.79871940612793,-10.522343635559082
full_denoised_z_hat,456,hiphop__hiphop.00079,hiphop,4,24.039451599121094,-11.336146354675293
full_denoised_z_hat,457,hiphop__hiphop.00079,hiphop,4,27.540849685668945,-13.780035972595215
full_denoised_z_hat,458,hiphop__hiphop.00079,hiphop,4,27.87807273864746,-17.24631118774414
full_denoised_z_hat,459,hiphop__hiphop.00079,hiphop,4,28.23973846435547,-16.7314453125
full_denoised_z_hat,460,hiphop__hiphop.00082,hiphop,4,49.966678619384766,9.959992408752441
full_denoised_z_hat,461,hiphop__hiphop.00082,hiphop,4,49.783512115478516,9.87640380859375
full_denoised_z_hat,462,hiphop__hiphop.00082,hiphop,4,50.678009033203125,11.728787422180176
full_denoised_z_hat,463,hiphop__hiphop.00082,hiphop,4,50.40513229370117,11.486353874206543
full_denoised_z_hat,464,hiphop__hiphop.00082,hiphop,4,51.34741973876953,10.67684555053711
full_denoised_z_hat,465,hiphop__hiphop.00082,hiphop,4,48.77797317504883,12.32888412475586
full_denoised_z_hat,466,hiphop__hiphop.00087,hiphop,4,50.30480194091797,11.454404830932617
full_denoised_z_hat,467,hiphop__hiphop.00087,hiphop,4,49.3328971862793,9.7669095993042
full_denoised_z_hat,468,hiphop__hiphop.00087,hiphop,4,51.312381744384766,10.656196594238281
full_denoised_z_hat,469,hiphop__hiphop.00087,hiphop,4,46.75752639770508,10.534860610961914
full_denoised_z_hat,470,hiphop__hiphop.00087,hiphop,4,45.937442779541016,11.368219375610352
full_denoised_z_hat,471,hiphop__hiphop.00087,hiphop,4,48.67760467529297,10.568967819213867
full_denoised_z_hat,472,hiphop__hiphop.00087,hiphop,4,46.47248077392578,11.87708568572998
full_denoised_z_hat,473,hiphop__hiphop.00089,hiphop,4,51.186920166015625,8.383722305297852
full_denoised_z_hat,474,hiphop__hiphop.00089,hiphop,4,50.41741180419922,10.166200637817383
full_denoised_z_hat,475,hiphop__hiphop.00089,hiphop,4,51.21118927001953,8.440113067626953
full_denoised_z_hat,476,hiphop__hiphop.00089,hiphop,4,50.98918533325195,12.835824966430664
full_denoised_z_hat,477,hiphop__hiphop.00089,hiphop,4,49.580322265625,11.387351989746094
full_denoised_z_hat,478,hiphop__hiphop.00093,hiphop,4,51.36396026611328,13.0088472366333
full_denoised_z_hat,479,hiphop__hiphop.00093,hiphop,4,-2.5131008625030518,9.884349822998047
full_denoised_z_hat,480,hiphop__hiphop.00093,hiphop,4,-2.398658037185669,9.629318237304688
full_denoised_z_hat,481,hiphop__hiphop.00093,hiphop,4,7.276132583618164,-0.7076831459999084
full_denoised_z_hat,482,hiphop__hiphop.00093,hiphop,4,12.558082580566406,-1.5411040782928467
full_denoised_z_hat,483,hiphop__hiphop.00093,hiphop,4,-38.368465423583984,6.218091011047363
full_denoised_z_hat,484,hiphop__hiphop.00093,hiphop,4,12.894112586975098,3.9985406398773193
full_denoised_z_hat,485,hiphop__hiphop.00093,hiphop,4,46.84583282470703,5.718752861022949
full_denoised_z_hat,486,hiphop__hiphop.00093,hiphop,4,-0.29839393496513367,8.977477073669434
full_denoised_z_hat,487,hiphop__hiphop.00094,hiphop,4,51.62657165527344,9.769487380981445
full_denoised_z_hat,488,hiphop__hiphop.00094,hiphop,4,51.23544692993164,10.54414176940918
full_denoised_z_hat,489,hiphop__hiphop.00094,hiphop,4,48.74940872192383,11.293684005737305
full_denoised_z_hat,490,hiphop__hiphop.00094,hiphop,4,50.66971206665039,9.418128967285156
full_denoised_z_hat,491,hiphop__hiphop.00094,hiphop,4,46.19097900390625,10.384710311889648
full_denoised_z_hat,492,hiphop__hiphop.00098,hiphop,4,51.616188049316406,10.17406177520752
full_denoised_z_hat,493,hiphop__hiphop.00098,hiphop,4,47.60275650024414,12.287874221801758
full_denoised_z_hat,494,hiphop__hiphop.00098,hiphop,4,50.465782165527344,9.66497802734375
full_denoised_z_hat,495,hiphop__hiphop.00098,hiphop,4,49.413963317871094,9.622559547424316
full_denoised_z_hat,496,hiphop__hiphop.00098,hiphop,4,48.00312805175781,10.94697093963623
full_denoised_z_hat,497,hiphop__hiphop.00098,hiphop,4,48.82281494140625,11.690041542053223
full_denoised_z_hat,498,hiphop__hiphop.00098,hiphop,4,48.363887786865234,10.62238883972168
full_denoised_z_hat,499,hiphop__hiphop.00098,hiphop,4,48.270992279052734,10.689730644226074
full_denoised_z_hat,500,jazz__jazz.00033,jazz,5,-26.442018508911133,38.768165588378906
full_denoised_z_hat,501,jazz__jazz.00033,jazz,5,-28.508007049560547,39.24327850341797
full_denoised_z_hat,502,jazz__jazz.00033,jazz,5,-26.186504364013672,35.43348693847656
full_denoised_z_hat,503,jazz__jazz.00033,jazz,5,-25.524595260620117,38.853267669677734
full_denoised_z_hat,504,jazz__jazz.00033,jazz,5,-27.421762466430664,38.06938171386719
full_denoised_z_hat,505,jazz__jazz.00033,jazz,5,-25.126834869384766,39.153743743896484
full_denoised_z_hat,506,jazz__jazz.00041,jazz,5,-27.475915908813477,38.41140365600586
full_denoised_z_hat,507,jazz__jazz.00041,jazz,5,-29.055082321166992,38.0535774230957
full_denoised_z_hat,508,jazz__jazz.00041,jazz,5,-26.409603118896484,37.18037033081055
full_denoised_z_hat,509,jazz__jazz.00041,jazz,5,-28.999021530151367,37.80875015258789
full_denoised_z_hat,510,jazz__jazz.00041,jazz,5,-25.945661544799805,38.80768966674805
full_denoised_z_hat,511,jazz__jazz.00041,jazz,5,-27.157541275024414,37.252479553222656
full_denoised_z_hat,512,jazz__jazz.00041,jazz,5,-28.337146759033203,38.470947265625
full_denoised_z_hat,513,jazz__jazz.00041,jazz,5,-29.94606590270996,35.57654571533203
full_denoised_z_hat,514,jazz__jazz.00041,jazz,5,-27.826221466064453,37.011383056640625
full_denoised_z_hat,515,jazz__jazz.00041,jazz,5,-29.90457534790039,38.346519470214844
full_denoised_z_hat,516,jazz__jazz.00046,jazz,5,-31.283851623535156,38.44321823120117
full_denoised_z_hat,517,jazz__jazz.00046,jazz,5,-26.19366455078125,38.455787658691406
full_denoised_z_hat,518,jazz__jazz.00046,jazz,5,-29.044179916381836,39.19153594970703
full_denoised_z_hat,519,jazz__jazz.00046,jazz,5,-25.21671485900879,34.83689880371094
full_denoised_z_hat,520,jazz__jazz.00046,jazz,5,-26.1738338470459,39.01066589355469
full_denoised_z_hat,521,jazz__jazz.00046,jazz,5,-28.36606788635254,39.68227005004883
full_denoised_z_hat,522,jazz__jazz.00046,jazz,5,-28.959461212158203,38.191246032714844
full_denoised_z_hat,523,jazz__jazz.00046,jazz,5,-30.131099700927734,37.502525329589844
full_denoised_z_hat,524,jazz__jazz.00048,jazz,5,-30.400978088378906,30.099857330322266
full_denoised_z_hat,525,jazz__jazz.00048,jazz,5,-29.723352432250977,31.466812133789062
full_denoised_z_hat,526,jazz__jazz.00048,jazz,5,-21.684600830078125,31.892719268798828
full_denoised_z_hat,527,jazz__jazz.00048,jazz,5,-27.300077438354492,36.637367248535156
full_denoised_z_hat,528,jazz__jazz.00048,jazz,5,-28.87325668334961,35.91050720214844
full_denoised_z_hat,529,jazz__jazz.00048,jazz,5,-28.139545440673828,34.85885238647461
full_denoised_z_hat,530,jazz__jazz.00048,jazz,5,-2.089587926864624,-30.95382308959961
full_denoised_z_hat,531,jazz__jazz.00048,jazz,5,-22.6610164642334,32.494075775146484
full_denoised_z_hat,532,jazz__jazz.00050,jazz,5,5.561708927154541,11.869060516357422
full_denoised_z_hat,533,jazz__jazz.00050,jazz,5,-25.58859634399414,30.24215316772461
full_denoised_z_hat,534,jazz__jazz.00050,jazz,5,-28.141889572143555,34.1961555480957
full_denoised_z_hat,535,jazz__jazz.00050,jazz,5,-29.180347442626953,36.28474807739258
full_denoised_z_hat,536,jazz__jazz.00050,jazz,5,-29.9151668548584,37.055965423583984
full_denoised_z_hat,537,jazz__jazz.00050,jazz,5,-29.39741325378418,29.8609619140625
full_denoised_z_hat,538,jazz__jazz.00050,jazz,5,-31.847883224487305,-9.372336387634277
full_denoised_z_hat,539,jazz__jazz.00050,jazz,5,-10.804374694824219,8.48401927947998
full_denoised_z_hat,540,jazz__jazz.00050,jazz,5,-10.858797073364258,8.535578727722168
full_denoised_z_hat,541,jazz__jazz.00059,jazz,5,-27.63672637939453,37.56117248535156
full_denoised_z_hat,542,jazz__jazz.00059,jazz,5,45.4179801940918,12.028619766235352
full_denoised_z_hat,543,jazz__jazz.00060,jazz,5,-29.010513305664062,30.93367576599121
full_denoised_z_hat,544,jazz__jazz.00060,jazz,5,-28.449682235717773,35.19472885131836
full_denoised_z_hat,545,jazz__jazz.00060,jazz,5,-28.13043212890625,35.21049118041992
full_denoised_z_hat,546,jazz__jazz.00060,jazz,5,-31.4865779876709,30.241491317749023
full_denoised_z_hat,547,jazz__jazz.00060,jazz,5,-28.454341888427734,35.27266311645508
full_denoised_z_hat,548,jazz__jazz.00060,jazz,5,-28.50316047668457,37.725765228271484
full_denoised_z_hat,549,jazz__jazz.00071,jazz,5,-28.30990219116211,39.67224884033203
full_denoised_z_hat,550,jazz__jazz.00071,jazz,5,-30.839006423950195,37.78834533691406
full_denoised_z_hat,551,jazz__jazz.00071,jazz,5,-30.949338912963867,36.27888488769531
full_denoised_z_hat,552,jazz__jazz.00071,jazz,5,-28.42490005493164,37.2912712097168
full_denoised_z_hat,553,jazz__jazz.00071,jazz,5,-29.843725204467773,37.64085388183594
full_denoised_z_hat,554,jazz__jazz.00071,jazz,5,-30.291828155517578,31.655820846557617
full_denoised_z_hat,555,jazz__jazz.00071,jazz,5,-28.712961196899414,35.65583419799805
full_denoised_z_hat,556,jazz__jazz.00081,jazz,5,-30.130603790283203,39.135032653808594
full_denoised_z_hat,557,jazz__jazz.00081,jazz,5,-21.500017166137695,31.75763702392578
full_denoised_z_hat,558,jazz__jazz.00081,jazz,5,-22.309606552124023,32.47114181518555
full_denoised_z_hat,559,jazz__jazz.00081,jazz,5,-22.08388328552246,32.128456115722656
full_denoised_z_hat,560,jazz__jazz.00081,jazz,5,-10.477517127990723,-17.7674560546875
full_denoised_z_hat,561,jazz__jazz.00081,jazz,5,-29.20940589904785,36.71169662475586
full_denoised_z_hat,562,jazz__jazz.00081,jazz,5,-29.37907600402832,37.09854507446289
full_denoised_z_hat,563,jazz__jazz.00081,jazz,5,-22.409902572631836,32.56432342529297
full_denoised_z_hat,564,jazz__jazz.00081,jazz,5,-22.767988204956055,32.933040618896484
full_denoised_z_hat,565,jazz__jazz.00084,jazz,5,-31.636320114135742,29.049785614013672
full_denoised_z_hat,566,jazz__jazz.00084,jazz,5,-29.462053298950195,32.79020309448242
full_denoised_z_hat,567,jazz__jazz.00084,jazz,5,-29.208974838256836,33.10337448120117
full_denoised_z_hat,568,jazz__jazz.00084,jazz,5,-28.89691162109375,35.876094818115234
full_denoised_z_hat,569,jazz__jazz.00084,jazz,5,-29.63166618347168,36.24602508544922
full_denoised_z_hat,570,jazz__jazz.00084,jazz,5,-28.505516052246094,38.562652587890625
full_denoised_z_hat,571,jazz__jazz.00084,jazz,5,-29.651145935058594,32.79567337036133
full_denoised_z_hat,572,jazz__jazz.00084,jazz,5,-26.489164352416992,35.4234619140625
full_denoised_z_hat,573,jazz__jazz.00086,jazz,5,-31.935195922851562,-9.314749717712402
full_denoised_z_hat,574,jazz__jazz.00086,jazz,5,-29.04587745666504,32.80839157104492
full_denoised_z_hat,575,jazz__jazz.00086,jazz,5,-26.247282028198242,35.31956481933594
full_denoised_z_hat,576,jazz__jazz.00086,jazz,5,-30.741718292236328,29.87574577331543
full_denoised_z_hat,577,jazz__jazz.00086,jazz,5,-31.477495193481445,29.1192626953125
full_denoised_z_hat,578,jazz__jazz.00091,jazz,5,-29.576507568359375,38.43220901489258
full_denoised_z_hat,579,jazz__jazz.00091,jazz,5,-31.036418914794922,36.96855163574219
full_denoised_z_hat,580,jazz__jazz.00092,jazz,5,-25.447994232177734,35.159210205078125
full_denoised_z_hat,581,jazz__jazz.00092,jazz,5,-28.098594665527344,36.320098876953125
full_denoised_z_hat,582,jazz__jazz.00092,jazz,5,-28.5333251953125,36.91838836669922
full_denoised_z_hat,583,jazz__jazz.00092,jazz,5,-31.3308162689209,36.39545822143555
full_denoised_z_hat,584,jazz__jazz.00092,jazz,5,-23.028284072875977,33.08036804199219
full_denoised_z_hat,585,jazz__jazz.00092,jazz,5,-28.866579055786133,37.58457565307617
full_denoised_z_hat,586,jazz__jazz.00092,jazz,5,-26.98553466796875,33.79893493652344
full_denoised_z_hat,587,jazz__jazz.00096,jazz,5,-27.880762100219727,36.48481369018555
full_denoised_z_hat,588,jazz__jazz.00096,jazz,5,-24.435705184936523,32.14257049560547
full_denoised_z_hat,589,jazz__jazz.00096,jazz,5,-29.282756805419922,33.482078552246094
full_denoised_z_hat,590,jazz__jazz.00096,jazz,5,-29.820587158203125,38.28065872192383
full_denoised_z_hat,591,jazz__jazz.00096,jazz,5,-27.532241821289062,34.86933517456055
full_denoised_z_hat,592,jazz__jazz.00096,jazz,5,-28.501943588256836,38.07004928588867
full_denoised_z_hat,593,jazz__jazz.00096,jazz,5,-28.094799041748047,38.8084716796875
full_denoised_z_hat,594,jazz__jazz.00096,jazz,5,-27.280996322631836,36.9505615234375
full_denoised_z_hat,595,jazz__jazz.00096,jazz,5,-26.568767547607422,33.843048095703125
full_denoised_z_hat,596,jazz__jazz.00096,jazz,5,-30.06391716003418,38.337440490722656
full_denoised_z_hat,597,jazz__jazz.00099,jazz,5,-28.188488006591797,37.489349365234375
full_denoised_z_hat,598,jazz__jazz.00099,jazz,5,-24.85912322998047,37.60395431518555
full_denoised_z_hat,599,jazz__jazz.00099,jazz,5,-25.591379165649414,38.791603088378906
full_denoised_z_hat,600,metal__metal.00002,metal,6,8.538691520690918,-51.9965705871582
full_denoised_z_hat,601,metal__metal.00002,metal,6,10.463822364807129,-54.687931060791016
full_denoised_z_hat,602,metal__metal.00002,metal,6,10.006673812866211,-58.827632904052734
full_denoised_z_hat,603,metal__metal.00002,metal,6,5.59498405456543,-49.391998291015625
full_denoised_z_hat,604,metal__metal.00002,metal,6,10.496603012084961,-53.661102294921875
full_denoised_z_hat,605,metal__metal.00002,metal,6,10.476787567138672,-54.771018981933594
full_denoised_z_hat,606,metal__metal.00002,metal,6,10.186637878417969,-55.26597595214844
full_denoised_z_hat,607,metal__metal.00002,metal,6,8.88488483428955,-51.970096588134766
full_denoised_z_hat,608,metal__metal.00002,metal,6,3.0019516944885254,-46.4121208190918
full_denoised_z_hat,609,metal__metal.00004,metal,6,10.947047233581543,-61.13121795654297
full_denoised_z_hat,610,metal__metal.00004,metal,6,11.512229919433594,-59.917266845703125
full_denoised_z_hat,611,metal__metal.00004,metal,6,10.236555099487305,-58.02655029296875
full_denoised_z_hat,612,metal__metal.00004,metal,6,11.97042179107666,-60.30510330200195
full_denoised_z_hat,613,metal__metal.00004,metal,6,10.562592506408691,-54.40171813964844
full_denoised_z_hat,614,metal__metal.00004,metal,6,10.29334831237793,-56.732181549072266
full_denoised_z_hat,615,metal__metal.00004,metal,6,12.283371925354004,-59.7228889465332
full_denoised_z_hat,616,metal__metal.00012,metal,6,10.579202651977539,-57.740997314453125
full_denoised_z_hat,617,metal__metal.00012,metal,6,11.193292617797852,-58.479122161865234
full_denoised_z_hat,618,metal__metal.00012,metal,6,10.168344497680664,-58.33453369140625
full_denoised_z_hat,619,metal__metal.00012,metal,6,12.22118854522705,-59.700565338134766
full_denoised_z_hat,620,metal__metal.00012,metal,6,11.699381828308105,-59.92231750488281
full_denoised_z_hat,621,metal__metal.00012,metal,6,10.105472564697266,-59.830589294433594
full_denoised_z_hat,622,metal__metal.00012,metal,6,11.74359130859375,-59.18036651611328
full_denoised_z_hat,623,metal__metal.00012,metal,6,11.413580894470215,-61.14487075805664
full_denoised_z_hat,624,metal__metal.00022,metal,6,2.1779565811157227,-44.35502243041992
full_denoised_z_hat,625,metal__metal.00022,metal,6,3.029172420501709,-45.113922119140625
full_denoised_z_hat,626,metal__metal.00022,metal,6,2.893115758895874,-46.355342864990234
full_denoised_z_hat,627,metal__metal.00022,metal,6,3.2352142333984375,-47.193485260009766
full_denoised_z_hat,628,metal__metal.00022,metal,6,2.4878146648406982,-43.98324966430664
full_denoised_z_hat,629,metal__metal.00022,metal,6,0.6577445268630981,-34.293643951416016
full_denoised_z_hat,630,metal__metal.00022,metal,6,2.4749488830566406,-43.89891052246094
full_denoised_z_hat,631,metal__metal.00022,metal,6,2.6270034313201904,-43.8635368347168
full_denoised_z_hat,632,metal__metal.00024,metal,6,9.870124816894531,-53.19921112060547
full_denoised_z_hat,633,metal__metal.00024,metal,6,10.0786771774292,-59.76300811767578
full_denoised_z_hat,634,metal__metal.00024,metal,6,10.228732109069824,-57.559654235839844
full_denoised_z_hat,635,metal__metal.00024,metal,6,11.396049499511719,-57.74075698852539
full_denoised_z_hat,636,metal__metal.00024,metal,6,9.536654472351074,-52.614837646484375
full_denoised_z_hat,637,metal__metal.00024,metal,6,11.231988906860352,-58.268524169921875
full_denoised_z_hat,638,metal__metal.00024,metal,6,10.40275764465332,-54.484710693359375
full_denoised_z_hat,639,metal__metal.00024,metal,6,11.233611106872559,-53.78494644165039
full_denoised_z_hat,640,metal__metal.00030,metal,6,3.841331958770752,-45.45859146118164
full_denoised_z_hat,641,metal__metal.00030,metal,6,6.242786884307861,-49.181785583496094
full_denoised_z_hat,642,metal__metal.00030,metal,6,3.7530558109283447,-46.0311279296875
full_denoised_z_hat,643,metal__metal.00030,metal,6,10.921695709228516,-54.04646301269531
full_denoised_z_hat,644,metal__metal.00030,metal,6,10.175803184509277,-53.591190338134766
full_denoised_z_hat,645,metal__metal.00049,metal,6,13.055425643920898,-57.227821350097656
full_denoised_z_hat,646,metal__metal.00049,metal,6,11.542590141296387,-59.12663650512695
full_denoised_z_hat,647,metal__metal.00049,metal,6,13.27972412109375,-56.960052490234375
full_denoised_z_hat,648,metal__metal.00049,metal,6,11.496281623840332,-56.47325134277344
full_denoised_z_hat,649,metal__metal.00049,metal,6,10.054034233093262,-58.7484130859375
full_denoised_z_hat,650,metal__metal.00049,metal,6,12.644089698791504,-60.21485900878906
full_denoised_z_hat,651,metal__metal.00049,metal,6,13.46806812286377,-57.2237663269043
full_denoised_z_hat,652,metal__metal.00049,metal,6,13.316749572753906,-58.43860626220703
full_denoised_z_hat,653,metal__metal.00049,metal,6,10.666580200195312,-57.899620056152344
full_denoised_z_hat,654,metal__metal.00051,metal,6,16.73569679260254,-56.98306655883789
full_denoised_z_hat,655,metal__metal.00051,metal,6,14.065275192260742,-56.586673736572266
full_denoised_z_hat,656,metal__metal.00051,metal,6,10.951830863952637,-57.9072265625
full_denoised_z_hat,657,metal__metal.00051,metal,6,10.467978477478027,-59.28041076660156
full_denoised_z_hat,658,metal__metal.00051,metal,6,11.058340072631836,-57.36393737792969
full_denoised_z_hat,659,metal__metal.00051,metal,6,10.393750190734863,-54.72294235229492
full_denoised_z_hat,660,metal__metal.00051,metal,6,11.089290618896484,-57.817543029785156
full_denoised_z_hat,661,metal__metal.00051,metal,6,10.169751167297363,-57.58134460449219
full_denoised_z_hat,662,metal__metal.00052,metal,6,12.4228515625,-59.27260208129883
full_denoised_z_hat,663,metal__metal.00052,metal,6,13.552123069763184,-57.03092956542969
full_denoised_z_hat,664,metal__metal.00052,metal,6,16.474618911743164,-56.94089889526367
full_denoised_z_hat,665,metal__metal.00052,metal,6,47.36837387084961,5.720534801483154
full_denoised_z_hat,666,metal__metal.00052,metal,6,47.25745391845703,5.712502479553223
full_denoised_z_hat,667,metal__metal.00056,metal,6,14.660116195678711,-57.07126998901367
full_denoised_z_hat,668,metal__metal.00056,metal,6,11.6987886428833,-54.172603607177734
full_denoised_z_hat,669,metal__metal.00056,metal,6,13.009146690368652,-57.286808013916016
full_denoised_z_hat,670,metal__metal.00056,metal,6,14.523942947387695,-57.073646545410156
full_denoised_z_hat,671,metal__metal.00056,metal,6,10.277295112609863,-54.17826843261719
full_denoised_z_hat,672,metal__metal.00056,metal,6,10.435530662536621,-55.20204162597656
full_denoised_z_hat,673,metal__metal.00069,metal,6,10.921875953674316,-58.22580337524414
full_denoised_z_hat,674,metal__metal.00069,metal,6,11.063591957092285,-60.17394256591797
full_denoised_z_hat,675,metal__metal.00069,metal,6,-5.501193523406982,12.404932022094727
full_denoised_z_hat,676,metal__metal.00069,metal,6,15.590950965881348,2.763031005859375
full_denoised_z_hat,677,metal__metal.00069,metal,6,11.967907905578613,-60.86130905151367
full_denoised_z_hat,678,metal__metal.00069,metal,6,10.498865127563477,-59.969635009765625
full_denoised_z_hat,679,metal__metal.00069,metal,6,12.638039588928223,-59.25566101074219
full_denoised_z_hat,680,metal__metal.00091,metal,6,-39.13349151611328,2.425919532775879
full_denoised_z_hat,681,metal__metal.00091,metal,6,-0.20298321545124054,-34.6094970703125
full_denoised_z_hat,682,metal__metal.00091,metal,6,-1.7798354625701904,-30.974605560302734
full_denoised_z_hat,683,metal__metal.00091,metal,6,-5.92762565612793,-25.58843421936035
full_denoised_z_hat,684,metal__metal.00091,metal,6,-2.518052577972412,-31.533926010131836
full_denoised_z_hat,685,metal__metal.00091,metal,6,-2.8241703510284424,-29.17331314086914
full_denoised_z_hat,686,metal__metal.00092,metal,6,10.393755912780762,-54.03551483154297
full_denoised_z_hat,687,metal__metal.00092,metal,6,10.924507141113281,-57.025718688964844
full_denoised_z_hat,688,metal__metal.00092,metal,6,8.759639739990234,-52.19170379638672
full_denoised_z_hat,689,metal__metal.00092,metal,6,1.0520546436309814,-41.8917236328125
full_denoised_z_hat,690,metal__metal.00092,metal,6,5.874014854431152,-49.68653869628906
full_denoised_z_hat,691,metal__metal.00092,metal,6,9.426682472229004,-58.79545974731445
full_denoised_z_hat,692,metal__metal.00096,metal,6,11.468290328979492,-54.070091247558594
full_denoised_z_hat,693,metal__metal.00096,metal,6,12.322047233581543,-58.87936782836914
full_denoised_z_hat,694,metal__metal.00097,metal,6,-42.30014419555664,3.3976128101348877
full_denoised_z_hat,695,metal__metal.00097,metal,6,-44.77130126953125,6.852961540222168
full_denoised_z_hat,696,metal__metal.00097,metal,6,11.39275074005127,-59.06440734863281
full_denoised_z_hat,697,metal__metal.00097,metal,6,13.682483673095703,-56.54985427856445
full_denoised_z_hat,698,metal__metal.00097,metal,6,11.741138458251953,-60.83899688720703
full_denoised_z_hat,699,metal__metal.00097,metal,6,11.233929634094238,-61.019771575927734
full_denoised_z_hat,700,pop__pop.00003,pop,7,27.627710342407227,-19.908231735229492
full_denoised_z_hat,701,pop__pop.00003,pop,7,-4.154816150665283,17.23310661315918
full_denoised_z_hat,702,pop__pop.00003,pop,7,28.384384155273438,-13.94310474395752
full_denoised_z_hat,703,pop__pop.00003,pop,7,24.55208396911621,-23.145116806030273
full_denoised_z_hat,704,pop__pop.00003,pop,7,28.793264389038086,-16.12586212158203
full_denoised_z_hat,705,pop__pop.00003,pop,7,46.19321823120117,7.370307922363281
full_denoised_z_hat,706,pop__pop.00003,pop,7,28.078044891357422,-14.567813873291016
full_denoised_z_hat,707,pop__pop.00007,pop,7,29.410505294799805,-18.95351219177246
full_denoised_z_hat,708,pop__pop.00007,pop,7,22.276382446289062,-9.492877006530762
full_denoised_z_hat,709,pop__pop.00007,pop,7,31.307897567749023,-20.854055404663086
full_denoised_z_hat,710,pop__pop.00007,pop,7,31.59864044189453,-20.63970375061035
full_denoised_z_hat,711,pop__pop.00007,pop,7,25.572532653808594,-22.826425552368164
full_denoised_z_hat,712,pop__pop.00007,pop,7,-32.181251525878906,-19.51616859436035
full_denoised_z_hat,713,pop__pop.00007,pop,7,-31.190563201904297,-21.320030212402344
full_denoised_z_hat,714,pop__pop.00007,pop,7,-31.002918243408203,-19.854915618896484
full_denoised_z_hat,715,pop__pop.00015,pop,7,29.82038116455078,-21.936351776123047
full_denoised_z_hat,716,pop__pop.00015,pop,7,32.462303161621094,-20.317197799682617
full_denoised_z_hat,717,pop__pop.00015,pop,7,29.233633041381836,-20.850797653198242
full_denoised_z_hat,718,pop__pop.00015,pop,7,30.058509826660156,-22.06600570678711
full_denoised_z_hat,719,pop__pop.00015,pop,7,31.64168930053711,-21.381248474121094
full_denoised_z_hat,720,pop__pop.00015,pop,7,31.889280319213867,-21.7806339263916
full_denoised_z_hat,721,pop__pop.00021,pop,7,32.027442932128906,-18.771530151367188
full_denoised_z_hat,722,pop__pop.00021,pop,7,31.77641487121582,-22.26936149597168
full_denoised_z_hat,723,pop__pop.00021,pop,7,31.01017951965332,-21.817096710205078
full_denoised_z_hat,724,pop__pop.00021,pop,7,26.481958389282227,-20.108888626098633
full_denoised_z_hat,725,pop__pop.00021,pop,7,29.487499237060547,-21.541969299316406
full_denoised_z_hat,726,pop__pop.00021,pop,7,30.536298751831055,-21.539058685302734
full_denoised_z_hat,727,pop__pop.00021,pop,7,29.02853775024414,-19.713306427001953
full_denoised_z_hat,728,pop__pop.00021,pop,7,31.537809371948242,-18.986942291259766
full_denoised_z_hat,729,pop__pop.00028,pop,7,31.556991577148438,-18.499441146850586
full_denoised_z_hat,730,pop__pop.00028,pop,7,30.527828216552734,-21.334182739257812
full_denoised_z_hat,731,pop__pop.00028,pop,7,32.07728576660156,-19.02471160888672
full_denoised_z_hat,732,pop__pop.00028,pop,7,30.260982513427734,-22.18210220336914
full_denoised_z_hat,733,pop__pop.00028,pop,7,30.4698543548584,-20.78360366821289
full_denoised_z_hat,734,pop__pop.00028,pop,7,31.418527603149414,-20.7945556640625
full_denoised_z_hat,735,pop__pop.00029,pop,7,26.787044525146484,-17.00111198425293
full_denoised_z_hat,736,pop__pop.00029,pop,7,31.454580307006836,-19.446990966796875
full_denoised_z_hat,737,pop__pop.00029,pop,7,22.710084915161133,-9.566368103027344
full_denoised_z_hat,738,pop__pop.00029,pop,7,28.63361930847168,-16.02377700805664
full_denoised_z_hat,739,pop__pop.00029,pop,7,30.243309020996094,-21.526823043823242
full_denoised_z_hat,740,pop__pop.00029,pop,7,32.71825408935547,-21.0614070892334
full_denoised_z_hat,741,pop__pop.00029,pop,7,30.57398796081543,-20.21579360961914
full_denoised_z_hat,742,pop__pop.00029,pop,7,28.449060440063477,-19.17179298400879
full_denoised_z_hat,743,pop__pop.00033,pop,7,27.028289794921875,-20.085315704345703
full_denoised_z_hat,744,pop__pop.00033,pop,7,24.698467254638672,-22.899995803833008
full_denoised_z_hat,745,pop__pop.00033,pop,7,44.22671890258789,11.504199981689453
full_denoised_z_hat,746,pop__pop.00033,pop,7,44.588314056396484,12.871580123901367
full_denoised_z_hat,747,pop__pop.00033,pop,7,28.672157287597656,-14.550008773803711
full_denoised_z_hat,748,pop__pop.00033,pop,7,-8.758605003356934,18.42426300048828
full_denoised_z_hat,749,pop__pop.00033,pop,7,7.534564971923828,-27.738004684448242
full_denoised_z_hat,750,pop__pop.00033,pop,7,7.506505489349365,-27.88428497314453
full_denoised_z_hat,751,pop__pop.00034,pop,7,30.227262496948242,-21.16890525817871
full_denoised_z_hat,752,pop__pop.00034,pop,7,31.43134307861328,-18.759815216064453
full_denoised_z_hat,753,pop__pop.00034,pop,7,28.1648006439209,-16.308795928955078
full_denoised_z_hat,754,pop__pop.00034,pop,7,30.8458194732666,-20.447513580322266
full_denoised_z_hat,755,pop__pop.00034,pop,7,30.701797485351562,-21.32089614868164
full_denoised_z_hat,756,pop__pop.00034,pop,7,31.45963478088379,-22.036439895629883
full_denoised_z_hat,757,pop__pop.00034,pop,7,28.255149841308594,-19.684123992919922
full_denoised_z_hat,758,pop__pop.00035,pop,7,32.02104949951172,-20.78617286682129
full_denoised_z_hat,759,pop__pop.00035,pop,7,30.989360809326172,-22.87847137451172
full_denoised_z_hat,760,pop__pop.00035,pop,7,32.459163665771484,-22.36846351623535
full_denoised_z_hat,761,pop__pop.00035,pop,7,30.0877685546875,-21.270639419555664
full_denoised_z_hat,762,pop__pop.00035,pop,7,32.27214813232422,-20.13935089111328
full_denoised_z_hat,763,pop__pop.00038,pop,7,28.018455505371094,-14.037498474121094
full_denoised_z_hat,764,pop__pop.00038,pop,7,32.17371368408203,-18.55958366394043
full_denoised_z_hat,765,pop__pop.00038,pop,7,25.45838737487793,-14.021402359008789
full_denoised_z_hat,766,pop__pop.00038,pop,7,32.67943572998047,-22.3630428314209
full_denoised_z_hat,767,pop__pop.00039,pop,7,27.269254684448242,-20.101003646850586
full_denoised_z_hat,768,pop__pop.00039,pop,7,32.78113555908203,-20.783246994018555
full_denoised_z_hat,769,pop__pop.00039,pop,7,32.85314178466797,-22.17093849182129
full_denoised_z_hat,770,pop__pop.00039,pop,7,27.84441566467285,-19.75980567932129
full_denoised_z_hat,771,pop__pop.00039,pop,7,26.781658172607422,-20.3720760345459
full_denoised_z_hat,772,pop__pop.00039,pop,7,29.936359405517578,-20.428264617919922
full_denoised_z_hat,773,pop__pop.00039,pop,7,30.93475341796875,-19.806285858154297
full_denoised_z_hat,774,pop__pop.00039,pop,7,32.43891143798828,-21.145898818969727
full_denoised_z_hat,775,pop__pop.00045,pop,7,50.74863815307617,8.875033378601074
full_denoised_z_hat,776,pop__pop.00045,pop,7,11.754841804504395,-0.48672330379486084
full_denoised_z_hat,777,pop__pop.00045,pop,7,23.87250518798828,-10.96666431427002
full_denoised_z_hat,778,pop__pop.00045,pop,7,44.446231842041016,12.157357215881348
full_denoised_z_hat,779,pop__pop.00045,pop,7,30.589649200439453,-19.41969108581543
full_denoised_z_hat,780,pop__pop.00049,pop,7,30.987136840820312,-22.174758911132812
full_denoised_z_hat,781,pop__pop.00049,pop,7,30.09149169921875,-20.723108291625977
full_denoised_z_hat,782,pop__pop.00049,pop,7,23.476917266845703,-24.23802947998047
full_denoised_z_hat,783,pop__pop.00049,pop,7,31.739639282226562,-18.089279174804688
full_denoised_z_hat,784,pop__pop.00049,pop,7,29.274927139282227,-20.294471740722656
full_denoised_z_hat,785,pop__pop.00049,pop,7,28.30084991455078,-20.149099349975586
full_denoised_z_hat,786,pop__pop.00049,pop,7,26.7493896484375,-19.84861183166504
full_denoised_z_hat,787,pop__pop.00079,pop,7,-4.744545936584473,-29.238285064697266
full_denoised_z_hat,788,pop__pop.00079,pop,7,0.49645981192588806,-7.907238960266113
full_denoised_z_hat,789,pop__pop.00079,pop,7,-1.6878169775009155,-31.21471405029297
full_denoised_z_hat,790,pop__pop.00079,pop,7,-5.380241394042969,-27.20876121520996
full_denoised_z_hat,791,pop__pop.00081,pop,7,-19.911788940429688,-20.426380157470703
full_denoised_z_hat,792,pop__pop.00081,pop,7,-28.55453872680664,-22.388687133789062
full_denoised_z_hat,793,pop__pop.00081,pop,7,-27.631118774414062,-16.038593292236328
full_denoised_z_hat,794,pop__pop.00081,pop,7,-28.725561141967773,-21.159086227416992
full_denoised_z_hat,795,pop__pop.00081,pop,7,-27.471607208251953,-19.8837833404541
full_denoised_z_hat,796,pop__pop.00081,pop,7,-28.008026123046875,-21.401439666748047
full_denoised_z_hat,797,pop__pop.00081,pop,7,-31.40766716003418,-19.59292984008789
full_denoised_z_hat,798,pop__pop.00081,pop,7,-21.886144638061523,-20.620647430419922
full_denoised_z_hat,799,pop__pop.00081,pop,7,-29.067726135253906,-20.405803680419922
full_denoised_z_hat,800,reggae__reggae.00029,reggae,8,8.715778350830078,-1.5731068849563599
full_denoised_z_hat,801,reggae__reggae.00029,reggae,8,9.319494247436523,0.28343671560287476
full_denoised_z_hat,802,reggae__reggae.00029,reggae,8,13.806499481201172,-2.6350769996643066
full_denoised_z_hat,803,reggae__reggae.00029,reggae,8,8.352672576904297,-2.13161039352417
full_denoised_z_hat,804,reggae__reggae.00029,reggae,8,8.995306968688965,1.2162138223648071
full_denoised_z_hat,805,reggae__reggae.00029,reggae,8,9.469525337219238,0.22412008047103882
full_denoised_z_hat,806,reggae__reggae.00029,reggae,8,9.581881523132324,1.7154054641723633
full_denoised_z_hat,807,reggae__reggae.00029,reggae,8,12.814159393310547,-2.0151336193084717
full_denoised_z_hat,808,reggae__reggae.00029,reggae,8,20.793731689453125,2.133974075317383
full_denoised_z_hat,809,reggae__reggae.00029,reggae,8,20.61980628967285,2.1088576316833496
full_denoised_z_hat,810,reggae__reggae.00034,reggae,8,9.975224494934082,-0.05110269784927368
full_denoised_z_hat,811,reggae__reggae.00034,reggae,8,10.94017219543457,-2.908303737640381
full_denoised_z_hat,812,reggae__reggae.00034,reggae,8,9.35842227935791,-0.3157768249511719
full_denoised_z_hat,813,reggae__reggae.00034,reggae,8,9.03681468963623,-1.299122929573059
full_denoised_z_hat,814,reggae__reggae.00034,reggae,8,8.990832328796387,-0.6005488038063049
full_denoised_z_hat,815,reggae__reggae.00034,reggae,8,9.508565902709961,-1.1944063901901245
full_denoised_z_hat,816,reggae__reggae.00034,reggae,8,8.19939136505127,-2.0119423866271973
full_denoised_z_hat,817,reggae__reggae.00034,reggae,8,11.629266738891602,-2.501803398132324
full_denoised_z_hat,818,reggae__reggae.00035,reggae,8,11.081796646118164,-0.8780827522277832
full_denoised_z_hat,819,reggae__reggae.00035,reggae,8,12.669052124023438,-2.4311342239379883
full_denoised_z_hat,820,reggae__reggae.00035,reggae,8,9.369839668273926,-1.4815305471420288
full_denoised_z_hat,821,reggae__reggae.00035,reggae,8,14.585500717163086,-2.2997381687164307
full_denoised_z_hat,822,reggae__reggae.00035,reggae,8,8.941877365112305,1.2876726388931274
full_denoised_z_hat,823,reggae__reggae.00035,reggae,8,8.388917922973633,-0.34233513474464417
full_denoised_z_hat,824,reggae__reggae.00035,reggae,8,8.405145645141602,-0.9898367524147034
full_denoised_z_hat,825,reggae__reggae.00040,reggae,8,1.058302879333496,-7.383957386016846
full_denoised_z_hat,826,reggae__reggae.00040,reggae,8,-4.12910795211792,-27.969926834106445
full_denoised_z_hat,827,reggae__reggae.00040,reggae,8,-4.816714763641357,-27.421123504638672
full_denoised_z_hat,828,reggae__reggae.00040,reggae,8,-3.1561477184295654,-31.356918334960938
full_denoised_z_hat,829,reggae__reggae.00040,reggae,8,1.4358502626419067,-7.761369705200195
full_denoised_z_hat,830,reggae__reggae.00040,reggae,8,0.917694628238678,-7.60701322555542
full_denoised_z_hat,831,reggae__reggae.00040,reggae,8,1.309345006942749,-7.176557540893555
full_denoised_z_hat,832,reggae__reggae.00040,reggae,8,12.889181137084961,-3.3837573528289795
full_denoised_z_hat,833,reggae__reggae.00047,reggae,8,7.78554105758667,0.16886113584041595
full_denoised_z_hat,834,reggae__reggae.00047,reggae,8,11.641270637512207,1.0133527517318726
full_denoised_z_hat,835,reggae__reggae.00047,reggae,8,19.56846809387207,1.2243479490280151
full_denoised_z_hat,836,reggae__reggae.00047,reggae,8,21.080650329589844,2.5380325317382812
full_denoised_z_hat,837,reggae__reggae.00047,reggae,8,12.428372383117676,-0.6785585284233093
full_denoised_z_hat,838,reggae__reggae.00049,reggae,8,-0.8827744126319885,-26.65401840209961
full_denoised_z_hat,839,reggae__reggae.00049,reggae,8,15.798149108886719,-4.329638481140137
full_denoised_z_hat,840,reggae__reggae.00049,reggae,8,5.624555587768555,-6.625234603881836
full_denoised_z_hat,841,reggae__reggae.00049,reggae,8,-4.9580278396606445,-30.042949676513672
full_denoised_z_hat,842,reggae__reggae.00049,reggae,8,-2.7217726707458496,-26.872716903686523
full_denoised_z_hat,843,reggae__reggae.00049,reggae,8,-1.1741317510604858,-30.31052589416504
full_denoised_z_hat,844,reggae__reggae.00049,reggae,8,-4.177475929260254,-30.69788932800293
full_denoised_z_hat,845,reggae__reggae.00062,reggae,8,7.665021896362305,0.7328563332557678
full_denoised_z_hat,846,reggae__reggae.00062,reggae,8,9.629409790039062,1.4207830429077148
full_denoised_z_hat,847,reggae__reggae.00062,reggae,8,19.44363021850586,1.0851926803588867
full_denoised_z_hat,848,reggae__reggae.00062,reggae,8,18.677684783935547,0.7758336067199707
full_denoised_z_hat,849,reggae__reggae.00062,reggae,8,14.131904602050781,-2.093522310256958
full_denoised_z_hat,850,reggae__reggae.00062,reggae,8,11.20512580871582,-1.5083364248275757
full_denoised_z_hat,851,reggae__reggae.00062,reggae,8,10.103157043457031,1.2104421854019165
full_denoised_z_hat,852,reggae__reggae.00062,reggae,8,9.898343086242676,1.0380891561508179
full_denoised_z_hat,853,reggae__reggae.00062,reggae,8,11.473840713500977,0.5460610389709473
full_denoised_z_hat,854,reggae__reggae.00064,reggae,8,7.836026668548584,-0.40803879499435425
full_denoised_z_hat,855,reggae__reggae.00064,reggae,8,22.6551513671875,-9.54527473449707
full_denoised_z_hat,856,reggae__reggae.00064,reggae,8,8.503089904785156,-1.3631514310836792
full_denoised_z_hat,857,reggae__reggae.00064,reggae,8,15.616729736328125,-4.266971111297607
full_denoised_z_hat,858,reggae__reggae.00064,reggae,8,27.970230102539062,-23.791683197021484
full_denoised_z_hat,859,reggae__reggae.00064,reggae,8,30.204797744750977,-23.502246856689453
full_denoised_z_hat,860,reggae__reggae.00065,reggae,8,11.344490051269531,-1.6492326259613037
full_denoised_z_hat,861,reggae__reggae.00065,reggae,8,11.588614463806152,-2.546487808227539
full_denoised_z_hat,862,reggae__reggae.00065,reggae,8,8.958980560302734,-2.0157253742218018
full_denoised_z_hat,863,reggae__reggae.00065,reggae,8,9.575183868408203,-1.2255443334579468
full_denoised_z_hat,864,reggae__reggae.00065,reggae,8,7.503594875335693,0.5034451484680176
full_denoised_z_hat,865,reggae__reggae.00065,reggae,8,11.553125381469727,1.3901889324188232
full_denoised_z_hat,866,reggae__reggae.00065,reggae,8,19.310108184814453,1.0054527521133423
full_denoised_z_hat,867,reggae__reggae.00065,reggae,8,20.021615982055664,1.5379679203033447
full_denoised_z_hat,868,reggae__reggae.00071,reggae,8,11.286713600158691,-0.479510098695755
full_denoised_z_hat,869,reggae__reggae.00071,reggae,8,9.348939895629883,-1.7480838298797607
full_denoised_z_hat,870,reggae__reggae.00071,reggae,8,9.046440124511719,-1.591493844985962
full_denoised_z_hat,871,reggae__reggae.00071,reggae,8,9.857220649719238,-1.211423635482788
full_denoised_z_hat,872,reggae__reggae.00076,reggae,8,43.65074920654297,10.661492347717285
full_denoised_z_hat,873,reggae__reggae.00076,reggae,8,46.95960998535156,10.185880661010742
full_denoised_z_hat,874,reggae__reggae.00076,reggae,8,50.216304779052734,9.20451831817627
full_denoised_z_hat,875,reggae__reggae.00076,reggae,8,10.645853042602539,0.6816719174385071
full_denoised_z_hat,876,reggae__reggae.00076,reggae,8,40.79850387573242,9.345710754394531
full_denoised_z_hat,877,reggae__reggae.00090,reggae,8,10.751436233520508,-1.2370394468307495
full_denoised_z_hat,878,reggae__reggae.00090,reggae,8,9.635498046875,1.571537733078003
full_denoised_z_hat,879,reggae__reggae.00090,reggae,8,9.604657173156738,-2.9419145584106445
full_denoised_z_hat,880,reggae__reggae.00090,reggae,8,11.843177795410156,-2.009509325027466
full_denoised_z_hat,881,reggae__reggae.00090,reggae,8,10.893327713012695,1.2691837549209595
full_denoised_z_hat,882,reggae__reggae.00090,reggae,8,11.472127914428711,-1.254267930984497
full_denoised_z_hat,883,reggae__reggae.00090,reggae,8,11.40754222869873,-1.3282545804977417
full_denoised_z_hat,884,reggae__reggae.00091,reggae,8,11.529363632202148,-2.414036273956299
full_denoised_z_hat,885,reggae__reggae.00091,reggae,8,16.11182975769043,-0.03817647323012352
full_denoised_z_hat,886,reggae__reggae.00091,reggae,8,10.50464916229248,0.06049143150448799
full_denoised_z_hat,887,reggae__reggae.00091,reggae,8,14.575604438781738,-1.6993937492370605
full_denoised_z_hat,888,reggae__reggae.00091,reggae,8,12.826194763183594,-1.8062598705291748
full_denoised_z_hat,889,reggae__reggae.00092,reggae,8,13.058185577392578,-1.03119957447052
full_denoised_z_hat,890,reggae__reggae.00092,reggae,8,11.722044944763184,-0.858986496925354
full_denoised_z_hat,891,reggae__reggae.00092,reggae,8,10.237041473388672,-0.8528218865394592
full_denoised_z_hat,892,reggae__reggae.00092,reggae,8,16.05678367614746,-0.38885048031806946
full_denoised_z_hat,893,reggae__reggae.00092,reggae,8,9.059783935546875,-1.5464681386947632
full_denoised_z_hat,894,reggae__reggae.00092,reggae,8,13.269562721252441,-2.9359054565429688
full_denoised_z_hat,895,reggae__reggae.00092,reggae,8,10.410484313964844,-1.5226675271987915
full_denoised_z_hat,896,reggae__reggae.00092,reggae,8,10.665046691894531,-1.1484957933425903
full_denoised_z_hat,897,reggae__reggae.00092,reggae,8,10.337310791015625,-0.2953793704509735
full_denoised_z_hat,898,reggae__reggae.00092,reggae,8,40.63399887084961,9.284843444824219
full_denoised_z_hat,899,reggae__reggae.00092,reggae,8,9.586662292480469,1.2632644176483154
full_denoised_z_hat,900,rock__rock.00000,rock,9,15.113776206970215,-56.58287811279297
full_denoised_z_hat,901,rock__rock.00000,rock,9,3.395554542541504,-46.7269287109375
full_denoised_z_hat,902,rock__rock.00000,rock,9,2.4794552326202393,-43.42580795288086
full_denoised_z_hat,903,rock__rock.00000,rock,9,0.23174704611301422,-24.208986282348633
full_denoised_z_hat,904,rock__rock.00000,rock,9,-4.80630350112915,-29.538280487060547
full_denoised_z_hat,905,rock__rock.00000,rock,9,-1.6277637481689453,-33.506996154785156
full_denoised_z_hat,906,rock__rock.00000,rock,9,-1.4780391454696655,-29.554119110107422
full_denoised_z_hat,907,rock__rock.00000,rock,9,-4.276154041290283,-29.150033950805664
full_denoised_z_hat,908,rock__rock.00000,rock,9,-3.6002283096313477,-28.127574920654297
full_denoised_z_hat,909,rock__rock.00003,rock,9,-1.1739461421966553,-21.630420684814453
full_denoised_z_hat,910,rock__rock.00003,rock,9,-39.1121826171875,10.89969539642334
full_denoised_z_hat,911,rock__rock.00003,rock,9,-1.6563915014266968,-22.837825775146484
full_denoised_z_hat,912,rock__rock.00003,rock,9,-38.04043960571289,13.440305709838867
full_denoised_z_hat,913,rock__rock.00003,rock,9,-43.97652816772461,8.163970947265625
full_denoised_z_hat,914,rock__rock.00003,rock,9,-39.28251647949219,5.4280924797058105
full_denoised_z_hat,915,rock__rock.00008,rock,9,2.3943302631378174,-44.35957717895508
full_denoised_z_hat,916,rock__rock.00008,rock,9,2.478610038757324,-44.16386413574219
full_denoised_z_hat,917,rock__rock.00008,rock,9,2.846912145614624,-45.610652923583984
full_denoised_z_hat,918,rock__rock.00008,rock,9,2.0735838413238525,-43.897159576416016
full_denoised_z_hat,919,rock__rock.00008,rock,9,0.19770795106887817,-34.26895523071289
full_denoised_z_hat,920,rock__rock.00008,rock,9,-1.3460779190063477,-29.18817710876465
full_denoised_z_hat,921,rock__rock.00008,rock,9,2.2355897426605225,-43.91859817504883
full_denoised_z_hat,922,rock__rock.00032,rock,9,-9.938532829284668,-21.625181198120117
full_denoised_z_hat,923,rock__rock.00032,rock,9,-1.3932758569717407,-32.61616516113281
full_denoised_z_hat,924,rock__rock.00034,rock,9,-33.133235931396484,-23.113950729370117
full_denoised_z_hat,925,rock__rock.00034,rock,9,-33.619651794433594,-22.13277244567871
full_denoised_z_hat,926,rock__rock.00034,rock,9,-33.13359832763672,-23.2896728515625
full_denoised_z_hat,927,rock__rock.00034,rock,9,-30.374141693115234,-19.29628562927246
full_denoised_z_hat,928,rock__rock.00034,rock,9,-20.901472091674805,-20.369001388549805
full_denoised_z_hat,929,rock__rock.00034,rock,9,-10.155890464782715,10.881463050842285
full_denoised_z_hat,930,rock__rock.00039,rock,9,-0.5358651280403137,-28.415271759033203
full_denoised_z_hat,931,rock__rock.00039,rock,9,-0.5032815933227539,-31.12350082397461
full_denoised_z_hat,932,rock__rock.00039,rock,9,-2.1535584926605225,-29.534786224365234
full_denoised_z_hat,933,rock__rock.00039,rock,9,-3.890476703643799,-29.49616813659668
full_denoised_z_hat,934,rock__rock.00044,rock,9,-32.30488204956055,-22.942665100097656
full_denoised_z_hat,935,rock__rock.00044,rock,9,-29.75411605834961,-21.000629425048828
full_denoised_z_hat,936,rock__rock.00044,rock,9,7.245926380157471,-27.727096557617188
full_denoised_z_hat,937,rock__rock.00044,rock,9,-1.659409523010254,-32.22901916503906
full_denoised_z_hat,938,rock__rock.00044,rock,9,-4.597012042999268,-30.08811378479004
full_denoised_z_hat,939,rock__rock.00044,rock,9,-1.8590341806411743,-28.292089462280273
full_denoised_z_hat,940,rock__rock.00044,rock,9,1.2015644311904907,-27.933555603027344
full_denoised_z_hat,941,rock__rock.00048,rock,9,2.0317182540893555,-31.592195510864258
full_denoised_z_hat,942,rock__rock.00048,rock,9,-1.0417066812515259,-31.60811424255371
full_denoised_z_hat,943,rock__rock.00048,rock,9,-0.009264923632144928,-34.2829475402832
full_denoised_z_hat,944,rock__rock.00048,rock,9,1.0640885829925537,-34.321346282958984
full_denoised_z_hat,945,rock__rock.00048,rock,9,0.18677084147930145,-34.519187927246094
full_denoised_z_hat,946,rock__rock.00048,rock,9,0.4391249120235443,-31.744855880737305
full_denoised_z_hat,947,rock__rock.00048,rock,9,-2.546665906906128,-32.272945404052734
full_denoised_z_hat,948,rock__rock.00049,rock,9,-32.86960983276367,-22.429264068603516
full_denoised_z_hat,949,rock__rock.00049,rock,9,-31.648590087890625,-20.12745475769043
full_denoised_z_hat,950,rock__rock.00049,rock,9,-32.1096076965332,-21.545284271240234
full_denoised_z_hat,951,rock__rock.00049,rock,9,-32.880287170410156,-23.126325607299805
full_denoised_z_hat,952,rock__rock.00049,rock,9,-29.88134002685547,-20.298749923706055
full_denoised_z_hat,953,rock__rock.00049,rock,9,-32.753761291503906,-23.460630416870117
full_denoised_z_hat,954,rock__rock.00049,rock,9,-33.76844787597656,-21.871662139892578
full_denoised_z_hat,955,rock__rock.00049,rock,9,-34.39014434814453,-16.58322525024414
full_denoised_z_hat,956,rock__rock.00049,rock,9,7.8380961418151855,-27.362567901611328
full_denoised_z_hat,957,rock__rock.00049,rock,9,-2.4560093879699707,-30.081571578979492
full_denoised_z_hat,958,rock__rock.00050,rock,9,-4.900033950805664,-25.50857162475586
full_denoised_z_hat,959,rock__rock.00050,rock,9,28.729976654052734,-25.10396957397461
full_denoised_z_hat,960,rock__rock.00050,rock,9,-36.13855743408203,-16.08045196533203
full_denoised_z_hat,961,rock__rock.00050,rock,9,-8.630931854248047,14.439804077148438
full_denoised_z_hat,962,rock__rock.00050,rock,9,-28.10879135131836,-18.86216163635254
full_denoised_z_hat,963,rock__rock.00050,rock,9,-27.224529266357422,-19.488056182861328
full_denoised_z_hat,964,rock__rock.00050,rock,9,-27.046602249145508,-19.804651260375977
full_denoised_z_hat,965,rock__rock.00050,rock,9,-34.529701232910156,-16.562707901000977
full_denoised_z_hat,966,rock__rock.00054,rock,9,2.2870664596557617,-27.904054641723633
full_denoised_z_hat,967,rock__rock.00054,rock,9,-4.047483921051025,-30.319517135620117
full_denoised_z_hat,968,rock__rock.00054,rock,9,-21.749210357666016,-20.61172103881836
full_denoised_z_hat,969,rock__rock.00054,rock,9,-22.845125198364258,-20.787931442260742
full_denoised_z_hat,970,rock__rock.00054,rock,9,-30.031919479370117,-19.942325592041016
full_denoised_z_hat,971,rock__rock.00054,rock,9,-21.618494033813477,-21.036800384521484
full_denoised_z_hat,972,rock__rock.00054,rock,9,6.286267280578613,-23.132404327392578
full_denoised_z_hat,973,rock__rock.00054,rock,9,-13.97742748260498,-22.019001007080078
full_denoised_z_hat,974,rock__rock.00054,rock,9,-27.25922966003418,-18.27874755859375
full_denoised_z_hat,975,rock__rock.00054,rock,9,2.6221282482147217,-28.32143211364746
full_denoised_z_hat,976,rock__rock.00080,rock,9,-1.4176647663116455,-32.362911224365234
full_denoised_z_hat,977,rock__rock.00080,rock,9,-1.51064932346344,-32.694419860839844
full_denoised_z_hat,978,rock__rock.00080,rock,9,0.01772877760231495,-34.21958541870117
full_denoised_z_hat,979,rock__rock.00080,rock,9,0.5117218494415283,-33.66382598876953
full_denoised_z_hat,980,rock__rock.00080,rock,9,1.839300274848938,-43.37024688720703
full_denoised_z_hat,981,rock__rock.00085,rock,9,2.0202765464782715,-27.342552185058594
full_denoised_z_hat,982,rock__rock.00085,rock,9,-8.873147964477539,-23.396343231201172
full_denoised_z_hat,983,rock__rock.00085,rock,9,-3.9024107456207275,-29.858856201171875
full_denoised_z_hat,984,rock__rock.00085,rock,9,-5.144314765930176,-25.145301818847656
full_denoised_z_hat,985,rock__rock.00085,rock,9,-2.904710531234741,-30.250688552856445
full_denoised_z_hat,986,rock__rock.00085,rock,9,-29.94375991821289,-20.700960159301758
full_denoised_z_hat,987,rock__rock.00086,rock,9,11.665807723999023,-55.2800407409668
full_denoised_z_hat,988,rock__rock.00086,rock,9,-0.8120448589324951,-26.73041534423828
full_denoised_z_hat,989,rock__rock.00086,rock,9,-2.1791467666625977,-31.472261428833008
full_denoised_z_hat,990,rock__rock.00086,rock,9,-4.535315036773682,-28.46636390686035
full_denoised_z_hat,991,rock__rock.00092,rock,9,-1.7535513639450073,-34.98306655883789
full_denoised_z_hat,992,rock__rock.00092,rock,9,-0.3643958568572998,-34.44046401977539
full_denoised_z_hat,993,rock__rock.00092,rock,9,-2.582918405532837,-31.875341415405273
full_denoised_z_hat,994,rock__rock.00092,rock,9,-2.654024362564087,-32.18208312988281
full_denoised_z_hat,995,rock__rock.00092,rock,9,-0.8741159439086914,-34.09178161621094
full_denoised_z_hat,996,rock__rock.00092,rock,9,-1.3146284818649292,-31.58147621154785
full_denoised_z_hat,997,rock__rock.00092,rock,9,-1.4328365325927734,-33.70015335083008
full_denoised_z_hat,998,rock__rock.00092,rock,9,-0.8830397129058838,-34.87781524658203
full_denoised_z_hat,999,rock__rock.00092,rock,9,-0.09359733015298843,-34.46865463256836
