model,song_id,genre,segment_index,true_label,pred_label,correct,confidence,mel_path
lstm,blues__blues.00000,blues,0,blues,blues,1,0.3458751440048218,E:\dl\mel_cache\lm3_base_v1\test\blues\blues.00000__03000ms__0000.npy
lstm,blues__blues.00000,blues,1,blues,rock,0,0.5945136547088623,E:\dl\mel_cache\lm3_base_v1\test\blues\blues.00000__03000ms__0001.npy
lstm,blues__blues.00000,blues,2,blues,rock,0,0.5610380172729492,E:\dl\mel_cache\lm3_base_v1\test\blues\blues.00000__03000ms__0002.npy
lstm,blues__blues.00000,blues,3,blues,blues,1,0.8067853450775146,E:\dl\mel_cache\lm3_base_v1\test\blues\blues.00000__03000ms__0003.npy
lstm,blues__blues.00000,blues,4,blues,blues,1,0.8034886717796326,E:\dl\mel_cache\lm3_base_v1\test\blues\blues.00000__03000ms__0004.npy
lstm,blues__blues.00000,blues,5,blues,rock,0,0.41068413853645325,E:\dl\mel_cache\lm3_base_v1\test\blues\blues.00000__03000ms__0005.npy
lstm,blues__blues.00000,blues,6,blues,rock,0,0.8113181591033936,E:\dl\mel_cache\lm3_base_v1\test\blues\blues.00000__03000ms__0006.npy
lstm,blues__blues.00000,blues,7,blues,rock,0,0.8206875920295715,E:\dl\mel_cache\lm3_base_v1\test\blues\blues.00000__03000ms__0007.npy
lstm,blues__blues.00000,blues,8,blues,rock,0,0.5084592700004578,E:\dl\mel_cache\lm3_base_v1\test\blues\blues.00000__03000ms__0008.npy
lstm,blues__blues.00000,blues,9,blues,rock,0,0.8997591733932495,E:\dl\mel_cache\lm3_base_v1\test\blues\blues.00000__03000ms__0009.npy
lstm,blues__blues.00000,blues,10,blues,rock,0,0.9001368284225464,E:\dl\mel_cache\lm3_base_v1\test\blues\blues.00000__03000ms__0010.npy
lstm,blues__blues.00000,blues,11,blues,rock,0,0.8700969219207764,E:\dl\mel_cache\lm3_base_v1\test\blues\blues.00000__03000ms__0011.npy
lstm,blues__blues.00000,blues,12,blues,rock,0,0.6842008829116821,E:\dl\mel_cache\lm3_base_v1\test\blues\blues.00000__03000ms__0012.npy
lstm,blues__blues.00000,blues,13,blues,rock,0,0.922747015953064,E:\dl\mel_cache\lm3_base_v1\test\blues\blues.00000__03000ms__0013.npy
lstm,blues__blues.00000,blues,14,blues,rock,0,0.8984121680259705,E:\dl\mel_cache\lm3_base_v1\test\blues\blues.00000__03000ms__0014.npy
lstm,blues__blues.00000,blues,15,blues,rock,0,0.49242570996284485,E:\dl\mel_cache\lm3_base_v1\test\blues\blues.00000__03000ms__0015.npy
lstm,blues__blues.00000,blues,16,blues,rock,0,0.7417391538619995,E:\dl\mel_cache\lm3_base_v1\test\blues\blues.00000__03000ms__0016.npy
lstm,blues__blues.00000,blues,17,blues,blues,1,0.7988821268081665,E:\dl\mel_cache\lm3_base_v1\test\blues\blues.00000__03000ms__0017.npy
lstm,blues__blues.00000,blues,18,blues,blues,1,0.832920491695404,E:\dl\mel_cache\lm3_base_v1\test\blues\blues.00000__03000ms__0018.npy
lstm,blues__blues.00000,blues,19,blues,blues,1,0.8023408055305481,E:\dl\mel_cache\lm3_base_v1\test\blues\blues.00000__03000ms__0019.npy
lstm,blues__blues.00001,blues,0,blues,blues,1,0.3543938994407654,E:\dl\mel_cache\lm3_base_v1\test\blues\blues.00001__03000ms__0000.npy
lstm,blues__blues.00001,blues,1,blues,blues,1,0.3732316195964813,E:\dl\mel_cache\lm3_base_v1\test\blues\blues.00001__03000ms__0001.npy
lstm,blues__blues.00001,blues,2,blues,rock,0,0.46992266178131104,E:\dl\mel_cache\lm3_base_v1\test\blues\blues.00001__03000ms__0002.npy
lstm,blues__blues.00001,blues,3,blues,blues,1,0.9400191903114319,E:\dl\mel_cache\lm3_base_v1\test\blues\blues.00001__03000ms__0003.npy
lstm,blues__blues.00001,blues,4,blues,blues,1,0.9369814991950989,E:\dl\mel_cache\lm3_base_v1\test\blues\blues.00001__03000ms__0004.npy
lstm,blues__blues.00001,blues,5,blues,country,0,0.8447153568267822,E:\dl\mel_cache\lm3_base_v1\test\blues\blues.00001__03000ms__0005.npy
lstm,blues__blues.00001,blues,6,blues,country,0,0.8597635626792908,E:\dl\mel_cache\lm3_base_v1\test\blues\blues.00001__03000ms__0006.npy
lstm,blues__blues.00001,blues,7,blues,blues,1,0.4211510419845581,E:\dl\mel_cache\lm3_base_v1\test\blues\blues.00001__03000ms__0007.npy
lstm,blues__blues.00001,blues,8,blues,blues,1,0.34399691224098206,E:\dl\mel_cache\lm3_base_v1\test\blues\blues.00001__03000ms__0008.npy
lstm,blues__blues.00001,blues,9,blues,blues,1,0.4273778796195984,E:\dl\mel_cache\lm3_base_v1\test\blues\blues.00001__03000ms__0009.npy
lstm,blues__blues.00001,blues,10,blues,blues,1,0.771323561668396,E:\dl\mel_cache\lm3_base_v1\test\blues\blues.00001__03000ms__0010.npy
lstm,blues__blues.00001,blues,11,blues,blues,1,0.7020593881607056,E:\dl\mel_cache\lm3_base_v1\test\blues\blues.00001__03000ms__0011.npy
lstm,blues__blues.00001,blues,12,blues,blues,1,0.8056529760360718,E:\dl\mel_cache\lm3_base_v1\test\blues\blues.00001__03000ms__0012.npy
lstm,blues__blues.00001,blues,13,blues,rock,0,0.35772305727005005,E:\dl\mel_cache\lm3_base_v1\test\blues\blues.00001__03000ms__0013.npy
lstm,blues__blues.00001,blues,14,blues,blues,1,0.42300838232040405,E:\dl\mel_cache\lm3_base_v1\test\blues\blues.00001__03000ms__0014.npy
lstm,blues__blues.00001,blues,15,blues,blues,1,0.6897426843643188,E:\dl\mel_cache\lm3_base_v1\test\blues\blues.00001__03000ms__0015.npy
lstm,blues__blues.00001,blues,16,blues,blues,1,0.767872154712677,E:\dl\mel_cache\lm3_base_v1\test\blues\blues.00001__03000ms__0016.npy
lstm,blues__blues.00001,blues,17,blues,rock,0,0.5181195735931396,E:\dl\mel_cache\lm3_base_v1\test\blues\blues.00001__03000ms__0017.npy
lstm,blues__blues.00001,blues,18,blues,rock,0,0.9087735414505005,E:\dl\mel_cache\lm3_base_v1\test\blues\blues.00001__03000ms__0018.npy
lstm,blues__blues.00001,blues,19,blues,rock,0,0.910441517829895,E:\dl\mel_cache\lm3_base_v1\test\blues\blues.00001__03000ms__0019.npy
lstm,blues__blues.00009,blues,0,blues,blues,1,0.8736537098884583,E:\dl\mel_cache\lm3_base_v1\test\blues\blues.00009__03000ms__0000.npy
lstm,blues__blues.00009,blues,1,blues,blues,1,0.8623981475830078,E:\dl\mel_cache\lm3_base_v1\test\blues\blues.00009__03000ms__0001.npy
lstm,blues__blues.00009,blues,2,blues,blues,1,0.8499194383621216,E:\dl\mel_cache\lm3_base_v1\test\blues\blues.00009__03000ms__0002.npy
lstm,blues__blues.00009,blues,3,blues,blues,1,0.8492190837860107,E:\dl\mel_cache\lm3_base_v1\test\blues\blues.00009__03000ms__0003.npy
lstm,blues__blues.00009,blues,4,blues,blues,1,0.8991036415100098,E:\dl\mel_cache\lm3_base_v1\test\blues\blues.00009__03000ms__0004.npy
lstm,blues__blues.00009,blues,5,blues,jazz,0,0.50496906042099,E:\dl\mel_cache\lm3_base_v1\test\blues\blues.00009__03000ms__0005.npy
lstm,blues__blues.00009,blues,6,blues,blues,1,0.8976697325706482,E:\dl\mel_cache\lm3_base_v1\test\blues\blues.00009__03000ms__0006.npy
lstm,blues__blues.00009,blues,7,blues,blues,1,0.8991080522537231,E:\dl\mel_cache\lm3_base_v1\test\blues\blues.00009__03000ms__0007.npy
lstm,blues__blues.00009,blues,8,blues,blues,1,0.8221965432167053,E:\dl\mel_cache\lm3_base_v1\test\blues\blues.00009__03000ms__0008.npy
lstm,blues__blues.00009,blues,9,blues,blues,1,0.594873309135437,E:\dl\mel_cache\lm3_base_v1\test\blues\blues.00009__03000ms__0009.npy
lstm,blues__blues.00009,blues,10,blues,jazz,0,0.7341346144676208,E:\dl\mel_cache\lm3_base_v1\test\blues\blues.00009__03000ms__0010.npy
lstm,blues__blues.00009,blues,11,blues,blues,1,0.9348101019859314,E:\dl\mel_cache\lm3_base_v1\test\blues\blues.00009__03000ms__0011.npy
lstm,blues__blues.00009,blues,12,blues,blues,1,0.8859084844589233,E:\dl\mel_cache\lm3_base_v1\test\blues\blues.00009__03000ms__0012.npy
lstm,blues__blues.00009,blues,13,blues,blues,1,0.72577965259552,E:\dl\mel_cache\lm3_base_v1\test\blues\blues.00009__03000ms__0013.npy
lstm,blues__blues.00009,blues,14,blues,jazz,0,0.9011737108230591,E:\dl\mel_cache\lm3_base_v1\test\blues\blues.00009__03000ms__0014.npy
lstm,blues__blues.00009,blues,15,blues,jazz,0,0.8363521695137024,E:\dl\mel_cache\lm3_base_v1\test\blues\blues.00009__03000ms__0015.npy
lstm,blues__blues.00009,blues,16,blues,blues,1,0.7940060496330261,E:\dl\mel_cache\lm3_base_v1\test\blues\blues.00009__03000ms__0016.npy
lstm,blues__blues.00009,blues,17,blues,blues,1,0.885753870010376,E:\dl\mel_cache\lm3_base_v1\test\blues\blues.00009__03000ms__0017.npy
lstm,blues__blues.00009,blues,18,blues,blues,1,0.83688884973526,E:\dl\mel_cache\lm3_base_v1\test\blues\blues.00009__03000ms__0018.npy
lstm,blues__blues.00009,blues,19,blues,blues,1,0.8332717418670654,E:\dl\mel_cache\lm3_base_v1\test\blues\blues.00009__03000ms__0019.npy
lstm,blues__blues.00011,blues,0,blues,blues,1,0.3587203621864319,E:\dl\mel_cache\lm3_base_v1\test\blues\blues.00011__03000ms__0000.npy
lstm,blues__blues.00011,blues,1,blues,hiphop,0,0.2841629981994629,E:\dl\mel_cache\lm3_base_v1\test\blues\blues.00011__03000ms__0001.npy
lstm,blues__blues.00011,blues,2,blues,rock,0,0.5910464525222778,E:\dl\mel_cache\lm3_base_v1\test\blues\blues.00011__03000ms__0002.npy
lstm,blues__blues.00011,blues,3,blues,rock,0,0.8064444065093994,E:\dl\mel_cache\lm3_base_v1\test\blues\blues.00011__03000ms__0003.npy
lstm,blues__blues.00011,blues,4,blues,jazz,0,0.48579511046409607,E:\dl\mel_cache\lm3_base_v1\test\blues\blues.00011__03000ms__0004.npy
lstm,blues__blues.00011,blues,5,blues,jazz,0,0.288897305727005,E:\dl\mel_cache\lm3_base_v1\test\blues\blues.00011__03000ms__0005.npy
lstm,blues__blues.00011,blues,6,blues,blues,1,0.8865920901298523,E:\dl\mel_cache\lm3_base_v1\test\blues\blues.00011__03000ms__0006.npy
lstm,blues__blues.00011,blues,7,blues,blues,1,0.8232728838920593,E:\dl\mel_cache\lm3_base_v1\test\blues\blues.00011__03000ms__0007.npy
lstm,blues__blues.00011,blues,8,blues,hiphop,0,0.2717697024345398,E:\dl\mel_cache\lm3_base_v1\test\blues\blues.00011__03000ms__0008.npy
lstm,blues__blues.00011,blues,9,blues,rock,0,0.39067113399505615,E:\dl\mel_cache\lm3_base_v1\test\blues\blues.00011__03000ms__0009.npy
lstm,blues__blues.00011,blues,10,blues,hiphop,0,0.4661945700645447,E:\dl\mel_cache\lm3_base_v1\test\blues\blues.00011__03000ms__0010.npy
lstm,blues__blues.00011,blues,11,blues,jazz,0,0.2957656681537628,E:\dl\mel_cache\lm3_base_v1\test\blues\blues.00011__03000ms__0011.npy
lstm,blues__blues.00011,blues,12,blues,rock,0,0.4621795117855072,E:\dl\mel_cache\lm3_base_v1\test\blues\blues.00011__03000ms__0012.npy
lstm,blues__blues.00011,blues,13,blues,rock,0,0.2795995771884918,E:\dl\mel_cache\lm3_base_v1\test\blues\blues.00011__03000ms__0013.npy
lstm,blues__blues.00011,blues,14,blues,hiphop,0,0.463606595993042,E:\dl\mel_cache\lm3_base_v1\test\blues\blues.00011__03000ms__0014.npy
lstm,blues__blues.00011,blues,15,blues,hiphop,0,0.46112650632858276,E:\dl\mel_cache\lm3_base_v1\test\blues\blues.00011__03000ms__0015.npy
lstm,blues__blues.00011,blues,16,blues,blues,1,0.7647797465324402,E:\dl\mel_cache\lm3_base_v1\test\blues\blues.00011__03000ms__0016.npy
lstm,blues__blues.00011,blues,17,blues,blues,1,0.5868012309074402,E:\dl\mel_cache\lm3_base_v1\test\blues\blues.00011__03000ms__0017.npy
lstm,blues__blues.00011,blues,18,blues,rock,0,0.5481055378913879,E:\dl\mel_cache\lm3_base_v1\test\blues\blues.00011__03000ms__0018.npy
lstm,blues__blues.00011,blues,19,blues,rock,0,0.45585039258003235,E:\dl\mel_cache\lm3_base_v1\test\blues\blues.00011__03000ms__0019.npy
lstm,blues__blues.00031,blues,0,blues,blues,1,0.9403666853904724,E:\dl\mel_cache\lm3_base_v1\test\blues\blues.00031__03000ms__0000.npy
lstm,blues__blues.00031,blues,1,blues,blues,1,0.9349216818809509,E:\dl\mel_cache\lm3_base_v1\test\blues\blues.00031__03000ms__0001.npy
lstm,blues__blues.00031,blues,2,blues,blues,1,0.9337805509567261,E:\dl\mel_cache\lm3_base_v1\test\blues\blues.00031__03000ms__0002.npy
lstm,blues__blues.00031,blues,3,blues,blues,1,0.9379564523696899,E:\dl\mel_cache\lm3_base_v1\test\blues\blues.00031__03000ms__0003.npy
lstm,blues__blues.00031,blues,4,blues,blues,1,0.9141286015510559,E:\dl\mel_cache\lm3_base_v1\test\blues\blues.00031__03000ms__0004.npy
lstm,blues__blues.00031,blues,5,blues,blues,1,0.932999849319458,E:\dl\mel_cache\lm3_base_v1\test\blues\blues.00031__03000ms__0005.npy
lstm,blues__blues.00031,blues,6,blues,blues,1,0.9386770725250244,E:\dl\mel_cache\lm3_base_v1\test\blues\blues.00031__03000ms__0006.npy
lstm,blues__blues.00031,blues,7,blues,blues,1,0.9221317768096924,E:\dl\mel_cache\lm3_base_v1\test\blues\blues.00031__03000ms__0007.npy
lstm,blues__blues.00031,blues,8,blues,blues,1,0.9189761281013489,E:\dl\mel_cache\lm3_base_v1\test\blues\blues.00031__03000ms__0008.npy
lstm,blues__blues.00031,blues,9,blues,blues,1,0.9399663805961609,E:\dl\mel_cache\lm3_base_v1\test\blues\blues.00031__03000ms__0009.npy
lstm,blues__blues.00031,blues,10,blues,blues,1,0.9185351729393005,E:\dl\mel_cache\lm3_base_v1\test\blues\blues.00031__03000ms__0010.npy
lstm,blues__blues.00031,blues,11,blues,blues,1,0.8864583969116211,E:\dl\mel_cache\lm3_base_v1\test\blues\blues.00031__03000ms__0011.npy
lstm,blues__blues.00031,blues,12,blues,blues,1,0.8509829640388489,E:\dl\mel_cache\lm3_base_v1\test\blues\blues.00031__03000ms__0012.npy
lstm,blues__blues.00031,blues,13,blues,blues,1,0.9069115519523621,E:\dl\mel_cache\lm3_base_v1\test\blues\blues.00031__03000ms__0013.npy
lstm,blues__blues.00031,blues,14,blues,blues,1,0.905760645866394,E:\dl\mel_cache\lm3_base_v1\test\blues\blues.00031__03000ms__0014.npy
lstm,blues__blues.00031,blues,15,blues,blues,1,0.916513979434967,E:\dl\mel_cache\lm3_base_v1\test\blues\blues.00031__03000ms__0015.npy
lstm,blues__blues.00031,blues,16,blues,blues,1,0.936573326587677,E:\dl\mel_cache\lm3_base_v1\test\blues\blues.00031__03000ms__0016.npy
lstm,blues__blues.00031,blues,17,blues,blues,1,0.9402392506599426,E:\dl\mel_cache\lm3_base_v1\test\blues\blues.00031__03000ms__0017.npy
lstm,blues__blues.00031,blues,18,blues,blues,1,0.9403437376022339,E:\dl\mel_cache\lm3_base_v1\test\blues\blues.00031__03000ms__0018.npy
lstm,blues__blues.00031,blues,19,blues,blues,1,0.9397707581520081,E:\dl\mel_cache\lm3_base_v1\test\blues\blues.00031__03000ms__0019.npy
lstm,blues__blues.00034,blues,0,blues,blues,1,0.9353530406951904,E:\dl\mel_cache\lm3_base_v1\test\blues\blues.00034__03000ms__0000.npy
lstm,blues__blues.00034,blues,1,blues,blues,1,0.9339536428451538,E:\dl\mel_cache\lm3_base_v1\test\blues\blues.00034__03000ms__0001.npy
lstm,blues__blues.00034,blues,2,blues,blues,1,0.5674962401390076,E:\dl\mel_cache\lm3_base_v1\test\blues\blues.00034__03000ms__0002.npy
lstm,blues__blues.00034,blues,3,blues,blues,1,0.929796040058136,E:\dl\mel_cache\lm3_base_v1\test\blues\blues.00034__03000ms__0003.npy
lstm,blues__blues.00034,blues,4,blues,blues,1,0.9254059791564941,E:\dl\mel_cache\lm3_base_v1\test\blues\blues.00034__03000ms__0004.npy
lstm,blues__blues.00034,blues,5,blues,blues,1,0.9422578811645508,E:\dl\mel_cache\lm3_base_v1\test\blues\blues.00034__03000ms__0005.npy
lstm,blues__blues.00034,blues,6,blues,blues,1,0.919090211391449,E:\dl\mel_cache\lm3_base_v1\test\blues\blues.00034__03000ms__0006.npy
lstm,blues__blues.00034,blues,7,blues,blues,1,0.93403160572052,E:\dl\mel_cache\lm3_base_v1\test\blues\blues.00034__03000ms__0007.npy
lstm,blues__blues.00034,blues,8,blues,blues,1,0.9445247054100037,E:\dl\mel_cache\lm3_base_v1\test\blues\blues.00034__03000ms__0008.npy
lstm,blues__blues.00034,blues,9,blues,blues,1,0.9273911118507385,E:\dl\mel_cache\lm3_base_v1\test\blues\blues.00034__03000ms__0009.npy
lstm,blues__blues.00034,blues,10,blues,blues,1,0.9310768842697144,E:\dl\mel_cache\lm3_base_v1\test\blues\blues.00034__03000ms__0010.npy
lstm,blues__blues.00034,blues,11,blues,blues,1,0.9194684624671936,E:\dl\mel_cache\lm3_base_v1\test\blues\blues.00034__03000ms__0011.npy
lstm,blues__blues.00034,blues,12,blues,reggae,0,0.8342675566673279,E:\dl\mel_cache\lm3_base_v1\test\blues\blues.00034__03000ms__0012.npy
lstm,blues__blues.00034,blues,13,blues,blues,1,0.8974837064743042,E:\dl\mel_cache\lm3_base_v1\test\blues\blues.00034__03000ms__0013.npy
lstm,blues__blues.00034,blues,14,blues,blues,1,0.9173917174339294,E:\dl\mel_cache\lm3_base_v1\test\blues\blues.00034__03000ms__0014.npy
lstm,blues__blues.00034,blues,15,blues,blues,1,0.9365406632423401,E:\dl\mel_cache\lm3_base_v1\test\blues\blues.00034__03000ms__0015.npy
lstm,blues__blues.00034,blues,16,blues,blues,1,0.9355299472808838,E:\dl\mel_cache\lm3_base_v1\test\blues\blues.00034__03000ms__0016.npy
lstm,blues__blues.00034,blues,17,blues,blues,1,0.9053045511245728,E:\dl\mel_cache\lm3_base_v1\test\blues\blues.00034__03000ms__0017.npy
lstm,blues__blues.00034,blues,18,blues,blues,1,0.9279831647872925,E:\dl\mel_cache\lm3_base_v1\test\blues\blues.00034__03000ms__0018.npy
lstm,blues__blues.00034,blues,19,blues,blues,1,0.9307870864868164,E:\dl\mel_cache\lm3_base_v1\test\blues\blues.00034__03000ms__0019.npy
lstm,blues__blues.00039,blues,0,blues,blues,1,0.903661847114563,E:\dl\mel_cache\lm3_base_v1\test\blues\blues.00039__03000ms__0000.npy
lstm,blues__blues.00039,blues,1,blues,blues,1,0.9193996787071228,E:\dl\mel_cache\lm3_base_v1\test\blues\blues.00039__03000ms__0001.npy
lstm,blues__blues.00039,blues,2,blues,blues,1,0.924144446849823,E:\dl\mel_cache\lm3_base_v1\test\blues\blues.00039__03000ms__0002.npy
lstm,blues__blues.00039,blues,3,blues,blues,1,0.9089373350143433,E:\dl\mel_cache\lm3_base_v1\test\blues\blues.00039__03000ms__0003.npy
lstm,blues__blues.00039,blues,4,blues,blues,1,0.556324303150177,E:\dl\mel_cache\lm3_base_v1\test\blues\blues.00039__03000ms__0004.npy
lstm,blues__blues.00039,blues,5,blues,blues,1,0.6630586981773376,E:\dl\mel_cache\lm3_base_v1\test\blues\blues.00039__03000ms__0005.npy
lstm,blues__blues.00039,blues,6,blues,blues,1,0.9205334782600403,E:\dl\mel_cache\lm3_base_v1\test\blues\blues.00039__03000ms__0006.npy
lstm,blues__blues.00039,blues,7,blues,blues,1,0.9115583896636963,E:\dl\mel_cache\lm3_base_v1\test\blues\blues.00039__03000ms__0007.npy
lstm,blues__blues.00039,blues,8,blues,blues,1,0.9362552165985107,E:\dl\mel_cache\lm3_base_v1\test\blues\blues.00039__03000ms__0008.npy
lstm,blues__blues.00039,blues,9,blues,blues,1,0.9224793314933777,E:\dl\mel_cache\lm3_base_v1\test\blues\blues.00039__03000ms__0009.npy
lstm,blues__blues.00039,blues,10,blues,blues,1,0.778691828250885,E:\dl\mel_cache\lm3_base_v1\test\blues\blues.00039__03000ms__0010.npy
lstm,blues__blues.00039,blues,11,blues,blues,1,0.9431950449943542,E:\dl\mel_cache\lm3_base_v1\test\blues\blues.00039__03000ms__0011.npy
lstm,blues__blues.00039,blues,12,blues,blues,1,0.9220239520072937,E:\dl\mel_cache\lm3_base_v1\test\blues\blues.00039__03000ms__0012.npy
lstm,blues__blues.00039,blues,13,blues,blues,1,0.9084102511405945,E:\dl\mel_cache\lm3_base_v1\test\blues\blues.00039__03000ms__0013.npy
lstm,blues__blues.00039,blues,14,blues,blues,1,0.8985673785209656,E:\dl\mel_cache\lm3_base_v1\test\blues\blues.00039__03000ms__0014.npy
lstm,blues__blues.00039,blues,15,blues,blues,1,0.9220905303955078,E:\dl\mel_cache\lm3_base_v1\test\blues\blues.00039__03000ms__0015.npy
lstm,blues__blues.00039,blues,16,blues,blues,1,0.9334874749183655,E:\dl\mel_cache\lm3_base_v1\test\blues\blues.00039__03000ms__0016.npy
lstm,blues__blues.00039,blues,17,blues,blues,1,0.9290463924407959,E:\dl\mel_cache\lm3_base_v1\test\blues\blues.00039__03000ms__0017.npy
lstm,blues__blues.00039,blues,18,blues,blues,1,0.917924165725708,E:\dl\mel_cache\lm3_base_v1\test\blues\blues.00039__03000ms__0018.npy
lstm,blues__blues.00039,blues,19,blues,blues,1,0.9204423427581787,E:\dl\mel_cache\lm3_base_v1\test\blues\blues.00039__03000ms__0019.npy
lstm,blues__blues.00052,blues,0,blues,blues,1,0.932891845703125,E:\dl\mel_cache\lm3_base_v1\test\blues\blues.00052__03000ms__0000.npy
lstm,blues__blues.00052,blues,1,blues,blues,1,0.9095383882522583,E:\dl\mel_cache\lm3_base_v1\test\blues\blues.00052__03000ms__0001.npy
lstm,blues__blues.00052,blues,2,blues,blues,1,0.853830873966217,E:\dl\mel_cache\lm3_base_v1\test\blues\blues.00052__03000ms__0002.npy
lstm,blues__blues.00052,blues,3,blues,blues,1,0.7248575687408447,E:\dl\mel_cache\lm3_base_v1\test\blues\blues.00052__03000ms__0003.npy
lstm,blues__blues.00052,blues,4,blues,blues,1,0.7837295532226562,E:\dl\mel_cache\lm3_base_v1\test\blues\blues.00052__03000ms__0004.npy
lstm,blues__blues.00052,blues,5,blues,blues,1,0.8949810266494751,E:\dl\mel_cache\lm3_base_v1\test\blues\blues.00052__03000ms__0005.npy
lstm,blues__blues.00052,blues,6,blues,blues,1,0.6860171556472778,E:\dl\mel_cache\lm3_base_v1\test\blues\blues.00052__03000ms__0006.npy
lstm,blues__blues.00052,blues,7,blues,blues,1,0.43609902262687683,E:\dl\mel_cache\lm3_base_v1\test\blues\blues.00052__03000ms__0007.npy
lstm,blues__blues.00052,blues,8,blues,blues,1,0.8012083172798157,E:\dl\mel_cache\lm3_base_v1\test\blues\blues.00052__03000ms__0008.npy
lstm,blues__blues.00052,blues,9,blues,blues,1,0.6925094723701477,E:\dl\mel_cache\lm3_base_v1\test\blues\blues.00052__03000ms__0009.npy
lstm,blues__blues.00052,blues,10,blues,blues,1,0.6960129141807556,E:\dl\mel_cache\lm3_base_v1\test\blues\blues.00052__03000ms__0010.npy
lstm,blues__blues.00052,blues,11,blues,blues,1,0.8193782567977905,E:\dl\mel_cache\lm3_base_v1\test\blues\blues.00052__03000ms__0011.npy
lstm,blues__blues.00052,blues,12,blues,blues,1,0.8550997376441956,E:\dl\mel_cache\lm3_base_v1\test\blues\blues.00052__03000ms__0012.npy
lstm,blues__blues.00052,blues,13,blues,blues,1,0.7881801724433899,E:\dl\mel_cache\lm3_base_v1\test\blues\blues.00052__03000ms__0013.npy
lstm,blues__blues.00052,blues,14,blues,blues,1,0.5894618630409241,E:\dl\mel_cache\lm3_base_v1\test\blues\blues.00052__03000ms__0014.npy
lstm,blues__blues.00052,blues,15,blues,blues,1,0.8027295470237732,E:\dl\mel_cache\lm3_base_v1\test\blues\blues.00052__03000ms__0015.npy
lstm,blues__blues.00052,blues,16,blues,blues,1,0.8524304628372192,E:\dl\mel_cache\lm3_base_v1\test\blues\blues.00052__03000ms__0016.npy
lstm,blues__blues.00052,blues,17,blues,blues,1,0.8108901977539062,E:\dl\mel_cache\lm3_base_v1\test\blues\blues.00052__03000ms__0017.npy
lstm,blues__blues.00052,blues,18,blues,blues,1,0.5354490876197815,E:\dl\mel_cache\lm3_base_v1\test\blues\blues.00052__03000ms__0018.npy
lstm,blues__blues.00052,blues,19,blues,blues,1,0.690258264541626,E:\dl\mel_cache\lm3_base_v1\test\blues\blues.00052__03000ms__0019.npy
lstm,blues__blues.00054,blues,0,blues,rock,0,0.6635743379592896,E:\dl\mel_cache\lm3_base_v1\test\blues\blues.00054__03000ms__0000.npy
lstm,blues__blues.00054,blues,1,blues,hiphop,0,0.41525956988334656,E:\dl\mel_cache\lm3_base_v1\test\blues\blues.00054__03000ms__0001.npy
lstm,blues__blues.00054,blues,2,blues,hiphop,0,0.36910003423690796,E:\dl\mel_cache\lm3_base_v1\test\blues\blues.00054__03000ms__0002.npy
lstm,blues__blues.00054,blues,3,blues,hiphop,0,0.4866701066493988,E:\dl\mel_cache\lm3_base_v1\test\blues\blues.00054__03000ms__0003.npy
lstm,blues__blues.00054,blues,4,blues,hiphop,0,0.6293988823890686,E:\dl\mel_cache\lm3_base_v1\test\blues\blues.00054__03000ms__0004.npy
lstm,blues__blues.00054,blues,5,blues,rock,0,0.4894574284553528,E:\dl\mel_cache\lm3_base_v1\test\blues\blues.00054__03000ms__0005.npy
lstm,blues__blues.00054,blues,6,blues,hiphop,0,0.4930015206336975,E:\dl\mel_cache\lm3_base_v1\test\blues\blues.00054__03000ms__0006.npy
lstm,blues__blues.00054,blues,7,blues,blues,1,0.41689425706863403,E:\dl\mel_cache\lm3_base_v1\test\blues\blues.00054__03000ms__0007.npy
lstm,blues__blues.00054,blues,8,blues,hiphop,0,0.45813506841659546,E:\dl\mel_cache\lm3_base_v1\test\blues\blues.00054__03000ms__0008.npy
lstm,blues__blues.00054,blues,9,blues,hiphop,0,0.7846423387527466,E:\dl\mel_cache\lm3_base_v1\test\blues\blues.00054__03000ms__0009.npy
lstm,blues__blues.00054,blues,10,blues,rock,0,0.6791014671325684,E:\dl\mel_cache\lm3_base_v1\test\blues\blues.00054__03000ms__0010.npy
lstm,blues__blues.00054,blues,11,blues,blues,1,0.3956899642944336,E:\dl\mel_cache\lm3_base_v1\test\blues\blues.00054__03000ms__0011.npy
lstm,blues__blues.00054,blues,12,blues,blues,1,0.620384693145752,E:\dl\mel_cache\lm3_base_v1\test\blues\blues.00054__03000ms__0012.npy
lstm,blues__blues.00054,blues,13,blues,blues,1,0.8757767081260681,E:\dl\mel_cache\lm3_base_v1\test\blues\blues.00054__03000ms__0013.npy
lstm,blues__blues.00054,blues,14,blues,blues,1,0.6753166317939758,E:\dl\mel_cache\lm3_base_v1\test\blues\blues.00054__03000ms__0014.npy
lstm,blues__blues.00054,blues,15,blues,rock,0,0.5831746459007263,E:\dl\mel_cache\lm3_base_v1\test\blues\blues.00054__03000ms__0015.npy
lstm,blues__blues.00054,blues,16,blues,hiphop,0,0.42493635416030884,E:\dl\mel_cache\lm3_base_v1\test\blues\blues.00054__03000ms__0016.npy
lstm,blues__blues.00054,blues,17,blues,rock,0,0.49960336089134216,E:\dl\mel_cache\lm3_base_v1\test\blues\blues.00054__03000ms__0017.npy
lstm,blues__blues.00054,blues,18,blues,rock,0,0.6560581922531128,E:\dl\mel_cache\lm3_base_v1\test\blues\blues.00054__03000ms__0018.npy
lstm,blues__blues.00054,blues,19,blues,rock,0,0.6536663770675659,E:\dl\mel_cache\lm3_base_v1\test\blues\blues.00054__03000ms__0019.npy
lstm,blues__blues.00057,blues,0,blues,rock,0,0.7357860207557678,E:\dl\mel_cache\lm3_base_v1\test\blues\blues.00057__03000ms__0000.npy
lstm,blues__blues.00057,blues,1,blues,hiphop,0,0.5562224984169006,E:\dl\mel_cache\lm3_base_v1\test\blues\blues.00057__03000ms__0001.npy
lstm,blues__blues.00057,blues,2,blues,blues,1,0.42890214920043945,E:\dl\mel_cache\lm3_base_v1\test\blues\blues.00057__03000ms__0002.npy
lstm,blues__blues.00057,blues,3,blues,blues,1,0.6486613154411316,E:\dl\mel_cache\lm3_base_v1\test\blues\blues.00057__03000ms__0003.npy
lstm,blues__blues.00057,blues,4,blues,blues,1,0.4965831935405731,E:\dl\mel_cache\lm3_base_v1\test\blues\blues.00057__03000ms__0004.npy
lstm,blues__blues.00057,blues,5,blues,blues,1,0.509491503238678,E:\dl\mel_cache\lm3_base_v1\test\blues\blues.00057__03000ms__0005.npy
lstm,blues__blues.00057,blues,6,blues,blues,1,0.35190054774284363,E:\dl\mel_cache\lm3_base_v1\test\blues\blues.00057__03000ms__0006.npy
lstm,blues__blues.00057,blues,7,blues,blues,1,0.4382176697254181,E:\dl\mel_cache\lm3_base_v1\test\blues\blues.00057__03000ms__0007.npy
lstm,blues__blues.00057,blues,8,blues,blues,1,0.3887995779514313,E:\dl\mel_cache\lm3_base_v1\test\blues\blues.00057__03000ms__0008.npy
lstm,blues__blues.00057,blues,9,blues,blues,1,0.7788882255554199,E:\dl\mel_cache\lm3_base_v1\test\blues\blues.00057__03000ms__0009.npy
lstm,blues__blues.00057,blues,10,blues,blues,1,0.48171985149383545,E:\dl\mel_cache\lm3_base_v1\test\blues\blues.00057__03000ms__0010.npy
lstm,blues__blues.00057,blues,11,blues,hiphop,0,0.5836139917373657,E:\dl\mel_cache\lm3_base_v1\test\blues\blues.00057__03000ms__0011.npy
lstm,blues__blues.00057,blues,12,blues,hiphop,0,0.4647315442562103,E:\dl\mel_cache\lm3_base_v1\test\blues\blues.00057__03000ms__0012.npy
lstm,blues__blues.00057,blues,13,blues,blues,1,0.8097971677780151,E:\dl\mel_cache\lm3_base_v1\test\blues\blues.00057__03000ms__0013.npy
lstm,blues__blues.00057,blues,14,blues,blues,1,0.7814643979072571,E:\dl\mel_cache\lm3_base_v1\test\blues\blues.00057__03000ms__0014.npy
lstm,blues__blues.00057,blues,15,blues,blues,1,0.6234895586967468,E:\dl\mel_cache\lm3_base_v1\test\blues\blues.00057__03000ms__0015.npy
lstm,blues__blues.00057,blues,16,blues,blues,1,0.578902542591095,E:\dl\mel_cache\lm3_base_v1\test\blues\blues.00057__03000ms__0016.npy
lstm,blues__blues.00057,blues,17,blues,blues,1,0.623488187789917,E:\dl\mel_cache\lm3_base_v1\test\blues\blues.00057__03000ms__0017.npy
lstm,blues__blues.00057,blues,18,blues,blues,1,0.7498687505722046,E:\dl\mel_cache\lm3_base_v1\test\blues\blues.00057__03000ms__0018.npy
lstm,blues__blues.00057,blues,19,blues,blues,1,0.7866619229316711,E:\dl\mel_cache\lm3_base_v1\test\blues\blues.00057__03000ms__0019.npy
lstm,blues__blues.00060,blues,0,blues,blues,1,0.8947572708129883,E:\dl\mel_cache\lm3_base_v1\test\blues\blues.00060__03000ms__0000.npy
lstm,blues__blues.00060,blues,1,blues,blues,1,0.9296289086341858,E:\dl\mel_cache\lm3_base_v1\test\blues\blues.00060__03000ms__0001.npy
lstm,blues__blues.00060,blues,2,blues,blues,1,0.9221864342689514,E:\dl\mel_cache\lm3_base_v1\test\blues\blues.00060__03000ms__0002.npy
lstm,blues__blues.00060,blues,3,blues,blues,1,0.49558302760124207,E:\dl\mel_cache\lm3_base_v1\test\blues\blues.00060__03000ms__0003.npy
lstm,blues__blues.00060,blues,4,blues,rock,0,0.6599223613739014,E:\dl\mel_cache\lm3_base_v1\test\blues\blues.00060__03000ms__0004.npy
lstm,blues__blues.00060,blues,5,blues,blues,1,0.699593722820282,E:\dl\mel_cache\lm3_base_v1\test\blues\blues.00060__03000ms__0005.npy
lstm,blues__blues.00060,blues,6,blues,blues,1,0.9427163600921631,E:\dl\mel_cache\lm3_base_v1\test\blues\blues.00060__03000ms__0006.npy
lstm,blues__blues.00060,blues,7,blues,blues,1,0.9360173344612122,E:\dl\mel_cache\lm3_base_v1\test\blues\blues.00060__03000ms__0007.npy
lstm,blues__blues.00060,blues,8,blues,blues,1,0.8705753087997437,E:\dl\mel_cache\lm3_base_v1\test\blues\blues.00060__03000ms__0008.npy
lstm,blues__blues.00060,blues,9,blues,blues,1,0.9008470177650452,E:\dl\mel_cache\lm3_base_v1\test\blues\blues.00060__03000ms__0009.npy
lstm,blues__blues.00060,blues,10,blues,blues,1,0.9020416736602783,E:\dl\mel_cache\lm3_base_v1\test\blues\blues.00060__03000ms__0010.npy
lstm,blues__blues.00060,blues,11,blues,blues,1,0.4653353691101074,E:\dl\mel_cache\lm3_base_v1\test\blues\blues.00060__03000ms__0011.npy
lstm,blues__blues.00060,blues,12,blues,blues,1,0.7287534475326538,E:\dl\mel_cache\lm3_base_v1\test\blues\blues.00060__03000ms__0012.npy
lstm,blues__blues.00060,blues,13,blues,blues,1,0.8314303159713745,E:\dl\mel_cache\lm3_base_v1\test\blues\blues.00060__03000ms__0013.npy
lstm,blues__blues.00060,blues,14,blues,blues,1,0.5271510481834412,E:\dl\mel_cache\lm3_base_v1\test\blues\blues.00060__03000ms__0014.npy
lstm,blues__blues.00060,blues,15,blues,blues,1,0.8286696672439575,E:\dl\mel_cache\lm3_base_v1\test\blues\blues.00060__03000ms__0015.npy
lstm,blues__blues.00060,blues,16,blues,blues,1,0.4808904528617859,E:\dl\mel_cache\lm3_base_v1\test\blues\blues.00060__03000ms__0016.npy
lstm,blues__blues.00060,blues,17,blues,blues,1,0.7024148106575012,E:\dl\mel_cache\lm3_base_v1\test\blues\blues.00060__03000ms__0017.npy
lstm,blues__blues.00060,blues,18,blues,blues,1,0.7210866808891296,E:\dl\mel_cache\lm3_base_v1\test\blues\blues.00060__03000ms__0018.npy
lstm,blues__blues.00060,blues,19,blues,blues,1,0.7908390164375305,E:\dl\mel_cache\lm3_base_v1\test\blues\blues.00060__03000ms__0019.npy
lstm,blues__blues.00066,blues,0,blues,blues,1,0.62416011095047,E:\dl\mel_cache\lm3_base_v1\test\blues\blues.00066__03000ms__0000.npy
lstm,blues__blues.00066,blues,1,blues,blues,1,0.6670535802841187,E:\dl\mel_cache\lm3_base_v1\test\blues\blues.00066__03000ms__0001.npy
lstm,blues__blues.00066,blues,2,blues,rock,0,0.4765557646751404,E:\dl\mel_cache\lm3_base_v1\test\blues\blues.00066__03000ms__0002.npy
lstm,blues__blues.00066,blues,3,blues,blues,1,0.4520767629146576,E:\dl\mel_cache\lm3_base_v1\test\blues\blues.00066__03000ms__0003.npy
lstm,blues__blues.00066,blues,4,blues,blues,1,0.7989572882652283,E:\dl\mel_cache\lm3_base_v1\test\blues\blues.00066__03000ms__0004.npy
lstm,blues__blues.00066,blues,5,blues,blues,1,0.7896965742111206,E:\dl\mel_cache\lm3_base_v1\test\blues\blues.00066__03000ms__0005.npy
lstm,blues__blues.00066,blues,6,blues,blues,1,0.6570282578468323,E:\dl\mel_cache\lm3_base_v1\test\blues\blues.00066__03000ms__0006.npy
lstm,blues__blues.00066,blues,7,blues,disco,0,0.5048885941505432,E:\dl\mel_cache\lm3_base_v1\test\blues\blues.00066__03000ms__0007.npy
lstm,blues__blues.00066,blues,8,blues,disco,0,0.5746739506721497,E:\dl\mel_cache\lm3_base_v1\test\blues\blues.00066__03000ms__0008.npy
lstm,blues__blues.00066,blues,9,blues,rock,0,0.6770679354667664,E:\dl\mel_cache\lm3_base_v1\test\blues\blues.00066__03000ms__0009.npy
lstm,blues__blues.00066,blues,10,blues,rock,0,0.5750009417533875,E:\dl\mel_cache\lm3_base_v1\test\blues\blues.00066__03000ms__0010.npy
lstm,blues__blues.00066,blues,11,blues,rock,0,0.49372366070747375,E:\dl\mel_cache\lm3_base_v1\test\blues\blues.00066__03000ms__0011.npy
lstm,blues__blues.00066,blues,12,blues,rock,0,0.5784562230110168,E:\dl\mel_cache\lm3_base_v1\test\blues\blues.00066__03000ms__0012.npy
lstm,blues__blues.00066,blues,13,blues,rock,0,0.5976223945617676,E:\dl\mel_cache\lm3_base_v1\test\blues\blues.00066__03000ms__0013.npy
lstm,blues__blues.00066,blues,14,blues,blues,1,0.7549924850463867,E:\dl\mel_cache\lm3_base_v1\test\blues\blues.00066__03000ms__0014.npy
lstm,blues__blues.00066,blues,15,blues,blues,1,0.8896994590759277,E:\dl\mel_cache\lm3_base_v1\test\blues\blues.00066__03000ms__0015.npy
lstm,blues__blues.00066,blues,16,blues,blues,1,0.9232575297355652,E:\dl\mel_cache\lm3_base_v1\test\blues\blues.00066__03000ms__0016.npy
lstm,blues__blues.00066,blues,17,blues,blues,1,0.8460698127746582,E:\dl\mel_cache\lm3_base_v1\test\blues\blues.00066__03000ms__0017.npy
lstm,blues__blues.00066,blues,18,blues,blues,1,0.8674193620681763,E:\dl\mel_cache\lm3_base_v1\test\blues\blues.00066__03000ms__0018.npy
lstm,blues__blues.00066,blues,19,blues,blues,1,0.8904527425765991,E:\dl\mel_cache\lm3_base_v1\test\blues\blues.00066__03000ms__0019.npy
lstm,blues__blues.00068,blues,0,blues,blues,1,0.9271328449249268,E:\dl\mel_cache\lm3_base_v1\test\blues\blues.00068__03000ms__0000.npy
lstm,blues__blues.00068,blues,1,blues,blues,1,0.9378241300582886,E:\dl\mel_cache\lm3_base_v1\test\blues\blues.00068__03000ms__0001.npy
lstm,blues__blues.00068,blues,2,blues,blues,1,0.845486044883728,E:\dl\mel_cache\lm3_base_v1\test\blues\blues.00068__03000ms__0002.npy
lstm,blues__blues.00068,blues,3,blues,blues,1,0.8757294416427612,E:\dl\mel_cache\lm3_base_v1\test\blues\blues.00068__03000ms__0003.npy
lstm,blues__blues.00068,blues,4,blues,blues,1,0.7259733080863953,E:\dl\mel_cache\lm3_base_v1\test\blues\blues.00068__03000ms__0004.npy
lstm,blues__blues.00068,blues,5,blues,blues,1,0.87629234790802,E:\dl\mel_cache\lm3_base_v1\test\blues\blues.00068__03000ms__0005.npy
lstm,blues__blues.00068,blues,6,blues,blues,1,0.9098227024078369,E:\dl\mel_cache\lm3_base_v1\test\blues\blues.00068__03000ms__0006.npy
lstm,blues__blues.00068,blues,7,blues,blues,1,0.9206618070602417,E:\dl\mel_cache\lm3_base_v1\test\blues\blues.00068__03000ms__0007.npy
lstm,blues__blues.00068,blues,8,blues,blues,1,0.9265714287757874,E:\dl\mel_cache\lm3_base_v1\test\blues\blues.00068__03000ms__0008.npy
lstm,blues__blues.00068,blues,9,blues,blues,1,0.8898698091506958,E:\dl\mel_cache\lm3_base_v1\test\blues\blues.00068__03000ms__0009.npy
lstm,blues__blues.00068,blues,10,blues,blues,1,0.9265264272689819,E:\dl\mel_cache\lm3_base_v1\test\blues\blues.00068__03000ms__0010.npy
lstm,blues__blues.00068,blues,11,blues,blues,1,0.9123149514198303,E:\dl\mel_cache\lm3_base_v1\test\blues\blues.00068__03000ms__0011.npy
lstm,blues__blues.00068,blues,12,blues,blues,1,0.650668740272522,E:\dl\mel_cache\lm3_base_v1\test\blues\blues.00068__03000ms__0012.npy
lstm,blues__blues.00068,blues,13,blues,blues,1,0.7265279293060303,E:\dl\mel_cache\lm3_base_v1\test\blues\blues.00068__03000ms__0013.npy
lstm,blues__blues.00068,blues,14,blues,blues,1,0.8914899230003357,E:\dl\mel_cache\lm3_base_v1\test\blues\blues.00068__03000ms__0014.npy
lstm,blues__blues.00068,blues,15,blues,blues,1,0.9082136154174805,E:\dl\mel_cache\lm3_base_v1\test\blues\blues.00068__03000ms__0015.npy
lstm,blues__blues.00068,blues,16,blues,blues,1,0.9308066964149475,E:\dl\mel_cache\lm3_base_v1\test\blues\blues.00068__03000ms__0016.npy
lstm,blues__blues.00068,blues,17,blues,blues,1,0.8753145933151245,E:\dl\mel_cache\lm3_base_v1\test\blues\blues.00068__03000ms__0017.npy
lstm,blues__blues.00068,blues,18,blues,blues,1,0.9138341546058655,E:\dl\mel_cache\lm3_base_v1\test\blues\blues.00068__03000ms__0018.npy
lstm,blues__blues.00068,blues,19,blues,blues,1,0.9086679220199585,E:\dl\mel_cache\lm3_base_v1\test\blues\blues.00068__03000ms__0019.npy
lstm,blues__blues.00070,blues,0,blues,rock,0,0.5844671726226807,E:\dl\mel_cache\lm3_base_v1\test\blues\blues.00070__03000ms__0000.npy
lstm,blues__blues.00070,blues,1,blues,rock,0,0.5792300701141357,E:\dl\mel_cache\lm3_base_v1\test\blues\blues.00070__03000ms__0001.npy
lstm,blues__blues.00070,blues,2,blues,rock,0,0.5837690830230713,E:\dl\mel_cache\lm3_base_v1\test\blues\blues.00070__03000ms__0002.npy
lstm,blues__blues.00070,blues,3,blues,rock,0,0.8347609639167786,E:\dl\mel_cache\lm3_base_v1\test\blues\blues.00070__03000ms__0003.npy
lstm,blues__blues.00070,blues,4,blues,blues,1,0.5399932265281677,E:\dl\mel_cache\lm3_base_v1\test\blues\blues.00070__03000ms__0004.npy
lstm,blues__blues.00070,blues,5,blues,blues,1,0.8953016996383667,E:\dl\mel_cache\lm3_base_v1\test\blues\blues.00070__03000ms__0005.npy
lstm,blues__blues.00070,blues,6,blues,hiphop,0,0.38350239396095276,E:\dl\mel_cache\lm3_base_v1\test\blues\blues.00070__03000ms__0006.npy
lstm,blues__blues.00070,blues,7,blues,hiphop,0,0.6088626980781555,E:\dl\mel_cache\lm3_base_v1\test\blues\blues.00070__03000ms__0007.npy
lstm,blues__blues.00070,blues,8,blues,blues,1,0.3616318702697754,E:\dl\mel_cache\lm3_base_v1\test\blues\blues.00070__03000ms__0008.npy
lstm,blues__blues.00070,blues,9,blues,rock,0,0.4969947934150696,E:\dl\mel_cache\lm3_base_v1\test\blues\blues.00070__03000ms__0009.npy
lstm,blues__blues.00070,blues,10,blues,rock,0,0.47235971689224243,E:\dl\mel_cache\lm3_base_v1\test\blues\blues.00070__03000ms__0010.npy
lstm,blues__blues.00070,blues,11,blues,rock,0,0.354249507188797,E:\dl\mel_cache\lm3_base_v1\test\blues\blues.00070__03000ms__0011.npy
lstm,blues__blues.00070,blues,12,blues,blues,1,0.3350452482700348,E:\dl\mel_cache\lm3_base_v1\test\blues\blues.00070__03000ms__0012.npy
lstm,blues__blues.00070,blues,13,blues,blues,1,0.7510766983032227,E:\dl\mel_cache\lm3_base_v1\test\blues\blues.00070__03000ms__0013.npy
lstm,blues__blues.00070,blues,14,blues,blues,1,0.8646060824394226,E:\dl\mel_cache\lm3_base_v1\test\blues\blues.00070__03000ms__0014.npy
lstm,blues__blues.00070,blues,15,blues,blues,1,0.583324134349823,E:\dl\mel_cache\lm3_base_v1\test\blues\blues.00070__03000ms__0015.npy
lstm,blues__blues.00070,blues,16,blues,blues,1,0.3151063323020935,E:\dl\mel_cache\lm3_base_v1\test\blues\blues.00070__03000ms__0016.npy
lstm,blues__blues.00070,blues,17,blues,rock,0,0.7654795050621033,E:\dl\mel_cache\lm3_base_v1\test\blues\blues.00070__03000ms__0017.npy
lstm,blues__blues.00070,blues,18,blues,rock,0,0.5848433971405029,E:\dl\mel_cache\lm3_base_v1\test\blues\blues.00070__03000ms__0018.npy
lstm,blues__blues.00070,blues,19,blues,rock,0,0.5553549528121948,E:\dl\mel_cache\lm3_base_v1\test\blues\blues.00070__03000ms__0019.npy
lstm,blues__blues.00071,blues,0,blues,blues,1,0.9466519951820374,E:\dl\mel_cache\lm3_base_v1\test\blues\blues.00071__03000ms__0000.npy
lstm,blues__blues.00071,blues,1,blues,blues,1,0.9352394938468933,E:\dl\mel_cache\lm3_base_v1\test\blues\blues.00071__03000ms__0001.npy
lstm,blues__blues.00071,blues,2,blues,blues,1,0.76041179895401,E:\dl\mel_cache\lm3_base_v1\test\blues\blues.00071__03000ms__0002.npy
lstm,blues__blues.00071,blues,3,blues,blues,1,0.5872576832771301,E:\dl\mel_cache\lm3_base_v1\test\blues\blues.00071__03000ms__0003.npy
lstm,blues__blues.00071,blues,4,blues,blues,1,0.9383240938186646,E:\dl\mel_cache\lm3_base_v1\test\blues\blues.00071__03000ms__0004.npy
lstm,blues__blues.00071,blues,5,blues,blues,1,0.8813954591751099,E:\dl\mel_cache\lm3_base_v1\test\blues\blues.00071__03000ms__0005.npy
lstm,blues__blues.00071,blues,6,blues,blues,1,0.5700481534004211,E:\dl\mel_cache\lm3_base_v1\test\blues\blues.00071__03000ms__0006.npy
lstm,blues__blues.00071,blues,7,blues,blues,1,0.6096366047859192,E:\dl\mel_cache\lm3_base_v1\test\blues\blues.00071__03000ms__0007.npy
lstm,blues__blues.00071,blues,8,blues,blues,1,0.7088373303413391,E:\dl\mel_cache\lm3_base_v1\test\blues\blues.00071__03000ms__0008.npy
lstm,blues__blues.00071,blues,9,blues,blues,1,0.7077744603157043,E:\dl\mel_cache\lm3_base_v1\test\blues\blues.00071__03000ms__0009.npy
lstm,blues__blues.00071,blues,10,blues,rock,0,0.5597512722015381,E:\dl\mel_cache\lm3_base_v1\test\blues\blues.00071__03000ms__0010.npy
lstm,blues__blues.00071,blues,11,blues,rock,0,0.5098881125450134,E:\dl\mel_cache\lm3_base_v1\test\blues\blues.00071__03000ms__0011.npy
lstm,blues__blues.00071,blues,12,blues,blues,1,0.8650701642036438,E:\dl\mel_cache\lm3_base_v1\test\blues\blues.00071__03000ms__0012.npy
lstm,blues__blues.00071,blues,13,blues,blues,1,0.8410475254058838,E:\dl\mel_cache\lm3_base_v1\test\blues\blues.00071__03000ms__0013.npy
lstm,blues__blues.00071,blues,14,blues,rock,0,0.523639976978302,E:\dl\mel_cache\lm3_base_v1\test\blues\blues.00071__03000ms__0014.npy
lstm,blues__blues.00071,blues,15,blues,rock,0,0.7058500051498413,E:\dl\mel_cache\lm3_base_v1\test\blues\blues.00071__03000ms__0015.npy
lstm,blues__blues.00071,blues,16,blues,blues,1,0.8922592997550964,E:\dl\mel_cache\lm3_base_v1\test\blues\blues.00071__03000ms__0016.npy
lstm,blues__blues.00071,blues,17,blues,blues,1,0.845213770866394,E:\dl\mel_cache\lm3_base_v1\test\blues\blues.00071__03000ms__0017.npy
lstm,blues__blues.00071,blues,18,blues,blues,1,0.894457221031189,E:\dl\mel_cache\lm3_base_v1\test\blues\blues.00071__03000ms__0018.npy
lstm,blues__blues.00071,blues,19,blues,blues,1,0.8982830047607422,E:\dl\mel_cache\lm3_base_v1\test\blues\blues.00071__03000ms__0019.npy
lstm,classical__classical.00000,classical,0,classical,classical,1,0.9034896492958069,E:\dl\mel_cache\lm3_base_v1\test\classical\classical.00000__03000ms__0000.npy
lstm,classical__classical.00000,classical,1,classical,classical,1,0.9219960570335388,E:\dl\mel_cache\lm3_base_v1\test\classical\classical.00000__03000ms__0001.npy
lstm,classical__classical.00000,classical,2,classical,classical,1,0.9327309131622314,E:\dl\mel_cache\lm3_base_v1\test\classical\classical.00000__03000ms__0002.npy
lstm,classical__classical.00000,classical,3,classical,classical,1,0.9412347674369812,E:\dl\mel_cache\lm3_base_v1\test\classical\classical.00000__03000ms__0003.npy
lstm,classical__classical.00000,classical,4,classical,classical,1,0.9372069835662842,E:\dl\mel_cache\lm3_base_v1\test\classical\classical.00000__03000ms__0004.npy
lstm,classical__classical.00000,classical,5,classical,classical,1,0.9367011189460754,E:\dl\mel_cache\lm3_base_v1\test\classical\classical.00000__03000ms__0005.npy
lstm,classical__classical.00000,classical,6,classical,classical,1,0.9269956350326538,E:\dl\mel_cache\lm3_base_v1\test\classical\classical.00000__03000ms__0006.npy
lstm,classical__classical.00000,classical,7,classical,classical,1,0.9400886297225952,E:\dl\mel_cache\lm3_base_v1\test\classical\classical.00000__03000ms__0007.npy
lstm,classical__classical.00000,classical,8,classical,classical,1,0.9399166703224182,E:\dl\mel_cache\lm3_base_v1\test\classical\classical.00000__03000ms__0008.npy
lstm,classical__classical.00000,classical,9,classical,classical,1,0.9390926957130432,E:\dl\mel_cache\lm3_base_v1\test\classical\classical.00000__03000ms__0009.npy
lstm,classical__classical.00000,classical,10,classical,classical,1,0.9347227811813354,E:\dl\mel_cache\lm3_base_v1\test\classical\classical.00000__03000ms__0010.npy
lstm,classical__classical.00000,classical,11,classical,classical,1,0.9371064901351929,E:\dl\mel_cache\lm3_base_v1\test\classical\classical.00000__03000ms__0011.npy
lstm,classical__classical.00000,classical,12,classical,classical,1,0.9407029151916504,E:\dl\mel_cache\lm3_base_v1\test\classical\classical.00000__03000ms__0012.npy
lstm,classical__classical.00000,classical,13,classical,classical,1,0.9368428587913513,E:\dl\mel_cache\lm3_base_v1\test\classical\classical.00000__03000ms__0013.npy
lstm,classical__classical.00000,classical,14,classical,classical,1,0.9415249824523926,E:\dl\mel_cache\lm3_base_v1\test\classical\classical.00000__03000ms__0014.npy
lstm,classical__classical.00000,classical,15,classical,classical,1,0.9389146566390991,E:\dl\mel_cache\lm3_base_v1\test\classical\classical.00000__03000ms__0015.npy
lstm,classical__classical.00000,classical,16,classical,classical,1,0.934931755065918,E:\dl\mel_cache\lm3_base_v1\test\classical\classical.00000__03000ms__0016.npy
lstm,classical__classical.00000,classical,17,classical,classical,1,0.9348564147949219,E:\dl\mel_cache\lm3_base_v1\test\classical\classical.00000__03000ms__0017.npy
lstm,classical__classical.00000,classical,18,classical,classical,1,0.9268102645874023,E:\dl\mel_cache\lm3_base_v1\test\classical\classical.00000__03000ms__0018.npy
lstm,classical__classical.00000,classical,19,classical,classical,1,0.9293367266654968,E:\dl\mel_cache\lm3_base_v1\test\classical\classical.00000__03000ms__0019.npy
lstm,classical__classical.00002,classical,0,classical,classical,1,0.9324023723602295,E:\dl\mel_cache\lm3_base_v1\test\classical\classical.00002__03000ms__0000.npy
lstm,classical__classical.00002,classical,1,classical,classical,1,0.9327853918075562,E:\dl\mel_cache\lm3_base_v1\test\classical\classical.00002__03000ms__0001.npy
lstm,classical__classical.00002,classical,2,classical,classical,1,0.9347836971282959,E:\dl\mel_cache\lm3_base_v1\test\classical\classical.00002__03000ms__0002.npy
lstm,classical__classical.00002,classical,3,classical,classical,1,0.9293727874755859,E:\dl\mel_cache\lm3_base_v1\test\classical\classical.00002__03000ms__0003.npy
lstm,classical__classical.00002,classical,4,classical,classical,1,0.9266164898872375,E:\dl\mel_cache\lm3_base_v1\test\classical\classical.00002__03000ms__0004.npy
lstm,classical__classical.00002,classical,5,classical,classical,1,0.9018625020980835,E:\dl\mel_cache\lm3_base_v1\test\classical\classical.00002__03000ms__0005.npy
lstm,classical__classical.00002,classical,6,classical,classical,1,0.8855031728744507,E:\dl\mel_cache\lm3_base_v1\test\classical\classical.00002__03000ms__0006.npy
lstm,classical__classical.00002,classical,7,classical,classical,1,0.9279662370681763,E:\dl\mel_cache\lm3_base_v1\test\classical\classical.00002__03000ms__0007.npy
lstm,classical__classical.00002,classical,8,classical,classical,1,0.9317358732223511,E:\dl\mel_cache\lm3_base_v1\test\classical\classical.00002__03000ms__0008.npy
lstm,classical__classical.00002,classical,9,classical,classical,1,0.92975914478302,E:\dl\mel_cache\lm3_base_v1\test\classical\classical.00002__03000ms__0009.npy
lstm,classical__classical.00002,classical,10,classical,classical,1,0.9334085583686829,E:\dl\mel_cache\lm3_base_v1\test\classical\classical.00002__03000ms__0010.npy
lstm,classical__classical.00002,classical,11,classical,classical,1,0.9322454333305359,E:\dl\mel_cache\lm3_base_v1\test\classical\classical.00002__03000ms__0011.npy
lstm,classical__classical.00002,classical,12,classical,classical,1,0.9276041388511658,E:\dl\mel_cache\lm3_base_v1\test\classical\classical.00002__03000ms__0012.npy
lstm,classical__classical.00002,classical,13,classical,classical,1,0.9280564188957214,E:\dl\mel_cache\lm3_base_v1\test\classical\classical.00002__03000ms__0013.npy
lstm,classical__classical.00002,classical,14,classical,classical,1,0.9309495091438293,E:\dl\mel_cache\lm3_base_v1\test\classical\classical.00002__03000ms__0014.npy
lstm,classical__classical.00002,classical,15,classical,classical,1,0.9318498969078064,E:\dl\mel_cache\lm3_base_v1\test\classical\classical.00002__03000ms__0015.npy
lstm,classical__classical.00002,classical,16,classical,classical,1,0.9349300861358643,E:\dl\mel_cache\lm3_base_v1\test\classical\classical.00002__03000ms__0016.npy
lstm,classical__classical.00002,classical,17,classical,classical,1,0.9361404180526733,E:\dl\mel_cache\lm3_base_v1\test\classical\classical.00002__03000ms__0017.npy
lstm,classical__classical.00002,classical,18,classical,classical,1,0.9323207139968872,E:\dl\mel_cache\lm3_base_v1\test\classical\classical.00002__03000ms__0018.npy
lstm,classical__classical.00002,classical,19,classical,classical,1,0.930708646774292,E:\dl\mel_cache\lm3_base_v1\test\classical\classical.00002__03000ms__0019.npy
lstm,classical__classical.00006,classical,0,classical,classical,1,0.940689206123352,E:\dl\mel_cache\lm3_base_v1\test\classical\classical.00006__03000ms__0000.npy
lstm,classical__classical.00006,classical,1,classical,classical,1,0.9420258402824402,E:\dl\mel_cache\lm3_base_v1\test\classical\classical.00006__03000ms__0001.npy
lstm,classical__classical.00006,classical,2,classical,classical,1,0.9432562589645386,E:\dl\mel_cache\lm3_base_v1\test\classical\classical.00006__03000ms__0002.npy
lstm,classical__classical.00006,classical,3,classical,classical,1,0.9427934885025024,E:\dl\mel_cache\lm3_base_v1\test\classical\classical.00006__03000ms__0003.npy
lstm,classical__classical.00006,classical,4,classical,classical,1,0.9406671524047852,E:\dl\mel_cache\lm3_base_v1\test\classical\classical.00006__03000ms__0004.npy
lstm,classical__classical.00006,classical,5,classical,classical,1,0.9096578359603882,E:\dl\mel_cache\lm3_base_v1\test\classical\classical.00006__03000ms__0005.npy
lstm,classical__classical.00006,classical,6,classical,classical,1,0.941493034362793,E:\dl\mel_cache\lm3_base_v1\test\classical\classical.00006__03000ms__0006.npy
lstm,classical__classical.00006,classical,7,classical,classical,1,0.9458749294281006,E:\dl\mel_cache\lm3_base_v1\test\classical\classical.00006__03000ms__0007.npy
lstm,classical__classical.00006,classical,8,classical,classical,1,0.9430797696113586,E:\dl\mel_cache\lm3_base_v1\test\classical\classical.00006__03000ms__0008.npy
lstm,classical__classical.00006,classical,9,classical,classical,1,0.9341487288475037,E:\dl\mel_cache\lm3_base_v1\test\classical\classical.00006__03000ms__0009.npy
lstm,classical__classical.00006,classical,10,classical,classical,1,0.9439160227775574,E:\dl\mel_cache\lm3_base_v1\test\classical\classical.00006__03000ms__0010.npy
lstm,classical__classical.00006,classical,11,classical,classical,1,0.9406681656837463,E:\dl\mel_cache\lm3_base_v1\test\classical\classical.00006__03000ms__0011.npy
lstm,classical__classical.00006,classical,12,classical,classical,1,0.9432403445243835,E:\dl\mel_cache\lm3_base_v1\test\classical\classical.00006__03000ms__0012.npy
lstm,classical__classical.00006,classical,13,classical,classical,1,0.9402547478675842,E:\dl\mel_cache\lm3_base_v1\test\classical\classical.00006__03000ms__0013.npy
lstm,classical__classical.00006,classical,14,classical,classical,1,0.9300722479820251,E:\dl\mel_cache\lm3_base_v1\test\classical\classical.00006__03000ms__0014.npy
lstm,classical__classical.00006,classical,15,classical,classical,1,0.9355785846710205,E:\dl\mel_cache\lm3_base_v1\test\classical\classical.00006__03000ms__0015.npy
lstm,classical__classical.00006,classical,16,classical,classical,1,0.9269293546676636,E:\dl\mel_cache\lm3_base_v1\test\classical\classical.00006__03000ms__0016.npy
lstm,classical__classical.00006,classical,17,classical,classical,1,0.9310972690582275,E:\dl\mel_cache\lm3_base_v1\test\classical\classical.00006__03000ms__0017.npy
lstm,classical__classical.00006,classical,18,classical,classical,1,0.9368225336074829,E:\dl\mel_cache\lm3_base_v1\test\classical\classical.00006__03000ms__0018.npy
lstm,classical__classical.00006,classical,19,classical,classical,1,0.9381902813911438,E:\dl\mel_cache\lm3_base_v1\test\classical\classical.00006__03000ms__0019.npy
lstm,classical__classical.00009,classical,0,classical,classical,1,0.9417821168899536,E:\dl\mel_cache\lm3_base_v1\test\classical\classical.00009__03000ms__0000.npy
lstm,classical__classical.00009,classical,1,classical,classical,1,0.9427418112754822,E:\dl\mel_cache\lm3_base_v1\test\classical\classical.00009__03000ms__0001.npy
lstm,classical__classical.00009,classical,2,classical,classical,1,0.9439166188240051,E:\dl\mel_cache\lm3_base_v1\test\classical\classical.00009__03000ms__0002.npy
lstm,classical__classical.00009,classical,3,classical,classical,1,0.9400447607040405,E:\dl\mel_cache\lm3_base_v1\test\classical\classical.00009__03000ms__0003.npy
lstm,classical__classical.00009,classical,4,classical,classical,1,0.9404785633087158,E:\dl\mel_cache\lm3_base_v1\test\classical\classical.00009__03000ms__0004.npy
lstm,classical__classical.00009,classical,5,classical,classical,1,0.9462433457374573,E:\dl\mel_cache\lm3_base_v1\test\classical\classical.00009__03000ms__0005.npy
lstm,classical__classical.00009,classical,6,classical,classical,1,0.9438250064849854,E:\dl\mel_cache\lm3_base_v1\test\classical\classical.00009__03000ms__0006.npy
lstm,classical__classical.00009,classical,7,classical,classical,1,0.9403342604637146,E:\dl\mel_cache\lm3_base_v1\test\classical\classical.00009__03000ms__0007.npy
lstm,classical__classical.00009,classical,8,classical,classical,1,0.9381799101829529,E:\dl\mel_cache\lm3_base_v1\test\classical\classical.00009__03000ms__0008.npy
lstm,classical__classical.00009,classical,9,classical,classical,1,0.9280741810798645,E:\dl\mel_cache\lm3_base_v1\test\classical\classical.00009__03000ms__0009.npy
lstm,classical__classical.00009,classical,10,classical,classical,1,0.8821157813072205,E:\dl\mel_cache\lm3_base_v1\test\classical\classical.00009__03000ms__0010.npy
lstm,classical__classical.00009,classical,11,classical,classical,1,0.7908721566200256,E:\dl\mel_cache\lm3_base_v1\test\classical\classical.00009__03000ms__0011.npy
lstm,classical__classical.00009,classical,12,classical,classical,1,0.4362526535987854,E:\dl\mel_cache\lm3_base_v1\test\classical\classical.00009__03000ms__0012.npy
lstm,classical__classical.00009,classical,13,classical,classical,1,0.9370402097702026,E:\dl\mel_cache\lm3_base_v1\test\classical\classical.00009__03000ms__0013.npy
lstm,classical__classical.00009,classical,14,classical,classical,1,0.9396514892578125,E:\dl\mel_cache\lm3_base_v1\test\classical\classical.00009__03000ms__0014.npy
lstm,classical__classical.00009,classical,15,classical,classical,1,0.9403530955314636,E:\dl\mel_cache\lm3_base_v1\test\classical\classical.00009__03000ms__0015.npy
lstm,classical__classical.00009,classical,16,classical,classical,1,0.9349067807197571,E:\dl\mel_cache\lm3_base_v1\test\classical\classical.00009__03000ms__0016.npy
lstm,classical__classical.00009,classical,17,classical,classical,1,0.9424082040786743,E:\dl\mel_cache\lm3_base_v1\test\classical\classical.00009__03000ms__0017.npy
lstm,classical__classical.00009,classical,18,classical,classical,1,0.9008566737174988,E:\dl\mel_cache\lm3_base_v1\test\classical\classical.00009__03000ms__0018.npy
lstm,classical__classical.00009,classical,19,classical,classical,1,0.8996568918228149,E:\dl\mel_cache\lm3_base_v1\test\classical\classical.00009__03000ms__0019.npy
lstm,classical__classical.00022,classical,0,classical,classical,1,0.9431297183036804,E:\dl\mel_cache\lm3_base_v1\test\classical\classical.00022__03000ms__0000.npy
lstm,classical__classical.00022,classical,1,classical,classical,1,0.9434193968772888,E:\dl\mel_cache\lm3_base_v1\test\classical\classical.00022__03000ms__0001.npy
lstm,classical__classical.00022,classical,2,classical,classical,1,0.9377116560935974,E:\dl\mel_cache\lm3_base_v1\test\classical\classical.00022__03000ms__0002.npy
lstm,classical__classical.00022,classical,3,classical,classical,1,0.9361040592193604,E:\dl\mel_cache\lm3_base_v1\test\classical\classical.00022__03000ms__0003.npy
lstm,classical__classical.00022,classical,4,classical,classical,1,0.9363092184066772,E:\dl\mel_cache\lm3_base_v1\test\classical\classical.00022__03000ms__0004.npy
lstm,classical__classical.00022,classical,5,classical,classical,1,0.9319420456886292,E:\dl\mel_cache\lm3_base_v1\test\classical\classical.00022__03000ms__0005.npy
lstm,classical__classical.00022,classical,6,classical,classical,1,0.9280574321746826,E:\dl\mel_cache\lm3_base_v1\test\classical\classical.00022__03000ms__0006.npy
lstm,classical__classical.00022,classical,7,classical,classical,1,0.9260649085044861,E:\dl\mel_cache\lm3_base_v1\test\classical\classical.00022__03000ms__0007.npy
lstm,classical__classical.00022,classical,8,classical,classical,1,0.9050766825675964,E:\dl\mel_cache\lm3_base_v1\test\classical\classical.00022__03000ms__0008.npy
lstm,classical__classical.00022,classical,9,classical,classical,1,0.9144503474235535,E:\dl\mel_cache\lm3_base_v1\test\classical\classical.00022__03000ms__0009.npy
lstm,classical__classical.00022,classical,10,classical,classical,1,0.9157121181488037,E:\dl\mel_cache\lm3_base_v1\test\classical\classical.00022__03000ms__0010.npy
lstm,classical__classical.00022,classical,11,classical,classical,1,0.9211415648460388,E:\dl\mel_cache\lm3_base_v1\test\classical\classical.00022__03000ms__0011.npy
lstm,classical__classical.00022,classical,12,classical,classical,1,0.9431492686271667,E:\dl\mel_cache\lm3_base_v1\test\classical\classical.00022__03000ms__0012.npy
lstm,classical__classical.00022,classical,13,classical,classical,1,0.9331810474395752,E:\dl\mel_cache\lm3_base_v1\test\classical\classical.00022__03000ms__0013.npy
lstm,classical__classical.00022,classical,14,classical,classical,1,0.9391466379165649,E:\dl\mel_cache\lm3_base_v1\test\classical\classical.00022__03000ms__0014.npy
lstm,classical__classical.00022,classical,15,classical,classical,1,0.9439430832862854,E:\dl\mel_cache\lm3_base_v1\test\classical\classical.00022__03000ms__0015.npy
lstm,classical__classical.00022,classical,16,classical,classical,1,0.9400700330734253,E:\dl\mel_cache\lm3_base_v1\test\classical\classical.00022__03000ms__0016.npy
lstm,classical__classical.00022,classical,17,classical,classical,1,0.9414529204368591,E:\dl\mel_cache\lm3_base_v1\test\classical\classical.00022__03000ms__0017.npy
lstm,classical__classical.00022,classical,18,classical,classical,1,0.9170548319816589,E:\dl\mel_cache\lm3_base_v1\test\classical\classical.00022__03000ms__0018.npy
lstm,classical__classical.00022,classical,19,classical,classical,1,0.9271312952041626,E:\dl\mel_cache\lm3_base_v1\test\classical\classical.00022__03000ms__0019.npy
lstm,classical__classical.00034,classical,0,classical,classical,1,0.9355542659759521,E:\dl\mel_cache\lm3_base_v1\test\classical\classical.00034__03000ms__0000.npy
lstm,classical__classical.00034,classical,1,classical,classical,1,0.9358307123184204,E:\dl\mel_cache\lm3_base_v1\test\classical\classical.00034__03000ms__0001.npy
lstm,classical__classical.00034,classical,2,classical,classical,1,0.937994658946991,E:\dl\mel_cache\lm3_base_v1\test\classical\classical.00034__03000ms__0002.npy
lstm,classical__classical.00034,classical,3,classical,classical,1,0.9185615181922913,E:\dl\mel_cache\lm3_base_v1\test\classical\classical.00034__03000ms__0003.npy
lstm,classical__classical.00034,classical,4,classical,classical,1,0.9193227887153625,E:\dl\mel_cache\lm3_base_v1\test\classical\classical.00034__03000ms__0004.npy
lstm,classical__classical.00034,classical,5,classical,classical,1,0.9419127702713013,E:\dl\mel_cache\lm3_base_v1\test\classical\classical.00034__03000ms__0005.npy
lstm,classical__classical.00034,classical,6,classical,classical,1,0.9452541470527649,E:\dl\mel_cache\lm3_base_v1\test\classical\classical.00034__03000ms__0006.npy
lstm,classical__classical.00034,classical,7,classical,classical,1,0.93996661901474,E:\dl\mel_cache\lm3_base_v1\test\classical\classical.00034__03000ms__0007.npy
lstm,classical__classical.00034,classical,8,classical,classical,1,0.9342811703681946,E:\dl\mel_cache\lm3_base_v1\test\classical\classical.00034__03000ms__0008.npy
lstm,classical__classical.00034,classical,9,classical,classical,1,0.9296034574508667,E:\dl\mel_cache\lm3_base_v1\test\classical\classical.00034__03000ms__0009.npy
lstm,classical__classical.00034,classical,10,classical,classical,1,0.9344484210014343,E:\dl\mel_cache\lm3_base_v1\test\classical\classical.00034__03000ms__0010.npy
lstm,classical__classical.00034,classical,11,classical,classical,1,0.9337751269340515,E:\dl\mel_cache\lm3_base_v1\test\classical\classical.00034__03000ms__0011.npy
lstm,classical__classical.00034,classical,12,classical,classical,1,0.9357117414474487,E:\dl\mel_cache\lm3_base_v1\test\classical\classical.00034__03000ms__0012.npy
lstm,classical__classical.00034,classical,13,classical,classical,1,0.9366462826728821,E:\dl\mel_cache\lm3_base_v1\test\classical\classical.00034__03000ms__0013.npy
lstm,classical__classical.00034,classical,14,classical,classical,1,0.9350638389587402,E:\dl\mel_cache\lm3_base_v1\test\classical\classical.00034__03000ms__0014.npy
lstm,classical__classical.00034,classical,15,classical,classical,1,0.9348068237304688,E:\dl\mel_cache\lm3_base_v1\test\classical\classical.00034__03000ms__0015.npy
lstm,classical__classical.00034,classical,16,classical,classical,1,0.9193452596664429,E:\dl\mel_cache\lm3_base_v1\test\classical\classical.00034__03000ms__0016.npy
lstm,classical__classical.00034,classical,17,classical,classical,1,0.9328991770744324,E:\dl\mel_cache\lm3_base_v1\test\classical\classical.00034__03000ms__0017.npy
lstm,classical__classical.00034,classical,18,classical,classical,1,0.9315053224563599,E:\dl\mel_cache\lm3_base_v1\test\classical\classical.00034__03000ms__0018.npy
lstm,classical__classical.00034,classical,19,classical,classical,1,0.931566059589386,E:\dl\mel_cache\lm3_base_v1\test\classical\classical.00034__03000ms__0019.npy
lstm,classical__classical.00037,classical,0,classical,classical,1,0.9376991391181946,E:\dl\mel_cache\lm3_base_v1\test\classical\classical.00037__03000ms__0000.npy
lstm,classical__classical.00037,classical,1,classical,classical,1,0.9198617935180664,E:\dl\mel_cache\lm3_base_v1\test\classical\classical.00037__03000ms__0001.npy
lstm,classical__classical.00037,classical,2,classical,classical,1,0.8922715783119202,E:\dl\mel_cache\lm3_base_v1\test\classical\classical.00037__03000ms__0002.npy
lstm,classical__classical.00037,classical,3,classical,classical,1,0.937624990940094,E:\dl\mel_cache\lm3_base_v1\test\classical\classical.00037__03000ms__0003.npy
lstm,classical__classical.00037,classical,4,classical,classical,1,0.8821769952774048,E:\dl\mel_cache\lm3_base_v1\test\classical\classical.00037__03000ms__0004.npy
lstm,classical__classical.00037,classical,5,classical,classical,1,0.799356997013092,E:\dl\mel_cache\lm3_base_v1\test\classical\classical.00037__03000ms__0005.npy
lstm,classical__classical.00037,classical,6,classical,classical,1,0.9227980375289917,E:\dl\mel_cache\lm3_base_v1\test\classical\classical.00037__03000ms__0006.npy
lstm,classical__classical.00037,classical,7,classical,classical,1,0.9086189270019531,E:\dl\mel_cache\lm3_base_v1\test\classical\classical.00037__03000ms__0007.npy
lstm,classical__classical.00037,classical,8,classical,classical,1,0.9284242391586304,E:\dl\mel_cache\lm3_base_v1\test\classical\classical.00037__03000ms__0008.npy
lstm,classical__classical.00037,classical,9,classical,classical,1,0.9408667683601379,E:\dl\mel_cache\lm3_base_v1\test\classical\classical.00037__03000ms__0009.npy
lstm,classical__classical.00037,classical,10,classical,classical,1,0.9364492893218994,E:\dl\mel_cache\lm3_base_v1\test\classical\classical.00037__03000ms__0010.npy
lstm,classical__classical.00037,classical,11,classical,classical,1,0.9439347982406616,E:\dl\mel_cache\lm3_base_v1\test\classical\classical.00037__03000ms__0011.npy
lstm,classical__classical.00037,classical,12,classical,classical,1,0.938752293586731,E:\dl\mel_cache\lm3_base_v1\test\classical\classical.00037__03000ms__0012.npy
lstm,classical__classical.00037,classical,13,classical,classical,1,0.9349380135536194,E:\dl\mel_cache\lm3_base_v1\test\classical\classical.00037__03000ms__0013.npy
lstm,classical__classical.00037,classical,14,classical,classical,1,0.9344363808631897,E:\dl\mel_cache\lm3_base_v1\test\classical\classical.00037__03000ms__0014.npy
lstm,classical__classical.00037,classical,15,classical,classical,1,0.9314379096031189,E:\dl\mel_cache\lm3_base_v1\test\classical\classical.00037__03000ms__0015.npy
lstm,classical__classical.00037,classical,16,classical,classical,1,0.9294926524162292,E:\dl\mel_cache\lm3_base_v1\test\classical\classical.00037__03000ms__0016.npy
lstm,classical__classical.00037,classical,17,classical,classical,1,0.9386387467384338,E:\dl\mel_cache\lm3_base_v1\test\classical\classical.00037__03000ms__0017.npy
lstm,classical__classical.00037,classical,18,classical,classical,1,0.9406740069389343,E:\dl\mel_cache\lm3_base_v1\test\classical\classical.00037__03000ms__0018.npy
lstm,classical__classical.00037,classical,19,classical,classical,1,0.9416082501411438,E:\dl\mel_cache\lm3_base_v1\test\classical\classical.00037__03000ms__0019.npy
lstm,classical__classical.00039,classical,0,classical,classical,1,0.8831633925437927,E:\dl\mel_cache\lm3_base_v1\test\classical\classical.00039__03000ms__0000.npy
lstm,classical__classical.00039,classical,1,classical,classical,1,0.9316444993019104,E:\dl\mel_cache\lm3_base_v1\test\classical\classical.00039__03000ms__0001.npy
lstm,classical__classical.00039,classical,2,classical,classical,1,0.9286553859710693,E:\dl\mel_cache\lm3_base_v1\test\classical\classical.00039__03000ms__0002.npy
lstm,classical__classical.00039,classical,3,classical,classical,1,0.9260979294776917,E:\dl\mel_cache\lm3_base_v1\test\classical\classical.00039__03000ms__0003.npy
lstm,classical__classical.00039,classical,4,classical,classical,1,0.9252429604530334,E:\dl\mel_cache\lm3_base_v1\test\classical\classical.00039__03000ms__0004.npy
lstm,classical__classical.00039,classical,5,classical,classical,1,0.9348506331443787,E:\dl\mel_cache\lm3_base_v1\test\classical\classical.00039__03000ms__0005.npy
lstm,classical__classical.00039,classical,6,classical,classical,1,0.9304744005203247,E:\dl\mel_cache\lm3_base_v1\test\classical\classical.00039__03000ms__0006.npy
lstm,classical__classical.00039,classical,7,classical,classical,1,0.7697311043739319,E:\dl\mel_cache\lm3_base_v1\test\classical\classical.00039__03000ms__0007.npy
lstm,classical__classical.00039,classical,8,classical,classical,1,0.6374773383140564,E:\dl\mel_cache\lm3_base_v1\test\classical\classical.00039__03000ms__0008.npy
lstm,classical__classical.00039,classical,9,classical,classical,1,0.7833107709884644,E:\dl\mel_cache\lm3_base_v1\test\classical\classical.00039__03000ms__0009.npy
lstm,classical__classical.00039,classical,10,classical,classical,1,0.7756531238555908,E:\dl\mel_cache\lm3_base_v1\test\classical\classical.00039__03000ms__0010.npy
lstm,classical__classical.00039,classical,11,classical,classical,1,0.8976425528526306,E:\dl\mel_cache\lm3_base_v1\test\classical\classical.00039__03000ms__0011.npy
lstm,classical__classical.00039,classical,12,classical,classical,1,0.8538212776184082,E:\dl\mel_cache\lm3_base_v1\test\classical\classical.00039__03000ms__0012.npy
lstm,classical__classical.00039,classical,13,classical,classical,1,0.9064545035362244,E:\dl\mel_cache\lm3_base_v1\test\classical\classical.00039__03000ms__0013.npy
lstm,classical__classical.00039,classical,14,classical,classical,1,0.9192867279052734,E:\dl\mel_cache\lm3_base_v1\test\classical\classical.00039__03000ms__0014.npy
lstm,classical__classical.00039,classical,15,classical,classical,1,0.8918376564979553,E:\dl\mel_cache\lm3_base_v1\test\classical\classical.00039__03000ms__0015.npy
lstm,classical__classical.00039,classical,16,classical,classical,1,0.9108508825302124,E:\dl\mel_cache\lm3_base_v1\test\classical\classical.00039__03000ms__0016.npy
lstm,classical__classical.00039,classical,17,classical,classical,1,0.9148063063621521,E:\dl\mel_cache\lm3_base_v1\test\classical\classical.00039__03000ms__0017.npy
lstm,classical__classical.00039,classical,18,classical,classical,1,0.910629391670227,E:\dl\mel_cache\lm3_base_v1\test\classical\classical.00039__03000ms__0018.npy
lstm,classical__classical.00039,classical,19,classical,classical,1,0.906633198261261,E:\dl\mel_cache\lm3_base_v1\test\classical\classical.00039__03000ms__0019.npy
lstm,classical__classical.00047,classical,0,classical,classical,1,0.9440107345581055,E:\dl\mel_cache\lm3_base_v1\test\classical\classical.00047__03000ms__0000.npy
lstm,classical__classical.00047,classical,1,classical,classical,1,0.9455947279930115,E:\dl\mel_cache\lm3_base_v1\test\classical\classical.00047__03000ms__0001.npy
lstm,classical__classical.00047,classical,2,classical,classical,1,0.9431069493293762,E:\dl\mel_cache\lm3_base_v1\test\classical\classical.00047__03000ms__0002.npy
lstm,classical__classical.00047,classical,3,classical,classical,1,0.939958930015564,E:\dl\mel_cache\lm3_base_v1\test\classical\classical.00047__03000ms__0003.npy
lstm,classical__classical.00047,classical,4,classical,classical,1,0.944132387638092,E:\dl\mel_cache\lm3_base_v1\test\classical\classical.00047__03000ms__0004.npy
lstm,classical__classical.00047,classical,5,classical,classical,1,0.9446783661842346,E:\dl\mel_cache\lm3_base_v1\test\classical\classical.00047__03000ms__0005.npy
lstm,classical__classical.00047,classical,6,classical,classical,1,0.9438519477844238,E:\dl\mel_cache\lm3_base_v1\test\classical\classical.00047__03000ms__0006.npy
lstm,classical__classical.00047,classical,7,classical,classical,1,0.94221031665802,E:\dl\mel_cache\lm3_base_v1\test\classical\classical.00047__03000ms__0007.npy
lstm,classical__classical.00047,classical,8,classical,classical,1,0.9431546330451965,E:\dl\mel_cache\lm3_base_v1\test\classical\classical.00047__03000ms__0008.npy
lstm,classical__classical.00047,classical,9,classical,classical,1,0.9455989599227905,E:\dl\mel_cache\lm3_base_v1\test\classical\classical.00047__03000ms__0009.npy
lstm,classical__classical.00047,classical,10,classical,classical,1,0.9413867592811584,E:\dl\mel_cache\lm3_base_v1\test\classical\classical.00047__03000ms__0010.npy
lstm,classical__classical.00047,classical,11,classical,classical,1,0.9390193223953247,E:\dl\mel_cache\lm3_base_v1\test\classical\classical.00047__03000ms__0011.npy
lstm,classical__classical.00047,classical,12,classical,classical,1,0.9349104166030884,E:\dl\mel_cache\lm3_base_v1\test\classical\classical.00047__03000ms__0012.npy
lstm,classical__classical.00047,classical,13,classical,classical,1,0.9286737442016602,E:\dl\mel_cache\lm3_base_v1\test\classical\classical.00047__03000ms__0013.npy
lstm,classical__classical.00047,classical,14,classical,classical,1,0.9449167251586914,E:\dl\mel_cache\lm3_base_v1\test\classical\classical.00047__03000ms__0014.npy
lstm,classical__classical.00047,classical,15,classical,classical,1,0.9418443441390991,E:\dl\mel_cache\lm3_base_v1\test\classical\classical.00047__03000ms__0015.npy
lstm,classical__classical.00047,classical,16,classical,classical,1,0.9421980977058411,E:\dl\mel_cache\lm3_base_v1\test\classical\classical.00047__03000ms__0016.npy
lstm,classical__classical.00047,classical,17,classical,classical,1,0.9420700073242188,E:\dl\mel_cache\lm3_base_v1\test\classical\classical.00047__03000ms__0017.npy
lstm,classical__classical.00047,classical,18,classical,classical,1,0.9297637939453125,E:\dl\mel_cache\lm3_base_v1\test\classical\classical.00047__03000ms__0018.npy
lstm,classical__classical.00047,classical,19,classical,classical,1,0.9389652013778687,E:\dl\mel_cache\lm3_base_v1\test\classical\classical.00047__03000ms__0019.npy
lstm,classical__classical.00053,classical,0,classical,classical,1,0.8563933372497559,E:\dl\mel_cache\lm3_base_v1\test\classical\classical.00053__03000ms__0000.npy
lstm,classical__classical.00053,classical,1,classical,classical,1,0.8938201665878296,E:\dl\mel_cache\lm3_base_v1\test\classical\classical.00053__03000ms__0001.npy
lstm,classical__classical.00053,classical,2,classical,classical,1,0.901387631893158,E:\dl\mel_cache\lm3_base_v1\test\classical\classical.00053__03000ms__0002.npy
lstm,classical__classical.00053,classical,3,classical,classical,1,0.9128900766372681,E:\dl\mel_cache\lm3_base_v1\test\classical\classical.00053__03000ms__0003.npy
lstm,classical__classical.00053,classical,4,classical,classical,1,0.9292495250701904,E:\dl\mel_cache\lm3_base_v1\test\classical\classical.00053__03000ms__0004.npy
lstm,classical__classical.00053,classical,5,classical,classical,1,0.9280701279640198,E:\dl\mel_cache\lm3_base_v1\test\classical\classical.00053__03000ms__0005.npy
lstm,classical__classical.00053,classical,6,classical,classical,1,0.8983338475227356,E:\dl\mel_cache\lm3_base_v1\test\classical\classical.00053__03000ms__0006.npy
lstm,classical__classical.00053,classical,7,classical,classical,1,0.8556624054908752,E:\dl\mel_cache\lm3_base_v1\test\classical\classical.00053__03000ms__0007.npy
lstm,classical__classical.00053,classical,8,classical,classical,1,0.918449878692627,E:\dl\mel_cache\lm3_base_v1\test\classical\classical.00053__03000ms__0008.npy
lstm,classical__classical.00053,classical,9,classical,classical,1,0.8669694066047668,E:\dl\mel_cache\lm3_base_v1\test\classical\classical.00053__03000ms__0009.npy
lstm,classical__classical.00053,classical,10,classical,classical,1,0.7894806265830994,E:\dl\mel_cache\lm3_base_v1\test\classical\classical.00053__03000ms__0010.npy
lstm,classical__classical.00053,classical,11,classical,classical,1,0.7346855998039246,E:\dl\mel_cache\lm3_base_v1\test\classical\classical.00053__03000ms__0011.npy
lstm,classical__classical.00053,classical,12,classical,classical,1,0.7927980422973633,E:\dl\mel_cache\lm3_base_v1\test\classical\classical.00053__03000ms__0012.npy
lstm,classical__classical.00053,classical,13,classical,classical,1,0.8713322281837463,E:\dl\mel_cache\lm3_base_v1\test\classical\classical.00053__03000ms__0013.npy
lstm,classical__classical.00053,classical,14,classical,classical,1,0.911715030670166,E:\dl\mel_cache\lm3_base_v1\test\classical\classical.00053__03000ms__0014.npy
lstm,classical__classical.00053,classical,15,classical,classical,1,0.8328015804290771,E:\dl\mel_cache\lm3_base_v1\test\classical\classical.00053__03000ms__0015.npy
lstm,classical__classical.00053,classical,16,classical,classical,1,0.7166986465454102,E:\dl\mel_cache\lm3_base_v1\test\classical\classical.00053__03000ms__0016.npy
lstm,classical__classical.00053,classical,17,classical,classical,1,0.8491872549057007,E:\dl\mel_cache\lm3_base_v1\test\classical\classical.00053__03000ms__0017.npy
lstm,classical__classical.00053,classical,18,classical,classical,1,0.8820921182632446,E:\dl\mel_cache\lm3_base_v1\test\classical\classical.00053__03000ms__0018.npy
lstm,classical__classical.00053,classical,19,classical,classical,1,0.8739110827445984,E:\dl\mel_cache\lm3_base_v1\test\classical\classical.00053__03000ms__0019.npy
lstm,classical__classical.00056,classical,0,classical,classical,1,0.9152392745018005,E:\dl\mel_cache\lm3_base_v1\test\classical\classical.00056__03000ms__0000.npy
lstm,classical__classical.00056,classical,1,classical,classical,1,0.9171043038368225,E:\dl\mel_cache\lm3_base_v1\test\classical\classical.00056__03000ms__0001.npy
lstm,classical__classical.00056,classical,2,classical,classical,1,0.9235016703605652,E:\dl\mel_cache\lm3_base_v1\test\classical\classical.00056__03000ms__0002.npy
lstm,classical__classical.00056,classical,3,classical,classical,1,0.9279478788375854,E:\dl\mel_cache\lm3_base_v1\test\classical\classical.00056__03000ms__0003.npy
lstm,classical__classical.00056,classical,4,classical,classical,1,0.8996530771255493,E:\dl\mel_cache\lm3_base_v1\test\classical\classical.00056__03000ms__0004.npy
lstm,classical__classical.00056,classical,5,classical,classical,1,0.9013927578926086,E:\dl\mel_cache\lm3_base_v1\test\classical\classical.00056__03000ms__0005.npy
lstm,classical__classical.00056,classical,6,classical,classical,1,0.914352297782898,E:\dl\mel_cache\lm3_base_v1\test\classical\classical.00056__03000ms__0006.npy
lstm,classical__classical.00056,classical,7,classical,classical,1,0.9045341610908508,E:\dl\mel_cache\lm3_base_v1\test\classical\classical.00056__03000ms__0007.npy
lstm,classical__classical.00056,classical,8,classical,classical,1,0.9079237580299377,E:\dl\mel_cache\lm3_base_v1\test\classical\classical.00056__03000ms__0008.npy
lstm,classical__classical.00056,classical,9,classical,classical,1,0.8619748950004578,E:\dl\mel_cache\lm3_base_v1\test\classical\classical.00056__03000ms__0009.npy
lstm,classical__classical.00056,classical,10,classical,classical,1,0.8645109534263611,E:\dl\mel_cache\lm3_base_v1\test\classical\classical.00056__03000ms__0010.npy
lstm,classical__classical.00056,classical,11,classical,classical,1,0.9037715792655945,E:\dl\mel_cache\lm3_base_v1\test\classical\classical.00056__03000ms__0011.npy
lstm,classical__classical.00056,classical,12,classical,classical,1,0.9172107577323914,E:\dl\mel_cache\lm3_base_v1\test\classical\classical.00056__03000ms__0012.npy
lstm,classical__classical.00056,classical,13,classical,classical,1,0.9228028059005737,E:\dl\mel_cache\lm3_base_v1\test\classical\classical.00056__03000ms__0013.npy
lstm,classical__classical.00056,classical,14,classical,classical,1,0.8848525881767273,E:\dl\mel_cache\lm3_base_v1\test\classical\classical.00056__03000ms__0014.npy
lstm,classical__classical.00056,classical,15,classical,classical,1,0.8397184014320374,E:\dl\mel_cache\lm3_base_v1\test\classical\classical.00056__03000ms__0015.npy
lstm,classical__classical.00056,classical,16,classical,classical,1,0.8559432029724121,E:\dl\mel_cache\lm3_base_v1\test\classical\classical.00056__03000ms__0016.npy
lstm,classical__classical.00056,classical,17,classical,classical,1,0.8876150250434875,E:\dl\mel_cache\lm3_base_v1\test\classical\classical.00056__03000ms__0017.npy
lstm,classical__classical.00056,classical,18,classical,classical,1,0.8979657292366028,E:\dl\mel_cache\lm3_base_v1\test\classical\classical.00056__03000ms__0018.npy
lstm,classical__classical.00056,classical,19,classical,classical,1,0.8889932632446289,E:\dl\mel_cache\lm3_base_v1\test\classical\classical.00056__03000ms__0019.npy
lstm,classical__classical.00057,classical,0,classical,reggae,0,0.4622274339199066,E:\dl\mel_cache\lm3_base_v1\test\classical\classical.00057__03000ms__0000.npy
lstm,classical__classical.00057,classical,1,classical,classical,1,0.2782076299190521,E:\dl\mel_cache\lm3_base_v1\test\classical\classical.00057__03000ms__0001.npy
lstm,classical__classical.00057,classical,2,classical,classical,1,0.5821741819381714,E:\dl\mel_cache\lm3_base_v1\test\classical\classical.00057__03000ms__0002.npy
lstm,classical__classical.00057,classical,3,classical,classical,1,0.937767505645752,E:\dl\mel_cache\lm3_base_v1\test\classical\classical.00057__03000ms__0003.npy
lstm,classical__classical.00057,classical,4,classical,classical,1,0.9303956627845764,E:\dl\mel_cache\lm3_base_v1\test\classical\classical.00057__03000ms__0004.npy
lstm,classical__classical.00057,classical,5,classical,classical,1,0.7190353274345398,E:\dl\mel_cache\lm3_base_v1\test\classical\classical.00057__03000ms__0005.npy
lstm,classical__classical.00057,classical,6,classical,jazz,0,0.6585693359375,E:\dl\mel_cache\lm3_base_v1\test\classical\classical.00057__03000ms__0006.npy
lstm,classical__classical.00057,classical,7,classical,jazz,0,0.5266488790512085,E:\dl\mel_cache\lm3_base_v1\test\classical\classical.00057__03000ms__0007.npy
lstm,classical__classical.00057,classical,8,classical,classical,1,0.9332537055015564,E:\dl\mel_cache\lm3_base_v1\test\classical\classical.00057__03000ms__0008.npy
lstm,classical__classical.00057,classical,9,classical,classical,1,0.7854915857315063,E:\dl\mel_cache\lm3_base_v1\test\classical\classical.00057__03000ms__0009.npy
lstm,classical__classical.00057,classical,10,classical,classical,1,0.7988331913948059,E:\dl\mel_cache\lm3_base_v1\test\classical\classical.00057__03000ms__0010.npy
lstm,classical__classical.00057,classical,11,classical,classical,1,0.7877174615859985,E:\dl\mel_cache\lm3_base_v1\test\classical\classical.00057__03000ms__0011.npy
lstm,classical__classical.00057,classical,12,classical,jazz,0,0.5029220581054688,E:\dl\mel_cache\lm3_base_v1\test\classical\classical.00057__03000ms__0012.npy
lstm,classical__classical.00057,classical,13,classical,jazz,0,0.4403232932090759,E:\dl\mel_cache\lm3_base_v1\test\classical\classical.00057__03000ms__0013.npy
lstm,classical__classical.00057,classical,14,classical,jazz,0,0.4389875531196594,E:\dl\mel_cache\lm3_base_v1\test\classical\classical.00057__03000ms__0014.npy
lstm,classical__classical.00057,classical,15,classical,reggae,0,0.4966476857662201,E:\dl\mel_cache\lm3_base_v1\test\classical\classical.00057__03000ms__0015.npy
lstm,classical__classical.00057,classical,16,classical,classical,1,0.3697960674762726,E:\dl\mel_cache\lm3_base_v1\test\classical\classical.00057__03000ms__0016.npy
lstm,classical__classical.00057,classical,17,classical,classical,1,0.9250600337982178,E:\dl\mel_cache\lm3_base_v1\test\classical\classical.00057__03000ms__0017.npy
lstm,classical__classical.00057,classical,18,classical,classical,1,0.9269235134124756,E:\dl\mel_cache\lm3_base_v1\test\classical\classical.00057__03000ms__0018.npy
lstm,classical__classical.00057,classical,19,classical,classical,1,0.9253485202789307,E:\dl\mel_cache\lm3_base_v1\test\classical\classical.00057__03000ms__0019.npy
lstm,classical__classical.00065,classical,0,classical,classical,1,0.9038465619087219,E:\dl\mel_cache\lm3_base_v1\test\classical\classical.00065__03000ms__0000.npy
lstm,classical__classical.00065,classical,1,classical,classical,1,0.8779829144477844,E:\dl\mel_cache\lm3_base_v1\test\classical\classical.00065__03000ms__0001.npy
lstm,classical__classical.00065,classical,2,classical,classical,1,0.8834038972854614,E:\dl\mel_cache\lm3_base_v1\test\classical\classical.00065__03000ms__0002.npy
lstm,classical__classical.00065,classical,3,classical,classical,1,0.8672111630439758,E:\dl\mel_cache\lm3_base_v1\test\classical\classical.00065__03000ms__0003.npy
lstm,classical__classical.00065,classical,4,classical,classical,1,0.8989754915237427,E:\dl\mel_cache\lm3_base_v1\test\classical\classical.00065__03000ms__0004.npy
lstm,classical__classical.00065,classical,5,classical,classical,1,0.9312183856964111,E:\dl\mel_cache\lm3_base_v1\test\classical\classical.00065__03000ms__0005.npy
lstm,classical__classical.00065,classical,6,classical,classical,1,0.8998869061470032,E:\dl\mel_cache\lm3_base_v1\test\classical\classical.00065__03000ms__0006.npy
lstm,classical__classical.00065,classical,7,classical,classical,1,0.8965144753456116,E:\dl\mel_cache\lm3_base_v1\test\classical\classical.00065__03000ms__0007.npy
lstm,classical__classical.00065,classical,8,classical,classical,1,0.7466980814933777,E:\dl\mel_cache\lm3_base_v1\test\classical\classical.00065__03000ms__0008.npy
lstm,classical__classical.00065,classical,9,classical,classical,1,0.4767918586730957,E:\dl\mel_cache\lm3_base_v1\test\classical\classical.00065__03000ms__0009.npy
lstm,classical__classical.00065,classical,10,classical,classical,1,0.8500932455062866,E:\dl\mel_cache\lm3_base_v1\test\classical\classical.00065__03000ms__0010.npy
lstm,classical__classical.00065,classical,11,classical,classical,1,0.9083998799324036,E:\dl\mel_cache\lm3_base_v1\test\classical\classical.00065__03000ms__0011.npy
lstm,classical__classical.00065,classical,12,classical,classical,1,0.8406478762626648,E:\dl\mel_cache\lm3_base_v1\test\classical\classical.00065__03000ms__0012.npy
lstm,classical__classical.00065,classical,13,classical,classical,1,0.9160642027854919,E:\dl\mel_cache\lm3_base_v1\test\classical\classical.00065__03000ms__0013.npy
lstm,classical__classical.00065,classical,14,classical,classical,1,0.8680477142333984,E:\dl\mel_cache\lm3_base_v1\test\classical\classical.00065__03000ms__0014.npy
lstm,classical__classical.00065,classical,15,classical,classical,1,0.9194208979606628,E:\dl\mel_cache\lm3_base_v1\test\classical\classical.00065__03000ms__0015.npy
lstm,classical__classical.00065,classical,16,classical,classical,1,0.9340499043464661,E:\dl\mel_cache\lm3_base_v1\test\classical\classical.00065__03000ms__0016.npy
lstm,classical__classical.00065,classical,17,classical,classical,1,0.9426641464233398,E:\dl\mel_cache\lm3_base_v1\test\classical\classical.00065__03000ms__0017.npy
lstm,classical__classical.00065,classical,18,classical,classical,1,0.8954306840896606,E:\dl\mel_cache\lm3_base_v1\test\classical\classical.00065__03000ms__0018.npy
lstm,classical__classical.00065,classical,19,classical,classical,1,0.9093573689460754,E:\dl\mel_cache\lm3_base_v1\test\classical\classical.00065__03000ms__0019.npy
lstm,classical__classical.00082,classical,0,classical,classical,1,0.9434705376625061,E:\dl\mel_cache\lm3_base_v1\test\classical\classical.00082__03000ms__0000.npy
lstm,classical__classical.00082,classical,1,classical,classical,1,0.9409522414207458,E:\dl\mel_cache\lm3_base_v1\test\classical\classical.00082__03000ms__0001.npy
lstm,classical__classical.00082,classical,2,classical,classical,1,0.9247244000434875,E:\dl\mel_cache\lm3_base_v1\test\classical\classical.00082__03000ms__0002.npy
lstm,classical__classical.00082,classical,3,classical,classical,1,0.9178723692893982,E:\dl\mel_cache\lm3_base_v1\test\classical\classical.00082__03000ms__0003.npy
lstm,classical__classical.00082,classical,4,classical,classical,1,0.9367904663085938,E:\dl\mel_cache\lm3_base_v1\test\classical\classical.00082__03000ms__0004.npy
lstm,classical__classical.00082,classical,5,classical,classical,1,0.9277819991111755,E:\dl\mel_cache\lm3_base_v1\test\classical\classical.00082__03000ms__0005.npy
lstm,classical__classical.00082,classical,6,classical,classical,1,0.9373263716697693,E:\dl\mel_cache\lm3_base_v1\test\classical\classical.00082__03000ms__0006.npy
lstm,classical__classical.00082,classical,7,classical,classical,1,0.913845956325531,E:\dl\mel_cache\lm3_base_v1\test\classical\classical.00082__03000ms__0007.npy
lstm,classical__classical.00082,classical,8,classical,classical,1,0.7672043442726135,E:\dl\mel_cache\lm3_base_v1\test\classical\classical.00082__03000ms__0008.npy
lstm,classical__classical.00082,classical,9,classical,classical,1,0.9345375299453735,E:\dl\mel_cache\lm3_base_v1\test\classical\classical.00082__03000ms__0009.npy
lstm,classical__classical.00082,classical,10,classical,classical,1,0.9465203881263733,E:\dl\mel_cache\lm3_base_v1\test\classical\classical.00082__03000ms__0010.npy
lstm,classical__classical.00082,classical,11,classical,classical,1,0.9420903325080872,E:\dl\mel_cache\lm3_base_v1\test\classical\classical.00082__03000ms__0011.npy
lstm,classical__classical.00082,classical,12,classical,classical,1,0.9369781613349915,E:\dl\mel_cache\lm3_base_v1\test\classical\classical.00082__03000ms__0012.npy
lstm,classical__classical.00082,classical,13,classical,classical,1,0.9446417093276978,E:\dl\mel_cache\lm3_base_v1\test\classical\classical.00082__03000ms__0013.npy
lstm,classical__classical.00082,classical,14,classical,classical,1,0.9410593509674072,E:\dl\mel_cache\lm3_base_v1\test\classical\classical.00082__03000ms__0014.npy
lstm,classical__classical.00082,classical,15,classical,classical,1,0.9401943683624268,E:\dl\mel_cache\lm3_base_v1\test\classical\classical.00082__03000ms__0015.npy
lstm,classical__classical.00082,classical,16,classical,classical,1,0.9276497960090637,E:\dl\mel_cache\lm3_base_v1\test\classical\classical.00082__03000ms__0016.npy
lstm,classical__classical.00082,classical,17,classical,classical,1,0.9192156791687012,E:\dl\mel_cache\lm3_base_v1\test\classical\classical.00082__03000ms__0017.npy
lstm,classical__classical.00082,classical,18,classical,classical,1,0.8963751792907715,E:\dl\mel_cache\lm3_base_v1\test\classical\classical.00082__03000ms__0018.npy
lstm,classical__classical.00082,classical,19,classical,classical,1,0.884584367275238,E:\dl\mel_cache\lm3_base_v1\test\classical\classical.00082__03000ms__0019.npy
lstm,classical__classical.00091,classical,0,classical,classical,1,0.9334872961044312,E:\dl\mel_cache\lm3_base_v1\test\classical\classical.00091__03000ms__0000.npy
lstm,classical__classical.00091,classical,1,classical,classical,1,0.933201789855957,E:\dl\mel_cache\lm3_base_v1\test\classical\classical.00091__03000ms__0001.npy
lstm,classical__classical.00091,classical,2,classical,classical,1,0.9375397562980652,E:\dl\mel_cache\lm3_base_v1\test\classical\classical.00091__03000ms__0002.npy
lstm,classical__classical.00091,classical,3,classical,classical,1,0.9365109801292419,E:\dl\mel_cache\lm3_base_v1\test\classical\classical.00091__03000ms__0003.npy
lstm,classical__classical.00091,classical,4,classical,classical,1,0.9310701489448547,E:\dl\mel_cache\lm3_base_v1\test\classical\classical.00091__03000ms__0004.npy
lstm,classical__classical.00091,classical,5,classical,classical,1,0.9407158493995667,E:\dl\mel_cache\lm3_base_v1\test\classical\classical.00091__03000ms__0005.npy
lstm,classical__classical.00091,classical,6,classical,classical,1,0.9370899200439453,E:\dl\mel_cache\lm3_base_v1\test\classical\classical.00091__03000ms__0006.npy
lstm,classical__classical.00091,classical,7,classical,classical,1,0.9236648678779602,E:\dl\mel_cache\lm3_base_v1\test\classical\classical.00091__03000ms__0007.npy
lstm,classical__classical.00091,classical,8,classical,classical,1,0.9348233342170715,E:\dl\mel_cache\lm3_base_v1\test\classical\classical.00091__03000ms__0008.npy
lstm,classical__classical.00091,classical,9,classical,classical,1,0.9313105940818787,E:\dl\mel_cache\lm3_base_v1\test\classical\classical.00091__03000ms__0009.npy
lstm,classical__classical.00091,classical,10,classical,classical,1,0.9321659803390503,E:\dl\mel_cache\lm3_base_v1\test\classical\classical.00091__03000ms__0010.npy
lstm,classical__classical.00091,classical,11,classical,classical,1,0.933144211769104,E:\dl\mel_cache\lm3_base_v1\test\classical\classical.00091__03000ms__0011.npy
lstm,classical__classical.00091,classical,12,classical,classical,1,0.9340197443962097,E:\dl\mel_cache\lm3_base_v1\test\classical\classical.00091__03000ms__0012.npy
lstm,classical__classical.00091,classical,13,classical,classical,1,0.9287108778953552,E:\dl\mel_cache\lm3_base_v1\test\classical\classical.00091__03000ms__0013.npy
lstm,classical__classical.00091,classical,14,classical,classical,1,0.9345690608024597,E:\dl\mel_cache\lm3_base_v1\test\classical\classical.00091__03000ms__0014.npy
lstm,classical__classical.00091,classical,15,classical,classical,1,0.9357478618621826,E:\dl\mel_cache\lm3_base_v1\test\classical\classical.00091__03000ms__0015.npy
lstm,classical__classical.00091,classical,16,classical,classical,1,0.9322935938835144,E:\dl\mel_cache\lm3_base_v1\test\classical\classical.00091__03000ms__0016.npy
lstm,classical__classical.00091,classical,17,classical,classical,1,0.9364073872566223,E:\dl\mel_cache\lm3_base_v1\test\classical\classical.00091__03000ms__0017.npy
lstm,classical__classical.00091,classical,18,classical,classical,1,0.9373763203620911,E:\dl\mel_cache\lm3_base_v1\test\classical\classical.00091__03000ms__0018.npy
lstm,classical__classical.00091,classical,19,classical,classical,1,0.9380972385406494,E:\dl\mel_cache\lm3_base_v1\test\classical\classical.00091__03000ms__0019.npy
lstm,country__country.00001,country,0,country,country,1,0.9343931674957275,E:\dl\mel_cache\lm3_base_v1\test\country\country.00001__03000ms__0000.npy
lstm,country__country.00001,country,1,country,country,1,0.9459190964698792,E:\dl\mel_cache\lm3_base_v1\test\country\country.00001__03000ms__0001.npy
lstm,country__country.00001,country,2,country,country,1,0.941872239112854,E:\dl\mel_cache\lm3_base_v1\test\country\country.00001__03000ms__0002.npy
lstm,country__country.00001,country,3,country,country,1,0.9411433339118958,E:\dl\mel_cache\lm3_base_v1\test\country\country.00001__03000ms__0003.npy
lstm,country__country.00001,country,4,country,country,1,0.9584043025970459,E:\dl\mel_cache\lm3_base_v1\test\country\country.00001__03000ms__0004.npy
lstm,country__country.00001,country,5,country,country,1,0.9601502418518066,E:\dl\mel_cache\lm3_base_v1\test\country\country.00001__03000ms__0005.npy
lstm,country__country.00001,country,6,country,country,1,0.9484511017799377,E:\dl\mel_cache\lm3_base_v1\test\country\country.00001__03000ms__0006.npy
lstm,country__country.00001,country,7,country,country,1,0.9530537128448486,E:\dl\mel_cache\lm3_base_v1\test\country\country.00001__03000ms__0007.npy
lstm,country__country.00001,country,8,country,country,1,0.9359006881713867,E:\dl\mel_cache\lm3_base_v1\test\country\country.00001__03000ms__0008.npy
lstm,country__country.00001,country,9,country,country,1,0.9494822025299072,E:\dl\mel_cache\lm3_base_v1\test\country\country.00001__03000ms__0009.npy
lstm,country__country.00001,country,10,country,country,1,0.9373778104782104,E:\dl\mel_cache\lm3_base_v1\test\country\country.00001__03000ms__0010.npy
lstm,country__country.00001,country,11,country,country,1,0.9312312006950378,E:\dl\mel_cache\lm3_base_v1\test\country\country.00001__03000ms__0011.npy
lstm,country__country.00001,country,12,country,country,1,0.922207236289978,E:\dl\mel_cache\lm3_base_v1\test\country\country.00001__03000ms__0012.npy
lstm,country__country.00001,country,13,country,country,1,0.9100550413131714,E:\dl\mel_cache\lm3_base_v1\test\country\country.00001__03000ms__0013.npy
lstm,country__country.00001,country,14,country,country,1,0.929098904132843,E:\dl\mel_cache\lm3_base_v1\test\country\country.00001__03000ms__0014.npy
lstm,country__country.00001,country,15,country,country,1,0.9175806045532227,E:\dl\mel_cache\lm3_base_v1\test\country\country.00001__03000ms__0015.npy
lstm,country__country.00001,country,16,country,country,1,0.9161742925643921,E:\dl\mel_cache\lm3_base_v1\test\country\country.00001__03000ms__0016.npy
lstm,country__country.00001,country,17,country,country,1,0.9439640045166016,E:\dl\mel_cache\lm3_base_v1\test\country\country.00001__03000ms__0017.npy
lstm,country__country.00001,country,18,country,country,1,0.9006873369216919,E:\dl\mel_cache\lm3_base_v1\test\country\country.00001__03000ms__0018.npy
lstm,country__country.00001,country,19,country,country,1,0.9043247103691101,E:\dl\mel_cache\lm3_base_v1\test\country\country.00001__03000ms__0019.npy
lstm,country__country.00011,country,0,country,country,1,0.5637796521186829,E:\dl\mel_cache\lm3_base_v1\test\country\country.00011__03000ms__0000.npy
lstm,country__country.00011,country,1,country,reggae,0,0.48335251212120056,E:\dl\mel_cache\lm3_base_v1\test\country\country.00011__03000ms__0001.npy
lstm,country__country.00011,country,2,country,country,1,0.5412256121635437,E:\dl\mel_cache\lm3_base_v1\test\country\country.00011__03000ms__0002.npy
lstm,country__country.00011,country,3,country,rock,0,0.5365267992019653,E:\dl\mel_cache\lm3_base_v1\test\country\country.00011__03000ms__0003.npy
lstm,country__country.00011,country,4,country,rock,0,0.7070822715759277,E:\dl\mel_cache\lm3_base_v1\test\country\country.00011__03000ms__0004.npy
lstm,country__country.00011,country,5,country,country,1,0.7466696500778198,E:\dl\mel_cache\lm3_base_v1\test\country\country.00011__03000ms__0005.npy
lstm,country__country.00011,country,6,country,pop,0,0.7452915906906128,E:\dl\mel_cache\lm3_base_v1\test\country\country.00011__03000ms__0006.npy
lstm,country__country.00011,country,7,country,pop,0,0.4311741292476654,E:\dl\mel_cache\lm3_base_v1\test\country\country.00011__03000ms__0007.npy
lstm,country__country.00011,country,8,country,country,1,0.506576418876648,E:\dl\mel_cache\lm3_base_v1\test\country\country.00011__03000ms__0008.npy
lstm,country__country.00011,country,9,country,rock,0,0.6495367288589478,E:\dl\mel_cache\lm3_base_v1\test\country\country.00011__03000ms__0009.npy
lstm,country__country.00011,country,10,country,country,1,0.6611995100975037,E:\dl\mel_cache\lm3_base_v1\test\country\country.00011__03000ms__0010.npy
lstm,country__country.00011,country,11,country,country,1,0.4012441039085388,E:\dl\mel_cache\lm3_base_v1\test\country\country.00011__03000ms__0011.npy
lstm,country__country.00011,country,12,country,jazz,0,0.36351728439331055,E:\dl\mel_cache\lm3_base_v1\test\country\country.00011__03000ms__0012.npy
lstm,country__country.00011,country,13,country,reggae,0,0.4622769057750702,E:\dl\mel_cache\lm3_base_v1\test\country\country.00011__03000ms__0013.npy
lstm,country__country.00011,country,14,country,reggae,0,0.5564257502555847,E:\dl\mel_cache\lm3_base_v1\test\country\country.00011__03000ms__0014.npy
lstm,country__country.00011,country,15,country,reggae,0,0.5612689852714539,E:\dl\mel_cache\lm3_base_v1\test\country\country.00011__03000ms__0015.npy
lstm,country__country.00011,country,16,country,reggae,0,0.3532788157463074,E:\dl\mel_cache\lm3_base_v1\test\country\country.00011__03000ms__0016.npy
lstm,country__country.00011,country,17,country,reggae,0,0.4681253731250763,E:\dl\mel_cache\lm3_base_v1\test\country\country.00011__03000ms__0017.npy
lstm,country__country.00011,country,18,country,country,1,0.529264509677887,E:\dl\mel_cache\lm3_base_v1\test\country\country.00011__03000ms__0018.npy
lstm,country__country.00011,country,19,country,country,1,0.5221717357635498,E:\dl\mel_cache\lm3_base_v1\test\country\country.00011__03000ms__0019.npy
lstm,country__country.00013,country,0,country,rock,0,0.6414154171943665,E:\dl\mel_cache\lm3_base_v1\test\country\country.00013__03000ms__0000.npy
lstm,country__country.00013,country,1,country,rock,0,0.5184317231178284,E:\dl\mel_cache\lm3_base_v1\test\country\country.00013__03000ms__0001.npy
lstm,country__country.00013,country,2,country,rock,0,0.7274439334869385,E:\dl\mel_cache\lm3_base_v1\test\country\country.00013__03000ms__0002.npy
lstm,country__country.00013,country,3,country,rock,0,0.73957759141922,E:\dl\mel_cache\lm3_base_v1\test\country\country.00013__03000ms__0003.npy
lstm,country__country.00013,country,4,country,rock,0,0.7549079656600952,E:\dl\mel_cache\lm3_base_v1\test\country\country.00013__03000ms__0004.npy
lstm,country__country.00013,country,5,country,rock,0,0.6230347752571106,E:\dl\mel_cache\lm3_base_v1\test\country\country.00013__03000ms__0005.npy
lstm,country__country.00013,country,6,country,disco,0,0.8700597286224365,E:\dl\mel_cache\lm3_base_v1\test\country\country.00013__03000ms__0006.npy
lstm,country__country.00013,country,7,country,disco,0,0.9066442251205444,E:\dl\mel_cache\lm3_base_v1\test\country\country.00013__03000ms__0007.npy
lstm,country__country.00013,country,8,country,disco,0,0.6551333069801331,E:\dl\mel_cache\lm3_base_v1\test\country\country.00013__03000ms__0008.npy
lstm,country__country.00013,country,9,country,rock,0,0.3906516432762146,E:\dl\mel_cache\lm3_base_v1\test\country\country.00013__03000ms__0009.npy
lstm,country__country.00013,country,10,country,rock,0,0.7920224666595459,E:\dl\mel_cache\lm3_base_v1\test\country\country.00013__03000ms__0010.npy
lstm,country__country.00013,country,11,country,rock,0,0.5287793874740601,E:\dl\mel_cache\lm3_base_v1\test\country\country.00013__03000ms__0011.npy
lstm,country__country.00013,country,12,country,rock,0,0.5197291970252991,E:\dl\mel_cache\lm3_base_v1\test\country\country.00013__03000ms__0012.npy
lstm,country__country.00013,country,13,country,rock,0,0.7872708439826965,E:\dl\mel_cache\lm3_base_v1\test\country\country.00013__03000ms__0013.npy
lstm,country__country.00013,country,14,country,disco,0,0.5385950207710266,E:\dl\mel_cache\lm3_base_v1\test\country\country.00013__03000ms__0014.npy
lstm,country__country.00013,country,15,country,disco,0,0.8381173014640808,E:\dl\mel_cache\lm3_base_v1\test\country\country.00013__03000ms__0015.npy
lstm,country__country.00013,country,16,country,disco,0,0.8973316550254822,E:\dl\mel_cache\lm3_base_v1\test\country\country.00013__03000ms__0016.npy
lstm,country__country.00013,country,17,country,disco,0,0.9273071885108948,E:\dl\mel_cache\lm3_base_v1\test\country\country.00013__03000ms__0017.npy
lstm,country__country.00013,country,18,country,disco,0,0.3575347363948822,E:\dl\mel_cache\lm3_base_v1\test\country\country.00013__03000ms__0018.npy
lstm,country__country.00013,country,19,country,disco,0,0.33563774824142456,E:\dl\mel_cache\lm3_base_v1\test\country\country.00013__03000ms__0019.npy
lstm,country__country.00029,country,0,country,country,1,0.9333140254020691,E:\dl\mel_cache\lm3_base_v1\test\country\country.00029__03000ms__0000.npy
lstm,country__country.00029,country,1,country,country,1,0.9318894743919373,E:\dl\mel_cache\lm3_base_v1\test\country\country.00029__03000ms__0001.npy
lstm,country__country.00029,country,2,country,country,1,0.920524001121521,E:\dl\mel_cache\lm3_base_v1\test\country\country.00029__03000ms__0002.npy
lstm,country__country.00029,country,3,country,country,1,0.9145727753639221,E:\dl\mel_cache\lm3_base_v1\test\country\country.00029__03000ms__0003.npy
lstm,country__country.00029,country,4,country,country,1,0.9130389094352722,E:\dl\mel_cache\lm3_base_v1\test\country\country.00029__03000ms__0004.npy
lstm,country__country.00029,country,5,country,country,1,0.9102018475532532,E:\dl\mel_cache\lm3_base_v1\test\country\country.00029__03000ms__0005.npy
lstm,country__country.00029,country,6,country,country,1,0.9364383220672607,E:\dl\mel_cache\lm3_base_v1\test\country\country.00029__03000ms__0006.npy
lstm,country__country.00029,country,7,country,country,1,0.9300715327262878,E:\dl\mel_cache\lm3_base_v1\test\country\country.00029__03000ms__0007.npy
lstm,country__country.00029,country,8,country,country,1,0.9284905195236206,E:\dl\mel_cache\lm3_base_v1\test\country\country.00029__03000ms__0008.npy
lstm,country__country.00029,country,9,country,country,1,0.9406351447105408,E:\dl\mel_cache\lm3_base_v1\test\country\country.00029__03000ms__0009.npy
lstm,country__country.00029,country,10,country,country,1,0.9422434568405151,E:\dl\mel_cache\lm3_base_v1\test\country\country.00029__03000ms__0010.npy
lstm,country__country.00029,country,11,country,country,1,0.9152390360832214,E:\dl\mel_cache\lm3_base_v1\test\country\country.00029__03000ms__0011.npy
lstm,country__country.00029,country,12,country,country,1,0.9269232153892517,E:\dl\mel_cache\lm3_base_v1\test\country\country.00029__03000ms__0012.npy
lstm,country__country.00029,country,13,country,country,1,0.9028394222259521,E:\dl\mel_cache\lm3_base_v1\test\country\country.00029__03000ms__0013.npy
lstm,country__country.00029,country,14,country,country,1,0.7513576149940491,E:\dl\mel_cache\lm3_base_v1\test\country\country.00029__03000ms__0014.npy
lstm,country__country.00029,country,15,country,country,1,0.8848887085914612,E:\dl\mel_cache\lm3_base_v1\test\country\country.00029__03000ms__0015.npy
lstm,country__country.00029,country,16,country,country,1,0.8984140753746033,E:\dl\mel_cache\lm3_base_v1\test\country\country.00029__03000ms__0016.npy
lstm,country__country.00029,country,17,country,country,1,0.9139647483825684,E:\dl\mel_cache\lm3_base_v1\test\country\country.00029__03000ms__0017.npy
lstm,country__country.00029,country,18,country,country,1,0.9403502941131592,E:\dl\mel_cache\lm3_base_v1\test\country\country.00029__03000ms__0018.npy
lstm,country__country.00029,country,19,country,country,1,0.9408150315284729,E:\dl\mel_cache\lm3_base_v1\test\country\country.00029__03000ms__0019.npy
lstm,country__country.00047,country,0,country,country,1,0.9069035053253174,E:\dl\mel_cache\lm3_base_v1\test\country\country.00047__03000ms__0000.npy
lstm,country__country.00047,country,1,country,country,1,0.9333458542823792,E:\dl\mel_cache\lm3_base_v1\test\country\country.00047__03000ms__0001.npy
lstm,country__country.00047,country,2,country,country,1,0.7601110339164734,E:\dl\mel_cache\lm3_base_v1\test\country\country.00047__03000ms__0002.npy
lstm,country__country.00047,country,3,country,country,1,0.3539237976074219,E:\dl\mel_cache\lm3_base_v1\test\country\country.00047__03000ms__0003.npy
lstm,country__country.00047,country,4,country,country,1,0.7274390459060669,E:\dl\mel_cache\lm3_base_v1\test\country\country.00047__03000ms__0004.npy
lstm,country__country.00047,country,5,country,country,1,0.8595647215843201,E:\dl\mel_cache\lm3_base_v1\test\country\country.00047__03000ms__0005.npy
lstm,country__country.00047,country,6,country,country,1,0.8765036463737488,E:\dl\mel_cache\lm3_base_v1\test\country\country.00047__03000ms__0006.npy
lstm,country__country.00047,country,7,country,country,1,0.8741092681884766,E:\dl\mel_cache\lm3_base_v1\test\country\country.00047__03000ms__0007.npy
lstm,country__country.00047,country,8,country,country,1,0.8753038048744202,E:\dl\mel_cache\lm3_base_v1\test\country\country.00047__03000ms__0008.npy
lstm,country__country.00047,country,9,country,country,1,0.8402212262153625,E:\dl\mel_cache\lm3_base_v1\test\country\country.00047__03000ms__0009.npy
lstm,country__country.00047,country,10,country,country,1,0.8761305809020996,E:\dl\mel_cache\lm3_base_v1\test\country\country.00047__03000ms__0010.npy
lstm,country__country.00047,country,11,country,country,1,0.9170929789543152,E:\dl\mel_cache\lm3_base_v1\test\country\country.00047__03000ms__0011.npy
lstm,country__country.00047,country,12,country,country,1,0.9235479235649109,E:\dl\mel_cache\lm3_base_v1\test\country\country.00047__03000ms__0012.npy
lstm,country__country.00047,country,13,country,country,1,0.8719983100891113,E:\dl\mel_cache\lm3_base_v1\test\country\country.00047__03000ms__0013.npy
lstm,country__country.00047,country,14,country,country,1,0.8048721551895142,E:\dl\mel_cache\lm3_base_v1\test\country\country.00047__03000ms__0014.npy
lstm,country__country.00047,country,15,country,country,1,0.9082379341125488,E:\dl\mel_cache\lm3_base_v1\test\country\country.00047__03000ms__0015.npy
lstm,country__country.00047,country,16,country,country,1,0.8415405750274658,E:\dl\mel_cache\lm3_base_v1\test\country\country.00047__03000ms__0016.npy
lstm,country__country.00047,country,17,country,country,1,0.8081002235412598,E:\dl\mel_cache\lm3_base_v1\test\country\country.00047__03000ms__0017.npy
lstm,country__country.00047,country,18,country,country,1,0.8900027871131897,E:\dl\mel_cache\lm3_base_v1\test\country\country.00047__03000ms__0018.npy
lstm,country__country.00047,country,19,country,country,1,0.892316460609436,E:\dl\mel_cache\lm3_base_v1\test\country\country.00047__03000ms__0019.npy
lstm,country__country.00057,country,0,country,rock,0,0.2998567223548889,E:\dl\mel_cache\lm3_base_v1\test\country\country.00057__03000ms__0000.npy
lstm,country__country.00057,country,1,country,country,1,0.8275641202926636,E:\dl\mel_cache\lm3_base_v1\test\country\country.00057__03000ms__0001.npy
lstm,country__country.00057,country,2,country,country,1,0.9179697632789612,E:\dl\mel_cache\lm3_base_v1\test\country\country.00057__03000ms__0002.npy
lstm,country__country.00057,country,3,country,country,1,0.9189416170120239,E:\dl\mel_cache\lm3_base_v1\test\country\country.00057__03000ms__0003.npy
lstm,country__country.00057,country,4,country,country,1,0.7921578884124756,E:\dl\mel_cache\lm3_base_v1\test\country\country.00057__03000ms__0004.npy
lstm,country__country.00057,country,5,country,country,1,0.9155960083007812,E:\dl\mel_cache\lm3_base_v1\test\country\country.00057__03000ms__0005.npy
lstm,country__country.00057,country,6,country,country,1,0.9200470447540283,E:\dl\mel_cache\lm3_base_v1\test\country\country.00057__03000ms__0006.npy
lstm,country__country.00057,country,7,country,country,1,0.8992342948913574,E:\dl\mel_cache\lm3_base_v1\test\country\country.00057__03000ms__0007.npy
lstm,country__country.00057,country,8,country,country,1,0.8892694711685181,E:\dl\mel_cache\lm3_base_v1\test\country\country.00057__03000ms__0008.npy
lstm,country__country.00057,country,9,country,country,1,0.9128351211547852,E:\dl\mel_cache\lm3_base_v1\test\country\country.00057__03000ms__0009.npy
lstm,country__country.00057,country,10,country,country,1,0.8883417248725891,E:\dl\mel_cache\lm3_base_v1\test\country\country.00057__03000ms__0010.npy
lstm,country__country.00057,country,11,country,country,1,0.9095275402069092,E:\dl\mel_cache\lm3_base_v1\test\country\country.00057__03000ms__0011.npy
lstm,country__country.00057,country,12,country,country,1,0.9288234710693359,E:\dl\mel_cache\lm3_base_v1\test\country\country.00057__03000ms__0012.npy
lstm,country__country.00057,country,13,country,rock,0,0.5378456115722656,E:\dl\mel_cache\lm3_base_v1\test\country\country.00057__03000ms__0013.npy
lstm,country__country.00057,country,14,country,rock,0,0.8701784610748291,E:\dl\mel_cache\lm3_base_v1\test\country\country.00057__03000ms__0014.npy
lstm,country__country.00057,country,15,country,rock,0,0.8007732033729553,E:\dl\mel_cache\lm3_base_v1\test\country\country.00057__03000ms__0015.npy
lstm,country__country.00057,country,16,country,country,1,0.4864296615123749,E:\dl\mel_cache\lm3_base_v1\test\country\country.00057__03000ms__0016.npy
lstm,country__country.00057,country,17,country,country,1,0.8097416758537292,E:\dl\mel_cache\lm3_base_v1\test\country\country.00057__03000ms__0017.npy
lstm,country__country.00057,country,18,country,country,1,0.6035558581352234,E:\dl\mel_cache\lm3_base_v1\test\country\country.00057__03000ms__0018.npy
lstm,country__country.00057,country,19,country,country,1,0.5389603972434998,E:\dl\mel_cache\lm3_base_v1\test\country\country.00057__03000ms__0019.npy
lstm,country__country.00059,country,0,country,country,1,0.8771212697029114,E:\dl\mel_cache\lm3_base_v1\test\country\country.00059__03000ms__0000.npy
lstm,country__country.00059,country,1,country,rock,0,0.7113820314407349,E:\dl\mel_cache\lm3_base_v1\test\country\country.00059__03000ms__0001.npy
lstm,country__country.00059,country,2,country,rock,0,0.6432086825370789,E:\dl\mel_cache\lm3_base_v1\test\country\country.00059__03000ms__0002.npy
lstm,country__country.00059,country,3,country,rock,0,0.47902095317840576,E:\dl\mel_cache\lm3_base_v1\test\country\country.00059__03000ms__0003.npy
lstm,country__country.00059,country,4,country,rock,0,0.7402169704437256,E:\dl\mel_cache\lm3_base_v1\test\country\country.00059__03000ms__0004.npy
lstm,country__country.00059,country,5,country,country,1,0.8888276815414429,E:\dl\mel_cache\lm3_base_v1\test\country\country.00059__03000ms__0005.npy
lstm,country__country.00059,country,6,country,country,1,0.9109751582145691,E:\dl\mel_cache\lm3_base_v1\test\country\country.00059__03000ms__0006.npy
lstm,country__country.00059,country,7,country,country,1,0.9249421954154968,E:\dl\mel_cache\lm3_base_v1\test\country\country.00059__03000ms__0007.npy
lstm,country__country.00059,country,8,country,country,1,0.9156180620193481,E:\dl\mel_cache\lm3_base_v1\test\country\country.00059__03000ms__0008.npy
lstm,country__country.00059,country,9,country,country,1,0.911651611328125,E:\dl\mel_cache\lm3_base_v1\test\country\country.00059__03000ms__0009.npy
lstm,country__country.00059,country,10,country,country,1,0.9272598028182983,E:\dl\mel_cache\lm3_base_v1\test\country\country.00059__03000ms__0010.npy
lstm,country__country.00059,country,11,country,country,1,0.5640727281570435,E:\dl\mel_cache\lm3_base_v1\test\country\country.00059__03000ms__0011.npy
lstm,country__country.00059,country,12,country,blues,0,0.717222273349762,E:\dl\mel_cache\lm3_base_v1\test\country\country.00059__03000ms__0012.npy
lstm,country__country.00059,country,13,country,country,1,0.8358532190322876,E:\dl\mel_cache\lm3_base_v1\test\country\country.00059__03000ms__0013.npy
lstm,country__country.00059,country,14,country,country,1,0.9327440857887268,E:\dl\mel_cache\lm3_base_v1\test\country\country.00059__03000ms__0014.npy
lstm,country__country.00059,country,15,country,country,1,0.9304577708244324,E:\dl\mel_cache\lm3_base_v1\test\country\country.00059__03000ms__0015.npy
lstm,country__country.00059,country,16,country,country,1,0.9208922386169434,E:\dl\mel_cache\lm3_base_v1\test\country\country.00059__03000ms__0016.npy
lstm,country__country.00059,country,17,country,country,1,0.9199385643005371,E:\dl\mel_cache\lm3_base_v1\test\country\country.00059__03000ms__0017.npy
lstm,country__country.00059,country,18,country,country,1,0.9184241890907288,E:\dl\mel_cache\lm3_base_v1\test\country\country.00059__03000ms__0018.npy
lstm,country__country.00059,country,19,country,country,1,0.9189330339431763,E:\dl\mel_cache\lm3_base_v1\test\country\country.00059__03000ms__0019.npy
lstm,country__country.00067,country,0,country,country,1,0.8673497438430786,E:\dl\mel_cache\lm3_base_v1\test\country\country.00067__03000ms__0000.npy
lstm,country__country.00067,country,1,country,country,1,0.6480735540390015,E:\dl\mel_cache\lm3_base_v1\test\country\country.00067__03000ms__0001.npy
lstm,country__country.00067,country,2,country,blues,0,0.688710629940033,E:\dl\mel_cache\lm3_base_v1\test\country\country.00067__03000ms__0002.npy
lstm,country__country.00067,country,3,country,rock,0,0.6827791333198547,E:\dl\mel_cache\lm3_base_v1\test\country\country.00067__03000ms__0003.npy
lstm,country__country.00067,country,4,country,country,1,0.6759533286094666,E:\dl\mel_cache\lm3_base_v1\test\country\country.00067__03000ms__0004.npy
lstm,country__country.00067,country,5,country,country,1,0.8682770729064941,E:\dl\mel_cache\lm3_base_v1\test\country\country.00067__03000ms__0005.npy
lstm,country__country.00067,country,6,country,country,1,0.8188546895980835,E:\dl\mel_cache\lm3_base_v1\test\country\country.00067__03000ms__0006.npy
lstm,country__country.00067,country,7,country,country,1,0.7080333828926086,E:\dl\mel_cache\lm3_base_v1\test\country\country.00067__03000ms__0007.npy
lstm,country__country.00067,country,8,country,country,1,0.5518364906311035,E:\dl\mel_cache\lm3_base_v1\test\country\country.00067__03000ms__0008.npy
lstm,country__country.00067,country,9,country,country,1,0.5208254456520081,E:\dl\mel_cache\lm3_base_v1\test\country\country.00067__03000ms__0009.npy
lstm,country__country.00067,country,10,country,country,1,0.7723376750946045,E:\dl\mel_cache\lm3_base_v1\test\country\country.00067__03000ms__0010.npy
lstm,country__country.00067,country,11,country,country,1,0.9316645860671997,E:\dl\mel_cache\lm3_base_v1\test\country\country.00067__03000ms__0011.npy
lstm,country__country.00067,country,12,country,country,1,0.9107949137687683,E:\dl\mel_cache\lm3_base_v1\test\country\country.00067__03000ms__0012.npy
lstm,country__country.00067,country,13,country,country,1,0.8313699960708618,E:\dl\mel_cache\lm3_base_v1\test\country\country.00067__03000ms__0013.npy
lstm,country__country.00067,country,14,country,country,1,0.6377120614051819,E:\dl\mel_cache\lm3_base_v1\test\country\country.00067__03000ms__0014.npy
lstm,country__country.00067,country,15,country,country,1,0.816584587097168,E:\dl\mel_cache\lm3_base_v1\test\country\country.00067__03000ms__0015.npy
lstm,country__country.00067,country,16,country,country,1,0.8772710561752319,E:\dl\mel_cache\lm3_base_v1\test\country\country.00067__03000ms__0016.npy
lstm,country__country.00067,country,17,country,country,1,0.7935402393341064,E:\dl\mel_cache\lm3_base_v1\test\country\country.00067__03000ms__0017.npy
lstm,country__country.00067,country,18,country,blues,0,0.9217057228088379,E:\dl\mel_cache\lm3_base_v1\test\country\country.00067__03000ms__0018.npy
lstm,country__country.00067,country,19,country,blues,0,0.9249420166015625,E:\dl\mel_cache\lm3_base_v1\test\country\country.00067__03000ms__0019.npy
lstm,country__country.00068,country,0,country,country,1,0.7098819017410278,E:\dl\mel_cache\lm3_base_v1\test\country\country.00068__03000ms__0000.npy
lstm,country__country.00068,country,1,country,rock,0,0.65614914894104,E:\dl\mel_cache\lm3_base_v1\test\country\country.00068__03000ms__0001.npy
lstm,country__country.00068,country,2,country,rock,0,0.8683102130889893,E:\dl\mel_cache\lm3_base_v1\test\country\country.00068__03000ms__0002.npy
lstm,country__country.00068,country,3,country,country,1,0.6833614706993103,E:\dl\mel_cache\lm3_base_v1\test\country\country.00068__03000ms__0003.npy
lstm,country__country.00068,country,4,country,country,1,0.5976331233978271,E:\dl\mel_cache\lm3_base_v1\test\country\country.00068__03000ms__0004.npy
lstm,country__country.00068,country,5,country,country,1,0.42465347051620483,E:\dl\mel_cache\lm3_base_v1\test\country\country.00068__03000ms__0005.npy
lstm,country__country.00068,country,6,country,country,1,0.6440524458885193,E:\dl\mel_cache\lm3_base_v1\test\country\country.00068__03000ms__0006.npy
lstm,country__country.00068,country,7,country,country,1,0.6961460113525391,E:\dl\mel_cache\lm3_base_v1\test\country\country.00068__03000ms__0007.npy
lstm,country__country.00068,country,8,country,country,1,0.6421392560005188,E:\dl\mel_cache\lm3_base_v1\test\country\country.00068__03000ms__0008.npy
lstm,country__country.00068,country,9,country,blues,0,0.5188262462615967,E:\dl\mel_cache\lm3_base_v1\test\country\country.00068__03000ms__0009.npy
lstm,country__country.00068,country,10,country,blues,0,0.48656344413757324,E:\dl\mel_cache\lm3_base_v1\test\country\country.00068__03000ms__0010.npy
lstm,country__country.00068,country,11,country,country,1,0.7430581450462341,E:\dl\mel_cache\lm3_base_v1\test\country\country.00068__03000ms__0011.npy
lstm,country__country.00068,country,12,country,country,1,0.8895430564880371,E:\dl\mel_cache\lm3_base_v1\test\country\country.00068__03000ms__0012.npy
lstm,country__country.00068,country,13,country,country,1,0.6327127814292908,E:\dl\mel_cache\lm3_base_v1\test\country\country.00068__03000ms__0013.npy
lstm,country__country.00068,country,14,country,jazz,0,0.3247881233692169,E:\dl\mel_cache\lm3_base_v1\test\country\country.00068__03000ms__0014.npy
lstm,country__country.00068,country,15,country,country,1,0.5846904516220093,E:\dl\mel_cache\lm3_base_v1\test\country\country.00068__03000ms__0015.npy
lstm,country__country.00068,country,16,country,country,1,0.7522776126861572,E:\dl\mel_cache\lm3_base_v1\test\country\country.00068__03000ms__0016.npy
lstm,country__country.00068,country,17,country,rock,0,0.9060512781143188,E:\dl\mel_cache\lm3_base_v1\test\country\country.00068__03000ms__0017.npy
lstm,country__country.00068,country,18,country,rock,0,0.8840978145599365,E:\dl\mel_cache\lm3_base_v1\test\country\country.00068__03000ms__0018.npy
lstm,country__country.00068,country,19,country,rock,0,0.8630952835083008,E:\dl\mel_cache\lm3_base_v1\test\country\country.00068__03000ms__0019.npy
lstm,country__country.00069,country,0,country,classical,0,0.8328151702880859,E:\dl\mel_cache\lm3_base_v1\test\country\country.00069__03000ms__0000.npy
lstm,country__country.00069,country,1,country,classical,0,0.3132091462612152,E:\dl\mel_cache\lm3_base_v1\test\country\country.00069__03000ms__0001.npy
lstm,country__country.00069,country,2,country,country,1,0.5445243120193481,E:\dl\mel_cache\lm3_base_v1\test\country\country.00069__03000ms__0002.npy
lstm,country__country.00069,country,3,country,country,1,0.6572721600532532,E:\dl\mel_cache\lm3_base_v1\test\country\country.00069__03000ms__0003.npy
lstm,country__country.00069,country,4,country,country,1,0.7841895222663879,E:\dl\mel_cache\lm3_base_v1\test\country\country.00069__03000ms__0004.npy
lstm,country__country.00069,country,5,country,country,1,0.7399693131446838,E:\dl\mel_cache\lm3_base_v1\test\country\country.00069__03000ms__0005.npy
lstm,country__country.00069,country,6,country,country,1,0.5937241911888123,E:\dl\mel_cache\lm3_base_v1\test\country\country.00069__03000ms__0006.npy
lstm,country__country.00069,country,7,country,country,1,0.7095968127250671,E:\dl\mel_cache\lm3_base_v1\test\country\country.00069__03000ms__0007.npy
lstm,country__country.00069,country,8,country,country,1,0.539594292640686,E:\dl\mel_cache\lm3_base_v1\test\country\country.00069__03000ms__0008.npy
lstm,country__country.00069,country,9,country,country,1,0.8889496326446533,E:\dl\mel_cache\lm3_base_v1\test\country\country.00069__03000ms__0009.npy
lstm,country__country.00069,country,10,country,country,1,0.8442779183387756,E:\dl\mel_cache\lm3_base_v1\test\country\country.00069__03000ms__0010.npy
lstm,country__country.00069,country,11,country,country,1,0.7574551105499268,E:\dl\mel_cache\lm3_base_v1\test\country\country.00069__03000ms__0011.npy
lstm,country__country.00069,country,12,country,country,1,0.5941511988639832,E:\dl\mel_cache\lm3_base_v1\test\country\country.00069__03000ms__0012.npy
lstm,country__country.00069,country,13,country,country,1,0.9087127447128296,E:\dl\mel_cache\lm3_base_v1\test\country\country.00069__03000ms__0013.npy
lstm,country__country.00069,country,14,country,country,1,0.9139375686645508,E:\dl\mel_cache\lm3_base_v1\test\country\country.00069__03000ms__0014.npy
lstm,country__country.00069,country,15,country,country,1,0.6732982397079468,E:\dl\mel_cache\lm3_base_v1\test\country\country.00069__03000ms__0015.npy
lstm,country__country.00069,country,16,country,country,1,0.8789329528808594,E:\dl\mel_cache\lm3_base_v1\test\country\country.00069__03000ms__0016.npy
lstm,country__country.00069,country,17,country,country,1,0.6840605735778809,E:\dl\mel_cache\lm3_base_v1\test\country\country.00069__03000ms__0017.npy
lstm,country__country.00069,country,18,country,country,1,0.7716704607009888,E:\dl\mel_cache\lm3_base_v1\test\country\country.00069__03000ms__0018.npy
lstm,country__country.00069,country,19,country,country,1,0.7852568030357361,E:\dl\mel_cache\lm3_base_v1\test\country\country.00069__03000ms__0019.npy
lstm,country__country.00075,country,0,country,rock,0,0.9138153195381165,E:\dl\mel_cache\lm3_base_v1\test\country\country.00075__03000ms__0000.npy
lstm,country__country.00075,country,1,country,rock,0,0.597888171672821,E:\dl\mel_cache\lm3_base_v1\test\country\country.00075__03000ms__0001.npy
lstm,country__country.00075,country,2,country,rock,0,0.47437191009521484,E:\dl\mel_cache\lm3_base_v1\test\country\country.00075__03000ms__0002.npy
lstm,country__country.00075,country,3,country,blues,0,0.6398528218269348,E:\dl\mel_cache\lm3_base_v1\test\country\country.00075__03000ms__0003.npy
lstm,country__country.00075,country,4,country,blues,0,0.7001294493675232,E:\dl\mel_cache\lm3_base_v1\test\country\country.00075__03000ms__0004.npy
lstm,country__country.00075,country,5,country,country,1,0.5636811256408691,E:\dl\mel_cache\lm3_base_v1\test\country\country.00075__03000ms__0005.npy
lstm,country__country.00075,country,6,country,country,1,0.4915834367275238,E:\dl\mel_cache\lm3_base_v1\test\country\country.00075__03000ms__0006.npy
lstm,country__country.00075,country,7,country,blues,0,0.8319669365882874,E:\dl\mel_cache\lm3_base_v1\test\country\country.00075__03000ms__0007.npy
lstm,country__country.00075,country,8,country,blues,0,0.8817974328994751,E:\dl\mel_cache\lm3_base_v1\test\country\country.00075__03000ms__0008.npy
lstm,country__country.00075,country,9,country,rock,0,0.49764779210090637,E:\dl\mel_cache\lm3_base_v1\test\country\country.00075__03000ms__0009.npy
lstm,country__country.00075,country,10,country,blues,0,0.6628764867782593,E:\dl\mel_cache\lm3_base_v1\test\country\country.00075__03000ms__0010.npy
lstm,country__country.00075,country,11,country,blues,0,0.5549988150596619,E:\dl\mel_cache\lm3_base_v1\test\country\country.00075__03000ms__0011.npy
lstm,country__country.00075,country,12,country,country,1,0.8801785111427307,E:\dl\mel_cache\lm3_base_v1\test\country\country.00075__03000ms__0012.npy
lstm,country__country.00075,country,13,country,country,1,0.6931062340736389,E:\dl\mel_cache\lm3_base_v1\test\country\country.00075__03000ms__0013.npy
lstm,country__country.00075,country,14,country,blues,0,0.7241297960281372,E:\dl\mel_cache\lm3_base_v1\test\country\country.00075__03000ms__0014.npy
lstm,country__country.00075,country,15,country,rock,0,0.8378012180328369,E:\dl\mel_cache\lm3_base_v1\test\country\country.00075__03000ms__0015.npy
lstm,country__country.00075,country,16,country,rock,0,0.9057942628860474,E:\dl\mel_cache\lm3_base_v1\test\country\country.00075__03000ms__0016.npy
lstm,country__country.00075,country,17,country,rock,0,0.8627164363861084,E:\dl\mel_cache\lm3_base_v1\test\country\country.00075__03000ms__0017.npy
lstm,country__country.00075,country,18,country,country,1,0.687292218208313,E:\dl\mel_cache\lm3_base_v1\test\country\country.00075__03000ms__0018.npy
lstm,country__country.00075,country,19,country,country,1,0.5232644081115723,E:\dl\mel_cache\lm3_base_v1\test\country\country.00075__03000ms__0019.npy
lstm,country__country.00076,country,0,country,country,1,0.8432396650314331,E:\dl\mel_cache\lm3_base_v1\test\country\country.00076__03000ms__0000.npy
lstm,country__country.00076,country,1,country,country,1,0.6312653422355652,E:\dl\mel_cache\lm3_base_v1\test\country\country.00076__03000ms__0001.npy
lstm,country__country.00076,country,2,country,country,1,0.5462583303451538,E:\dl\mel_cache\lm3_base_v1\test\country\country.00076__03000ms__0002.npy
lstm,country__country.00076,country,3,country,country,1,0.760321855545044,E:\dl\mel_cache\lm3_base_v1\test\country\country.00076__03000ms__0003.npy
lstm,country__country.00076,country,4,country,country,1,0.9278056025505066,E:\dl\mel_cache\lm3_base_v1\test\country\country.00076__03000ms__0004.npy
lstm,country__country.00076,country,5,country,country,1,0.7851222157478333,E:\dl\mel_cache\lm3_base_v1\test\country\country.00076__03000ms__0005.npy
lstm,country__country.00076,country,6,country,rock,0,0.764813244342804,E:\dl\mel_cache\lm3_base_v1\test\country\country.00076__03000ms__0006.npy
lstm,country__country.00076,country,7,country,country,1,0.9144189357757568,E:\dl\mel_cache\lm3_base_v1\test\country\country.00076__03000ms__0007.npy
lstm,country__country.00076,country,8,country,country,1,0.9261020421981812,E:\dl\mel_cache\lm3_base_v1\test\country\country.00076__03000ms__0008.npy
lstm,country__country.00076,country,9,country,country,1,0.8624414205551147,E:\dl\mel_cache\lm3_base_v1\test\country\country.00076__03000ms__0009.npy
lstm,country__country.00076,country,10,country,rock,0,0.6351087689399719,E:\dl\mel_cache\lm3_base_v1\test\country\country.00076__03000ms__0010.npy
lstm,country__country.00076,country,11,country,country,1,0.832822859287262,E:\dl\mel_cache\lm3_base_v1\test\country\country.00076__03000ms__0011.npy
lstm,country__country.00076,country,12,country,country,1,0.8942842483520508,E:\dl\mel_cache\lm3_base_v1\test\country\country.00076__03000ms__0012.npy
lstm,country__country.00076,country,13,country,rock,0,0.7155189514160156,E:\dl\mel_cache\lm3_base_v1\test\country\country.00076__03000ms__0013.npy
lstm,country__country.00076,country,14,country,rock,0,0.8788067102432251,E:\dl\mel_cache\lm3_base_v1\test\country\country.00076__03000ms__0014.npy
lstm,country__country.00076,country,15,country,blues,0,0.8572577834129333,E:\dl\mel_cache\lm3_base_v1\test\country\country.00076__03000ms__0015.npy
lstm,country__country.00076,country,16,country,blues,0,0.9310231804847717,E:\dl\mel_cache\lm3_base_v1\test\country\country.00076__03000ms__0016.npy
lstm,country__country.00076,country,17,country,blues,0,0.8952305912971497,E:\dl\mel_cache\lm3_base_v1\test\country\country.00076__03000ms__0017.npy
lstm,country__country.00076,country,18,country,blues,0,0.6183279752731323,E:\dl\mel_cache\lm3_base_v1\test\country\country.00076__03000ms__0018.npy
lstm,country__country.00076,country,19,country,reggae,0,0.419482946395874,E:\dl\mel_cache\lm3_base_v1\test\country\country.00076__03000ms__0019.npy
lstm,country__country.00077,country,0,country,country,1,0.4738638401031494,E:\dl\mel_cache\lm3_base_v1\test\country\country.00077__03000ms__0000.npy
lstm,country__country.00077,country,1,country,rock,0,0.5738223791122437,E:\dl\mel_cache\lm3_base_v1\test\country\country.00077__03000ms__0001.npy
lstm,country__country.00077,country,2,country,rock,0,0.4694071412086487,E:\dl\mel_cache\lm3_base_v1\test\country\country.00077__03000ms__0002.npy
lstm,country__country.00077,country,3,country,country,1,0.7822443842887878,E:\dl\mel_cache\lm3_base_v1\test\country\country.00077__03000ms__0003.npy
lstm,country__country.00077,country,4,country,rock,0,0.45541730523109436,E:\dl\mel_cache\lm3_base_v1\test\country\country.00077__03000ms__0004.npy
lstm,country__country.00077,country,5,country,country,1,0.4410783350467682,E:\dl\mel_cache\lm3_base_v1\test\country\country.00077__03000ms__0005.npy
lstm,country__country.00077,country,6,country,country,1,0.6137032508850098,E:\dl\mel_cache\lm3_base_v1\test\country\country.00077__03000ms__0006.npy
lstm,country__country.00077,country,7,country,country,1,0.8632728457450867,E:\dl\mel_cache\lm3_base_v1\test\country\country.00077__03000ms__0007.npy
lstm,country__country.00077,country,8,country,country,1,0.8337517976760864,E:\dl\mel_cache\lm3_base_v1\test\country\country.00077__03000ms__0008.npy
lstm,country__country.00077,country,9,country,rock,0,0.7068633437156677,E:\dl\mel_cache\lm3_base_v1\test\country\country.00077__03000ms__0009.npy
lstm,country__country.00077,country,10,country,rock,0,0.7025308012962341,E:\dl\mel_cache\lm3_base_v1\test\country\country.00077__03000ms__0010.npy
lstm,country__country.00077,country,11,country,rock,0,0.47509121894836426,E:\dl\mel_cache\lm3_base_v1\test\country\country.00077__03000ms__0011.npy
lstm,country__country.00077,country,12,country,rock,0,0.8578286170959473,E:\dl\mel_cache\lm3_base_v1\test\country\country.00077__03000ms__0012.npy
lstm,country__country.00077,country,13,country,rock,0,0.6032421588897705,E:\dl\mel_cache\lm3_base_v1\test\country\country.00077__03000ms__0013.npy
lstm,country__country.00077,country,14,country,rock,0,0.4562608599662781,E:\dl\mel_cache\lm3_base_v1\test\country\country.00077__03000ms__0014.npy
lstm,country__country.00077,country,15,country,rock,0,0.48013097047805786,E:\dl\mel_cache\lm3_base_v1\test\country\country.00077__03000ms__0015.npy
lstm,country__country.00077,country,16,country,country,1,0.6973727941513062,E:\dl\mel_cache\lm3_base_v1\test\country\country.00077__03000ms__0016.npy
lstm,country__country.00077,country,17,country,country,1,0.861003041267395,E:\dl\mel_cache\lm3_base_v1\test\country\country.00077__03000ms__0017.npy
lstm,country__country.00077,country,18,country,country,1,0.9254833459854126,E:\dl\mel_cache\lm3_base_v1\test\country\country.00077__03000ms__0018.npy
lstm,country__country.00077,country,19,country,country,1,0.9289788007736206,E:\dl\mel_cache\lm3_base_v1\test\country\country.00077__03000ms__0019.npy
lstm,country__country.00097,country,0,country,country,1,0.9112349152565002,E:\dl\mel_cache\lm3_base_v1\test\country\country.00097__03000ms__0000.npy
lstm,country__country.00097,country,1,country,country,1,0.9357911944389343,E:\dl\mel_cache\lm3_base_v1\test\country\country.00097__03000ms__0001.npy
lstm,country__country.00097,country,2,country,country,1,0.9371233582496643,E:\dl\mel_cache\lm3_base_v1\test\country\country.00097__03000ms__0002.npy
lstm,country__country.00097,country,3,country,country,1,0.9429930448532104,E:\dl\mel_cache\lm3_base_v1\test\country\country.00097__03000ms__0003.npy
lstm,country__country.00097,country,4,country,country,1,0.9422943592071533,E:\dl\mel_cache\lm3_base_v1\test\country\country.00097__03000ms__0004.npy
lstm,country__country.00097,country,5,country,country,1,0.9163583517074585,E:\dl\mel_cache\lm3_base_v1\test\country\country.00097__03000ms__0005.npy
lstm,country__country.00097,country,6,country,country,1,0.9102036356925964,E:\dl\mel_cache\lm3_base_v1\test\country\country.00097__03000ms__0006.npy
lstm,country__country.00097,country,7,country,country,1,0.9286414980888367,E:\dl\mel_cache\lm3_base_v1\test\country\country.00097__03000ms__0007.npy
lstm,country__country.00097,country,8,country,country,1,0.9409915208816528,E:\dl\mel_cache\lm3_base_v1\test\country\country.00097__03000ms__0008.npy
lstm,country__country.00097,country,9,country,country,1,0.9390859603881836,E:\dl\mel_cache\lm3_base_v1\test\country\country.00097__03000ms__0009.npy
lstm,country__country.00097,country,10,country,country,1,0.9375770688056946,E:\dl\mel_cache\lm3_base_v1\test\country\country.00097__03000ms__0010.npy
lstm,country__country.00097,country,11,country,country,1,0.9448651075363159,E:\dl\mel_cache\lm3_base_v1\test\country\country.00097__03000ms__0011.npy
lstm,country__country.00097,country,12,country,country,1,0.9466742277145386,E:\dl\mel_cache\lm3_base_v1\test\country\country.00097__03000ms__0012.npy
lstm,country__country.00097,country,13,country,country,1,0.9438274502754211,E:\dl\mel_cache\lm3_base_v1\test\country\country.00097__03000ms__0013.npy
lstm,country__country.00097,country,14,country,country,1,0.9330434203147888,E:\dl\mel_cache\lm3_base_v1\test\country\country.00097__03000ms__0014.npy
lstm,country__country.00097,country,15,country,country,1,0.9003546833992004,E:\dl\mel_cache\lm3_base_v1\test\country\country.00097__03000ms__0015.npy
lstm,country__country.00097,country,16,country,country,1,0.93275386095047,E:\dl\mel_cache\lm3_base_v1\test\country\country.00097__03000ms__0016.npy
lstm,country__country.00097,country,17,country,country,1,0.9390189051628113,E:\dl\mel_cache\lm3_base_v1\test\country\country.00097__03000ms__0017.npy
lstm,country__country.00097,country,18,country,country,1,0.9298267960548401,E:\dl\mel_cache\lm3_base_v1\test\country\country.00097__03000ms__0018.npy
lstm,country__country.00097,country,19,country,country,1,0.9314796924591064,E:\dl\mel_cache\lm3_base_v1\test\country\country.00097__03000ms__0019.npy
lstm,country__country.00099,country,0,country,blues,0,0.8863727450370789,E:\dl\mel_cache\lm3_base_v1\test\country\country.00099__03000ms__0000.npy
lstm,country__country.00099,country,1,country,blues,0,0.5233431458473206,E:\dl\mel_cache\lm3_base_v1\test\country\country.00099__03000ms__0001.npy
lstm,country__country.00099,country,2,country,rock,0,0.3662245571613312,E:\dl\mel_cache\lm3_base_v1\test\country\country.00099__03000ms__0002.npy
lstm,country__country.00099,country,3,country,country,1,0.8336167931556702,E:\dl\mel_cache\lm3_base_v1\test\country\country.00099__03000ms__0003.npy
lstm,country__country.00099,country,4,country,country,1,0.8808830380439758,E:\dl\mel_cache\lm3_base_v1\test\country\country.00099__03000ms__0004.npy
lstm,country__country.00099,country,5,country,rock,0,0.42335498332977295,E:\dl\mel_cache\lm3_base_v1\test\country\country.00099__03000ms__0005.npy
lstm,country__country.00099,country,6,country,country,1,0.7041993141174316,E:\dl\mel_cache\lm3_base_v1\test\country\country.00099__03000ms__0006.npy
lstm,country__country.00099,country,7,country,country,1,0.5918334722518921,E:\dl\mel_cache\lm3_base_v1\test\country\country.00099__03000ms__0007.npy
lstm,country__country.00099,country,8,country,blues,0,0.8518829345703125,E:\dl\mel_cache\lm3_base_v1\test\country\country.00099__03000ms__0008.npy
lstm,country__country.00099,country,9,country,blues,0,0.9061810970306396,E:\dl\mel_cache\lm3_base_v1\test\country\country.00099__03000ms__0009.npy
lstm,country__country.00099,country,10,country,country,1,0.5873587131500244,E:\dl\mel_cache\lm3_base_v1\test\country\country.00099__03000ms__0010.npy
lstm,country__country.00099,country,11,country,country,1,0.7274128794670105,E:\dl\mel_cache\lm3_base_v1\test\country\country.00099__03000ms__0011.npy
lstm,country__country.00099,country,12,country,blues,0,0.46835827827453613,E:\dl\mel_cache\lm3_base_v1\test\country\country.00099__03000ms__0012.npy
lstm,country__country.00099,country,13,country,country,1,0.8927358984947205,E:\dl\mel_cache\lm3_base_v1\test\country\country.00099__03000ms__0013.npy
lstm,country__country.00099,country,14,country,country,1,0.7666704058647156,E:\dl\mel_cache\lm3_base_v1\test\country\country.00099__03000ms__0014.npy
lstm,country__country.00099,country,15,country,country,1,0.467864066362381,E:\dl\mel_cache\lm3_base_v1\test\country\country.00099__03000ms__0015.npy
lstm,country__country.00099,country,16,country,blues,0,0.8972182273864746,E:\dl\mel_cache\lm3_base_v1\test\country\country.00099__03000ms__0016.npy
lstm,country__country.00099,country,17,country,blues,0,0.9108810424804688,E:\dl\mel_cache\lm3_base_v1\test\country\country.00099__03000ms__0017.npy
lstm,country__country.00099,country,18,country,blues,0,0.8990530371665955,E:\dl\mel_cache\lm3_base_v1\test\country\country.00099__03000ms__0018.npy
lstm,country__country.00099,country,19,country,blues,0,0.9015941023826599,E:\dl\mel_cache\lm3_base_v1\test\country\country.00099__03000ms__0019.npy
lstm,disco__disco.00000,disco,0,disco,disco,1,0.9462337493896484,E:\dl\mel_cache\lm3_base_v1\test\disco\disco.00000__03000ms__0000.npy
lstm,disco__disco.00000,disco,1,disco,disco,1,0.9395694136619568,E:\dl\mel_cache\lm3_base_v1\test\disco\disco.00000__03000ms__0001.npy
lstm,disco__disco.00000,disco,2,disco,disco,1,0.9126207232475281,E:\dl\mel_cache\lm3_base_v1\test\disco\disco.00000__03000ms__0002.npy
lstm,disco__disco.00000,disco,3,disco,disco,1,0.9211484789848328,E:\dl\mel_cache\lm3_base_v1\test\disco\disco.00000__03000ms__0003.npy
lstm,disco__disco.00000,disco,4,disco,disco,1,0.8776039481163025,E:\dl\mel_cache\lm3_base_v1\test\disco\disco.00000__03000ms__0004.npy
lstm,disco__disco.00000,disco,5,disco,disco,1,0.9470059275627136,E:\dl\mel_cache\lm3_base_v1\test\disco\disco.00000__03000ms__0005.npy
lstm,disco__disco.00000,disco,6,disco,disco,1,0.9369413256645203,E:\dl\mel_cache\lm3_base_v1\test\disco\disco.00000__03000ms__0006.npy
lstm,disco__disco.00000,disco,7,disco,disco,1,0.9368763566017151,E:\dl\mel_cache\lm3_base_v1\test\disco\disco.00000__03000ms__0007.npy
lstm,disco__disco.00000,disco,8,disco,disco,1,0.951479434967041,E:\dl\mel_cache\lm3_base_v1\test\disco\disco.00000__03000ms__0008.npy
lstm,disco__disco.00000,disco,9,disco,disco,1,0.9434771537780762,E:\dl\mel_cache\lm3_base_v1\test\disco\disco.00000__03000ms__0009.npy
lstm,disco__disco.00000,disco,10,disco,disco,1,0.9445228576660156,E:\dl\mel_cache\lm3_base_v1\test\disco\disco.00000__03000ms__0010.npy
lstm,disco__disco.00000,disco,11,disco,disco,1,0.9253707528114319,E:\dl\mel_cache\lm3_base_v1\test\disco\disco.00000__03000ms__0011.npy
lstm,disco__disco.00000,disco,12,disco,rock,0,0.606383740901947,E:\dl\mel_cache\lm3_base_v1\test\disco\disco.00000__03000ms__0012.npy
lstm,disco__disco.00000,disco,13,disco,rock,0,0.6133022904396057,E:\dl\mel_cache\lm3_base_v1\test\disco\disco.00000__03000ms__0013.npy
lstm,disco__disco.00000,disco,14,disco,disco,1,0.9249857664108276,E:\dl\mel_cache\lm3_base_v1\test\disco\disco.00000__03000ms__0014.npy
lstm,disco__disco.00000,disco,15,disco,disco,1,0.8731350302696228,E:\dl\mel_cache\lm3_base_v1\test\disco\disco.00000__03000ms__0015.npy
lstm,disco__disco.00000,disco,16,disco,disco,1,0.7807725071907043,E:\dl\mel_cache\lm3_base_v1\test\disco\disco.00000__03000ms__0016.npy
lstm,disco__disco.00000,disco,17,disco,disco,1,0.8124867677688599,E:\dl\mel_cache\lm3_base_v1\test\disco\disco.00000__03000ms__0017.npy
lstm,disco__disco.00000,disco,18,disco,disco,1,0.7867097854614258,E:\dl\mel_cache\lm3_base_v1\test\disco\disco.00000__03000ms__0018.npy
lstm,disco__disco.00000,disco,19,disco,disco,1,0.6884915232658386,E:\dl\mel_cache\lm3_base_v1\test\disco\disco.00000__03000ms__0019.npy
lstm,disco__disco.00003,disco,0,disco,rock,0,0.4483691155910492,E:\dl\mel_cache\lm3_base_v1\test\disco\disco.00003__03000ms__0000.npy
lstm,disco__disco.00003,disco,1,disco,rock,0,0.5205426812171936,E:\dl\mel_cache\lm3_base_v1\test\disco\disco.00003__03000ms__0001.npy
lstm,disco__disco.00003,disco,2,disco,rock,0,0.635269820690155,E:\dl\mel_cache\lm3_base_v1\test\disco\disco.00003__03000ms__0002.npy
lstm,disco__disco.00003,disco,3,disco,country,0,0.6415189504623413,E:\dl\mel_cache\lm3_base_v1\test\disco\disco.00003__03000ms__0003.npy
lstm,disco__disco.00003,disco,4,disco,disco,1,0.6608510613441467,E:\dl\mel_cache\lm3_base_v1\test\disco\disco.00003__03000ms__0004.npy
lstm,disco__disco.00003,disco,5,disco,disco,1,0.773748517036438,E:\dl\mel_cache\lm3_base_v1\test\disco\disco.00003__03000ms__0005.npy
lstm,disco__disco.00003,disco,6,disco,disco,1,0.611514687538147,E:\dl\mel_cache\lm3_base_v1\test\disco\disco.00003__03000ms__0006.npy
lstm,disco__disco.00003,disco,7,disco,disco,1,0.6719295978546143,E:\dl\mel_cache\lm3_base_v1\test\disco\disco.00003__03000ms__0007.npy
lstm,disco__disco.00003,disco,8,disco,disco,1,0.8389466404914856,E:\dl\mel_cache\lm3_base_v1\test\disco\disco.00003__03000ms__0008.npy
lstm,disco__disco.00003,disco,9,disco,disco,1,0.7996962070465088,E:\dl\mel_cache\lm3_base_v1\test\disco\disco.00003__03000ms__0009.npy
lstm,disco__disco.00003,disco,10,disco,disco,1,0.8883448243141174,E:\dl\mel_cache\lm3_base_v1\test\disco\disco.00003__03000ms__0010.npy
lstm,disco__disco.00003,disco,11,disco,disco,1,0.9122737646102905,E:\dl\mel_cache\lm3_base_v1\test\disco\disco.00003__03000ms__0011.npy
lstm,disco__disco.00003,disco,12,disco,disco,1,0.9021145701408386,E:\dl\mel_cache\lm3_base_v1\test\disco\disco.00003__03000ms__0012.npy
lstm,disco__disco.00003,disco,13,disco,disco,1,0.9155538082122803,E:\dl\mel_cache\lm3_base_v1\test\disco\disco.00003__03000ms__0013.npy
lstm,disco__disco.00003,disco,14,disco,disco,1,0.9276105761528015,E:\dl\mel_cache\lm3_base_v1\test\disco\disco.00003__03000ms__0014.npy
lstm,disco__disco.00003,disco,15,disco,disco,1,0.8754628300666809,E:\dl\mel_cache\lm3_base_v1\test\disco\disco.00003__03000ms__0015.npy
lstm,disco__disco.00003,disco,16,disco,disco,1,0.8786529898643494,E:\dl\mel_cache\lm3_base_v1\test\disco\disco.00003__03000ms__0016.npy
lstm,disco__disco.00003,disco,17,disco,disco,1,0.8901001214981079,E:\dl\mel_cache\lm3_base_v1\test\disco\disco.00003__03000ms__0017.npy
lstm,disco__disco.00003,disco,18,disco,disco,1,0.8796468377113342,E:\dl\mel_cache\lm3_base_v1\test\disco\disco.00003__03000ms__0018.npy
lstm,disco__disco.00003,disco,19,disco,disco,1,0.8918106555938721,E:\dl\mel_cache\lm3_base_v1\test\disco\disco.00003__03000ms__0019.npy
lstm,disco__disco.00010,disco,0,disco,pop,0,0.51143479347229,E:\dl\mel_cache\lm3_base_v1\test\disco\disco.00010__03000ms__0000.npy
lstm,disco__disco.00010,disco,1,disco,pop,0,0.8327834606170654,E:\dl\mel_cache\lm3_base_v1\test\disco\disco.00010__03000ms__0001.npy
lstm,disco__disco.00010,disco,2,disco,pop,0,0.4549189805984497,E:\dl\mel_cache\lm3_base_v1\test\disco\disco.00010__03000ms__0002.npy
lstm,disco__disco.00010,disco,3,disco,disco,1,0.7172477841377258,E:\dl\mel_cache\lm3_base_v1\test\disco\disco.00010__03000ms__0003.npy
lstm,disco__disco.00010,disco,4,disco,disco,1,0.8082926869392395,E:\dl\mel_cache\lm3_base_v1\test\disco\disco.00010__03000ms__0004.npy
lstm,disco__disco.00010,disco,5,disco,disco,1,0.785913348197937,E:\dl\mel_cache\lm3_base_v1\test\disco\disco.00010__03000ms__0005.npy
lstm,disco__disco.00010,disco,6,disco,disco,1,0.6703032851219177,E:\dl\mel_cache\lm3_base_v1\test\disco\disco.00010__03000ms__0006.npy
lstm,disco__disco.00010,disco,7,disco,disco,1,0.6411922574043274,E:\dl\mel_cache\lm3_base_v1\test\disco\disco.00010__03000ms__0007.npy
lstm,disco__disco.00010,disco,8,disco,disco,1,0.6527048945426941,E:\dl\mel_cache\lm3_base_v1\test\disco\disco.00010__03000ms__0008.npy
lstm,disco__disco.00010,disco,9,disco,disco,1,0.7858898639678955,E:\dl\mel_cache\lm3_base_v1\test\disco\disco.00010__03000ms__0009.npy
lstm,disco__disco.00010,disco,10,disco,disco,1,0.870488703250885,E:\dl\mel_cache\lm3_base_v1\test\disco\disco.00010__03000ms__0010.npy
lstm,disco__disco.00010,disco,11,disco,disco,1,0.4606660008430481,E:\dl\mel_cache\lm3_base_v1\test\disco\disco.00010__03000ms__0011.npy
lstm,disco__disco.00010,disco,12,disco,disco,1,0.5027426481246948,E:\dl\mel_cache\lm3_base_v1\test\disco\disco.00010__03000ms__0012.npy
lstm,disco__disco.00010,disco,13,disco,disco,1,0.8663380146026611,E:\dl\mel_cache\lm3_base_v1\test\disco\disco.00010__03000ms__0013.npy
lstm,disco__disco.00010,disco,14,disco,disco,1,0.5416978597640991,E:\dl\mel_cache\lm3_base_v1\test\disco\disco.00010__03000ms__0014.npy
lstm,disco__disco.00010,disco,15,disco,disco,1,0.7368664145469666,E:\dl\mel_cache\lm3_base_v1\test\disco\disco.00010__03000ms__0015.npy
lstm,disco__disco.00010,disco,16,disco,disco,1,0.8430930376052856,E:\dl\mel_cache\lm3_base_v1\test\disco\disco.00010__03000ms__0016.npy
lstm,disco__disco.00010,disco,17,disco,rock,0,0.40514349937438965,E:\dl\mel_cache\lm3_base_v1\test\disco\disco.00010__03000ms__0017.npy
lstm,disco__disco.00010,disco,18,disco,hiphop,0,0.4495297372341156,E:\dl\mel_cache\lm3_base_v1\test\disco\disco.00010__03000ms__0018.npy
lstm,disco__disco.00010,disco,19,disco,hiphop,0,0.4658125638961792,E:\dl\mel_cache\lm3_base_v1\test\disco\disco.00010__03000ms__0019.npy
lstm,disco__disco.00020,disco,0,disco,reggae,0,0.7601803541183472,E:\dl\mel_cache\lm3_base_v1\test\disco\disco.00020__03000ms__0000.npy
lstm,disco__disco.00020,disco,1,disco,country,0,0.5350689888000488,E:\dl\mel_cache\lm3_base_v1\test\disco\disco.00020__03000ms__0001.npy
lstm,disco__disco.00020,disco,2,disco,country,0,0.689667284488678,E:\dl\mel_cache\lm3_base_v1\test\disco\disco.00020__03000ms__0002.npy
lstm,disco__disco.00020,disco,3,disco,country,0,0.48123592138290405,E:\dl\mel_cache\lm3_base_v1\test\disco\disco.00020__03000ms__0003.npy
lstm,disco__disco.00020,disco,4,disco,country,0,0.662246823310852,E:\dl\mel_cache\lm3_base_v1\test\disco\disco.00020__03000ms__0004.npy
lstm,disco__disco.00020,disco,5,disco,rock,0,0.4312994182109833,E:\dl\mel_cache\lm3_base_v1\test\disco\disco.00020__03000ms__0005.npy
lstm,disco__disco.00020,disco,6,disco,rock,0,0.6312956213951111,E:\dl\mel_cache\lm3_base_v1\test\disco\disco.00020__03000ms__0006.npy
lstm,disco__disco.00020,disco,7,disco,rock,0,0.4046918451786041,E:\dl\mel_cache\lm3_base_v1\test\disco\disco.00020__03000ms__0007.npy
lstm,disco__disco.00020,disco,8,disco,rock,0,0.7837649583816528,E:\dl\mel_cache\lm3_base_v1\test\disco\disco.00020__03000ms__0008.npy
lstm,disco__disco.00020,disco,9,disco,rock,0,0.5650326609611511,E:\dl\mel_cache\lm3_base_v1\test\disco\disco.00020__03000ms__0009.npy
lstm,disco__disco.00020,disco,10,disco,reggae,0,0.32842114567756653,E:\dl\mel_cache\lm3_base_v1\test\disco\disco.00020__03000ms__0010.npy
lstm,disco__disco.00020,disco,11,disco,reggae,0,0.6939226984977722,E:\dl\mel_cache\lm3_base_v1\test\disco\disco.00020__03000ms__0011.npy
lstm,disco__disco.00020,disco,12,disco,reggae,0,0.8064730167388916,E:\dl\mel_cache\lm3_base_v1\test\disco\disco.00020__03000ms__0012.npy
lstm,disco__disco.00020,disco,13,disco,reggae,0,0.5606434345245361,E:\dl\mel_cache\lm3_base_v1\test\disco\disco.00020__03000ms__0013.npy
lstm,disco__disco.00020,disco,14,disco,country,0,0.5679348111152649,E:\dl\mel_cache\lm3_base_v1\test\disco\disco.00020__03000ms__0014.npy
lstm,disco__disco.00020,disco,15,disco,reggae,0,0.5466877222061157,E:\dl\mel_cache\lm3_base_v1\test\disco\disco.00020__03000ms__0015.npy
lstm,disco__disco.00020,disco,16,disco,country,0,0.6078099012374878,E:\dl\mel_cache\lm3_base_v1\test\disco\disco.00020__03000ms__0016.npy
lstm,disco__disco.00020,disco,17,disco,country,0,0.8354198932647705,E:\dl\mel_cache\lm3_base_v1\test\disco\disco.00020__03000ms__0017.npy
lstm,disco__disco.00020,disco,18,disco,reggae,0,0.7441196441650391,E:\dl\mel_cache\lm3_base_v1\test\disco\disco.00020__03000ms__0018.npy
lstm,disco__disco.00020,disco,19,disco,reggae,0,0.7456141710281372,E:\dl\mel_cache\lm3_base_v1\test\disco\disco.00020__03000ms__0019.npy
lstm,disco__disco.00021,disco,0,disco,rock,0,0.6130454540252686,E:\dl\mel_cache\lm3_base_v1\test\disco\disco.00021__03000ms__0000.npy
lstm,disco__disco.00021,disco,1,disco,disco,1,0.44799911975860596,E:\dl\mel_cache\lm3_base_v1\test\disco\disco.00021__03000ms__0001.npy
lstm,disco__disco.00021,disco,2,disco,disco,1,0.9206765294075012,E:\dl\mel_cache\lm3_base_v1\test\disco\disco.00021__03000ms__0002.npy
lstm,disco__disco.00021,disco,3,disco,disco,1,0.9149795770645142,E:\dl\mel_cache\lm3_base_v1\test\disco\disco.00021__03000ms__0003.npy
lstm,disco__disco.00021,disco,4,disco,disco,1,0.9144068956375122,E:\dl\mel_cache\lm3_base_v1\test\disco\disco.00021__03000ms__0004.npy
lstm,disco__disco.00021,disco,5,disco,disco,1,0.8731769323348999,E:\dl\mel_cache\lm3_base_v1\test\disco\disco.00021__03000ms__0005.npy
lstm,disco__disco.00021,disco,6,disco,disco,1,0.8892613053321838,E:\dl\mel_cache\lm3_base_v1\test\disco\disco.00021__03000ms__0006.npy
lstm,disco__disco.00021,disco,7,disco,disco,1,0.9222737550735474,E:\dl\mel_cache\lm3_base_v1\test\disco\disco.00021__03000ms__0007.npy
lstm,disco__disco.00021,disco,8,disco,disco,1,0.8004436492919922,E:\dl\mel_cache\lm3_base_v1\test\disco\disco.00021__03000ms__0008.npy
lstm,disco__disco.00021,disco,9,disco,disco,1,0.834598183631897,E:\dl\mel_cache\lm3_base_v1\test\disco\disco.00021__03000ms__0009.npy
lstm,disco__disco.00021,disco,10,disco,disco,1,0.8061406016349792,E:\dl\mel_cache\lm3_base_v1\test\disco\disco.00021__03000ms__0010.npy
lstm,disco__disco.00021,disco,11,disco,disco,1,0.71308833360672,E:\dl\mel_cache\lm3_base_v1\test\disco\disco.00021__03000ms__0011.npy
lstm,disco__disco.00021,disco,12,disco,disco,1,0.9332592487335205,E:\dl\mel_cache\lm3_base_v1\test\disco\disco.00021__03000ms__0012.npy
lstm,disco__disco.00021,disco,13,disco,disco,1,0.9063684940338135,E:\dl\mel_cache\lm3_base_v1\test\disco\disco.00021__03000ms__0013.npy
lstm,disco__disco.00021,disco,14,disco,disco,1,0.8660415410995483,E:\dl\mel_cache\lm3_base_v1\test\disco\disco.00021__03000ms__0014.npy
lstm,disco__disco.00021,disco,15,disco,disco,1,0.7727385759353638,E:\dl\mel_cache\lm3_base_v1\test\disco\disco.00021__03000ms__0015.npy
lstm,disco__disco.00021,disco,16,disco,pop,0,0.9054396748542786,E:\dl\mel_cache\lm3_base_v1\test\disco\disco.00021__03000ms__0016.npy
lstm,disco__disco.00021,disco,17,disco,disco,1,0.6367800831794739,E:\dl\mel_cache\lm3_base_v1\test\disco\disco.00021__03000ms__0017.npy
lstm,disco__disco.00021,disco,18,disco,pop,0,0.691390335559845,E:\dl\mel_cache\lm3_base_v1\test\disco\disco.00021__03000ms__0018.npy
lstm,disco__disco.00021,disco,19,disco,pop,0,0.5861022472381592,E:\dl\mel_cache\lm3_base_v1\test\disco\disco.00021__03000ms__0019.npy
lstm,disco__disco.00030,disco,0,disco,disco,1,0.8587531447410583,E:\dl\mel_cache\lm3_base_v1\test\disco\disco.00030__03000ms__0000.npy
lstm,disco__disco.00030,disco,1,disco,disco,1,0.8293653130531311,E:\dl\mel_cache\lm3_base_v1\test\disco\disco.00030__03000ms__0001.npy
lstm,disco__disco.00030,disco,2,disco,disco,1,0.6853841543197632,E:\dl\mel_cache\lm3_base_v1\test\disco\disco.00030__03000ms__0002.npy
lstm,disco__disco.00030,disco,3,disco,disco,1,0.8073609471321106,E:\dl\mel_cache\lm3_base_v1\test\disco\disco.00030__03000ms__0003.npy
lstm,disco__disco.00030,disco,4,disco,disco,1,0.7275011539459229,E:\dl\mel_cache\lm3_base_v1\test\disco\disco.00030__03000ms__0004.npy
lstm,disco__disco.00030,disco,5,disco,rock,0,0.49792125821113586,E:\dl\mel_cache\lm3_base_v1\test\disco\disco.00030__03000ms__0005.npy
lstm,disco__disco.00030,disco,6,disco,rock,0,0.6141058802604675,E:\dl\mel_cache\lm3_base_v1\test\disco\disco.00030__03000ms__0006.npy
lstm,disco__disco.00030,disco,7,disco,rock,0,0.4506978690624237,E:\dl\mel_cache\lm3_base_v1\test\disco\disco.00030__03000ms__0007.npy
lstm,disco__disco.00030,disco,8,disco,disco,1,0.7758209109306335,E:\dl\mel_cache\lm3_base_v1\test\disco\disco.00030__03000ms__0008.npy
lstm,disco__disco.00030,disco,9,disco,disco,1,0.9075847268104553,E:\dl\mel_cache\lm3_base_v1\test\disco\disco.00030__03000ms__0009.npy
lstm,disco__disco.00030,disco,10,disco,rock,0,0.4103795289993286,E:\dl\mel_cache\lm3_base_v1\test\disco\disco.00030__03000ms__0010.npy
lstm,disco__disco.00030,disco,11,disco,rock,0,0.4978979229927063,E:\dl\mel_cache\lm3_base_v1\test\disco\disco.00030__03000ms__0011.npy
lstm,disco__disco.00030,disco,12,disco,disco,1,0.7850160598754883,E:\dl\mel_cache\lm3_base_v1\test\disco\disco.00030__03000ms__0012.npy
lstm,disco__disco.00030,disco,13,disco,disco,1,0.8224232792854309,E:\dl\mel_cache\lm3_base_v1\test\disco\disco.00030__03000ms__0013.npy
lstm,disco__disco.00030,disco,14,disco,disco,1,0.7371408939361572,E:\dl\mel_cache\lm3_base_v1\test\disco\disco.00030__03000ms__0014.npy
lstm,disco__disco.00030,disco,15,disco,disco,1,0.6897565126419067,E:\dl\mel_cache\lm3_base_v1\test\disco\disco.00030__03000ms__0015.npy
lstm,disco__disco.00030,disco,16,disco,disco,1,0.6696140170097351,E:\dl\mel_cache\lm3_base_v1\test\disco\disco.00030__03000ms__0016.npy
lstm,disco__disco.00030,disco,17,disco,rock,0,0.571316123008728,E:\dl\mel_cache\lm3_base_v1\test\disco\disco.00030__03000ms__0017.npy
lstm,disco__disco.00030,disco,18,disco,rock,0,0.47086718678474426,E:\dl\mel_cache\lm3_base_v1\test\disco\disco.00030__03000ms__0018.npy
lstm,disco__disco.00030,disco,19,disco,rock,0,0.516228973865509,E:\dl\mel_cache\lm3_base_v1\test\disco\disco.00030__03000ms__0019.npy
lstm,disco__disco.00040,disco,0,disco,disco,1,0.6826614141464233,E:\dl\mel_cache\lm3_base_v1\test\disco\disco.00040__03000ms__0000.npy
lstm,disco__disco.00040,disco,1,disco,disco,1,0.7617724537849426,E:\dl\mel_cache\lm3_base_v1\test\disco\disco.00040__03000ms__0001.npy
lstm,disco__disco.00040,disco,2,disco,disco,1,0.40464362502098083,E:\dl\mel_cache\lm3_base_v1\test\disco\disco.00040__03000ms__0002.npy
lstm,disco__disco.00040,disco,3,disco,disco,1,0.7714064717292786,E:\dl\mel_cache\lm3_base_v1\test\disco\disco.00040__03000ms__0003.npy
lstm,disco__disco.00040,disco,4,disco,disco,1,0.7177870869636536,E:\dl\mel_cache\lm3_base_v1\test\disco\disco.00040__03000ms__0004.npy
lstm,disco__disco.00040,disco,5,disco,disco,1,0.67606520652771,E:\dl\mel_cache\lm3_base_v1\test\disco\disco.00040__03000ms__0005.npy
lstm,disco__disco.00040,disco,6,disco,disco,1,0.9124323129653931,E:\dl\mel_cache\lm3_base_v1\test\disco\disco.00040__03000ms__0006.npy
lstm,disco__disco.00040,disco,7,disco,disco,1,0.8706322312355042,E:\dl\mel_cache\lm3_base_v1\test\disco\disco.00040__03000ms__0007.npy
lstm,disco__disco.00040,disco,8,disco,disco,1,0.8957486152648926,E:\dl\mel_cache\lm3_base_v1\test\disco\disco.00040__03000ms__0008.npy
lstm,disco__disco.00040,disco,9,disco,disco,1,0.9022203087806702,E:\dl\mel_cache\lm3_base_v1\test\disco\disco.00040__03000ms__0009.npy
lstm,disco__disco.00040,disco,10,disco,reggae,0,0.44862252473831177,E:\dl\mel_cache\lm3_base_v1\test\disco\disco.00040__03000ms__0010.npy
lstm,disco__disco.00040,disco,11,disco,disco,1,0.9303653836250305,E:\dl\mel_cache\lm3_base_v1\test\disco\disco.00040__03000ms__0011.npy
lstm,disco__disco.00040,disco,12,disco,disco,1,0.9423790574073792,E:\dl\mel_cache\lm3_base_v1\test\disco\disco.00040__03000ms__0012.npy
lstm,disco__disco.00040,disco,13,disco,rock,0,0.333337664604187,E:\dl\mel_cache\lm3_base_v1\test\disco\disco.00040__03000ms__0013.npy
lstm,disco__disco.00040,disco,14,disco,country,0,0.3805494010448456,E:\dl\mel_cache\lm3_base_v1\test\disco\disco.00040__03000ms__0014.npy
lstm,disco__disco.00040,disco,15,disco,disco,1,0.4956793189048767,E:\dl\mel_cache\lm3_base_v1\test\disco\disco.00040__03000ms__0015.npy
lstm,disco__disco.00040,disco,16,disco,disco,1,0.5902042388916016,E:\dl\mel_cache\lm3_base_v1\test\disco\disco.00040__03000ms__0016.npy
lstm,disco__disco.00040,disco,17,disco,disco,1,0.6631211638450623,E:\dl\mel_cache\lm3_base_v1\test\disco\disco.00040__03000ms__0017.npy
lstm,disco__disco.00040,disco,18,disco,disco,1,0.8933579325675964,E:\dl\mel_cache\lm3_base_v1\test\disco\disco.00040__03000ms__0018.npy
lstm,disco__disco.00040,disco,19,disco,disco,1,0.8951125144958496,E:\dl\mel_cache\lm3_base_v1\test\disco\disco.00040__03000ms__0019.npy
lstm,disco__disco.00044,disco,0,disco,disco,1,0.9270800948143005,E:\dl\mel_cache\lm3_base_v1\test\disco\disco.00044__03000ms__0000.npy
lstm,disco__disco.00044,disco,1,disco,disco,1,0.923093318939209,E:\dl\mel_cache\lm3_base_v1\test\disco\disco.00044__03000ms__0001.npy
lstm,disco__disco.00044,disco,2,disco,disco,1,0.9425489902496338,E:\dl\mel_cache\lm3_base_v1\test\disco\disco.00044__03000ms__0002.npy
lstm,disco__disco.00044,disco,3,disco,disco,1,0.9241792559623718,E:\dl\mel_cache\lm3_base_v1\test\disco\disco.00044__03000ms__0003.npy
lstm,disco__disco.00044,disco,4,disco,disco,1,0.9417874217033386,E:\dl\mel_cache\lm3_base_v1\test\disco\disco.00044__03000ms__0004.npy
lstm,disco__disco.00044,disco,5,disco,disco,1,0.9193922877311707,E:\dl\mel_cache\lm3_base_v1\test\disco\disco.00044__03000ms__0005.npy
lstm,disco__disco.00044,disco,6,disco,disco,1,0.8153067231178284,E:\dl\mel_cache\lm3_base_v1\test\disco\disco.00044__03000ms__0006.npy
lstm,disco__disco.00044,disco,7,disco,disco,1,0.8066949844360352,E:\dl\mel_cache\lm3_base_v1\test\disco\disco.00044__03000ms__0007.npy
lstm,disco__disco.00044,disco,8,disco,disco,1,0.7787624001502991,E:\dl\mel_cache\lm3_base_v1\test\disco\disco.00044__03000ms__0008.npy
lstm,disco__disco.00044,disco,9,disco,disco,1,0.9451496005058289,E:\dl\mel_cache\lm3_base_v1\test\disco\disco.00044__03000ms__0009.npy
lstm,disco__disco.00044,disco,10,disco,disco,1,0.9420614838600159,E:\dl\mel_cache\lm3_base_v1\test\disco\disco.00044__03000ms__0010.npy
lstm,disco__disco.00044,disco,11,disco,disco,1,0.9144498705863953,E:\dl\mel_cache\lm3_base_v1\test\disco\disco.00044__03000ms__0011.npy
lstm,disco__disco.00044,disco,12,disco,disco,1,0.8740344047546387,E:\dl\mel_cache\lm3_base_v1\test\disco\disco.00044__03000ms__0012.npy
lstm,disco__disco.00044,disco,13,disco,disco,1,0.9138674736022949,E:\dl\mel_cache\lm3_base_v1\test\disco\disco.00044__03000ms__0013.npy
lstm,disco__disco.00044,disco,14,disco,disco,1,0.8429993987083435,E:\dl\mel_cache\lm3_base_v1\test\disco\disco.00044__03000ms__0014.npy
lstm,disco__disco.00044,disco,15,disco,disco,1,0.9472570419311523,E:\dl\mel_cache\lm3_base_v1\test\disco\disco.00044__03000ms__0015.npy
lstm,disco__disco.00044,disco,16,disco,disco,1,0.9438762068748474,E:\dl\mel_cache\lm3_base_v1\test\disco\disco.00044__03000ms__0016.npy
lstm,disco__disco.00044,disco,17,disco,disco,1,0.9339598417282104,E:\dl\mel_cache\lm3_base_v1\test\disco\disco.00044__03000ms__0017.npy
lstm,disco__disco.00044,disco,18,disco,disco,1,0.8959289789199829,E:\dl\mel_cache\lm3_base_v1\test\disco\disco.00044__03000ms__0018.npy
lstm,disco__disco.00044,disco,19,disco,disco,1,0.8764452934265137,E:\dl\mel_cache\lm3_base_v1\test\disco\disco.00044__03000ms__0019.npy
lstm,disco__disco.00055,disco,0,disco,disco,1,0.9403006434440613,E:\dl\mel_cache\lm3_base_v1\test\disco\disco.00055__03000ms__0000.npy
lstm,disco__disco.00055,disco,1,disco,disco,1,0.9383548498153687,E:\dl\mel_cache\lm3_base_v1\test\disco\disco.00055__03000ms__0001.npy
lstm,disco__disco.00055,disco,2,disco,disco,1,0.9441022276878357,E:\dl\mel_cache\lm3_base_v1\test\disco\disco.00055__03000ms__0002.npy
lstm,disco__disco.00055,disco,3,disco,disco,1,0.9393129944801331,E:\dl\mel_cache\lm3_base_v1\test\disco\disco.00055__03000ms__0003.npy
lstm,disco__disco.00055,disco,4,disco,disco,1,0.9385940432548523,E:\dl\mel_cache\lm3_base_v1\test\disco\disco.00055__03000ms__0004.npy
lstm,disco__disco.00055,disco,5,disco,disco,1,0.9392756819725037,E:\dl\mel_cache\lm3_base_v1\test\disco\disco.00055__03000ms__0005.npy
lstm,disco__disco.00055,disco,6,disco,disco,1,0.9200859665870667,E:\dl\mel_cache\lm3_base_v1\test\disco\disco.00055__03000ms__0006.npy
lstm,disco__disco.00055,disco,7,disco,disco,1,0.9418292045593262,E:\dl\mel_cache\lm3_base_v1\test\disco\disco.00055__03000ms__0007.npy
lstm,disco__disco.00055,disco,8,disco,disco,1,0.9350391030311584,E:\dl\mel_cache\lm3_base_v1\test\disco\disco.00055__03000ms__0008.npy
lstm,disco__disco.00055,disco,9,disco,disco,1,0.9400933384895325,E:\dl\mel_cache\lm3_base_v1\test\disco\disco.00055__03000ms__0009.npy
lstm,disco__disco.00055,disco,10,disco,disco,1,0.941467821598053,E:\dl\mel_cache\lm3_base_v1\test\disco\disco.00055__03000ms__0010.npy
lstm,disco__disco.00055,disco,11,disco,disco,1,0.9415614008903503,E:\dl\mel_cache\lm3_base_v1\test\disco\disco.00055__03000ms__0011.npy
lstm,disco__disco.00055,disco,12,disco,disco,1,0.9416600465774536,E:\dl\mel_cache\lm3_base_v1\test\disco\disco.00055__03000ms__0012.npy
lstm,disco__disco.00055,disco,13,disco,disco,1,0.9446834921836853,E:\dl\mel_cache\lm3_base_v1\test\disco\disco.00055__03000ms__0013.npy
lstm,disco__disco.00055,disco,14,disco,disco,1,0.9401457905769348,E:\dl\mel_cache\lm3_base_v1\test\disco\disco.00055__03000ms__0014.npy
lstm,disco__disco.00055,disco,15,disco,disco,1,0.9329708814620972,E:\dl\mel_cache\lm3_base_v1\test\disco\disco.00055__03000ms__0015.npy
lstm,disco__disco.00055,disco,16,disco,disco,1,0.9378822445869446,E:\dl\mel_cache\lm3_base_v1\test\disco\disco.00055__03000ms__0016.npy
lstm,disco__disco.00055,disco,17,disco,disco,1,0.9300204515457153,E:\dl\mel_cache\lm3_base_v1\test\disco\disco.00055__03000ms__0017.npy
lstm,disco__disco.00055,disco,18,disco,disco,1,0.9384077787399292,E:\dl\mel_cache\lm3_base_v1\test\disco\disco.00055__03000ms__0018.npy
lstm,disco__disco.00055,disco,19,disco,disco,1,0.9384225606918335,E:\dl\mel_cache\lm3_base_v1\test\disco\disco.00055__03000ms__0019.npy
lstm,disco__disco.00064,disco,0,disco,disco,1,0.9235035181045532,E:\dl\mel_cache\lm3_base_v1\test\disco\disco.00064__03000ms__0000.npy
lstm,disco__disco.00064,disco,1,disco,disco,1,0.7903791069984436,E:\dl\mel_cache\lm3_base_v1\test\disco\disco.00064__03000ms__0001.npy
lstm,disco__disco.00064,disco,2,disco,disco,1,0.8064647316932678,E:\dl\mel_cache\lm3_base_v1\test\disco\disco.00064__03000ms__0002.npy
lstm,disco__disco.00064,disco,3,disco,disco,1,0.8977875113487244,E:\dl\mel_cache\lm3_base_v1\test\disco\disco.00064__03000ms__0003.npy
lstm,disco__disco.00064,disco,4,disco,disco,1,0.8529068231582642,E:\dl\mel_cache\lm3_base_v1\test\disco\disco.00064__03000ms__0004.npy
lstm,disco__disco.00064,disco,5,disco,disco,1,0.9373064637184143,E:\dl\mel_cache\lm3_base_v1\test\disco\disco.00064__03000ms__0005.npy
lstm,disco__disco.00064,disco,6,disco,disco,1,0.9233894348144531,E:\dl\mel_cache\lm3_base_v1\test\disco\disco.00064__03000ms__0006.npy
lstm,disco__disco.00064,disco,7,disco,disco,1,0.9073960781097412,E:\dl\mel_cache\lm3_base_v1\test\disco\disco.00064__03000ms__0007.npy
lstm,disco__disco.00064,disco,8,disco,disco,1,0.9370195865631104,E:\dl\mel_cache\lm3_base_v1\test\disco\disco.00064__03000ms__0008.npy
lstm,disco__disco.00064,disco,9,disco,disco,1,0.9205818772315979,E:\dl\mel_cache\lm3_base_v1\test\disco\disco.00064__03000ms__0009.npy
lstm,disco__disco.00064,disco,10,disco,disco,1,0.8895325660705566,E:\dl\mel_cache\lm3_base_v1\test\disco\disco.00064__03000ms__0010.npy
lstm,disco__disco.00064,disco,11,disco,disco,1,0.932741105556488,E:\dl\mel_cache\lm3_base_v1\test\disco\disco.00064__03000ms__0011.npy
lstm,disco__disco.00064,disco,12,disco,disco,1,0.9137662649154663,E:\dl\mel_cache\lm3_base_v1\test\disco\disco.00064__03000ms__0012.npy
lstm,disco__disco.00064,disco,13,disco,disco,1,0.9291785359382629,E:\dl\mel_cache\lm3_base_v1\test\disco\disco.00064__03000ms__0013.npy
lstm,disco__disco.00064,disco,14,disco,disco,1,0.9149752259254456,E:\dl\mel_cache\lm3_base_v1\test\disco\disco.00064__03000ms__0014.npy
lstm,disco__disco.00064,disco,15,disco,disco,1,0.8950936198234558,E:\dl\mel_cache\lm3_base_v1\test\disco\disco.00064__03000ms__0015.npy
lstm,disco__disco.00064,disco,16,disco,disco,1,0.7853733897209167,E:\dl\mel_cache\lm3_base_v1\test\disco\disco.00064__03000ms__0016.npy
lstm,disco__disco.00064,disco,17,disco,disco,1,0.683932363986969,E:\dl\mel_cache\lm3_base_v1\test\disco\disco.00064__03000ms__0017.npy
lstm,disco__disco.00064,disco,18,disco,disco,1,0.8232601284980774,E:\dl\mel_cache\lm3_base_v1\test\disco\disco.00064__03000ms__0018.npy
lstm,disco__disco.00064,disco,19,disco,disco,1,0.8226301670074463,E:\dl\mel_cache\lm3_base_v1\test\disco\disco.00064__03000ms__0019.npy
lstm,disco__disco.00075,disco,0,disco,disco,1,0.9199896454811096,E:\dl\mel_cache\lm3_base_v1\test\disco\disco.00075__03000ms__0000.npy
lstm,disco__disco.00075,disco,1,disco,disco,1,0.6435027122497559,E:\dl\mel_cache\lm3_base_v1\test\disco\disco.00075__03000ms__0001.npy
lstm,disco__disco.00075,disco,2,disco,disco,1,0.9293743371963501,E:\dl\mel_cache\lm3_base_v1\test\disco\disco.00075__03000ms__0002.npy
lstm,disco__disco.00075,disco,3,disco,disco,1,0.9167782664299011,E:\dl\mel_cache\lm3_base_v1\test\disco\disco.00075__03000ms__0003.npy
lstm,disco__disco.00075,disco,4,disco,disco,1,0.9326003789901733,E:\dl\mel_cache\lm3_base_v1\test\disco\disco.00075__03000ms__0004.npy
lstm,disco__disco.00075,disco,5,disco,disco,1,0.9282819032669067,E:\dl\mel_cache\lm3_base_v1\test\disco\disco.00075__03000ms__0005.npy
lstm,disco__disco.00075,disco,6,disco,disco,1,0.9190799593925476,E:\dl\mel_cache\lm3_base_v1\test\disco\disco.00075__03000ms__0006.npy
lstm,disco__disco.00075,disco,7,disco,disco,1,0.942453920841217,E:\dl\mel_cache\lm3_base_v1\test\disco\disco.00075__03000ms__0007.npy
lstm,disco__disco.00075,disco,8,disco,disco,1,0.9365587830543518,E:\dl\mel_cache\lm3_base_v1\test\disco\disco.00075__03000ms__0008.npy
lstm,disco__disco.00075,disco,9,disco,disco,1,0.9376810193061829,E:\dl\mel_cache\lm3_base_v1\test\disco\disco.00075__03000ms__0009.npy
lstm,disco__disco.00075,disco,10,disco,disco,1,0.9315826892852783,E:\dl\mel_cache\lm3_base_v1\test\disco\disco.00075__03000ms__0010.npy
lstm,disco__disco.00075,disco,11,disco,disco,1,0.9012315273284912,E:\dl\mel_cache\lm3_base_v1\test\disco\disco.00075__03000ms__0011.npy
lstm,disco__disco.00075,disco,12,disco,disco,1,0.9404147863388062,E:\dl\mel_cache\lm3_base_v1\test\disco\disco.00075__03000ms__0012.npy
lstm,disco__disco.00075,disco,13,disco,disco,1,0.9345906376838684,E:\dl\mel_cache\lm3_base_v1\test\disco\disco.00075__03000ms__0013.npy
lstm,disco__disco.00075,disco,14,disco,disco,1,0.9375335574150085,E:\dl\mel_cache\lm3_base_v1\test\disco\disco.00075__03000ms__0014.npy
lstm,disco__disco.00075,disco,15,disco,disco,1,0.912479043006897,E:\dl\mel_cache\lm3_base_v1\test\disco\disco.00075__03000ms__0015.npy
lstm,disco__disco.00075,disco,16,disco,disco,1,0.8622618913650513,E:\dl\mel_cache\lm3_base_v1\test\disco\disco.00075__03000ms__0016.npy
lstm,disco__disco.00075,disco,17,disco,disco,1,0.9115610718727112,E:\dl\mel_cache\lm3_base_v1\test\disco\disco.00075__03000ms__0017.npy
lstm,disco__disco.00075,disco,18,disco,disco,1,0.6939696669578552,E:\dl\mel_cache\lm3_base_v1\test\disco\disco.00075__03000ms__0018.npy
lstm,disco__disco.00075,disco,19,disco,disco,1,0.6931017637252808,E:\dl\mel_cache\lm3_base_v1\test\disco\disco.00075__03000ms__0019.npy
lstm,disco__disco.00084,disco,0,disco,disco,1,0.8976081609725952,E:\dl\mel_cache\lm3_base_v1\test\disco\disco.00084__03000ms__0000.npy
lstm,disco__disco.00084,disco,1,disco,disco,1,0.9392390847206116,E:\dl\mel_cache\lm3_base_v1\test\disco\disco.00084__03000ms__0001.npy
lstm,disco__disco.00084,disco,2,disco,disco,1,0.9186276197433472,E:\dl\mel_cache\lm3_base_v1\test\disco\disco.00084__03000ms__0002.npy
lstm,disco__disco.00084,disco,3,disco,disco,1,0.9201838970184326,E:\dl\mel_cache\lm3_base_v1\test\disco\disco.00084__03000ms__0003.npy
lstm,disco__disco.00084,disco,4,disco,disco,1,0.7877451181411743,E:\dl\mel_cache\lm3_base_v1\test\disco\disco.00084__03000ms__0004.npy
lstm,disco__disco.00084,disco,5,disco,disco,1,0.94044029712677,E:\dl\mel_cache\lm3_base_v1\test\disco\disco.00084__03000ms__0005.npy
lstm,disco__disco.00084,disco,6,disco,disco,1,0.943671464920044,E:\dl\mel_cache\lm3_base_v1\test\disco\disco.00084__03000ms__0006.npy
lstm,disco__disco.00084,disco,7,disco,disco,1,0.9374306201934814,E:\dl\mel_cache\lm3_base_v1\test\disco\disco.00084__03000ms__0007.npy
lstm,disco__disco.00084,disco,8,disco,disco,1,0.9387463331222534,E:\dl\mel_cache\lm3_base_v1\test\disco\disco.00084__03000ms__0008.npy
lstm,disco__disco.00084,disco,9,disco,disco,1,0.9412257671356201,E:\dl\mel_cache\lm3_base_v1\test\disco\disco.00084__03000ms__0009.npy
lstm,disco__disco.00084,disco,10,disco,disco,1,0.9323301911354065,E:\dl\mel_cache\lm3_base_v1\test\disco\disco.00084__03000ms__0010.npy
lstm,disco__disco.00084,disco,11,disco,disco,1,0.9130794405937195,E:\dl\mel_cache\lm3_base_v1\test\disco\disco.00084__03000ms__0011.npy
lstm,disco__disco.00084,disco,12,disco,disco,1,0.8884569406509399,E:\dl\mel_cache\lm3_base_v1\test\disco\disco.00084__03000ms__0012.npy
lstm,disco__disco.00084,disco,13,disco,disco,1,0.9244294166564941,E:\dl\mel_cache\lm3_base_v1\test\disco\disco.00084__03000ms__0013.npy
lstm,disco__disco.00084,disco,14,disco,disco,1,0.9113664627075195,E:\dl\mel_cache\lm3_base_v1\test\disco\disco.00084__03000ms__0014.npy
lstm,disco__disco.00084,disco,15,disco,disco,1,0.8575322031974792,E:\dl\mel_cache\lm3_base_v1\test\disco\disco.00084__03000ms__0015.npy
lstm,disco__disco.00084,disco,16,disco,disco,1,0.9358447194099426,E:\dl\mel_cache\lm3_base_v1\test\disco\disco.00084__03000ms__0016.npy
lstm,disco__disco.00084,disco,17,disco,disco,1,0.9167306423187256,E:\dl\mel_cache\lm3_base_v1\test\disco\disco.00084__03000ms__0017.npy
lstm,disco__disco.00084,disco,18,disco,disco,1,0.8531280755996704,E:\dl\mel_cache\lm3_base_v1\test\disco\disco.00084__03000ms__0018.npy
lstm,disco__disco.00084,disco,19,disco,disco,1,0.8504488468170166,E:\dl\mel_cache\lm3_base_v1\test\disco\disco.00084__03000ms__0019.npy
lstm,disco__disco.00093,disco,0,disco,disco,1,0.9146551489830017,E:\dl\mel_cache\lm3_base_v1\test\disco\disco.00093__03000ms__0000.npy
lstm,disco__disco.00093,disco,1,disco,disco,1,0.8898115158081055,E:\dl\mel_cache\lm3_base_v1\test\disco\disco.00093__03000ms__0001.npy
lstm,disco__disco.00093,disco,2,disco,disco,1,0.9045945405960083,E:\dl\mel_cache\lm3_base_v1\test\disco\disco.00093__03000ms__0002.npy
lstm,disco__disco.00093,disco,3,disco,disco,1,0.919633686542511,E:\dl\mel_cache\lm3_base_v1\test\disco\disco.00093__03000ms__0003.npy
lstm,disco__disco.00093,disco,4,disco,disco,1,0.6507241725921631,E:\dl\mel_cache\lm3_base_v1\test\disco\disco.00093__03000ms__0004.npy
lstm,disco__disco.00093,disco,5,disco,disco,1,0.6316474676132202,E:\dl\mel_cache\lm3_base_v1\test\disco\disco.00093__03000ms__0005.npy
lstm,disco__disco.00093,disco,6,disco,disco,1,0.8442285656929016,E:\dl\mel_cache\lm3_base_v1\test\disco\disco.00093__03000ms__0006.npy
lstm,disco__disco.00093,disco,7,disco,disco,1,0.5613012909889221,E:\dl\mel_cache\lm3_base_v1\test\disco\disco.00093__03000ms__0007.npy
lstm,disco__disco.00093,disco,8,disco,disco,1,0.8212836980819702,E:\dl\mel_cache\lm3_base_v1\test\disco\disco.00093__03000ms__0008.npy
lstm,disco__disco.00093,disco,9,disco,disco,1,0.9192295670509338,E:\dl\mel_cache\lm3_base_v1\test\disco\disco.00093__03000ms__0009.npy
lstm,disco__disco.00093,disco,10,disco,disco,1,0.8663133382797241,E:\dl\mel_cache\lm3_base_v1\test\disco\disco.00093__03000ms__0010.npy
lstm,disco__disco.00093,disco,11,disco,disco,1,0.8569521903991699,E:\dl\mel_cache\lm3_base_v1\test\disco\disco.00093__03000ms__0011.npy
lstm,disco__disco.00093,disco,12,disco,disco,1,0.6892843842506409,E:\dl\mel_cache\lm3_base_v1\test\disco\disco.00093__03000ms__0012.npy
lstm,disco__disco.00093,disco,13,disco,disco,1,0.873539924621582,E:\dl\mel_cache\lm3_base_v1\test\disco\disco.00093__03000ms__0013.npy
lstm,disco__disco.00093,disco,14,disco,disco,1,0.9014118313789368,E:\dl\mel_cache\lm3_base_v1\test\disco\disco.00093__03000ms__0014.npy
lstm,disco__disco.00093,disco,15,disco,disco,1,0.8752574324607849,E:\dl\mel_cache\lm3_base_v1\test\disco\disco.00093__03000ms__0015.npy
lstm,disco__disco.00093,disco,16,disco,disco,1,0.9057469367980957,E:\dl\mel_cache\lm3_base_v1\test\disco\disco.00093__03000ms__0016.npy
lstm,disco__disco.00093,disco,17,disco,disco,1,0.9305093884468079,E:\dl\mel_cache\lm3_base_v1\test\disco\disco.00093__03000ms__0017.npy
lstm,disco__disco.00093,disco,18,disco,disco,1,0.9097524285316467,E:\dl\mel_cache\lm3_base_v1\test\disco\disco.00093__03000ms__0018.npy
lstm,disco__disco.00093,disco,19,disco,disco,1,0.9103659391403198,E:\dl\mel_cache\lm3_base_v1\test\disco\disco.00093__03000ms__0019.npy
lstm,disco__disco.00094,disco,0,disco,disco,1,0.4216497540473938,E:\dl\mel_cache\lm3_base_v1\test\disco\disco.00094__03000ms__0000.npy
lstm,disco__disco.00094,disco,1,disco,disco,1,0.8610826730728149,E:\dl\mel_cache\lm3_base_v1\test\disco\disco.00094__03000ms__0001.npy
lstm,disco__disco.00094,disco,2,disco,disco,1,0.6371185779571533,E:\dl\mel_cache\lm3_base_v1\test\disco\disco.00094__03000ms__0002.npy
lstm,disco__disco.00094,disco,3,disco,rock,0,0.4499627947807312,E:\dl\mel_cache\lm3_base_v1\test\disco\disco.00094__03000ms__0003.npy
lstm,disco__disco.00094,disco,4,disco,metal,0,0.40705204010009766,E:\dl\mel_cache\lm3_base_v1\test\disco\disco.00094__03000ms__0004.npy
lstm,disco__disco.00094,disco,5,disco,disco,1,0.6693218350410461,E:\dl\mel_cache\lm3_base_v1\test\disco\disco.00094__03000ms__0005.npy
lstm,disco__disco.00094,disco,6,disco,disco,1,0.6422587633132935,E:\dl\mel_cache\lm3_base_v1\test\disco\disco.00094__03000ms__0006.npy
lstm,disco__disco.00094,disco,7,disco,disco,1,0.44289731979370117,E:\dl\mel_cache\lm3_base_v1\test\disco\disco.00094__03000ms__0007.npy
lstm,disco__disco.00094,disco,8,disco,metal,0,0.31197088956832886,E:\dl\mel_cache\lm3_base_v1\test\disco\disco.00094__03000ms__0008.npy
lstm,disco__disco.00094,disco,9,disco,disco,1,0.4885064363479614,E:\dl\mel_cache\lm3_base_v1\test\disco\disco.00094__03000ms__0009.npy
lstm,disco__disco.00094,disco,10,disco,reggae,0,0.40979841351509094,E:\dl\mel_cache\lm3_base_v1\test\disco\disco.00094__03000ms__0010.npy
lstm,disco__disco.00094,disco,11,disco,reggae,0,0.37285640835762024,E:\dl\mel_cache\lm3_base_v1\test\disco\disco.00094__03000ms__0011.npy
lstm,disco__disco.00094,disco,12,disco,metal,0,0.405322790145874,E:\dl\mel_cache\lm3_base_v1\test\disco\disco.00094__03000ms__0012.npy
lstm,disco__disco.00094,disco,13,disco,disco,1,0.4013976454734802,E:\dl\mel_cache\lm3_base_v1\test\disco\disco.00094__03000ms__0013.npy
lstm,disco__disco.00094,disco,14,disco,disco,1,0.3951842784881592,E:\dl\mel_cache\lm3_base_v1\test\disco\disco.00094__03000ms__0014.npy
lstm,disco__disco.00094,disco,15,disco,disco,1,0.6838266849517822,E:\dl\mel_cache\lm3_base_v1\test\disco\disco.00094__03000ms__0015.npy
lstm,disco__disco.00094,disco,16,disco,disco,1,0.31375056505203247,E:\dl\mel_cache\lm3_base_v1\test\disco\disco.00094__03000ms__0016.npy
lstm,disco__disco.00094,disco,17,disco,rock,0,0.5001872181892395,E:\dl\mel_cache\lm3_base_v1\test\disco\disco.00094__03000ms__0017.npy
lstm,disco__disco.00094,disco,18,disco,disco,1,0.8473290801048279,E:\dl\mel_cache\lm3_base_v1\test\disco\disco.00094__03000ms__0018.npy
lstm,disco__disco.00094,disco,19,disco,disco,1,0.8463755249977112,E:\dl\mel_cache\lm3_base_v1\test\disco\disco.00094__03000ms__0019.npy
lstm,disco__disco.00095,disco,0,disco,disco,1,0.9491273760795593,E:\dl\mel_cache\lm3_base_v1\test\disco\disco.00095__03000ms__0000.npy
lstm,disco__disco.00095,disco,1,disco,disco,1,0.9456935524940491,E:\dl\mel_cache\lm3_base_v1\test\disco\disco.00095__03000ms__0001.npy
lstm,disco__disco.00095,disco,2,disco,disco,1,0.9481425881385803,E:\dl\mel_cache\lm3_base_v1\test\disco\disco.00095__03000ms__0002.npy
lstm,disco__disco.00095,disco,3,disco,disco,1,0.9504470825195312,E:\dl\mel_cache\lm3_base_v1\test\disco\disco.00095__03000ms__0003.npy
lstm,disco__disco.00095,disco,4,disco,disco,1,0.9439316987991333,E:\dl\mel_cache\lm3_base_v1\test\disco\disco.00095__03000ms__0004.npy
lstm,disco__disco.00095,disco,5,disco,disco,1,0.9455198645591736,E:\dl\mel_cache\lm3_base_v1\test\disco\disco.00095__03000ms__0005.npy
lstm,disco__disco.00095,disco,6,disco,disco,1,0.9448570609092712,E:\dl\mel_cache\lm3_base_v1\test\disco\disco.00095__03000ms__0006.npy
lstm,disco__disco.00095,disco,7,disco,disco,1,0.9375954866409302,E:\dl\mel_cache\lm3_base_v1\test\disco\disco.00095__03000ms__0007.npy
lstm,disco__disco.00095,disco,8,disco,disco,1,0.9401312470436096,E:\dl\mel_cache\lm3_base_v1\test\disco\disco.00095__03000ms__0008.npy
lstm,disco__disco.00095,disco,9,disco,disco,1,0.9405500888824463,E:\dl\mel_cache\lm3_base_v1\test\disco\disco.00095__03000ms__0009.npy
lstm,disco__disco.00095,disco,10,disco,disco,1,0.9199379682540894,E:\dl\mel_cache\lm3_base_v1\test\disco\disco.00095__03000ms__0010.npy
lstm,disco__disco.00095,disco,11,disco,disco,1,0.9434112310409546,E:\dl\mel_cache\lm3_base_v1\test\disco\disco.00095__03000ms__0011.npy
lstm,disco__disco.00095,disco,12,disco,disco,1,0.9406512975692749,E:\dl\mel_cache\lm3_base_v1\test\disco\disco.00095__03000ms__0012.npy
lstm,disco__disco.00095,disco,13,disco,disco,1,0.9420164227485657,E:\dl\mel_cache\lm3_base_v1\test\disco\disco.00095__03000ms__0013.npy
lstm,disco__disco.00095,disco,14,disco,disco,1,0.9435281753540039,E:\dl\mel_cache\lm3_base_v1\test\disco\disco.00095__03000ms__0014.npy
lstm,disco__disco.00095,disco,15,disco,disco,1,0.9410565495491028,E:\dl\mel_cache\lm3_base_v1\test\disco\disco.00095__03000ms__0015.npy
lstm,disco__disco.00095,disco,16,disco,disco,1,0.9344002604484558,E:\dl\mel_cache\lm3_base_v1\test\disco\disco.00095__03000ms__0016.npy
lstm,disco__disco.00095,disco,17,disco,disco,1,0.9334192276000977,E:\dl\mel_cache\lm3_base_v1\test\disco\disco.00095__03000ms__0017.npy
lstm,disco__disco.00095,disco,18,disco,disco,1,0.8636536002159119,E:\dl\mel_cache\lm3_base_v1\test\disco\disco.00095__03000ms__0018.npy
lstm,disco__disco.00095,disco,19,disco,disco,1,0.8621582984924316,E:\dl\mel_cache\lm3_base_v1\test\disco\disco.00095__03000ms__0019.npy
lstm,hiphop__hiphop.00002,hiphop,0,hiphop,rock,0,0.7631116509437561,E:\dl\mel_cache\lm3_base_v1\test\hiphop\hiphop.00002__03000ms__0000.npy
lstm,hiphop__hiphop.00002,hiphop,1,hiphop,rock,0,0.5860407948493958,E:\dl\mel_cache\lm3_base_v1\test\hiphop\hiphop.00002__03000ms__0001.npy
lstm,hiphop__hiphop.00002,hiphop,2,hiphop,rock,0,0.6227635145187378,E:\dl\mel_cache\lm3_base_v1\test\hiphop\hiphop.00002__03000ms__0002.npy
lstm,hiphop__hiphop.00002,hiphop,3,hiphop,hiphop,1,0.9113355875015259,E:\dl\mel_cache\lm3_base_v1\test\hiphop\hiphop.00002__03000ms__0003.npy
lstm,hiphop__hiphop.00002,hiphop,4,hiphop,hiphop,1,0.8414329886436462,E:\dl\mel_cache\lm3_base_v1\test\hiphop\hiphop.00002__03000ms__0004.npy
lstm,hiphop__hiphop.00002,hiphop,5,hiphop,hiphop,1,0.8836314678192139,E:\dl\mel_cache\lm3_base_v1\test\hiphop\hiphop.00002__03000ms__0005.npy
lstm,hiphop__hiphop.00002,hiphop,6,hiphop,hiphop,1,0.9054938554763794,E:\dl\mel_cache\lm3_base_v1\test\hiphop\hiphop.00002__03000ms__0006.npy
lstm,hiphop__hiphop.00002,hiphop,7,hiphop,hiphop,1,0.8506458401679993,E:\dl\mel_cache\lm3_base_v1\test\hiphop\hiphop.00002__03000ms__0007.npy
lstm,hiphop__hiphop.00002,hiphop,8,hiphop,rock,0,0.5670457482337952,E:\dl\mel_cache\lm3_base_v1\test\hiphop\hiphop.00002__03000ms__0008.npy
lstm,hiphop__hiphop.00002,hiphop,9,hiphop,rock,0,0.7761533260345459,E:\dl\mel_cache\lm3_base_v1\test\hiphop\hiphop.00002__03000ms__0009.npy
lstm,hiphop__hiphop.00002,hiphop,10,hiphop,rock,0,0.7306087017059326,E:\dl\mel_cache\lm3_base_v1\test\hiphop\hiphop.00002__03000ms__0010.npy
lstm,hiphop__hiphop.00002,hiphop,11,hiphop,rock,0,0.852855384349823,E:\dl\mel_cache\lm3_base_v1\test\hiphop\hiphop.00002__03000ms__0011.npy
lstm,hiphop__hiphop.00002,hiphop,12,hiphop,hiphop,1,0.5383530855178833,E:\dl\mel_cache\lm3_base_v1\test\hiphop\hiphop.00002__03000ms__0012.npy
lstm,hiphop__hiphop.00002,hiphop,13,hiphop,rock,0,0.6069056987762451,E:\dl\mel_cache\lm3_base_v1\test\hiphop\hiphop.00002__03000ms__0013.npy
lstm,hiphop__hiphop.00002,hiphop,14,hiphop,rock,0,0.5954715013504028,E:\dl\mel_cache\lm3_base_v1\test\hiphop\hiphop.00002__03000ms__0014.npy
lstm,hiphop__hiphop.00002,hiphop,15,hiphop,rock,0,0.7446266412734985,E:\dl\mel_cache\lm3_base_v1\test\hiphop\hiphop.00002__03000ms__0015.npy
lstm,hiphop__hiphop.00002,hiphop,16,hiphop,rock,0,0.7134133577346802,E:\dl\mel_cache\lm3_base_v1\test\hiphop\hiphop.00002__03000ms__0016.npy
lstm,hiphop__hiphop.00002,hiphop,17,hiphop,reggae,0,0.45587149262428284,E:\dl\mel_cache\lm3_base_v1\test\hiphop\hiphop.00002__03000ms__0017.npy
lstm,hiphop__hiphop.00002,hiphop,18,hiphop,hiphop,1,0.5302823781967163,E:\dl\mel_cache\lm3_base_v1\test\hiphop\hiphop.00002__03000ms__0018.npy
lstm,hiphop__hiphop.00002,hiphop,19,hiphop,hiphop,1,0.5274304747581482,E:\dl\mel_cache\lm3_base_v1\test\hiphop\hiphop.00002__03000ms__0019.npy
lstm,hiphop__hiphop.00034,hiphop,0,hiphop,hiphop,1,0.630769670009613,E:\dl\mel_cache\lm3_base_v1\test\hiphop\hiphop.00034__03000ms__0000.npy
lstm,hiphop__hiphop.00034,hiphop,1,hiphop,hiphop,1,0.8513689637184143,E:\dl\mel_cache\lm3_base_v1\test\hiphop\hiphop.00034__03000ms__0001.npy
lstm,hiphop__hiphop.00034,hiphop,2,hiphop,hiphop,1,0.8968178033828735,E:\dl\mel_cache\lm3_base_v1\test\hiphop\hiphop.00034__03000ms__0002.npy
lstm,hiphop__hiphop.00034,hiphop,3,hiphop,hiphop,1,0.920813798904419,E:\dl\mel_cache\lm3_base_v1\test\hiphop\hiphop.00034__03000ms__0003.npy
lstm,hiphop__hiphop.00034,hiphop,4,hiphop,hiphop,1,0.8928182721138,E:\dl\mel_cache\lm3_base_v1\test\hiphop\hiphop.00034__03000ms__0004.npy
lstm,hiphop__hiphop.00034,hiphop,5,hiphop,hiphop,1,0.8384811282157898,E:\dl\mel_cache\lm3_base_v1\test\hiphop\hiphop.00034__03000ms__0005.npy
lstm,hiphop__hiphop.00034,hiphop,6,hiphop,hiphop,1,0.4529118537902832,E:\dl\mel_cache\lm3_base_v1\test\hiphop\hiphop.00034__03000ms__0006.npy
lstm,hiphop__hiphop.00034,hiphop,7,hiphop,hiphop,1,0.620354950428009,E:\dl\mel_cache\lm3_base_v1\test\hiphop\hiphop.00034__03000ms__0007.npy
lstm,hiphop__hiphop.00034,hiphop,8,hiphop,hiphop,1,0.8629388809204102,E:\dl\mel_cache\lm3_base_v1\test\hiphop\hiphop.00034__03000ms__0008.npy
lstm,hiphop__hiphop.00034,hiphop,9,hiphop,hiphop,1,0.8834442496299744,E:\dl\mel_cache\lm3_base_v1\test\hiphop\hiphop.00034__03000ms__0009.npy
lstm,hiphop__hiphop.00034,hiphop,10,hiphop,hiphop,1,0.8864063024520874,E:\dl\mel_cache\lm3_base_v1\test\hiphop\hiphop.00034__03000ms__0010.npy
lstm,hiphop__hiphop.00034,hiphop,11,hiphop,hiphop,1,0.5633697509765625,E:\dl\mel_cache\lm3_base_v1\test\hiphop\hiphop.00034__03000ms__0011.npy
lstm,hiphop__hiphop.00034,hiphop,12,hiphop,pop,0,0.5708159804344177,E:\dl\mel_cache\lm3_base_v1\test\hiphop\hiphop.00034__03000ms__0012.npy
lstm,hiphop__hiphop.00034,hiphop,13,hiphop,metal,0,0.4618420898914337,E:\dl\mel_cache\lm3_base_v1\test\hiphop\hiphop.00034__03000ms__0013.npy
lstm,hiphop__hiphop.00034,hiphop,14,hiphop,hiphop,1,0.46708205342292786,E:\dl\mel_cache\lm3_base_v1\test\hiphop\hiphop.00034__03000ms__0014.npy
lstm,hiphop__hiphop.00034,hiphop,15,hiphop,hiphop,1,0.7900674343109131,E:\dl\mel_cache\lm3_base_v1\test\hiphop\hiphop.00034__03000ms__0015.npy
lstm,hiphop__hiphop.00034,hiphop,16,hiphop,hiphop,1,0.7706341743469238,E:\dl\mel_cache\lm3_base_v1\test\hiphop\hiphop.00034__03000ms__0016.npy
lstm,hiphop__hiphop.00034,hiphop,17,hiphop,hiphop,1,0.8972190618515015,E:\dl\mel_cache\lm3_base_v1\test\hiphop\hiphop.00034__03000ms__0017.npy
lstm,hiphop__hiphop.00034,hiphop,18,hiphop,hiphop,1,0.8725694417953491,E:\dl\mel_cache\lm3_base_v1\test\hiphop\hiphop.00034__03000ms__0018.npy
lstm,hiphop__hiphop.00034,hiphop,19,hiphop,hiphop,1,0.91362464427948,E:\dl\mel_cache\lm3_base_v1\test\hiphop\hiphop.00034__03000ms__0019.npy
lstm,hiphop__hiphop.00038,hiphop,0,hiphop,country,0,0.2978561222553253,E:\dl\mel_cache\lm3_base_v1\test\hiphop\hiphop.00038__03000ms__0000.npy
lstm,hiphop__hiphop.00038,hiphop,1,hiphop,hiphop,1,0.7632163763046265,E:\dl\mel_cache\lm3_base_v1\test\hiphop\hiphop.00038__03000ms__0001.npy
lstm,hiphop__hiphop.00038,hiphop,2,hiphop,hiphop,1,0.7611044645309448,E:\dl\mel_cache\lm3_base_v1\test\hiphop\hiphop.00038__03000ms__0002.npy
lstm,hiphop__hiphop.00038,hiphop,3,hiphop,hiphop,1,0.9004741907119751,E:\dl\mel_cache\lm3_base_v1\test\hiphop\hiphop.00038__03000ms__0003.npy
lstm,hiphop__hiphop.00038,hiphop,4,hiphop,hiphop,1,0.9126065969467163,E:\dl\mel_cache\lm3_base_v1\test\hiphop\hiphop.00038__03000ms__0004.npy
lstm,hiphop__hiphop.00038,hiphop,5,hiphop,hiphop,1,0.906253457069397,E:\dl\mel_cache\lm3_base_v1\test\hiphop\hiphop.00038__03000ms__0005.npy
lstm,hiphop__hiphop.00038,hiphop,6,hiphop,hiphop,1,0.8782262206077576,E:\dl\mel_cache\lm3_base_v1\test\hiphop\hiphop.00038__03000ms__0006.npy
lstm,hiphop__hiphop.00038,hiphop,7,hiphop,hiphop,1,0.855340838432312,E:\dl\mel_cache\lm3_base_v1\test\hiphop\hiphop.00038__03000ms__0007.npy
lstm,hiphop__hiphop.00038,hiphop,8,hiphop,hiphop,1,0.8368082046508789,E:\dl\mel_cache\lm3_base_v1\test\hiphop\hiphop.00038__03000ms__0008.npy
lstm,hiphop__hiphop.00038,hiphop,9,hiphop,hiphop,1,0.7574242949485779,E:\dl\mel_cache\lm3_base_v1\test\hiphop\hiphop.00038__03000ms__0009.npy
lstm,hiphop__hiphop.00038,hiphop,10,hiphop,hiphop,1,0.7569553256034851,E:\dl\mel_cache\lm3_base_v1\test\hiphop\hiphop.00038__03000ms__0010.npy
lstm,hiphop__hiphop.00038,hiphop,11,hiphop,hiphop,1,0.5452154278755188,E:\dl\mel_cache\lm3_base_v1\test\hiphop\hiphop.00038__03000ms__0011.npy
lstm,hiphop__hiphop.00038,hiphop,12,hiphop,pop,0,0.9259465336799622,E:\dl\mel_cache\lm3_base_v1\test\hiphop\hiphop.00038__03000ms__0012.npy
lstm,hiphop__hiphop.00038,hiphop,13,hiphop,hiphop,1,0.7824224829673767,E:\dl\mel_cache\lm3_base_v1\test\hiphop\hiphop.00038__03000ms__0013.npy
lstm,hiphop__hiphop.00038,hiphop,14,hiphop,hiphop,1,0.8359784483909607,E:\dl\mel_cache\lm3_base_v1\test\hiphop\hiphop.00038__03000ms__0014.npy
lstm,hiphop__hiphop.00038,hiphop,15,hiphop,pop,0,0.9357341527938843,E:\dl\mel_cache\lm3_base_v1\test\hiphop\hiphop.00038__03000ms__0015.npy
lstm,hiphop__hiphop.00038,hiphop,16,hiphop,hiphop,1,0.8306623101234436,E:\dl\mel_cache\lm3_base_v1\test\hiphop\hiphop.00038__03000ms__0016.npy
lstm,hiphop__hiphop.00038,hiphop,17,hiphop,hiphop,1,0.8683856725692749,E:\dl\mel_cache\lm3_base_v1\test\hiphop\hiphop.00038__03000ms__0017.npy
lstm,hiphop__hiphop.00038,hiphop,18,hiphop,hiphop,1,0.8759550452232361,E:\dl\mel_cache\lm3_base_v1\test\hiphop\hiphop.00038__03000ms__0018.npy
lstm,hiphop__hiphop.00040,hiphop,0,hiphop,pop,0,0.6554381251335144,E:\dl\mel_cache\lm3_base_v1\test\hiphop\hiphop.00040__03000ms__0000.npy
lstm,hiphop__hiphop.00040,hiphop,1,hiphop,pop,0,0.8087208271026611,E:\dl\mel_cache\lm3_base_v1\test\hiphop\hiphop.00040__03000ms__0001.npy
lstm,hiphop__hiphop.00040,hiphop,2,hiphop,rock,0,0.44389477372169495,E:\dl\mel_cache\lm3_base_v1\test\hiphop\hiphop.00040__03000ms__0002.npy
lstm,hiphop__hiphop.00040,hiphop,3,hiphop,pop,0,0.604233980178833,E:\dl\mel_cache\lm3_base_v1\test\hiphop\hiphop.00040__03000ms__0003.npy
lstm,hiphop__hiphop.00040,hiphop,4,hiphop,pop,0,0.7410861253738403,E:\dl\mel_cache\lm3_base_v1\test\hiphop\hiphop.00040__03000ms__0004.npy
lstm,hiphop__hiphop.00040,hiphop,5,hiphop,pop,0,0.6461426615715027,E:\dl\mel_cache\lm3_base_v1\test\hiphop\hiphop.00040__03000ms__0005.npy
lstm,hiphop__hiphop.00040,hiphop,6,hiphop,pop,0,0.5948477983474731,E:\dl\mel_cache\lm3_base_v1\test\hiphop\hiphop.00040__03000ms__0006.npy
lstm,hiphop__hiphop.00040,hiphop,7,hiphop,pop,0,0.7063723206520081,E:\dl\mel_cache\lm3_base_v1\test\hiphop\hiphop.00040__03000ms__0007.npy
lstm,hiphop__hiphop.00040,hiphop,8,hiphop,pop,0,0.7749360799789429,E:\dl\mel_cache\lm3_base_v1\test\hiphop\hiphop.00040__03000ms__0008.npy
lstm,hiphop__hiphop.00040,hiphop,9,hiphop,pop,0,0.9391283392906189,E:\dl\mel_cache\lm3_base_v1\test\hiphop\hiphop.00040__03000ms__0009.npy
lstm,hiphop__hiphop.00040,hiphop,10,hiphop,pop,0,0.9510179758071899,E:\dl\mel_cache\lm3_base_v1\test\hiphop\hiphop.00040__03000ms__0010.npy
lstm,hiphop__hiphop.00040,hiphop,11,hiphop,pop,0,0.9468408823013306,E:\dl\mel_cache\lm3_base_v1\test\hiphop\hiphop.00040__03000ms__0011.npy
lstm,hiphop__hiphop.00040,hiphop,12,hiphop,pop,0,0.637324869632721,E:\dl\mel_cache\lm3_base_v1\test\hiphop\hiphop.00040__03000ms__0012.npy
lstm,hiphop__hiphop.00040,hiphop,13,hiphop,pop,0,0.7949363589286804,E:\dl\mel_cache\lm3_base_v1\test\hiphop\hiphop.00040__03000ms__0013.npy
lstm,hiphop__hiphop.00040,hiphop,14,hiphop,pop,0,0.924113929271698,E:\dl\mel_cache\lm3_base_v1\test\hiphop\hiphop.00040__03000ms__0014.npy
lstm,hiphop__hiphop.00040,hiphop,15,hiphop,pop,0,0.9374865293502808,E:\dl\mel_cache\lm3_base_v1\test\hiphop\hiphop.00040__03000ms__0015.npy
lstm,hiphop__hiphop.00040,hiphop,16,hiphop,pop,0,0.7623208165168762,E:\dl\mel_cache\lm3_base_v1\test\hiphop\hiphop.00040__03000ms__0016.npy
lstm,hiphop__hiphop.00040,hiphop,17,hiphop,pop,0,0.928784191608429,E:\dl\mel_cache\lm3_base_v1\test\hiphop\hiphop.00040__03000ms__0017.npy
lstm,hiphop__hiphop.00040,hiphop,18,hiphop,pop,0,0.9405871629714966,E:\dl\mel_cache\lm3_base_v1\test\hiphop\hiphop.00040__03000ms__0018.npy
lstm,hiphop__hiphop.00040,hiphop,19,hiphop,pop,0,0.9399876594543457,E:\dl\mel_cache\lm3_base_v1\test\hiphop\hiphop.00040__03000ms__0019.npy
lstm,hiphop__hiphop.00042,hiphop,0,hiphop,pop,0,0.9146182537078857,E:\dl\mel_cache\lm3_base_v1\test\hiphop\hiphop.00042__03000ms__0000.npy
lstm,hiphop__hiphop.00042,hiphop,1,hiphop,pop,0,0.858902096748352,E:\dl\mel_cache\lm3_base_v1\test\hiphop\hiphop.00042__03000ms__0001.npy
lstm,hiphop__hiphop.00042,hiphop,2,hiphop,hiphop,1,0.8921303749084473,E:\dl\mel_cache\lm3_base_v1\test\hiphop\hiphop.00042__03000ms__0002.npy
lstm,hiphop__hiphop.00042,hiphop,3,hiphop,hiphop,1,0.9262813925743103,E:\dl\mel_cache\lm3_base_v1\test\hiphop\hiphop.00042__03000ms__0003.npy
lstm,hiphop__hiphop.00042,hiphop,4,hiphop,hiphop,1,0.7561365365982056,E:\dl\mel_cache\lm3_base_v1\test\hiphop\hiphop.00042__03000ms__0004.npy
lstm,hiphop__hiphop.00042,hiphop,5,hiphop,hiphop,1,0.8621657490730286,E:\dl\mel_cache\lm3_base_v1\test\hiphop\hiphop.00042__03000ms__0005.npy
lstm,hiphop__hiphop.00042,hiphop,6,hiphop,hiphop,1,0.38881656527519226,E:\dl\mel_cache\lm3_base_v1\test\hiphop\hiphop.00042__03000ms__0006.npy
lstm,hiphop__hiphop.00042,hiphop,7,hiphop,pop,0,0.8287891149520874,E:\dl\mel_cache\lm3_base_v1\test\hiphop\hiphop.00042__03000ms__0007.npy
lstm,hiphop__hiphop.00042,hiphop,8,hiphop,hiphop,1,0.8223752975463867,E:\dl\mel_cache\lm3_base_v1\test\hiphop\hiphop.00042__03000ms__0008.npy
lstm,hiphop__hiphop.00042,hiphop,9,hiphop,hiphop,1,0.7941831350326538,E:\dl\mel_cache\lm3_base_v1\test\hiphop\hiphop.00042__03000ms__0009.npy
lstm,hiphop__hiphop.00042,hiphop,10,hiphop,pop,0,0.9286545515060425,E:\dl\mel_cache\lm3_base_v1\test\hiphop\hiphop.00042__03000ms__0010.npy
lstm,hiphop__hiphop.00042,hiphop,11,hiphop,hiphop,1,0.7917553782463074,E:\dl\mel_cache\lm3_base_v1\test\hiphop\hiphop.00042__03000ms__0011.npy
lstm,hiphop__hiphop.00042,hiphop,12,hiphop,hiphop,1,0.8919187188148499,E:\dl\mel_cache\lm3_base_v1\test\hiphop\hiphop.00042__03000ms__0012.npy
lstm,hiphop__hiphop.00042,hiphop,13,hiphop,hiphop,1,0.6509369015693665,E:\dl\mel_cache\lm3_base_v1\test\hiphop\hiphop.00042__03000ms__0013.npy
lstm,hiphop__hiphop.00042,hiphop,14,hiphop,hiphop,1,0.9263210892677307,E:\dl\mel_cache\lm3_base_v1\test\hiphop\hiphop.00042__03000ms__0014.npy
lstm,hiphop__hiphop.00042,hiphop,15,hiphop,hiphop,1,0.9024950861930847,E:\dl\mel_cache\lm3_base_v1\test\hiphop\hiphop.00042__03000ms__0015.npy
lstm,hiphop__hiphop.00042,hiphop,16,hiphop,hiphop,1,0.9422692060470581,E:\dl\mel_cache\lm3_base_v1\test\hiphop\hiphop.00042__03000ms__0016.npy
lstm,hiphop__hiphop.00042,hiphop,17,hiphop,hiphop,1,0.9244957566261292,E:\dl\mel_cache\lm3_base_v1\test\hiphop\hiphop.00042__03000ms__0017.npy
lstm,hiphop__hiphop.00042,hiphop,18,hiphop,hiphop,1,0.9404059052467346,E:\dl\mel_cache\lm3_base_v1\test\hiphop\hiphop.00042__03000ms__0018.npy
lstm,hiphop__hiphop.00042,hiphop,19,hiphop,hiphop,1,0.9317413568496704,E:\dl\mel_cache\lm3_base_v1\test\hiphop\hiphop.00042__03000ms__0019.npy
lstm,hiphop__hiphop.00044,hiphop,0,hiphop,hiphop,1,0.9336121678352356,E:\dl\mel_cache\lm3_base_v1\test\hiphop\hiphop.00044__03000ms__0000.npy
lstm,hiphop__hiphop.00044,hiphop,1,hiphop,hiphop,1,0.8850411176681519,E:\dl\mel_cache\lm3_base_v1\test\hiphop\hiphop.00044__03000ms__0001.npy
lstm,hiphop__hiphop.00044,hiphop,2,hiphop,hiphop,1,0.9019894003868103,E:\dl\mel_cache\lm3_base_v1\test\hiphop\hiphop.00044__03000ms__0002.npy
lstm,hiphop__hiphop.00044,hiphop,3,hiphop,hiphop,1,0.9181852340698242,E:\dl\mel_cache\lm3_base_v1\test\hiphop\hiphop.00044__03000ms__0003.npy
lstm,hiphop__hiphop.00044,hiphop,4,hiphop,pop,0,0.5783181190490723,E:\dl\mel_cache\lm3_base_v1\test\hiphop\hiphop.00044__03000ms__0004.npy
lstm,hiphop__hiphop.00044,hiphop,5,hiphop,rock,0,0.6324458718299866,E:\dl\mel_cache\lm3_base_v1\test\hiphop\hiphop.00044__03000ms__0005.npy
lstm,hiphop__hiphop.00044,hiphop,6,hiphop,pop,0,0.7475099563598633,E:\dl\mel_cache\lm3_base_v1\test\hiphop\hiphop.00044__03000ms__0006.npy
lstm,hiphop__hiphop.00044,hiphop,7,hiphop,pop,0,0.7829397916793823,E:\dl\mel_cache\lm3_base_v1\test\hiphop\hiphop.00044__03000ms__0007.npy
lstm,hiphop__hiphop.00044,hiphop,8,hiphop,country,0,0.7244411110877991,E:\dl\mel_cache\lm3_base_v1\test\hiphop\hiphop.00044__03000ms__0008.npy
lstm,hiphop__hiphop.00044,hiphop,9,hiphop,country,0,0.5305129289627075,E:\dl\mel_cache\lm3_base_v1\test\hiphop\hiphop.00044__03000ms__0009.npy
lstm,hiphop__hiphop.00044,hiphop,10,hiphop,rock,0,0.5646060109138489,E:\dl\mel_cache\lm3_base_v1\test\hiphop\hiphop.00044__03000ms__0010.npy
lstm,hiphop__hiphop.00044,hiphop,11,hiphop,rock,0,0.4413752257823944,E:\dl\mel_cache\lm3_base_v1\test\hiphop\hiphop.00044__03000ms__0011.npy
lstm,hiphop__hiphop.00044,hiphop,12,hiphop,rock,0,0.5802348852157593,E:\dl\mel_cache\lm3_base_v1\test\hiphop\hiphop.00044__03000ms__0012.npy
lstm,hiphop__hiphop.00044,hiphop,13,hiphop,rock,0,0.36418840289115906,E:\dl\mel_cache\lm3_base_v1\test\hiphop\hiphop.00044__03000ms__0013.npy
lstm,hiphop__hiphop.00044,hiphop,14,hiphop,rock,0,0.591424822807312,E:\dl\mel_cache\lm3_base_v1\test\hiphop\hiphop.00044__03000ms__0014.npy
lstm,hiphop__hiphop.00044,hiphop,15,hiphop,rock,0,0.8303260207176208,E:\dl\mel_cache\lm3_base_v1\test\hiphop\hiphop.00044__03000ms__0015.npy
lstm,hiphop__hiphop.00044,hiphop,16,hiphop,rock,0,0.8690117001533508,E:\dl\mel_cache\lm3_base_v1\test\hiphop\hiphop.00044__03000ms__0016.npy
lstm,hiphop__hiphop.00044,hiphop,17,hiphop,rock,0,0.4208400547504425,E:\dl\mel_cache\lm3_base_v1\test\hiphop\hiphop.00044__03000ms__0017.npy
lstm,hiphop__hiphop.00044,hiphop,18,hiphop,hiphop,1,0.805585503578186,E:\dl\mel_cache\lm3_base_v1\test\hiphop\hiphop.00044__03000ms__0018.npy
lstm,hiphop__hiphop.00044,hiphop,19,hiphop,hiphop,1,0.8103533983230591,E:\dl\mel_cache\lm3_base_v1\test\hiphop\hiphop.00044__03000ms__0019.npy
lstm,hiphop__hiphop.00053,hiphop,0,hiphop,pop,0,0.759400486946106,E:\dl\mel_cache\lm3_base_v1\test\hiphop\hiphop.00053__03000ms__0000.npy
lstm,hiphop__hiphop.00053,hiphop,1,hiphop,pop,0,0.9089558124542236,E:\dl\mel_cache\lm3_base_v1\test\hiphop\hiphop.00053__03000ms__0001.npy
lstm,hiphop__hiphop.00053,hiphop,2,hiphop,pop,0,0.8621888756752014,E:\dl\mel_cache\lm3_base_v1\test\hiphop\hiphop.00053__03000ms__0002.npy
lstm,hiphop__hiphop.00053,hiphop,3,hiphop,pop,0,0.829129695892334,E:\dl\mel_cache\lm3_base_v1\test\hiphop\hiphop.00053__03000ms__0003.npy
lstm,hiphop__hiphop.00053,hiphop,4,hiphop,pop,0,0.917605996131897,E:\dl\mel_cache\lm3_base_v1\test\hiphop\hiphop.00053__03000ms__0004.npy
lstm,hiphop__hiphop.00053,hiphop,5,hiphop,pop,0,0.9310269951820374,E:\dl\mel_cache\lm3_base_v1\test\hiphop\hiphop.00053__03000ms__0005.npy
lstm,hiphop__hiphop.00053,hiphop,6,hiphop,pop,0,0.8772175908088684,E:\dl\mel_cache\lm3_base_v1\test\hiphop\hiphop.00053__03000ms__0006.npy
lstm,hiphop__hiphop.00053,hiphop,7,hiphop,pop,0,0.6737654805183411,E:\dl\mel_cache\lm3_base_v1\test\hiphop\hiphop.00053__03000ms__0007.npy
lstm,hiphop__hiphop.00053,hiphop,8,hiphop,pop,0,0.5187962651252747,E:\dl\mel_cache\lm3_base_v1\test\hiphop\hiphop.00053__03000ms__0008.npy
lstm,hiphop__hiphop.00053,hiphop,9,hiphop,hiphop,1,0.47683006525039673,E:\dl\mel_cache\lm3_base_v1\test\hiphop\hiphop.00053__03000ms__0009.npy
lstm,hiphop__hiphop.00053,hiphop,10,hiphop,hiphop,1,0.8885929584503174,E:\dl\mel_cache\lm3_base_v1\test\hiphop\hiphop.00053__03000ms__0010.npy
lstm,hiphop__hiphop.00053,hiphop,11,hiphop,hiphop,1,0.9021291732788086,E:\dl\mel_cache\lm3_base_v1\test\hiphop\hiphop.00053__03000ms__0011.npy
lstm,hiphop__hiphop.00053,hiphop,12,hiphop,hiphop,1,0.9253342151641846,E:\dl\mel_cache\lm3_base_v1\test\hiphop\hiphop.00053__03000ms__0012.npy
lstm,hiphop__hiphop.00053,hiphop,13,hiphop,hiphop,1,0.6020160913467407,E:\dl\mel_cache\lm3_base_v1\test\hiphop\hiphop.00053__03000ms__0013.npy
lstm,hiphop__hiphop.00053,hiphop,14,hiphop,hiphop,1,0.6620801091194153,E:\dl\mel_cache\lm3_base_v1\test\hiphop\hiphop.00053__03000ms__0014.npy
lstm,hiphop__hiphop.00053,hiphop,15,hiphop,hiphop,1,0.8604928255081177,E:\dl\mel_cache\lm3_base_v1\test\hiphop\hiphop.00053__03000ms__0015.npy
lstm,hiphop__hiphop.00053,hiphop,16,hiphop,hiphop,1,0.6476075053215027,E:\dl\mel_cache\lm3_base_v1\test\hiphop\hiphop.00053__03000ms__0016.npy
lstm,hiphop__hiphop.00053,hiphop,17,hiphop,hiphop,1,0.9144381880760193,E:\dl\mel_cache\lm3_base_v1\test\hiphop\hiphop.00053__03000ms__0017.npy
lstm,hiphop__hiphop.00053,hiphop,18,hiphop,hiphop,1,0.8699507713317871,E:\dl\mel_cache\lm3_base_v1\test\hiphop\hiphop.00053__03000ms__0018.npy
lstm,hiphop__hiphop.00053,hiphop,19,hiphop,hiphop,1,0.8578998446464539,E:\dl\mel_cache\lm3_base_v1\test\hiphop\hiphop.00053__03000ms__0019.npy
lstm,hiphop__hiphop.00076,hiphop,0,hiphop,hiphop,1,0.946245551109314,E:\dl\mel_cache\lm3_base_v1\test\hiphop\hiphop.00076__03000ms__0000.npy
lstm,hiphop__hiphop.00076,hiphop,1,hiphop,hiphop,1,0.9466013312339783,E:\dl\mel_cache\lm3_base_v1\test\hiphop\hiphop.00076__03000ms__0001.npy
lstm,hiphop__hiphop.00076,hiphop,2,hiphop,hiphop,1,0.9460884928703308,E:\dl\mel_cache\lm3_base_v1\test\hiphop\hiphop.00076__03000ms__0002.npy
lstm,hiphop__hiphop.00076,hiphop,3,hiphop,hiphop,1,0.947280764579773,E:\dl\mel_cache\lm3_base_v1\test\hiphop\hiphop.00076__03000ms__0003.npy
lstm,hiphop__hiphop.00076,hiphop,4,hiphop,hiphop,1,0.9174090027809143,E:\dl\mel_cache\lm3_base_v1\test\hiphop\hiphop.00076__03000ms__0004.npy
lstm,hiphop__hiphop.00076,hiphop,5,hiphop,hiphop,1,0.9495158791542053,E:\dl\mel_cache\lm3_base_v1\test\hiphop\hiphop.00076__03000ms__0005.npy
lstm,hiphop__hiphop.00076,hiphop,6,hiphop,hiphop,1,0.9465842843055725,E:\dl\mel_cache\lm3_base_v1\test\hiphop\hiphop.00076__03000ms__0006.npy
lstm,hiphop__hiphop.00076,hiphop,7,hiphop,hiphop,1,0.9279739260673523,E:\dl\mel_cache\lm3_base_v1\test\hiphop\hiphop.00076__03000ms__0007.npy
lstm,hiphop__hiphop.00076,hiphop,8,hiphop,hiphop,1,0.9414258599281311,E:\dl\mel_cache\lm3_base_v1\test\hiphop\hiphop.00076__03000ms__0008.npy
lstm,hiphop__hiphop.00076,hiphop,9,hiphop,hiphop,1,0.9499012231826782,E:\dl\mel_cache\lm3_base_v1\test\hiphop\hiphop.00076__03000ms__0009.npy
lstm,hiphop__hiphop.00076,hiphop,10,hiphop,hiphop,1,0.9428380131721497,E:\dl\mel_cache\lm3_base_v1\test\hiphop\hiphop.00076__03000ms__0010.npy
lstm,hiphop__hiphop.00076,hiphop,11,hiphop,hiphop,1,0.9447851777076721,E:\dl\mel_cache\lm3_base_v1\test\hiphop\hiphop.00076__03000ms__0011.npy
lstm,hiphop__hiphop.00076,hiphop,12,hiphop,hiphop,1,0.9492720365524292,E:\dl\mel_cache\lm3_base_v1\test\hiphop\hiphop.00076__03000ms__0012.npy
lstm,hiphop__hiphop.00076,hiphop,13,hiphop,hiphop,1,0.9434815049171448,E:\dl\mel_cache\lm3_base_v1\test\hiphop\hiphop.00076__03000ms__0013.npy
lstm,hiphop__hiphop.00076,hiphop,14,hiphop,hiphop,1,0.8618151545524597,E:\dl\mel_cache\lm3_base_v1\test\hiphop\hiphop.00076__03000ms__0014.npy
lstm,hiphop__hiphop.00076,hiphop,15,hiphop,hiphop,1,0.8943383097648621,E:\dl\mel_cache\lm3_base_v1\test\hiphop\hiphop.00076__03000ms__0015.npy
lstm,hiphop__hiphop.00076,hiphop,16,hiphop,pop,0,0.5454957485198975,E:\dl\mel_cache\lm3_base_v1\test\hiphop\hiphop.00076__03000ms__0016.npy
lstm,hiphop__hiphop.00076,hiphop,17,hiphop,hiphop,1,0.9318689703941345,E:\dl\mel_cache\lm3_base_v1\test\hiphop\hiphop.00076__03000ms__0017.npy
lstm,hiphop__hiphop.00076,hiphop,18,hiphop,hiphop,1,0.8304226994514465,E:\dl\mel_cache\lm3_base_v1\test\hiphop\hiphop.00076__03000ms__0018.npy
lstm,hiphop__hiphop.00076,hiphop,19,hiphop,hiphop,1,0.8337144255638123,E:\dl\mel_cache\lm3_base_v1\test\hiphop\hiphop.00076__03000ms__0019.npy
lstm,hiphop__hiphop.00079,hiphop,0,hiphop,pop,0,0.941403865814209,E:\dl\mel_cache\lm3_base_v1\test\hiphop\hiphop.00079__03000ms__0000.npy
lstm,hiphop__hiphop.00079,hiphop,1,hiphop,pop,0,0.8977035880088806,E:\dl\mel_cache\lm3_base_v1\test\hiphop\hiphop.00079__03000ms__0001.npy
lstm,hiphop__hiphop.00079,hiphop,2,hiphop,pop,0,0.9376493692398071,E:\dl\mel_cache\lm3_base_v1\test\hiphop\hiphop.00079__03000ms__0002.npy
lstm,hiphop__hiphop.00079,hiphop,3,hiphop,pop,0,0.9428033828735352,E:\dl\mel_cache\lm3_base_v1\test\hiphop\hiphop.00079__03000ms__0003.npy
lstm,hiphop__hiphop.00079,hiphop,4,hiphop,pop,0,0.9060840010643005,E:\dl\mel_cache\lm3_base_v1\test\hiphop\hiphop.00079__03000ms__0004.npy
lstm,hiphop__hiphop.00079,hiphop,5,hiphop,pop,0,0.915847897529602,E:\dl\mel_cache\lm3_base_v1\test\hiphop\hiphop.00079__03000ms__0005.npy
lstm,hiphop__hiphop.00079,hiphop,6,hiphop,pop,0,0.916986882686615,E:\dl\mel_cache\lm3_base_v1\test\hiphop\hiphop.00079__03000ms__0006.npy
lstm,hiphop__hiphop.00079,hiphop,7,hiphop,pop,0,0.8774806261062622,E:\dl\mel_cache\lm3_base_v1\test\hiphop\hiphop.00079__03000ms__0007.npy
lstm,hiphop__hiphop.00079,hiphop,8,hiphop,pop,0,0.9190257787704468,E:\dl\mel_cache\lm3_base_v1\test\hiphop\hiphop.00079__03000ms__0008.npy
lstm,hiphop__hiphop.00079,hiphop,9,hiphop,pop,0,0.942578136920929,E:\dl\mel_cache\lm3_base_v1\test\hiphop\hiphop.00079__03000ms__0009.npy
lstm,hiphop__hiphop.00079,hiphop,10,hiphop,pop,0,0.9343375563621521,E:\dl\mel_cache\lm3_base_v1\test\hiphop\hiphop.00079__03000ms__0010.npy
lstm,hiphop__hiphop.00079,hiphop,11,hiphop,pop,0,0.9150686264038086,E:\dl\mel_cache\lm3_base_v1\test\hiphop\hiphop.00079__03000ms__0011.npy
lstm,hiphop__hiphop.00079,hiphop,12,hiphop,pop,0,0.9442974925041199,E:\dl\mel_cache\lm3_base_v1\test\hiphop\hiphop.00079__03000ms__0012.npy
lstm,hiphop__hiphop.00079,hiphop,13,hiphop,pop,0,0.9436621069908142,E:\dl\mel_cache\lm3_base_v1\test\hiphop\hiphop.00079__03000ms__0013.npy
lstm,hiphop__hiphop.00079,hiphop,14,hiphop,pop,0,0.9369009137153625,E:\dl\mel_cache\lm3_base_v1\test\hiphop\hiphop.00079__03000ms__0014.npy
lstm,hiphop__hiphop.00079,hiphop,15,hiphop,pop,0,0.9437922835350037,E:\dl\mel_cache\lm3_base_v1\test\hiphop\hiphop.00079__03000ms__0015.npy
lstm,hiphop__hiphop.00079,hiphop,16,hiphop,pop,0,0.9442080855369568,E:\dl\mel_cache\lm3_base_v1\test\hiphop\hiphop.00079__03000ms__0016.npy
lstm,hiphop__hiphop.00079,hiphop,17,hiphop,pop,0,0.9197515845298767,E:\dl\mel_cache\lm3_base_v1\test\hiphop\hiphop.00079__03000ms__0017.npy
lstm,hiphop__hiphop.00079,hiphop,18,hiphop,pop,0,0.9313167333602905,E:\dl\mel_cache\lm3_base_v1\test\hiphop\hiphop.00079__03000ms__0018.npy
lstm,hiphop__hiphop.00079,hiphop,19,hiphop,pop,0,0.931230902671814,E:\dl\mel_cache\lm3_base_v1\test\hiphop\hiphop.00079__03000ms__0019.npy
lstm,hiphop__hiphop.00082,hiphop,0,hiphop,hiphop,1,0.9045698642730713,E:\dl\mel_cache\lm3_base_v1\test\hiphop\hiphop.00082__03000ms__0000.npy
lstm,hiphop__hiphop.00082,hiphop,1,hiphop,hiphop,1,0.9243501424789429,E:\dl\mel_cache\lm3_base_v1\test\hiphop\hiphop.00082__03000ms__0001.npy
lstm,hiphop__hiphop.00082,hiphop,2,hiphop,hiphop,1,0.9136418104171753,E:\dl\mel_cache\lm3_base_v1\test\hiphop\hiphop.00082__03000ms__0002.npy
lstm,hiphop__hiphop.00082,hiphop,3,hiphop,hiphop,1,0.9074639678001404,E:\dl\mel_cache\lm3_base_v1\test\hiphop\hiphop.00082__03000ms__0003.npy
lstm,hiphop__hiphop.00082,hiphop,4,hiphop,hiphop,1,0.8752005100250244,E:\dl\mel_cache\lm3_base_v1\test\hiphop\hiphop.00082__03000ms__0004.npy
lstm,hiphop__hiphop.00082,hiphop,5,hiphop,hiphop,1,0.7906665802001953,E:\dl\mel_cache\lm3_base_v1\test\hiphop\hiphop.00082__03000ms__0005.npy
lstm,hiphop__hiphop.00082,hiphop,6,hiphop,hiphop,1,0.9214171767234802,E:\dl\mel_cache\lm3_base_v1\test\hiphop\hiphop.00082__03000ms__0006.npy
lstm,hiphop__hiphop.00082,hiphop,7,hiphop,hiphop,1,0.9350091218948364,E:\dl\mel_cache\lm3_base_v1\test\hiphop\hiphop.00082__03000ms__0007.npy
lstm,hiphop__hiphop.00082,hiphop,8,hiphop,hiphop,1,0.9358232021331787,E:\dl\mel_cache\lm3_base_v1\test\hiphop\hiphop.00082__03000ms__0008.npy
lstm,hiphop__hiphop.00082,hiphop,9,hiphop,hiphop,1,0.9318782687187195,E:\dl\mel_cache\lm3_base_v1\test\hiphop\hiphop.00082__03000ms__0009.npy
lstm,hiphop__hiphop.00082,hiphop,10,hiphop,hiphop,1,0.7711803317070007,E:\dl\mel_cache\lm3_base_v1\test\hiphop\hiphop.00082__03000ms__0010.npy
lstm,hiphop__hiphop.00082,hiphop,11,hiphop,hiphop,1,0.7225448489189148,E:\dl\mel_cache\lm3_base_v1\test\hiphop\hiphop.00082__03000ms__0011.npy
lstm,hiphop__hiphop.00082,hiphop,12,hiphop,hiphop,1,0.6742310523986816,E:\dl\mel_cache\lm3_base_v1\test\hiphop\hiphop.00082__03000ms__0012.npy
lstm,hiphop__hiphop.00082,hiphop,13,hiphop,hiphop,1,0.5039657950401306,E:\dl\mel_cache\lm3_base_v1\test\hiphop\hiphop.00082__03000ms__0013.npy
lstm,hiphop__hiphop.00082,hiphop,14,hiphop,hiphop,1,0.6268290281295776,E:\dl\mel_cache\lm3_base_v1\test\hiphop\hiphop.00082__03000ms__0014.npy
lstm,hiphop__hiphop.00082,hiphop,15,hiphop,hiphop,1,0.7628607749938965,E:\dl\mel_cache\lm3_base_v1\test\hiphop\hiphop.00082__03000ms__0015.npy
lstm,hiphop__hiphop.00082,hiphop,16,hiphop,hiphop,1,0.862140953540802,E:\dl\mel_cache\lm3_base_v1\test\hiphop\hiphop.00082__03000ms__0016.npy
lstm,hiphop__hiphop.00082,hiphop,17,hiphop,hiphop,1,0.9241735935211182,E:\dl\mel_cache\lm3_base_v1\test\hiphop\hiphop.00082__03000ms__0017.npy
lstm,hiphop__hiphop.00082,hiphop,18,hiphop,hiphop,1,0.9257856607437134,E:\dl\mel_cache\lm3_base_v1\test\hiphop\hiphop.00082__03000ms__0018.npy
lstm,hiphop__hiphop.00082,hiphop,19,hiphop,hiphop,1,0.9292725324630737,E:\dl\mel_cache\lm3_base_v1\test\hiphop\hiphop.00082__03000ms__0019.npy
lstm,hiphop__hiphop.00087,hiphop,0,hiphop,hiphop,1,0.8046622276306152,E:\dl\mel_cache\lm3_base_v1\test\hiphop\hiphop.00087__03000ms__0000.npy
lstm,hiphop__hiphop.00087,hiphop,1,hiphop,hiphop,1,0.7608491778373718,E:\dl\mel_cache\lm3_base_v1\test\hiphop\hiphop.00087__03000ms__0001.npy
lstm,hiphop__hiphop.00087,hiphop,2,hiphop,hiphop,1,0.8404040932655334,E:\dl\mel_cache\lm3_base_v1\test\hiphop\hiphop.00087__03000ms__0002.npy
lstm,hiphop__hiphop.00087,hiphop,3,hiphop,hiphop,1,0.8870687484741211,E:\dl\mel_cache\lm3_base_v1\test\hiphop\hiphop.00087__03000ms__0003.npy
lstm,hiphop__hiphop.00087,hiphop,4,hiphop,hiphop,1,0.832137942314148,E:\dl\mel_cache\lm3_base_v1\test\hiphop\hiphop.00087__03000ms__0004.npy
lstm,hiphop__hiphop.00087,hiphop,5,hiphop,hiphop,1,0.8632293939590454,E:\dl\mel_cache\lm3_base_v1\test\hiphop\hiphop.00087__03000ms__0005.npy
lstm,hiphop__hiphop.00087,hiphop,6,hiphop,hiphop,1,0.8896387219429016,E:\dl\mel_cache\lm3_base_v1\test\hiphop\hiphop.00087__03000ms__0006.npy
lstm,hiphop__hiphop.00087,hiphop,7,hiphop,hiphop,1,0.8547351956367493,E:\dl\mel_cache\lm3_base_v1\test\hiphop\hiphop.00087__03000ms__0007.npy
lstm,hiphop__hiphop.00087,hiphop,8,hiphop,hiphop,1,0.8036706447601318,E:\dl\mel_cache\lm3_base_v1\test\hiphop\hiphop.00087__03000ms__0008.npy
lstm,hiphop__hiphop.00087,hiphop,9,hiphop,hiphop,1,0.8717189431190491,E:\dl\mel_cache\lm3_base_v1\test\hiphop\hiphop.00087__03000ms__0009.npy
lstm,hiphop__hiphop.00087,hiphop,10,hiphop,hiphop,1,0.7451562881469727,E:\dl\mel_cache\lm3_base_v1\test\hiphop\hiphop.00087__03000ms__0010.npy
lstm,hiphop__hiphop.00087,hiphop,11,hiphop,disco,0,0.5317642688751221,E:\dl\mel_cache\lm3_base_v1\test\hiphop\hiphop.00087__03000ms__0011.npy
lstm,hiphop__hiphop.00087,hiphop,12,hiphop,disco,0,0.4601067304611206,E:\dl\mel_cache\lm3_base_v1\test\hiphop\hiphop.00087__03000ms__0012.npy
lstm,hiphop__hiphop.00087,hiphop,13,hiphop,disco,0,0.5938977003097534,E:\dl\mel_cache\lm3_base_v1\test\hiphop\hiphop.00087__03000ms__0013.npy
lstm,hiphop__hiphop.00087,hiphop,14,hiphop,disco,0,0.7838485836982727,E:\dl\mel_cache\lm3_base_v1\test\hiphop\hiphop.00087__03000ms__0014.npy
lstm,hiphop__hiphop.00087,hiphop,15,hiphop,disco,0,0.8767827153205872,E:\dl\mel_cache\lm3_base_v1\test\hiphop\hiphop.00087__03000ms__0015.npy
lstm,hiphop__hiphop.00087,hiphop,16,hiphop,disco,0,0.6273301839828491,E:\dl\mel_cache\lm3_base_v1\test\hiphop\hiphop.00087__03000ms__0016.npy
lstm,hiphop__hiphop.00087,hiphop,17,hiphop,disco,0,0.4779422879219055,E:\dl\mel_cache\lm3_base_v1\test\hiphop\hiphop.00087__03000ms__0017.npy
lstm,hiphop__hiphop.00087,hiphop,18,hiphop,disco,0,0.4758428633213043,E:\dl\mel_cache\lm3_base_v1\test\hiphop\hiphop.00087__03000ms__0018.npy
lstm,hiphop__hiphop.00087,hiphop,19,hiphop,disco,0,0.7125067710876465,E:\dl\mel_cache\lm3_base_v1\test\hiphop\hiphop.00087__03000ms__0019.npy
lstm,hiphop__hiphop.00089,hiphop,0,hiphop,hiphop,1,0.7908676266670227,E:\dl\mel_cache\lm3_base_v1\test\hiphop\hiphop.00089__03000ms__0000.npy
lstm,hiphop__hiphop.00089,hiphop,1,hiphop,hiphop,1,0.57588791847229,E:\dl\mel_cache\lm3_base_v1\test\hiphop\hiphop.00089__03000ms__0001.npy
lstm,hiphop__hiphop.00089,hiphop,2,hiphop,disco,0,0.48107513785362244,E:\dl\mel_cache\lm3_base_v1\test\hiphop\hiphop.00089__03000ms__0002.npy
lstm,hiphop__hiphop.00089,hiphop,3,hiphop,hiphop,1,0.8883535265922546,E:\dl\mel_cache\lm3_base_v1\test\hiphop\hiphop.00089__03000ms__0003.npy
lstm,hiphop__hiphop.00089,hiphop,4,hiphop,hiphop,1,0.9082649350166321,E:\dl\mel_cache\lm3_base_v1\test\hiphop\hiphop.00089__03000ms__0004.npy
lstm,hiphop__hiphop.00089,hiphop,5,hiphop,hiphop,1,0.9104814529418945,E:\dl\mel_cache\lm3_base_v1\test\hiphop\hiphop.00089__03000ms__0005.npy
lstm,hiphop__hiphop.00089,hiphop,6,hiphop,hiphop,1,0.8626108765602112,E:\dl\mel_cache\lm3_base_v1\test\hiphop\hiphop.00089__03000ms__0006.npy
lstm,hiphop__hiphop.00089,hiphop,7,hiphop,hiphop,1,0.9263782501220703,E:\dl\mel_cache\lm3_base_v1\test\hiphop\hiphop.00089__03000ms__0007.npy
lstm,hiphop__hiphop.00089,hiphop,8,hiphop,hiphop,1,0.6031073927879333,E:\dl\mel_cache\lm3_base_v1\test\hiphop\hiphop.00089__03000ms__0008.npy
lstm,hiphop__hiphop.00089,hiphop,9,hiphop,hiphop,1,0.7237261533737183,E:\dl\mel_cache\lm3_base_v1\test\hiphop\hiphop.00089__03000ms__0009.npy
lstm,hiphop__hiphop.00089,hiphop,10,hiphop,hiphop,1,0.9206627011299133,E:\dl\mel_cache\lm3_base_v1\test\hiphop\hiphop.00089__03000ms__0010.npy
lstm,hiphop__hiphop.00089,hiphop,11,hiphop,hiphop,1,0.8394365906715393,E:\dl\mel_cache\lm3_base_v1\test\hiphop\hiphop.00089__03000ms__0011.npy
lstm,hiphop__hiphop.00089,hiphop,12,hiphop,hiphop,1,0.6877201199531555,E:\dl\mel_cache\lm3_base_v1\test\hiphop\hiphop.00089__03000ms__0012.npy
lstm,hiphop__hiphop.00089,hiphop,13,hiphop,hiphop,1,0.8809871673583984,E:\dl\mel_cache\lm3_base_v1\test\hiphop\hiphop.00089__03000ms__0013.npy
lstm,hiphop__hiphop.00089,hiphop,14,hiphop,hiphop,1,0.8809088468551636,E:\dl\mel_cache\lm3_base_v1\test\hiphop\hiphop.00089__03000ms__0014.npy
lstm,hiphop__hiphop.00089,hiphop,15,hiphop,hiphop,1,0.7014996409416199,E:\dl\mel_cache\lm3_base_v1\test\hiphop\hiphop.00089__03000ms__0015.npy
lstm,hiphop__hiphop.00089,hiphop,16,hiphop,hiphop,1,0.6849588751792908,E:\dl\mel_cache\lm3_base_v1\test\hiphop\hiphop.00089__03000ms__0016.npy
lstm,hiphop__hiphop.00089,hiphop,17,hiphop,hiphop,1,0.6861394643783569,E:\dl\mel_cache\lm3_base_v1\test\hiphop\hiphop.00089__03000ms__0017.npy
lstm,hiphop__hiphop.00089,hiphop,18,hiphop,hiphop,1,0.5670520663261414,E:\dl\mel_cache\lm3_base_v1\test\hiphop\hiphop.00089__03000ms__0018.npy
lstm,hiphop__hiphop.00089,hiphop,19,hiphop,hiphop,1,0.5809614658355713,E:\dl\mel_cache\lm3_base_v1\test\hiphop\hiphop.00089__03000ms__0019.npy
lstm,hiphop__hiphop.00093,hiphop,0,hiphop,hiphop,1,0.699336588382721,E:\dl\mel_cache\lm3_base_v1\test\hiphop\hiphop.00093__03000ms__0000.npy
lstm,hiphop__hiphop.00093,hiphop,1,hiphop,hiphop,1,0.732346773147583,E:\dl\mel_cache\lm3_base_v1\test\hiphop\hiphop.00093__03000ms__0001.npy
lstm,hiphop__hiphop.00093,hiphop,2,hiphop,hiphop,1,0.6362751722335815,E:\dl\mel_cache\lm3_base_v1\test\hiphop\hiphop.00093__03000ms__0002.npy
lstm,hiphop__hiphop.00093,hiphop,3,hiphop,hiphop,1,0.842063844203949,E:\dl\mel_cache\lm3_base_v1\test\hiphop\hiphop.00093__03000ms__0003.npy
lstm,hiphop__hiphop.00093,hiphop,4,hiphop,metal,0,0.4881102442741394,E:\dl\mel_cache\lm3_base_v1\test\hiphop\hiphop.00093__03000ms__0004.npy
lstm,hiphop__hiphop.00093,hiphop,5,hiphop,hiphop,1,0.711506724357605,E:\dl\mel_cache\lm3_base_v1\test\hiphop\hiphop.00093__03000ms__0005.npy
lstm,hiphop__hiphop.00093,hiphop,6,hiphop,disco,0,0.32177266478538513,E:\dl\mel_cache\lm3_base_v1\test\hiphop\hiphop.00093__03000ms__0006.npy
lstm,hiphop__hiphop.00093,hiphop,7,hiphop,hiphop,1,0.4660104215145111,E:\dl\mel_cache\lm3_base_v1\test\hiphop\hiphop.00093__03000ms__0007.npy
lstm,hiphop__hiphop.00093,hiphop,8,hiphop,hiphop,1,0.7597830891609192,E:\dl\mel_cache\lm3_base_v1\test\hiphop\hiphop.00093__03000ms__0008.npy
lstm,hiphop__hiphop.00093,hiphop,9,hiphop,hiphop,1,0.8714308738708496,E:\dl\mel_cache\lm3_base_v1\test\hiphop\hiphop.00093__03000ms__0009.npy
lstm,hiphop__hiphop.00093,hiphop,10,hiphop,hiphop,1,0.7725074291229248,E:\dl\mel_cache\lm3_base_v1\test\hiphop\hiphop.00093__03000ms__0010.npy
lstm,hiphop__hiphop.00093,hiphop,11,hiphop,hiphop,1,0.5211384296417236,E:\dl\mel_cache\lm3_base_v1\test\hiphop\hiphop.00093__03000ms__0011.npy
lstm,hiphop__hiphop.00093,hiphop,12,hiphop,disco,0,0.33176153898239136,E:\dl\mel_cache\lm3_base_v1\test\hiphop\hiphop.00093__03000ms__0012.npy
lstm,hiphop__hiphop.00093,hiphop,13,hiphop,hiphop,1,0.5590305924415588,E:\dl\mel_cache\lm3_base_v1\test\hiphop\hiphop.00093__03000ms__0013.npy
lstm,hiphop__hiphop.00093,hiphop,14,hiphop,disco,0,0.8492791056632996,E:\dl\mel_cache\lm3_base_v1\test\hiphop\hiphop.00093__03000ms__0014.npy
lstm,hiphop__hiphop.00093,hiphop,15,hiphop,disco,0,0.8612834811210632,E:\dl\mel_cache\lm3_base_v1\test\hiphop\hiphop.00093__03000ms__0015.npy
lstm,hiphop__hiphop.00093,hiphop,16,hiphop,disco,0,0.4952353239059448,E:\dl\mel_cache\lm3_base_v1\test\hiphop\hiphop.00093__03000ms__0016.npy
lstm,hiphop__hiphop.00093,hiphop,17,hiphop,hiphop,1,0.6218265891075134,E:\dl\mel_cache\lm3_base_v1\test\hiphop\hiphop.00093__03000ms__0017.npy
lstm,hiphop__hiphop.00093,hiphop,18,hiphop,disco,0,0.9306174516677856,E:\dl\mel_cache\lm3_base_v1\test\hiphop\hiphop.00093__03000ms__0018.npy
lstm,hiphop__hiphop.00093,hiphop,19,hiphop,disco,0,0.9286213517189026,E:\dl\mel_cache\lm3_base_v1\test\hiphop\hiphop.00093__03000ms__0019.npy
lstm,hiphop__hiphop.00094,hiphop,0,hiphop,hiphop,1,0.9415501356124878,E:\dl\mel_cache\lm3_base_v1\test\hiphop\hiphop.00094__03000ms__0000.npy
lstm,hiphop__hiphop.00094,hiphop,1,hiphop,hiphop,1,0.9463378190994263,E:\dl\mel_cache\lm3_base_v1\test\hiphop\hiphop.00094__03000ms__0001.npy
lstm,hiphop__hiphop.00094,hiphop,2,hiphop,hiphop,1,0.9462451338768005,E:\dl\mel_cache\lm3_base_v1\test\hiphop\hiphop.00094__03000ms__0002.npy
lstm,hiphop__hiphop.00094,hiphop,3,hiphop,hiphop,1,0.9272764325141907,E:\dl\mel_cache\lm3_base_v1\test\hiphop\hiphop.00094__03000ms__0003.npy
lstm,hiphop__hiphop.00094,hiphop,4,hiphop,hiphop,1,0.9321129322052002,E:\dl\mel_cache\lm3_base_v1\test\hiphop\hiphop.00094__03000ms__0004.npy
lstm,hiphop__hiphop.00094,hiphop,5,hiphop,hiphop,1,0.9454543590545654,E:\dl\mel_cache\lm3_base_v1\test\hiphop\hiphop.00094__03000ms__0005.npy
lstm,hiphop__hiphop.00094,hiphop,6,hiphop,hiphop,1,0.9449000358581543,E:\dl\mel_cache\lm3_base_v1\test\hiphop\hiphop.00094__03000ms__0006.npy
lstm,hiphop__hiphop.00094,hiphop,7,hiphop,hiphop,1,0.9321856498718262,E:\dl\mel_cache\lm3_base_v1\test\hiphop\hiphop.00094__03000ms__0007.npy
lstm,hiphop__hiphop.00094,hiphop,8,hiphop,hiphop,1,0.9423368573188782,E:\dl\mel_cache\lm3_base_v1\test\hiphop\hiphop.00094__03000ms__0008.npy
lstm,hiphop__hiphop.00094,hiphop,9,hiphop,hiphop,1,0.9425719976425171,E:\dl\mel_cache\lm3_base_v1\test\hiphop\hiphop.00094__03000ms__0009.npy
lstm,hiphop__hiphop.00094,hiphop,10,hiphop,hiphop,1,0.9426731467247009,E:\dl\mel_cache\lm3_base_v1\test\hiphop\hiphop.00094__03000ms__0010.npy
lstm,hiphop__hiphop.00094,hiphop,11,hiphop,hiphop,1,0.9381811618804932,E:\dl\mel_cache\lm3_base_v1\test\hiphop\hiphop.00094__03000ms__0011.npy
lstm,hiphop__hiphop.00094,hiphop,12,hiphop,hiphop,1,0.9439674019813538,E:\dl\mel_cache\lm3_base_v1\test\hiphop\hiphop.00094__03000ms__0012.npy
lstm,hiphop__hiphop.00094,hiphop,13,hiphop,hiphop,1,0.9325926899909973,E:\dl\mel_cache\lm3_base_v1\test\hiphop\hiphop.00094__03000ms__0013.npy
lstm,hiphop__hiphop.00094,hiphop,14,hiphop,hiphop,1,0.9087275862693787,E:\dl\mel_cache\lm3_base_v1\test\hiphop\hiphop.00094__03000ms__0014.npy
lstm,hiphop__hiphop.00094,hiphop,15,hiphop,hiphop,1,0.92874675989151,E:\dl\mel_cache\lm3_base_v1\test\hiphop\hiphop.00094__03000ms__0015.npy
lstm,hiphop__hiphop.00094,hiphop,16,hiphop,hiphop,1,0.9351732730865479,E:\dl\mel_cache\lm3_base_v1\test\hiphop\hiphop.00094__03000ms__0016.npy
lstm,hiphop__hiphop.00094,hiphop,17,hiphop,hiphop,1,0.944744348526001,E:\dl\mel_cache\lm3_base_v1\test\hiphop\hiphop.00094__03000ms__0017.npy
lstm,hiphop__hiphop.00094,hiphop,18,hiphop,hiphop,1,0.940981924533844,E:\dl\mel_cache\lm3_base_v1\test\hiphop\hiphop.00094__03000ms__0018.npy
lstm,hiphop__hiphop.00094,hiphop,19,hiphop,hiphop,1,0.9400774240493774,E:\dl\mel_cache\lm3_base_v1\test\hiphop\hiphop.00094__03000ms__0019.npy
lstm,hiphop__hiphop.00098,hiphop,0,hiphop,hiphop,1,0.9233758449554443,E:\dl\mel_cache\lm3_base_v1\test\hiphop\hiphop.00098__03000ms__0000.npy
lstm,hiphop__hiphop.00098,hiphop,1,hiphop,hiphop,1,0.881822943687439,E:\dl\mel_cache\lm3_base_v1\test\hiphop\hiphop.00098__03000ms__0001.npy
lstm,hiphop__hiphop.00098,hiphop,2,hiphop,hiphop,1,0.7525606155395508,E:\dl\mel_cache\lm3_base_v1\test\hiphop\hiphop.00098__03000ms__0002.npy
lstm,hiphop__hiphop.00098,hiphop,3,hiphop,hiphop,1,0.9228832125663757,E:\dl\mel_cache\lm3_base_v1\test\hiphop\hiphop.00098__03000ms__0003.npy
lstm,hiphop__hiphop.00098,hiphop,4,hiphop,hiphop,1,0.813556432723999,E:\dl\mel_cache\lm3_base_v1\test\hiphop\hiphop.00098__03000ms__0004.npy
lstm,hiphop__hiphop.00098,hiphop,5,hiphop,disco,0,0.6015589237213135,E:\dl\mel_cache\lm3_base_v1\test\hiphop\hiphop.00098__03000ms__0005.npy
lstm,hiphop__hiphop.00098,hiphop,6,hiphop,hiphop,1,0.8529934287071228,E:\dl\mel_cache\lm3_base_v1\test\hiphop\hiphop.00098__03000ms__0006.npy
lstm,hiphop__hiphop.00098,hiphop,7,hiphop,hiphop,1,0.9264765977859497,E:\dl\mel_cache\lm3_base_v1\test\hiphop\hiphop.00098__03000ms__0007.npy
lstm,hiphop__hiphop.00098,hiphop,8,hiphop,hiphop,1,0.9383906126022339,E:\dl\mel_cache\lm3_base_v1\test\hiphop\hiphop.00098__03000ms__0008.npy
lstm,hiphop__hiphop.00098,hiphop,9,hiphop,hiphop,1,0.9499505758285522,E:\dl\mel_cache\lm3_base_v1\test\hiphop\hiphop.00098__03000ms__0009.npy
lstm,hiphop__hiphop.00098,hiphop,10,hiphop,hiphop,1,0.9486563801765442,E:\dl\mel_cache\lm3_base_v1\test\hiphop\hiphop.00098__03000ms__0010.npy
lstm,hiphop__hiphop.00098,hiphop,11,hiphop,hiphop,1,0.9471703767776489,E:\dl\mel_cache\lm3_base_v1\test\hiphop\hiphop.00098__03000ms__0011.npy
lstm,hiphop__hiphop.00098,hiphop,12,hiphop,hiphop,1,0.943466305732727,E:\dl\mel_cache\lm3_base_v1\test\hiphop\hiphop.00098__03000ms__0012.npy
lstm,hiphop__hiphop.00098,hiphop,13,hiphop,hiphop,1,0.9358068108558655,E:\dl\mel_cache\lm3_base_v1\test\hiphop\hiphop.00098__03000ms__0013.npy
lstm,hiphop__hiphop.00098,hiphop,14,hiphop,hiphop,1,0.9438943266868591,E:\dl\mel_cache\lm3_base_v1\test\hiphop\hiphop.00098__03000ms__0014.npy
lstm,hiphop__hiphop.00098,hiphop,15,hiphop,hiphop,1,0.9445465803146362,E:\dl\mel_cache\lm3_base_v1\test\hiphop\hiphop.00098__03000ms__0015.npy
lstm,hiphop__hiphop.00098,hiphop,16,hiphop,hiphop,1,0.9376541972160339,E:\dl\mel_cache\lm3_base_v1\test\hiphop\hiphop.00098__03000ms__0016.npy
lstm,hiphop__hiphop.00098,hiphop,17,hiphop,hiphop,1,0.9308953285217285,E:\dl\mel_cache\lm3_base_v1\test\hiphop\hiphop.00098__03000ms__0017.npy
lstm,hiphop__hiphop.00098,hiphop,18,hiphop,hiphop,1,0.9442629218101501,E:\dl\mel_cache\lm3_base_v1\test\hiphop\hiphop.00098__03000ms__0018.npy
lstm,hiphop__hiphop.00098,hiphop,19,hiphop,hiphop,1,0.9440786242485046,E:\dl\mel_cache\lm3_base_v1\test\hiphop\hiphop.00098__03000ms__0019.npy
lstm,jazz__jazz.00033,jazz,0,jazz,jazz,1,0.9420626163482666,E:\dl\mel_cache\lm3_base_v1\test\jazz\jazz.00033__03000ms__0000.npy
lstm,jazz__jazz.00033,jazz,1,jazz,jazz,1,0.9412659406661987,E:\dl\mel_cache\lm3_base_v1\test\jazz\jazz.00033__03000ms__0001.npy
lstm,jazz__jazz.00033,jazz,2,jazz,jazz,1,0.941005527973175,E:\dl\mel_cache\lm3_base_v1\test\jazz\jazz.00033__03000ms__0002.npy
lstm,jazz__jazz.00033,jazz,3,jazz,jazz,1,0.9110842943191528,E:\dl\mel_cache\lm3_base_v1\test\jazz\jazz.00033__03000ms__0003.npy
lstm,jazz__jazz.00033,jazz,4,jazz,jazz,1,0.8422456383705139,E:\dl\mel_cache\lm3_base_v1\test\jazz\jazz.00033__03000ms__0004.npy
lstm,jazz__jazz.00033,jazz,5,jazz,jazz,1,0.9320623874664307,E:\dl\mel_cache\lm3_base_v1\test\jazz\jazz.00033__03000ms__0005.npy
lstm,jazz__jazz.00033,jazz,6,jazz,jazz,1,0.951067328453064,E:\dl\mel_cache\lm3_base_v1\test\jazz\jazz.00033__03000ms__0006.npy
lstm,jazz__jazz.00033,jazz,7,jazz,jazz,1,0.9468072652816772,E:\dl\mel_cache\lm3_base_v1\test\jazz\jazz.00033__03000ms__0007.npy
lstm,jazz__jazz.00033,jazz,8,jazz,jazz,1,0.9496685862541199,E:\dl\mel_cache\lm3_base_v1\test\jazz\jazz.00033__03000ms__0008.npy
lstm,jazz__jazz.00033,jazz,9,jazz,jazz,1,0.9463350176811218,E:\dl\mel_cache\lm3_base_v1\test\jazz\jazz.00033__03000ms__0009.npy
lstm,jazz__jazz.00033,jazz,10,jazz,jazz,1,0.9339582920074463,E:\dl\mel_cache\lm3_base_v1\test\jazz\jazz.00033__03000ms__0010.npy
lstm,jazz__jazz.00033,jazz,11,jazz,jazz,1,0.9302315711975098,E:\dl\mel_cache\lm3_base_v1\test\jazz\jazz.00033__03000ms__0011.npy
lstm,jazz__jazz.00033,jazz,12,jazz,jazz,1,0.9392227530479431,E:\dl\mel_cache\lm3_base_v1\test\jazz\jazz.00033__03000ms__0012.npy
lstm,jazz__jazz.00033,jazz,13,jazz,jazz,1,0.9259880185127258,E:\dl\mel_cache\lm3_base_v1\test\jazz\jazz.00033__03000ms__0013.npy
lstm,jazz__jazz.00033,jazz,14,jazz,jazz,1,0.9489002823829651,E:\dl\mel_cache\lm3_base_v1\test\jazz\jazz.00033__03000ms__0014.npy
lstm,jazz__jazz.00033,jazz,15,jazz,jazz,1,0.9488927125930786,E:\dl\mel_cache\lm3_base_v1\test\jazz\jazz.00033__03000ms__0015.npy
lstm,jazz__jazz.00033,jazz,16,jazz,jazz,1,0.9456492066383362,E:\dl\mel_cache\lm3_base_v1\test\jazz\jazz.00033__03000ms__0016.npy
lstm,jazz__jazz.00033,jazz,17,jazz,jazz,1,0.9239780306816101,E:\dl\mel_cache\lm3_base_v1\test\jazz\jazz.00033__03000ms__0017.npy
lstm,jazz__jazz.00033,jazz,18,jazz,jazz,1,0.9260823726654053,E:\dl\mel_cache\lm3_base_v1\test\jazz\jazz.00033__03000ms__0018.npy
lstm,jazz__jazz.00033,jazz,19,jazz,jazz,1,0.9218447804450989,E:\dl\mel_cache\lm3_base_v1\test\jazz\jazz.00033__03000ms__0019.npy
lstm,jazz__jazz.00041,jazz,0,jazz,jazz,1,0.7203699946403503,E:\dl\mel_cache\lm3_base_v1\test\jazz\jazz.00041__03000ms__0000.npy
lstm,jazz__jazz.00041,jazz,1,jazz,jazz,1,0.5117049217224121,E:\dl\mel_cache\lm3_base_v1\test\jazz\jazz.00041__03000ms__0001.npy
lstm,jazz__jazz.00041,jazz,2,jazz,jazz,1,0.7920358180999756,E:\dl\mel_cache\lm3_base_v1\test\jazz\jazz.00041__03000ms__0002.npy
lstm,jazz__jazz.00041,jazz,3,jazz,jazz,1,0.907113254070282,E:\dl\mel_cache\lm3_base_v1\test\jazz\jazz.00041__03000ms__0003.npy
lstm,jazz__jazz.00041,jazz,4,jazz,jazz,1,0.8643171191215515,E:\dl\mel_cache\lm3_base_v1\test\jazz\jazz.00041__03000ms__0004.npy
lstm,jazz__jazz.00041,jazz,5,jazz,jazz,1,0.8875287175178528,E:\dl\mel_cache\lm3_base_v1\test\jazz\jazz.00041__03000ms__0005.npy
lstm,jazz__jazz.00041,jazz,6,jazz,jazz,1,0.8873901963233948,E:\dl\mel_cache\lm3_base_v1\test\jazz\jazz.00041__03000ms__0006.npy
lstm,jazz__jazz.00041,jazz,7,jazz,jazz,1,0.8790461421012878,E:\dl\mel_cache\lm3_base_v1\test\jazz\jazz.00041__03000ms__0007.npy
lstm,jazz__jazz.00041,jazz,8,jazz,jazz,1,0.8885827660560608,E:\dl\mel_cache\lm3_base_v1\test\jazz\jazz.00041__03000ms__0008.npy
lstm,jazz__jazz.00041,jazz,9,jazz,jazz,1,0.8877096772193909,E:\dl\mel_cache\lm3_base_v1\test\jazz\jazz.00041__03000ms__0009.npy
lstm,jazz__jazz.00041,jazz,10,jazz,jazz,1,0.9368941187858582,E:\dl\mel_cache\lm3_base_v1\test\jazz\jazz.00041__03000ms__0010.npy
lstm,jazz__jazz.00041,jazz,11,jazz,jazz,1,0.9373844265937805,E:\dl\mel_cache\lm3_base_v1\test\jazz\jazz.00041__03000ms__0011.npy
lstm,jazz__jazz.00041,jazz,12,jazz,jazz,1,0.9321977496147156,E:\dl\mel_cache\lm3_base_v1\test\jazz\jazz.00041__03000ms__0012.npy
lstm,jazz__jazz.00041,jazz,13,jazz,jazz,1,0.9379043579101562,E:\dl\mel_cache\lm3_base_v1\test\jazz\jazz.00041__03000ms__0013.npy
lstm,jazz__jazz.00041,jazz,14,jazz,jazz,1,0.9366388916969299,E:\dl\mel_cache\lm3_base_v1\test\jazz\jazz.00041__03000ms__0014.npy
lstm,jazz__jazz.00041,jazz,15,jazz,jazz,1,0.9396953582763672,E:\dl\mel_cache\lm3_base_v1\test\jazz\jazz.00041__03000ms__0015.npy
lstm,jazz__jazz.00041,jazz,16,jazz,jazz,1,0.939473032951355,E:\dl\mel_cache\lm3_base_v1\test\jazz\jazz.00041__03000ms__0016.npy
lstm,jazz__jazz.00041,jazz,17,jazz,jazz,1,0.9347314238548279,E:\dl\mel_cache\lm3_base_v1\test\jazz\jazz.00041__03000ms__0017.npy
lstm,jazz__jazz.00041,jazz,18,jazz,jazz,1,0.934390664100647,E:\dl\mel_cache\lm3_base_v1\test\jazz\jazz.00041__03000ms__0018.npy
lstm,jazz__jazz.00041,jazz,19,jazz,jazz,1,0.9347325563430786,E:\dl\mel_cache\lm3_base_v1\test\jazz\jazz.00041__03000ms__0019.npy
lstm,jazz__jazz.00046,jazz,0,jazz,jazz,1,0.9420936107635498,E:\dl\mel_cache\lm3_base_v1\test\jazz\jazz.00046__03000ms__0000.npy
lstm,jazz__jazz.00046,jazz,1,jazz,jazz,1,0.8805707097053528,E:\dl\mel_cache\lm3_base_v1\test\jazz\jazz.00046__03000ms__0001.npy
lstm,jazz__jazz.00046,jazz,2,jazz,jazz,1,0.8617833852767944,E:\dl\mel_cache\lm3_base_v1\test\jazz\jazz.00046__03000ms__0002.npy
lstm,jazz__jazz.00046,jazz,3,jazz,jazz,1,0.8954482674598694,E:\dl\mel_cache\lm3_base_v1\test\jazz\jazz.00046__03000ms__0003.npy
lstm,jazz__jazz.00046,jazz,4,jazz,jazz,1,0.9431038498878479,E:\dl\mel_cache\lm3_base_v1\test\jazz\jazz.00046__03000ms__0004.npy
lstm,jazz__jazz.00046,jazz,5,jazz,jazz,1,0.8712487816810608,E:\dl\mel_cache\lm3_base_v1\test\jazz\jazz.00046__03000ms__0005.npy
lstm,jazz__jazz.00046,jazz,6,jazz,blues,0,0.4233013987541199,E:\dl\mel_cache\lm3_base_v1\test\jazz\jazz.00046__03000ms__0006.npy
lstm,jazz__jazz.00046,jazz,7,jazz,jazz,1,0.9134977459907532,E:\dl\mel_cache\lm3_base_v1\test\jazz\jazz.00046__03000ms__0007.npy
lstm,jazz__jazz.00046,jazz,8,jazz,jazz,1,0.9475906491279602,E:\dl\mel_cache\lm3_base_v1\test\jazz\jazz.00046__03000ms__0008.npy
lstm,jazz__jazz.00046,jazz,9,jazz,jazz,1,0.9446600675582886,E:\dl\mel_cache\lm3_base_v1\test\jazz\jazz.00046__03000ms__0009.npy
lstm,jazz__jazz.00046,jazz,10,jazz,jazz,1,0.9463891386985779,E:\dl\mel_cache\lm3_base_v1\test\jazz\jazz.00046__03000ms__0010.npy
lstm,jazz__jazz.00046,jazz,11,jazz,jazz,1,0.9445042610168457,E:\dl\mel_cache\lm3_base_v1\test\jazz\jazz.00046__03000ms__0011.npy
lstm,jazz__jazz.00046,jazz,12,jazz,jazz,1,0.9406246542930603,E:\dl\mel_cache\lm3_base_v1\test\jazz\jazz.00046__03000ms__0012.npy
lstm,jazz__jazz.00046,jazz,13,jazz,jazz,1,0.9327265024185181,E:\dl\mel_cache\lm3_base_v1\test\jazz\jazz.00046__03000ms__0013.npy
lstm,jazz__jazz.00046,jazz,14,jazz,jazz,1,0.9421436786651611,E:\dl\mel_cache\lm3_base_v1\test\jazz\jazz.00046__03000ms__0014.npy
lstm,jazz__jazz.00046,jazz,15,jazz,jazz,1,0.9466896057128906,E:\dl\mel_cache\lm3_base_v1\test\jazz\jazz.00046__03000ms__0015.npy
lstm,jazz__jazz.00046,jazz,16,jazz,jazz,1,0.9460127353668213,E:\dl\mel_cache\lm3_base_v1\test\jazz\jazz.00046__03000ms__0016.npy
lstm,jazz__jazz.00046,jazz,17,jazz,jazz,1,0.8973264694213867,E:\dl\mel_cache\lm3_base_v1\test\jazz\jazz.00046__03000ms__0017.npy
lstm,jazz__jazz.00046,jazz,18,jazz,jazz,1,0.8654654026031494,E:\dl\mel_cache\lm3_base_v1\test\jazz\jazz.00046__03000ms__0018.npy
lstm,jazz__jazz.00046,jazz,19,jazz,jazz,1,0.8824134469032288,E:\dl\mel_cache\lm3_base_v1\test\jazz\jazz.00046__03000ms__0019.npy
lstm,jazz__jazz.00048,jazz,0,jazz,jazz,1,0.7160348892211914,E:\dl\mel_cache\lm3_base_v1\test\jazz\jazz.00048__03000ms__0000.npy
lstm,jazz__jazz.00048,jazz,1,jazz,jazz,1,0.7576231360435486,E:\dl\mel_cache\lm3_base_v1\test\jazz\jazz.00048__03000ms__0001.npy
lstm,jazz__jazz.00048,jazz,2,jazz,jazz,1,0.9167745113372803,E:\dl\mel_cache\lm3_base_v1\test\jazz\jazz.00048__03000ms__0002.npy
lstm,jazz__jazz.00048,jazz,3,jazz,jazz,1,0.907992422580719,E:\dl\mel_cache\lm3_base_v1\test\jazz\jazz.00048__03000ms__0003.npy
lstm,jazz__jazz.00048,jazz,4,jazz,jazz,1,0.6417693495750427,E:\dl\mel_cache\lm3_base_v1\test\jazz\jazz.00048__03000ms__0004.npy
lstm,jazz__jazz.00048,jazz,5,jazz,rock,0,0.5125412940979004,E:\dl\mel_cache\lm3_base_v1\test\jazz\jazz.00048__03000ms__0005.npy
lstm,jazz__jazz.00048,jazz,6,jazz,jazz,1,0.8559899926185608,E:\dl\mel_cache\lm3_base_v1\test\jazz\jazz.00048__03000ms__0006.npy
lstm,jazz__jazz.00048,jazz,7,jazz,jazz,1,0.7647478580474854,E:\dl\mel_cache\lm3_base_v1\test\jazz\jazz.00048__03000ms__0007.npy
lstm,jazz__jazz.00048,jazz,8,jazz,jazz,1,0.9015749096870422,E:\dl\mel_cache\lm3_base_v1\test\jazz\jazz.00048__03000ms__0008.npy
lstm,jazz__jazz.00048,jazz,9,jazz,jazz,1,0.5954132080078125,E:\dl\mel_cache\lm3_base_v1\test\jazz\jazz.00048__03000ms__0009.npy
lstm,jazz__jazz.00048,jazz,10,jazz,jazz,1,0.8085222244262695,E:\dl\mel_cache\lm3_base_v1\test\jazz\jazz.00048__03000ms__0010.npy
lstm,jazz__jazz.00048,jazz,11,jazz,jazz,1,0.8953015208244324,E:\dl\mel_cache\lm3_base_v1\test\jazz\jazz.00048__03000ms__0011.npy
lstm,jazz__jazz.00048,jazz,12,jazz,jazz,1,0.7498913407325745,E:\dl\mel_cache\lm3_base_v1\test\jazz\jazz.00048__03000ms__0012.npy
lstm,jazz__jazz.00048,jazz,13,jazz,jazz,1,0.5469278693199158,E:\dl\mel_cache\lm3_base_v1\test\jazz\jazz.00048__03000ms__0013.npy
lstm,jazz__jazz.00048,jazz,14,jazz,rock,0,0.6421713829040527,E:\dl\mel_cache\lm3_base_v1\test\jazz\jazz.00048__03000ms__0014.npy
lstm,jazz__jazz.00048,jazz,15,jazz,jazz,1,0.47370848059654236,E:\dl\mel_cache\lm3_base_v1\test\jazz\jazz.00048__03000ms__0015.npy
lstm,jazz__jazz.00048,jazz,16,jazz,classical,0,0.45520082116127014,E:\dl\mel_cache\lm3_base_v1\test\jazz\jazz.00048__03000ms__0016.npy
lstm,jazz__jazz.00048,jazz,17,jazz,rock,0,0.46589598059654236,E:\dl\mel_cache\lm3_base_v1\test\jazz\jazz.00048__03000ms__0017.npy
lstm,jazz__jazz.00048,jazz,18,jazz,jazz,1,0.6419404149055481,E:\dl\mel_cache\lm3_base_v1\test\jazz\jazz.00048__03000ms__0018.npy
lstm,jazz__jazz.00048,jazz,19,jazz,jazz,1,0.6350746154785156,E:\dl\mel_cache\lm3_base_v1\test\jazz\jazz.00048__03000ms__0019.npy
lstm,jazz__jazz.00050,jazz,0,jazz,pop,0,0.5409601926803589,E:\dl\mel_cache\lm3_base_v1\test\jazz\jazz.00050__03000ms__0000.npy
lstm,jazz__jazz.00050,jazz,1,jazz,reggae,0,0.776419460773468,E:\dl\mel_cache\lm3_base_v1\test\jazz\jazz.00050__03000ms__0001.npy
lstm,jazz__jazz.00050,jazz,2,jazz,reggae,0,0.6286838054656982,E:\dl\mel_cache\lm3_base_v1\test\jazz\jazz.00050__03000ms__0002.npy
lstm,jazz__jazz.00050,jazz,3,jazz,pop,0,0.29787492752075195,E:\dl\mel_cache\lm3_base_v1\test\jazz\jazz.00050__03000ms__0003.npy
lstm,jazz__jazz.00050,jazz,4,jazz,reggae,0,0.5341418385505676,E:\dl\mel_cache\lm3_base_v1\test\jazz\jazz.00050__03000ms__0004.npy
lstm,jazz__jazz.00050,jazz,5,jazz,reggae,0,0.9015880823135376,E:\dl\mel_cache\lm3_base_v1\test\jazz\jazz.00050__03000ms__0005.npy
lstm,jazz__jazz.00050,jazz,6,jazz,reggae,0,0.7311155796051025,E:\dl\mel_cache\lm3_base_v1\test\jazz\jazz.00050__03000ms__0006.npy
lstm,jazz__jazz.00050,jazz,7,jazz,reggae,0,0.46220776438713074,E:\dl\mel_cache\lm3_base_v1\test\jazz\jazz.00050__03000ms__0007.npy
lstm,jazz__jazz.00050,jazz,8,jazz,pop,0,0.6438007354736328,E:\dl\mel_cache\lm3_base_v1\test\jazz\jazz.00050__03000ms__0008.npy
lstm,jazz__jazz.00050,jazz,9,jazz,pop,0,0.9062265753746033,E:\dl\mel_cache\lm3_base_v1\test\jazz\jazz.00050__03000ms__0009.npy
lstm,jazz__jazz.00050,jazz,10,jazz,pop,0,0.8505946397781372,E:\dl\mel_cache\lm3_base_v1\test\jazz\jazz.00050__03000ms__0010.npy
lstm,jazz__jazz.00050,jazz,11,jazz,pop,0,0.48874083161354065,E:\dl\mel_cache\lm3_base_v1\test\jazz\jazz.00050__03000ms__0011.npy
lstm,jazz__jazz.00050,jazz,12,jazz,jazz,1,0.31536421179771423,E:\dl\mel_cache\lm3_base_v1\test\jazz\jazz.00050__03000ms__0012.npy
lstm,jazz__jazz.00050,jazz,13,jazz,jazz,1,0.5796182751655579,E:\dl\mel_cache\lm3_base_v1\test\jazz\jazz.00050__03000ms__0013.npy
lstm,jazz__jazz.00050,jazz,14,jazz,pop,0,0.31832143664360046,E:\dl\mel_cache\lm3_base_v1\test\jazz\jazz.00050__03000ms__0014.npy
lstm,jazz__jazz.00050,jazz,15,jazz,pop,0,0.7495079636573792,E:\dl\mel_cache\lm3_base_v1\test\jazz\jazz.00050__03000ms__0015.npy
lstm,jazz__jazz.00050,jazz,16,jazz,pop,0,0.9207435250282288,E:\dl\mel_cache\lm3_base_v1\test\jazz\jazz.00050__03000ms__0016.npy
lstm,jazz__jazz.00050,jazz,17,jazz,pop,0,0.8776712417602539,E:\dl\mel_cache\lm3_base_v1\test\jazz\jazz.00050__03000ms__0017.npy
lstm,jazz__jazz.00050,jazz,18,jazz,pop,0,0.8049703240394592,E:\dl\mel_cache\lm3_base_v1\test\jazz\jazz.00050__03000ms__0018.npy
lstm,jazz__jazz.00050,jazz,19,jazz,pop,0,0.8003072738647461,E:\dl\mel_cache\lm3_base_v1\test\jazz\jazz.00050__03000ms__0019.npy
lstm,jazz__jazz.00059,jazz,0,jazz,jazz,1,0.9472776651382446,E:\dl\mel_cache\lm3_base_v1\test\jazz\jazz.00059__03000ms__0000.npy
lstm,jazz__jazz.00059,jazz,1,jazz,jazz,1,0.9222754240036011,E:\dl\mel_cache\lm3_base_v1\test\jazz\jazz.00059__03000ms__0001.npy
lstm,jazz__jazz.00059,jazz,2,jazz,jazz,1,0.8103345036506653,E:\dl\mel_cache\lm3_base_v1\test\jazz\jazz.00059__03000ms__0002.npy
lstm,jazz__jazz.00059,jazz,3,jazz,jazz,1,0.5391702651977539,E:\dl\mel_cache\lm3_base_v1\test\jazz\jazz.00059__03000ms__0003.npy
lstm,jazz__jazz.00059,jazz,4,jazz,jazz,1,0.7067476511001587,E:\dl\mel_cache\lm3_base_v1\test\jazz\jazz.00059__03000ms__0004.npy
lstm,jazz__jazz.00059,jazz,5,jazz,jazz,1,0.8010507822036743,E:\dl\mel_cache\lm3_base_v1\test\jazz\jazz.00059__03000ms__0005.npy
lstm,jazz__jazz.00059,jazz,6,jazz,jazz,1,0.5630853772163391,E:\dl\mel_cache\lm3_base_v1\test\jazz\jazz.00059__03000ms__0006.npy
lstm,jazz__jazz.00059,jazz,7,jazz,rock,0,0.5323964357376099,E:\dl\mel_cache\lm3_base_v1\test\jazz\jazz.00059__03000ms__0007.npy
lstm,jazz__jazz.00059,jazz,8,jazz,blues,0,0.3253503739833832,E:\dl\mel_cache\lm3_base_v1\test\jazz\jazz.00059__03000ms__0008.npy
lstm,jazz__jazz.00059,jazz,9,jazz,pop,0,0.32209837436676025,E:\dl\mel_cache\lm3_base_v1\test\jazz\jazz.00059__03000ms__0009.npy
lstm,jazz__jazz.00059,jazz,10,jazz,rock,0,0.700425922870636,E:\dl\mel_cache\lm3_base_v1\test\jazz\jazz.00059__03000ms__0010.npy
lstm,jazz__jazz.00059,jazz,11,jazz,rock,0,0.8088306784629822,E:\dl\mel_cache\lm3_base_v1\test\jazz\jazz.00059__03000ms__0011.npy
lstm,jazz__jazz.00059,jazz,12,jazz,rock,0,0.5935531854629517,E:\dl\mel_cache\lm3_base_v1\test\jazz\jazz.00059__03000ms__0012.npy
lstm,jazz__jazz.00059,jazz,13,jazz,blues,0,0.3084321618080139,E:\dl\mel_cache\lm3_base_v1\test\jazz\jazz.00059__03000ms__0013.npy
lstm,jazz__jazz.00059,jazz,14,jazz,rock,0,0.3915284276008606,E:\dl\mel_cache\lm3_base_v1\test\jazz\jazz.00059__03000ms__0014.npy
lstm,jazz__jazz.00059,jazz,15,jazz,rock,0,0.4038606882095337,E:\dl\mel_cache\lm3_base_v1\test\jazz\jazz.00059__03000ms__0015.npy
lstm,jazz__jazz.00059,jazz,16,jazz,blues,0,0.45408812165260315,E:\dl\mel_cache\lm3_base_v1\test\jazz\jazz.00059__03000ms__0016.npy
lstm,jazz__jazz.00059,jazz,17,jazz,rock,0,0.4880967140197754,E:\dl\mel_cache\lm3_base_v1\test\jazz\jazz.00059__03000ms__0017.npy
lstm,jazz__jazz.00059,jazz,18,jazz,reggae,0,0.9064333438873291,E:\dl\mel_cache\lm3_base_v1\test\jazz\jazz.00059__03000ms__0018.npy
lstm,jazz__jazz.00059,jazz,19,jazz,reggae,0,0.629786491394043,E:\dl\mel_cache\lm3_base_v1\test\jazz\jazz.00059__03000ms__0019.npy
lstm,jazz__jazz.00060,jazz,0,jazz,jazz,1,0.8247461915016174,E:\dl\mel_cache\lm3_base_v1\test\jazz\jazz.00060__03000ms__0000.npy
lstm,jazz__jazz.00060,jazz,1,jazz,jazz,1,0.8873612284660339,E:\dl\mel_cache\lm3_base_v1\test\jazz\jazz.00060__03000ms__0001.npy
lstm,jazz__jazz.00060,jazz,2,jazz,jazz,1,0.8365690112113953,E:\dl\mel_cache\lm3_base_v1\test\jazz\jazz.00060__03000ms__0002.npy
lstm,jazz__jazz.00060,jazz,3,jazz,jazz,1,0.9424837827682495,E:\dl\mel_cache\lm3_base_v1\test\jazz\jazz.00060__03000ms__0003.npy
lstm,jazz__jazz.00060,jazz,4,jazz,jazz,1,0.9444209933280945,E:\dl\mel_cache\lm3_base_v1\test\jazz\jazz.00060__03000ms__0004.npy
lstm,jazz__jazz.00060,jazz,5,jazz,jazz,1,0.9421612620353699,E:\dl\mel_cache\lm3_base_v1\test\jazz\jazz.00060__03000ms__0005.npy
lstm,jazz__jazz.00060,jazz,6,jazz,jazz,1,0.9323118329048157,E:\dl\mel_cache\lm3_base_v1\test\jazz\jazz.00060__03000ms__0006.npy
lstm,jazz__jazz.00060,jazz,7,jazz,jazz,1,0.924731969833374,E:\dl\mel_cache\lm3_base_v1\test\jazz\jazz.00060__03000ms__0007.npy
lstm,jazz__jazz.00060,jazz,8,jazz,jazz,1,0.9201751947402954,E:\dl\mel_cache\lm3_base_v1\test\jazz\jazz.00060__03000ms__0008.npy
lstm,jazz__jazz.00060,jazz,9,jazz,jazz,1,0.8901818990707397,E:\dl\mel_cache\lm3_base_v1\test\jazz\jazz.00060__03000ms__0009.npy
lstm,jazz__jazz.00060,jazz,10,jazz,jazz,1,0.9369852542877197,E:\dl\mel_cache\lm3_base_v1\test\jazz\jazz.00060__03000ms__0010.npy
lstm,jazz__jazz.00060,jazz,11,jazz,jazz,1,0.921147882938385,E:\dl\mel_cache\lm3_base_v1\test\jazz\jazz.00060__03000ms__0011.npy
lstm,jazz__jazz.00060,jazz,12,jazz,jazz,1,0.5761290788650513,E:\dl\mel_cache\lm3_base_v1\test\jazz\jazz.00060__03000ms__0012.npy
lstm,jazz__jazz.00060,jazz,13,jazz,jazz,1,0.8830908536911011,E:\dl\mel_cache\lm3_base_v1\test\jazz\jazz.00060__03000ms__0013.npy
lstm,jazz__jazz.00060,jazz,14,jazz,jazz,1,0.9097892642021179,E:\dl\mel_cache\lm3_base_v1\test\jazz\jazz.00060__03000ms__0014.npy
lstm,jazz__jazz.00060,jazz,15,jazz,jazz,1,0.7682347297668457,E:\dl\mel_cache\lm3_base_v1\test\jazz\jazz.00060__03000ms__0015.npy
lstm,jazz__jazz.00060,jazz,16,jazz,jazz,1,0.9062487483024597,E:\dl\mel_cache\lm3_base_v1\test\jazz\jazz.00060__03000ms__0016.npy
lstm,jazz__jazz.00060,jazz,17,jazz,jazz,1,0.9277424216270447,E:\dl\mel_cache\lm3_base_v1\test\jazz\jazz.00060__03000ms__0017.npy
lstm,jazz__jazz.00060,jazz,18,jazz,jazz,1,0.9096090197563171,E:\dl\mel_cache\lm3_base_v1\test\jazz\jazz.00060__03000ms__0018.npy
lstm,jazz__jazz.00060,jazz,19,jazz,jazz,1,0.9061456322669983,E:\dl\mel_cache\lm3_base_v1\test\jazz\jazz.00060__03000ms__0019.npy
lstm,jazz__jazz.00071,jazz,0,jazz,jazz,1,0.9513475894927979,E:\dl\mel_cache\lm3_base_v1\test\jazz\jazz.00071__03000ms__0000.npy
lstm,jazz__jazz.00071,jazz,1,jazz,jazz,1,0.9460703134536743,E:\dl\mel_cache\lm3_base_v1\test\jazz\jazz.00071__03000ms__0001.npy
lstm,jazz__jazz.00071,jazz,2,jazz,jazz,1,0.7886745929718018,E:\dl\mel_cache\lm3_base_v1\test\jazz\jazz.00071__03000ms__0002.npy
lstm,jazz__jazz.00071,jazz,3,jazz,jazz,1,0.8889760971069336,E:\dl\mel_cache\lm3_base_v1\test\jazz\jazz.00071__03000ms__0003.npy
lstm,jazz__jazz.00071,jazz,4,jazz,jazz,1,0.9517945647239685,E:\dl\mel_cache\lm3_base_v1\test\jazz\jazz.00071__03000ms__0004.npy
lstm,jazz__jazz.00071,jazz,5,jazz,jazz,1,0.9451950788497925,E:\dl\mel_cache\lm3_base_v1\test\jazz\jazz.00071__03000ms__0005.npy
lstm,jazz__jazz.00071,jazz,6,jazz,jazz,1,0.8061249256134033,E:\dl\mel_cache\lm3_base_v1\test\jazz\jazz.00071__03000ms__0006.npy
lstm,jazz__jazz.00071,jazz,7,jazz,jazz,1,0.8178046345710754,E:\dl\mel_cache\lm3_base_v1\test\jazz\jazz.00071__03000ms__0007.npy
lstm,jazz__jazz.00071,jazz,8,jazz,jazz,1,0.945558488368988,E:\dl\mel_cache\lm3_base_v1\test\jazz\jazz.00071__03000ms__0008.npy
lstm,jazz__jazz.00071,jazz,9,jazz,jazz,1,0.9508130550384521,E:\dl\mel_cache\lm3_base_v1\test\jazz\jazz.00071__03000ms__0009.npy
lstm,jazz__jazz.00071,jazz,10,jazz,jazz,1,0.861933708190918,E:\dl\mel_cache\lm3_base_v1\test\jazz\jazz.00071__03000ms__0010.npy
lstm,jazz__jazz.00071,jazz,11,jazz,jazz,1,0.6633999347686768,E:\dl\mel_cache\lm3_base_v1\test\jazz\jazz.00071__03000ms__0011.npy
lstm,jazz__jazz.00071,jazz,12,jazz,jazz,1,0.9502506256103516,E:\dl\mel_cache\lm3_base_v1\test\jazz\jazz.00071__03000ms__0012.npy
lstm,jazz__jazz.00071,jazz,13,jazz,jazz,1,0.9488888382911682,E:\dl\mel_cache\lm3_base_v1\test\jazz\jazz.00071__03000ms__0013.npy
lstm,jazz__jazz.00071,jazz,14,jazz,jazz,1,0.9346634149551392,E:\dl\mel_cache\lm3_base_v1\test\jazz\jazz.00071__03000ms__0014.npy
lstm,jazz__jazz.00071,jazz,15,jazz,jazz,1,0.9478357434272766,E:\dl\mel_cache\lm3_base_v1\test\jazz\jazz.00071__03000ms__0015.npy
lstm,jazz__jazz.00071,jazz,16,jazz,jazz,1,0.946475088596344,E:\dl\mel_cache\lm3_base_v1\test\jazz\jazz.00071__03000ms__0016.npy
lstm,jazz__jazz.00071,jazz,17,jazz,jazz,1,0.9490614533424377,E:\dl\mel_cache\lm3_base_v1\test\jazz\jazz.00071__03000ms__0017.npy
lstm,jazz__jazz.00071,jazz,18,jazz,jazz,1,0.946213960647583,E:\dl\mel_cache\lm3_base_v1\test\jazz\jazz.00071__03000ms__0018.npy
lstm,jazz__jazz.00071,jazz,19,jazz,jazz,1,0.9466687440872192,E:\dl\mel_cache\lm3_base_v1\test\jazz\jazz.00071__03000ms__0019.npy
lstm,jazz__jazz.00081,jazz,0,jazz,rock,0,0.4958731532096863,E:\dl\mel_cache\lm3_base_v1\test\jazz\jazz.00081__03000ms__0000.npy
lstm,jazz__jazz.00081,jazz,1,jazz,rock,0,0.5399815440177917,E:\dl\mel_cache\lm3_base_v1\test\jazz\jazz.00081__03000ms__0001.npy
lstm,jazz__jazz.00081,jazz,2,jazz,rock,0,0.6035742163658142,E:\dl\mel_cache\lm3_base_v1\test\jazz\jazz.00081__03000ms__0002.npy
lstm,jazz__jazz.00081,jazz,3,jazz,jazz,1,0.38301873207092285,E:\dl\mel_cache\lm3_base_v1\test\jazz\jazz.00081__03000ms__0003.npy
lstm,jazz__jazz.00081,jazz,4,jazz,rock,0,0.5297943949699402,E:\dl\mel_cache\lm3_base_v1\test\jazz\jazz.00081__03000ms__0004.npy
lstm,jazz__jazz.00081,jazz,5,jazz,rock,0,0.38913264870643616,E:\dl\mel_cache\lm3_base_v1\test\jazz\jazz.00081__03000ms__0005.npy
lstm,jazz__jazz.00081,jazz,6,jazz,rock,0,0.4219434857368469,E:\dl\mel_cache\lm3_base_v1\test\jazz\jazz.00081__03000ms__0006.npy
lstm,jazz__jazz.00081,jazz,7,jazz,jazz,1,0.4760468900203705,E:\dl\mel_cache\lm3_base_v1\test\jazz\jazz.00081__03000ms__0007.npy
lstm,jazz__jazz.00081,jazz,8,jazz,rock,0,0.4513455331325531,E:\dl\mel_cache\lm3_base_v1\test\jazz\jazz.00081__03000ms__0008.npy
lstm,jazz__jazz.00081,jazz,9,jazz,rock,0,0.6156797409057617,E:\dl\mel_cache\lm3_base_v1\test\jazz\jazz.00081__03000ms__0009.npy
lstm,jazz__jazz.00081,jazz,10,jazz,rock,0,0.6039914488792419,E:\dl\mel_cache\lm3_base_v1\test\jazz\jazz.00081__03000ms__0010.npy
lstm,jazz__jazz.00081,jazz,11,jazz,rock,0,0.4510575532913208,E:\dl\mel_cache\lm3_base_v1\test\jazz\jazz.00081__03000ms__0011.npy
lstm,jazz__jazz.00081,jazz,12,jazz,jazz,1,0.7487468719482422,E:\dl\mel_cache\lm3_base_v1\test\jazz\jazz.00081__03000ms__0012.npy
lstm,jazz__jazz.00081,jazz,13,jazz,jazz,1,0.8050085306167603,E:\dl\mel_cache\lm3_base_v1\test\jazz\jazz.00081__03000ms__0013.npy
lstm,jazz__jazz.00081,jazz,14,jazz,jazz,1,0.6234463453292847,E:\dl\mel_cache\lm3_base_v1\test\jazz\jazz.00081__03000ms__0014.npy
lstm,jazz__jazz.00081,jazz,15,jazz,jazz,1,0.5472277402877808,E:\dl\mel_cache\lm3_base_v1\test\jazz\jazz.00081__03000ms__0015.npy
lstm,jazz__jazz.00081,jazz,16,jazz,jazz,1,0.8666360378265381,E:\dl\mel_cache\lm3_base_v1\test\jazz\jazz.00081__03000ms__0016.npy
lstm,jazz__jazz.00081,jazz,17,jazz,rock,0,0.5142020583152771,E:\dl\mel_cache\lm3_base_v1\test\jazz\jazz.00081__03000ms__0017.npy
lstm,jazz__jazz.00081,jazz,18,jazz,rock,0,0.5764798521995544,E:\dl\mel_cache\lm3_base_v1\test\jazz\jazz.00081__03000ms__0018.npy
lstm,jazz__jazz.00081,jazz,19,jazz,rock,0,0.5282913446426392,E:\dl\mel_cache\lm3_base_v1\test\jazz\jazz.00081__03000ms__0019.npy
lstm,jazz__jazz.00084,jazz,0,jazz,jazz,1,0.911445677280426,E:\dl\mel_cache\lm3_base_v1\test\jazz\jazz.00084__03000ms__0000.npy
lstm,jazz__jazz.00084,jazz,1,jazz,jazz,1,0.9235029816627502,E:\dl\mel_cache\lm3_base_v1\test\jazz\jazz.00084__03000ms__0001.npy
lstm,jazz__jazz.00084,jazz,2,jazz,jazz,1,0.9293020367622375,E:\dl\mel_cache\lm3_base_v1\test\jazz\jazz.00084__03000ms__0002.npy
lstm,jazz__jazz.00084,jazz,3,jazz,jazz,1,0.8965122103691101,E:\dl\mel_cache\lm3_base_v1\test\jazz\jazz.00084__03000ms__0003.npy
lstm,jazz__jazz.00084,jazz,4,jazz,jazz,1,0.9207925796508789,E:\dl\mel_cache\lm3_base_v1\test\jazz\jazz.00084__03000ms__0004.npy
lstm,jazz__jazz.00084,jazz,5,jazz,jazz,1,0.9385881423950195,E:\dl\mel_cache\lm3_base_v1\test\jazz\jazz.00084__03000ms__0005.npy
lstm,jazz__jazz.00084,jazz,6,jazz,jazz,1,0.9428777694702148,E:\dl\mel_cache\lm3_base_v1\test\jazz\jazz.00084__03000ms__0006.npy
lstm,jazz__jazz.00084,jazz,7,jazz,jazz,1,0.9385249018669128,E:\dl\mel_cache\lm3_base_v1\test\jazz\jazz.00084__03000ms__0007.npy
lstm,jazz__jazz.00084,jazz,8,jazz,jazz,1,0.9363800287246704,E:\dl\mel_cache\lm3_base_v1\test\jazz\jazz.00084__03000ms__0008.npy
lstm,jazz__jazz.00084,jazz,9,jazz,jazz,1,0.9377726316452026,E:\dl\mel_cache\lm3_base_v1\test\jazz\jazz.00084__03000ms__0009.npy
lstm,jazz__jazz.00084,jazz,10,jazz,jazz,1,0.9289515614509583,E:\dl\mel_cache\lm3_base_v1\test\jazz\jazz.00084__03000ms__0010.npy
lstm,jazz__jazz.00084,jazz,11,jazz,jazz,1,0.9433502554893494,E:\dl\mel_cache\lm3_base_v1\test\jazz\jazz.00084__03000ms__0011.npy
lstm,jazz__jazz.00084,jazz,12,jazz,jazz,1,0.9465852379798889,E:\dl\mel_cache\lm3_base_v1\test\jazz\jazz.00084__03000ms__0012.npy
lstm,jazz__jazz.00084,jazz,13,jazz,jazz,1,0.9444066286087036,E:\dl\mel_cache\lm3_base_v1\test\jazz\jazz.00084__03000ms__0013.npy
lstm,jazz__jazz.00084,jazz,14,jazz,jazz,1,0.9348141551017761,E:\dl\mel_cache\lm3_base_v1\test\jazz\jazz.00084__03000ms__0014.npy
lstm,jazz__jazz.00084,jazz,15,jazz,jazz,1,0.9429308772087097,E:\dl\mel_cache\lm3_base_v1\test\jazz\jazz.00084__03000ms__0015.npy
lstm,jazz__jazz.00084,jazz,16,jazz,jazz,1,0.940784215927124,E:\dl\mel_cache\lm3_base_v1\test\jazz\jazz.00084__03000ms__0016.npy
lstm,jazz__jazz.00084,jazz,17,jazz,jazz,1,0.9356886744499207,E:\dl\mel_cache\lm3_base_v1\test\jazz\jazz.00084__03000ms__0017.npy
lstm,jazz__jazz.00084,jazz,18,jazz,jazz,1,0.9399809241294861,E:\dl\mel_cache\lm3_base_v1\test\jazz\jazz.00084__03000ms__0018.npy
lstm,jazz__jazz.00084,jazz,19,jazz,jazz,1,0.9397680163383484,E:\dl\mel_cache\lm3_base_v1\test\jazz\jazz.00084__03000ms__0019.npy
lstm,jazz__jazz.00086,jazz,0,jazz,jazz,1,0.903782308101654,E:\dl\mel_cache\lm3_base_v1\test\jazz\jazz.00086__03000ms__0000.npy
lstm,jazz__jazz.00086,jazz,1,jazz,jazz,1,0.7735476493835449,E:\dl\mel_cache\lm3_base_v1\test\jazz\jazz.00086__03000ms__0001.npy
lstm,jazz__jazz.00086,jazz,2,jazz,jazz,1,0.5531054139137268,E:\dl\mel_cache\lm3_base_v1\test\jazz\jazz.00086__03000ms__0002.npy
lstm,jazz__jazz.00086,jazz,3,jazz,jazz,1,0.871086835861206,E:\dl\mel_cache\lm3_base_v1\test\jazz\jazz.00086__03000ms__0003.npy
lstm,jazz__jazz.00086,jazz,4,jazz,jazz,1,0.9014254808425903,E:\dl\mel_cache\lm3_base_v1\test\jazz\jazz.00086__03000ms__0004.npy
lstm,jazz__jazz.00086,jazz,5,jazz,jazz,1,0.8897246718406677,E:\dl\mel_cache\lm3_base_v1\test\jazz\jazz.00086__03000ms__0005.npy
lstm,jazz__jazz.00086,jazz,6,jazz,jazz,1,0.9339694380760193,E:\dl\mel_cache\lm3_base_v1\test\jazz\jazz.00086__03000ms__0006.npy
lstm,jazz__jazz.00086,jazz,7,jazz,jazz,1,0.8463453650474548,E:\dl\mel_cache\lm3_base_v1\test\jazz\jazz.00086__03000ms__0007.npy
lstm,jazz__jazz.00086,jazz,8,jazz,jazz,1,0.45824292302131653,E:\dl\mel_cache\lm3_base_v1\test\jazz\jazz.00086__03000ms__0008.npy
lstm,jazz__jazz.00086,jazz,9,jazz,jazz,1,0.41258180141448975,E:\dl\mel_cache\lm3_base_v1\test\jazz\jazz.00086__03000ms__0009.npy
lstm,jazz__jazz.00086,jazz,10,jazz,jazz,1,0.9448056221008301,E:\dl\mel_cache\lm3_base_v1\test\jazz\jazz.00086__03000ms__0010.npy
lstm,jazz__jazz.00086,jazz,11,jazz,jazz,1,0.9449012279510498,E:\dl\mel_cache\lm3_base_v1\test\jazz\jazz.00086__03000ms__0011.npy
lstm,jazz__jazz.00086,jazz,12,jazz,jazz,1,0.9430761933326721,E:\dl\mel_cache\lm3_base_v1\test\jazz\jazz.00086__03000ms__0012.npy
lstm,jazz__jazz.00086,jazz,13,jazz,jazz,1,0.9388309717178345,E:\dl\mel_cache\lm3_base_v1\test\jazz\jazz.00086__03000ms__0013.npy
lstm,jazz__jazz.00086,jazz,14,jazz,jazz,1,0.9319431185722351,E:\dl\mel_cache\lm3_base_v1\test\jazz\jazz.00086__03000ms__0014.npy
lstm,jazz__jazz.00086,jazz,15,jazz,jazz,1,0.9366075992584229,E:\dl\mel_cache\lm3_base_v1\test\jazz\jazz.00086__03000ms__0015.npy
lstm,jazz__jazz.00086,jazz,16,jazz,pop,0,0.3857628405094147,E:\dl\mel_cache\lm3_base_v1\test\jazz\jazz.00086__03000ms__0016.npy
lstm,jazz__jazz.00086,jazz,17,jazz,jazz,1,0.7962082624435425,E:\dl\mel_cache\lm3_base_v1\test\jazz\jazz.00086__03000ms__0017.npy
lstm,jazz__jazz.00086,jazz,18,jazz,jazz,1,0.9404690861701965,E:\dl\mel_cache\lm3_base_v1\test\jazz\jazz.00086__03000ms__0018.npy
lstm,jazz__jazz.00086,jazz,19,jazz,jazz,1,0.940072774887085,E:\dl\mel_cache\lm3_base_v1\test\jazz\jazz.00086__03000ms__0019.npy
lstm,jazz__jazz.00091,jazz,0,jazz,jazz,1,0.9445818066596985,E:\dl\mel_cache\lm3_base_v1\test\jazz\jazz.00091__03000ms__0000.npy
lstm,jazz__jazz.00091,jazz,1,jazz,jazz,1,0.9528105854988098,E:\dl\mel_cache\lm3_base_v1\test\jazz\jazz.00091__03000ms__0001.npy
lstm,jazz__jazz.00091,jazz,2,jazz,jazz,1,0.911125659942627,E:\dl\mel_cache\lm3_base_v1\test\jazz\jazz.00091__03000ms__0002.npy
lstm,jazz__jazz.00091,jazz,3,jazz,jazz,1,0.8666919469833374,E:\dl\mel_cache\lm3_base_v1\test\jazz\jazz.00091__03000ms__0003.npy
lstm,jazz__jazz.00091,jazz,4,jazz,jazz,1,0.7999597787857056,E:\dl\mel_cache\lm3_base_v1\test\jazz\jazz.00091__03000ms__0004.npy
lstm,jazz__jazz.00091,jazz,5,jazz,pop,0,0.4360726773738861,E:\dl\mel_cache\lm3_base_v1\test\jazz\jazz.00091__03000ms__0005.npy
lstm,jazz__jazz.00091,jazz,6,jazz,jazz,1,0.8849277496337891,E:\dl\mel_cache\lm3_base_v1\test\jazz\jazz.00091__03000ms__0006.npy
lstm,jazz__jazz.00091,jazz,7,jazz,jazz,1,0.9522736668586731,E:\dl\mel_cache\lm3_base_v1\test\jazz\jazz.00091__03000ms__0007.npy
lstm,jazz__jazz.00091,jazz,8,jazz,jazz,1,0.937143862247467,E:\dl\mel_cache\lm3_base_v1\test\jazz\jazz.00091__03000ms__0008.npy
lstm,jazz__jazz.00091,jazz,9,jazz,jazz,1,0.9418877959251404,E:\dl\mel_cache\lm3_base_v1\test\jazz\jazz.00091__03000ms__0009.npy
lstm,jazz__jazz.00091,jazz,10,jazz,jazz,1,0.9465730786323547,E:\dl\mel_cache\lm3_base_v1\test\jazz\jazz.00091__03000ms__0010.npy
lstm,jazz__jazz.00091,jazz,11,jazz,jazz,1,0.9335343241691589,E:\dl\mel_cache\lm3_base_v1\test\jazz\jazz.00091__03000ms__0011.npy
lstm,jazz__jazz.00091,jazz,12,jazz,jazz,1,0.9308093190193176,E:\dl\mel_cache\lm3_base_v1\test\jazz\jazz.00091__03000ms__0012.npy
lstm,jazz__jazz.00091,jazz,13,jazz,jazz,1,0.942448616027832,E:\dl\mel_cache\lm3_base_v1\test\jazz\jazz.00091__03000ms__0013.npy
lstm,jazz__jazz.00091,jazz,14,jazz,jazz,1,0.932134747505188,E:\dl\mel_cache\lm3_base_v1\test\jazz\jazz.00091__03000ms__0014.npy
lstm,jazz__jazz.00091,jazz,15,jazz,jazz,1,0.9212499260902405,E:\dl\mel_cache\lm3_base_v1\test\jazz\jazz.00091__03000ms__0015.npy
lstm,jazz__jazz.00091,jazz,16,jazz,jazz,1,0.6910717487335205,E:\dl\mel_cache\lm3_base_v1\test\jazz\jazz.00091__03000ms__0016.npy
lstm,jazz__jazz.00091,jazz,17,jazz,jazz,1,0.7266479134559631,E:\dl\mel_cache\lm3_base_v1\test\jazz\jazz.00091__03000ms__0017.npy
lstm,jazz__jazz.00091,jazz,18,jazz,jazz,1,0.8740594983100891,E:\dl\mel_cache\lm3_base_v1\test\jazz\jazz.00091__03000ms__0018.npy
lstm,jazz__jazz.00091,jazz,19,jazz,jazz,1,0.8576063513755798,E:\dl\mel_cache\lm3_base_v1\test\jazz\jazz.00091__03000ms__0019.npy
lstm,jazz__jazz.00092,jazz,0,jazz,jazz,1,0.8993947505950928,E:\dl\mel_cache\lm3_base_v1\test\jazz\jazz.00092__03000ms__0000.npy
lstm,jazz__jazz.00092,jazz,1,jazz,jazz,1,0.9108476638793945,E:\dl\mel_cache\lm3_base_v1\test\jazz\jazz.00092__03000ms__0001.npy
lstm,jazz__jazz.00092,jazz,2,jazz,jazz,1,0.9427081942558289,E:\dl\mel_cache\lm3_base_v1\test\jazz\jazz.00092__03000ms__0002.npy
lstm,jazz__jazz.00092,jazz,3,jazz,jazz,1,0.950459361076355,E:\dl\mel_cache\lm3_base_v1\test\jazz\jazz.00092__03000ms__0003.npy
lstm,jazz__jazz.00092,jazz,4,jazz,jazz,1,0.94908207654953,E:\dl\mel_cache\lm3_base_v1\test\jazz\jazz.00092__03000ms__0004.npy
lstm,jazz__jazz.00092,jazz,5,jazz,jazz,1,0.9514700174331665,E:\dl\mel_cache\lm3_base_v1\test\jazz\jazz.00092__03000ms__0005.npy
lstm,jazz__jazz.00092,jazz,6,jazz,jazz,1,0.9363542795181274,E:\dl\mel_cache\lm3_base_v1\test\jazz\jazz.00092__03000ms__0006.npy
lstm,jazz__jazz.00092,jazz,7,jazz,jazz,1,0.9421555399894714,E:\dl\mel_cache\lm3_base_v1\test\jazz\jazz.00092__03000ms__0007.npy
lstm,jazz__jazz.00092,jazz,8,jazz,jazz,1,0.9497672319412231,E:\dl\mel_cache\lm3_base_v1\test\jazz\jazz.00092__03000ms__0008.npy
lstm,jazz__jazz.00092,jazz,9,jazz,jazz,1,0.9533920884132385,E:\dl\mel_cache\lm3_base_v1\test\jazz\jazz.00092__03000ms__0009.npy
lstm,jazz__jazz.00092,jazz,10,jazz,jazz,1,0.9504159688949585,E:\dl\mel_cache\lm3_base_v1\test\jazz\jazz.00092__03000ms__0010.npy
lstm,jazz__jazz.00092,jazz,11,jazz,jazz,1,0.91717529296875,E:\dl\mel_cache\lm3_base_v1\test\jazz\jazz.00092__03000ms__0011.npy
lstm,jazz__jazz.00092,jazz,12,jazz,jazz,1,0.9195568561553955,E:\dl\mel_cache\lm3_base_v1\test\jazz\jazz.00092__03000ms__0012.npy
lstm,jazz__jazz.00092,jazz,13,jazz,jazz,1,0.9227473139762878,E:\dl\mel_cache\lm3_base_v1\test\jazz\jazz.00092__03000ms__0013.npy
lstm,jazz__jazz.00092,jazz,14,jazz,jazz,1,0.9250491261482239,E:\dl\mel_cache\lm3_base_v1\test\jazz\jazz.00092__03000ms__0014.npy
lstm,jazz__jazz.00092,jazz,15,jazz,jazz,1,0.9350078701972961,E:\dl\mel_cache\lm3_base_v1\test\jazz\jazz.00092__03000ms__0015.npy
lstm,jazz__jazz.00092,jazz,16,jazz,jazz,1,0.9486767649650574,E:\dl\mel_cache\lm3_base_v1\test\jazz\jazz.00092__03000ms__0016.npy
lstm,jazz__jazz.00092,jazz,17,jazz,jazz,1,0.9448434114456177,E:\dl\mel_cache\lm3_base_v1\test\jazz\jazz.00092__03000ms__0017.npy
lstm,jazz__jazz.00092,jazz,18,jazz,jazz,1,0.8969997763633728,E:\dl\mel_cache\lm3_base_v1\test\jazz\jazz.00092__03000ms__0018.npy
lstm,jazz__jazz.00092,jazz,19,jazz,jazz,1,0.8979914784431458,E:\dl\mel_cache\lm3_base_v1\test\jazz\jazz.00092__03000ms__0019.npy
lstm,jazz__jazz.00096,jazz,0,jazz,jazz,1,0.8932726979255676,E:\dl\mel_cache\lm3_base_v1\test\jazz\jazz.00096__03000ms__0000.npy
lstm,jazz__jazz.00096,jazz,1,jazz,jazz,1,0.930432915687561,E:\dl\mel_cache\lm3_base_v1\test\jazz\jazz.00096__03000ms__0001.npy
lstm,jazz__jazz.00096,jazz,2,jazz,jazz,1,0.9196594953536987,E:\dl\mel_cache\lm3_base_v1\test\jazz\jazz.00096__03000ms__0002.npy
lstm,jazz__jazz.00096,jazz,3,jazz,jazz,1,0.8739158511161804,E:\dl\mel_cache\lm3_base_v1\test\jazz\jazz.00096__03000ms__0003.npy
lstm,jazz__jazz.00096,jazz,4,jazz,jazz,1,0.9458521008491516,E:\dl\mel_cache\lm3_base_v1\test\jazz\jazz.00096__03000ms__0004.npy
lstm,jazz__jazz.00096,jazz,5,jazz,jazz,1,0.9473018646240234,E:\dl\mel_cache\lm3_base_v1\test\jazz\jazz.00096__03000ms__0005.npy
lstm,jazz__jazz.00096,jazz,6,jazz,jazz,1,0.909403920173645,E:\dl\mel_cache\lm3_base_v1\test\jazz\jazz.00096__03000ms__0006.npy
lstm,jazz__jazz.00096,jazz,7,jazz,jazz,1,0.9335800409317017,E:\dl\mel_cache\lm3_base_v1\test\jazz\jazz.00096__03000ms__0007.npy
lstm,jazz__jazz.00096,jazz,8,jazz,jazz,1,0.9462603330612183,E:\dl\mel_cache\lm3_base_v1\test\jazz\jazz.00096__03000ms__0008.npy
lstm,jazz__jazz.00096,jazz,9,jazz,jazz,1,0.9504095911979675,E:\dl\mel_cache\lm3_base_v1\test\jazz\jazz.00096__03000ms__0009.npy
lstm,jazz__jazz.00096,jazz,10,jazz,jazz,1,0.6393354535102844,E:\dl\mel_cache\lm3_base_v1\test\jazz\jazz.00096__03000ms__0010.npy
lstm,jazz__jazz.00096,jazz,11,jazz,jazz,1,0.9060866236686707,E:\dl\mel_cache\lm3_base_v1\test\jazz\jazz.00096__03000ms__0011.npy
lstm,jazz__jazz.00096,jazz,12,jazz,jazz,1,0.9313136339187622,E:\dl\mel_cache\lm3_base_v1\test\jazz\jazz.00096__03000ms__0012.npy
lstm,jazz__jazz.00096,jazz,13,jazz,jazz,1,0.8767490983009338,E:\dl\mel_cache\lm3_base_v1\test\jazz\jazz.00096__03000ms__0013.npy
lstm,jazz__jazz.00096,jazz,14,jazz,rock,0,0.47975054383277893,E:\dl\mel_cache\lm3_base_v1\test\jazz\jazz.00096__03000ms__0014.npy
lstm,jazz__jazz.00096,jazz,15,jazz,rock,0,0.3546835482120514,E:\dl\mel_cache\lm3_base_v1\test\jazz\jazz.00096__03000ms__0015.npy
lstm,jazz__jazz.00096,jazz,16,jazz,jazz,1,0.9337922930717468,E:\dl\mel_cache\lm3_base_v1\test\jazz\jazz.00096__03000ms__0016.npy
lstm,jazz__jazz.00096,jazz,17,jazz,jazz,1,0.9165982007980347,E:\dl\mel_cache\lm3_base_v1\test\jazz\jazz.00096__03000ms__0017.npy
lstm,jazz__jazz.00096,jazz,18,jazz,jazz,1,0.9071051478385925,E:\dl\mel_cache\lm3_base_v1\test\jazz\jazz.00096__03000ms__0018.npy
lstm,jazz__jazz.00096,jazz,19,jazz,jazz,1,0.8981903791427612,E:\dl\mel_cache\lm3_base_v1\test\jazz\jazz.00096__03000ms__0019.npy
lstm,jazz__jazz.00099,jazz,0,jazz,jazz,1,0.9289453625679016,E:\dl\mel_cache\lm3_base_v1\test\jazz\jazz.00099__03000ms__0000.npy
lstm,jazz__jazz.00099,jazz,1,jazz,jazz,1,0.9301274418830872,E:\dl\mel_cache\lm3_base_v1\test\jazz\jazz.00099__03000ms__0001.npy
lstm,jazz__jazz.00099,jazz,2,jazz,jazz,1,0.9222375154495239,E:\dl\mel_cache\lm3_base_v1\test\jazz\jazz.00099__03000ms__0002.npy
lstm,jazz__jazz.00099,jazz,3,jazz,jazz,1,0.9084668755531311,E:\dl\mel_cache\lm3_base_v1\test\jazz\jazz.00099__03000ms__0003.npy
lstm,jazz__jazz.00099,jazz,4,jazz,jazz,1,0.8368441462516785,E:\dl\mel_cache\lm3_base_v1\test\jazz\jazz.00099__03000ms__0004.npy
lstm,jazz__jazz.00099,jazz,5,jazz,jazz,1,0.8032251596450806,E:\dl\mel_cache\lm3_base_v1\test\jazz\jazz.00099__03000ms__0005.npy
lstm,jazz__jazz.00099,jazz,6,jazz,jazz,1,0.7027864456176758,E:\dl\mel_cache\lm3_base_v1\test\jazz\jazz.00099__03000ms__0006.npy
lstm,jazz__jazz.00099,jazz,7,jazz,jazz,1,0.8276361227035522,E:\dl\mel_cache\lm3_base_v1\test\jazz\jazz.00099__03000ms__0007.npy
lstm,jazz__jazz.00099,jazz,8,jazz,jazz,1,0.8957802057266235,E:\dl\mel_cache\lm3_base_v1\test\jazz\jazz.00099__03000ms__0008.npy
lstm,jazz__jazz.00099,jazz,9,jazz,jazz,1,0.6581465601921082,E:\dl\mel_cache\lm3_base_v1\test\jazz\jazz.00099__03000ms__0009.npy
lstm,jazz__jazz.00099,jazz,10,jazz,jazz,1,0.5980099439620972,E:\dl\mel_cache\lm3_base_v1\test\jazz\jazz.00099__03000ms__0010.npy
lstm,jazz__jazz.00099,jazz,11,jazz,jazz,1,0.9238214492797852,E:\dl\mel_cache\lm3_base_v1\test\jazz\jazz.00099__03000ms__0011.npy
lstm,jazz__jazz.00099,jazz,12,jazz,jazz,1,0.9384592175483704,E:\dl\mel_cache\lm3_base_v1\test\jazz\jazz.00099__03000ms__0012.npy
lstm,jazz__jazz.00099,jazz,13,jazz,jazz,1,0.901932418346405,E:\dl\mel_cache\lm3_base_v1\test\jazz\jazz.00099__03000ms__0013.npy
lstm,jazz__jazz.00099,jazz,14,jazz,jazz,1,0.9257832169532776,E:\dl\mel_cache\lm3_base_v1\test\jazz\jazz.00099__03000ms__0014.npy
lstm,jazz__jazz.00099,jazz,15,jazz,jazz,1,0.9397912621498108,E:\dl\mel_cache\lm3_base_v1\test\jazz\jazz.00099__03000ms__0015.npy
lstm,jazz__jazz.00099,jazz,16,jazz,jazz,1,0.921756386756897,E:\dl\mel_cache\lm3_base_v1\test\jazz\jazz.00099__03000ms__0016.npy
lstm,jazz__jazz.00099,jazz,17,jazz,jazz,1,0.8765128254890442,E:\dl\mel_cache\lm3_base_v1\test\jazz\jazz.00099__03000ms__0017.npy
lstm,jazz__jazz.00099,jazz,18,jazz,jazz,1,0.923680305480957,E:\dl\mel_cache\lm3_base_v1\test\jazz\jazz.00099__03000ms__0018.npy
lstm,jazz__jazz.00099,jazz,19,jazz,jazz,1,0.9264513850212097,E:\dl\mel_cache\lm3_base_v1\test\jazz\jazz.00099__03000ms__0019.npy
lstm,metal__metal.00002,metal,0,metal,metal,1,0.7484510540962219,E:\dl\mel_cache\lm3_base_v1\test\metal\metal.00002__03000ms__0000.npy
lstm,metal__metal.00002,metal,1,metal,metal,1,0.8416286706924438,E:\dl\mel_cache\lm3_base_v1\test\metal\metal.00002__03000ms__0001.npy
lstm,metal__metal.00002,metal,2,metal,metal,1,0.8003019094467163,E:\dl\mel_cache\lm3_base_v1\test\metal\metal.00002__03000ms__0002.npy
lstm,metal__metal.00002,metal,3,metal,metal,1,0.6898289322853088,E:\dl\mel_cache\lm3_base_v1\test\metal\metal.00002__03000ms__0003.npy
lstm,metal__metal.00002,metal,4,metal,metal,1,0.5108094811439514,E:\dl\mel_cache\lm3_base_v1\test\metal\metal.00002__03000ms__0004.npy
lstm,metal__metal.00002,metal,5,metal,metal,1,0.7281661629676819,E:\dl\mel_cache\lm3_base_v1\test\metal\metal.00002__03000ms__0005.npy
lstm,metal__metal.00002,metal,6,metal,metal,1,0.7015076875686646,E:\dl\mel_cache\lm3_base_v1\test\metal\metal.00002__03000ms__0006.npy
lstm,metal__metal.00002,metal,7,metal,metal,1,0.7104883193969727,E:\dl\mel_cache\lm3_base_v1\test\metal\metal.00002__03000ms__0007.npy
lstm,metal__metal.00002,metal,8,metal,metal,1,0.7191552519798279,E:\dl\mel_cache\lm3_base_v1\test\metal\metal.00002__03000ms__0008.npy
lstm,metal__metal.00002,metal,9,metal,metal,1,0.6101129055023193,E:\dl\mel_cache\lm3_base_v1\test\metal\metal.00002__03000ms__0009.npy
lstm,metal__metal.00002,metal,10,metal,metal,1,0.4973505139350891,E:\dl\mel_cache\lm3_base_v1\test\metal\metal.00002__03000ms__0010.npy
lstm,metal__metal.00002,metal,11,metal,metal,1,0.5503848195075989,E:\dl\mel_cache\lm3_base_v1\test\metal\metal.00002__03000ms__0011.npy
lstm,metal__metal.00002,metal,12,metal,metal,1,0.6954514384269714,E:\dl\mel_cache\lm3_base_v1\test\metal\metal.00002__03000ms__0012.npy
lstm,metal__metal.00002,metal,13,metal,metal,1,0.7344803214073181,E:\dl\mel_cache\lm3_base_v1\test\metal\metal.00002__03000ms__0013.npy
lstm,metal__metal.00002,metal,14,metal,metal,1,0.704220712184906,E:\dl\mel_cache\lm3_base_v1\test\metal\metal.00002__03000ms__0014.npy
lstm,metal__metal.00002,metal,15,metal,metal,1,0.4832008183002472,E:\dl\mel_cache\lm3_base_v1\test\metal\metal.00002__03000ms__0015.npy
lstm,metal__metal.00002,metal,16,metal,metal,1,0.6216291189193726,E:\dl\mel_cache\lm3_base_v1\test\metal\metal.00002__03000ms__0016.npy
lstm,metal__metal.00002,metal,17,metal,metal,1,0.8685027360916138,E:\dl\mel_cache\lm3_base_v1\test\metal\metal.00002__03000ms__0017.npy
lstm,metal__metal.00002,metal,18,metal,rock,0,0.7184691429138184,E:\dl\mel_cache\lm3_base_v1\test\metal\metal.00002__03000ms__0018.npy
lstm,metal__metal.00002,metal,19,metal,rock,0,0.7216352224349976,E:\dl\mel_cache\lm3_base_v1\test\metal\metal.00002__03000ms__0019.npy
lstm,metal__metal.00004,metal,0,metal,metal,1,0.9153850674629211,E:\dl\mel_cache\lm3_base_v1\test\metal\metal.00004__03000ms__0000.npy
lstm,metal__metal.00004,metal,1,metal,metal,1,0.9316520094871521,E:\dl\mel_cache\lm3_base_v1\test\metal\metal.00004__03000ms__0001.npy
lstm,metal__metal.00004,metal,2,metal,metal,1,0.9221401810646057,E:\dl\mel_cache\lm3_base_v1\test\metal\metal.00004__03000ms__0002.npy
lstm,metal__metal.00004,metal,3,metal,metal,1,0.9297070503234863,E:\dl\mel_cache\lm3_base_v1\test\metal\metal.00004__03000ms__0003.npy
lstm,metal__metal.00004,metal,4,metal,metal,1,0.904364824295044,E:\dl\mel_cache\lm3_base_v1\test\metal\metal.00004__03000ms__0004.npy
lstm,metal__metal.00004,metal,5,metal,metal,1,0.8686848282814026,E:\dl\mel_cache\lm3_base_v1\test\metal\metal.00004__03000ms__0005.npy
lstm,metal__metal.00004,metal,6,metal,metal,1,0.8934497833251953,E:\dl\mel_cache\lm3_base_v1\test\metal\metal.00004__03000ms__0006.npy
lstm,metal__metal.00004,metal,7,metal,metal,1,0.9239881038665771,E:\dl\mel_cache\lm3_base_v1\test\metal\metal.00004__03000ms__0007.npy
lstm,metal__metal.00004,metal,8,metal,metal,1,0.930000364780426,E:\dl\mel_cache\lm3_base_v1\test\metal\metal.00004__03000ms__0008.npy
lstm,metal__metal.00004,metal,9,metal,metal,1,0.8958034515380859,E:\dl\mel_cache\lm3_base_v1\test\metal\metal.00004__03000ms__0009.npy
lstm,metal__metal.00004,metal,10,metal,metal,1,0.8631539344787598,E:\dl\mel_cache\lm3_base_v1\test\metal\metal.00004__03000ms__0010.npy
lstm,metal__metal.00004,metal,11,metal,metal,1,0.9043692350387573,E:\dl\mel_cache\lm3_base_v1\test\metal\metal.00004__03000ms__0011.npy
lstm,metal__metal.00004,metal,12,metal,metal,1,0.918397843837738,E:\dl\mel_cache\lm3_base_v1\test\metal\metal.00004__03000ms__0012.npy
lstm,metal__metal.00004,metal,13,metal,metal,1,0.9112436175346375,E:\dl\mel_cache\lm3_base_v1\test\metal\metal.00004__03000ms__0013.npy
lstm,metal__metal.00004,metal,14,metal,metal,1,0.9144685864448547,E:\dl\mel_cache\lm3_base_v1\test\metal\metal.00004__03000ms__0014.npy
lstm,metal__metal.00004,metal,15,metal,metal,1,0.9043787121772766,E:\dl\mel_cache\lm3_base_v1\test\metal\metal.00004__03000ms__0015.npy
lstm,metal__metal.00004,metal,16,metal,metal,1,0.8825584053993225,E:\dl\mel_cache\lm3_base_v1\test\metal\metal.00004__03000ms__0016.npy
lstm,metal__metal.00004,metal,17,metal,metal,1,0.9060158729553223,E:\dl\mel_cache\lm3_base_v1\test\metal\metal.00004__03000ms__0017.npy
lstm,metal__metal.00004,metal,18,metal,metal,1,0.9206278324127197,E:\dl\mel_cache\lm3_base_v1\test\metal\metal.00004__03000ms__0018.npy
lstm,metal__metal.00004,metal,19,metal,metal,1,0.9204902648925781,E:\dl\mel_cache\lm3_base_v1\test\metal\metal.00004__03000ms__0019.npy
lstm,metal__metal.00012,metal,0,metal,metal,1,0.9315437078475952,E:\dl\mel_cache\lm3_base_v1\test\metal\metal.00012__03000ms__0000.npy
lstm,metal__metal.00012,metal,1,metal,metal,1,0.9348608255386353,E:\dl\mel_cache\lm3_base_v1\test\metal\metal.00012__03000ms__0001.npy
lstm,metal__metal.00012,metal,2,metal,metal,1,0.9256905913352966,E:\dl\mel_cache\lm3_base_v1\test\metal\metal.00012__03000ms__0002.npy
lstm,metal__metal.00012,metal,3,metal,metal,1,0.9404395818710327,E:\dl\mel_cache\lm3_base_v1\test\metal\metal.00012__03000ms__0003.npy
lstm,metal__metal.00012,metal,4,metal,metal,1,0.9422615766525269,E:\dl\mel_cache\lm3_base_v1\test\metal\metal.00012__03000ms__0004.npy
lstm,metal__metal.00012,metal,5,metal,metal,1,0.9411821961402893,E:\dl\mel_cache\lm3_base_v1\test\metal\metal.00012__03000ms__0005.npy
lstm,metal__metal.00012,metal,6,metal,metal,1,0.9422667622566223,E:\dl\mel_cache\lm3_base_v1\test\metal\metal.00012__03000ms__0006.npy
lstm,metal__metal.00012,metal,7,metal,metal,1,0.9422060251235962,E:\dl\mel_cache\lm3_base_v1\test\metal\metal.00012__03000ms__0007.npy
lstm,metal__metal.00012,metal,8,metal,metal,1,0.942835807800293,E:\dl\mel_cache\lm3_base_v1\test\metal\metal.00012__03000ms__0008.npy
lstm,metal__metal.00012,metal,9,metal,metal,1,0.9375383257865906,E:\dl\mel_cache\lm3_base_v1\test\metal\metal.00012__03000ms__0009.npy
lstm,metal__metal.00012,metal,10,metal,metal,1,0.9403218030929565,E:\dl\mel_cache\lm3_base_v1\test\metal\metal.00012__03000ms__0010.npy
lstm,metal__metal.00012,metal,11,metal,metal,1,0.9388700723648071,E:\dl\mel_cache\lm3_base_v1\test\metal\metal.00012__03000ms__0011.npy
lstm,metal__metal.00012,metal,12,metal,metal,1,0.9356120824813843,E:\dl\mel_cache\lm3_base_v1\test\metal\metal.00012__03000ms__0012.npy
lstm,metal__metal.00012,metal,13,metal,metal,1,0.9380802512168884,E:\dl\mel_cache\lm3_base_v1\test\metal\metal.00012__03000ms__0013.npy
lstm,metal__metal.00012,metal,14,metal,metal,1,0.9337354302406311,E:\dl\mel_cache\lm3_base_v1\test\metal\metal.00012__03000ms__0014.npy
lstm,metal__metal.00012,metal,15,metal,metal,1,0.9381487369537354,E:\dl\mel_cache\lm3_base_v1\test\metal\metal.00012__03000ms__0015.npy
lstm,metal__metal.00012,metal,16,metal,metal,1,0.9416042566299438,E:\dl\mel_cache\lm3_base_v1\test\metal\metal.00012__03000ms__0016.npy
lstm,metal__metal.00012,metal,17,metal,metal,1,0.9427986145019531,E:\dl\mel_cache\lm3_base_v1\test\metal\metal.00012__03000ms__0017.npy
lstm,metal__metal.00012,metal,18,metal,metal,1,0.942523717880249,E:\dl\mel_cache\lm3_base_v1\test\metal\metal.00012__03000ms__0018.npy
lstm,metal__metal.00012,metal,19,metal,metal,1,0.9425156712532043,E:\dl\mel_cache\lm3_base_v1\test\metal\metal.00012__03000ms__0019.npy
lstm,metal__metal.00022,metal,0,metal,metal,1,0.9013020396232605,E:\dl\mel_cache\lm3_base_v1\test\metal\metal.00022__03000ms__0000.npy
lstm,metal__metal.00022,metal,1,metal,rock,0,0.4736380875110626,E:\dl\mel_cache\lm3_base_v1\test\metal\metal.00022__03000ms__0001.npy
lstm,metal__metal.00022,metal,2,metal,metal,1,0.8578993082046509,E:\dl\mel_cache\lm3_base_v1\test\metal\metal.00022__03000ms__0002.npy
lstm,metal__metal.00022,metal,3,metal,metal,1,0.635587751865387,E:\dl\mel_cache\lm3_base_v1\test\metal\metal.00022__03000ms__0003.npy
lstm,metal__metal.00022,metal,4,metal,metal,1,0.4971240162849426,E:\dl\mel_cache\lm3_base_v1\test\metal\metal.00022__03000ms__0004.npy
lstm,metal__metal.00022,metal,5,metal,metal,1,0.6419426202774048,E:\dl\mel_cache\lm3_base_v1\test\metal\metal.00022__03000ms__0005.npy
lstm,metal__metal.00022,metal,6,metal,metal,1,0.4533272087574005,E:\dl\mel_cache\lm3_base_v1\test\metal\metal.00022__03000ms__0006.npy
lstm,metal__metal.00022,metal,7,metal,metal,1,0.5716567635536194,E:\dl\mel_cache\lm3_base_v1\test\metal\metal.00022__03000ms__0007.npy
lstm,metal__metal.00022,metal,8,metal,rock,0,0.8048766255378723,E:\dl\mel_cache\lm3_base_v1\test\metal\metal.00022__03000ms__0008.npy
lstm,metal__metal.00022,metal,9,metal,rock,0,0.7043606042861938,E:\dl\mel_cache\lm3_base_v1\test\metal\metal.00022__03000ms__0009.npy
lstm,metal__metal.00022,metal,10,metal,rock,0,0.7542258501052856,E:\dl\mel_cache\lm3_base_v1\test\metal\metal.00022__03000ms__0010.npy
lstm,metal__metal.00022,metal,11,metal,rock,0,0.7261669635772705,E:\dl\mel_cache\lm3_base_v1\test\metal\metal.00022__03000ms__0011.npy
lstm,metal__metal.00022,metal,12,metal,metal,1,0.4533175230026245,E:\dl\mel_cache\lm3_base_v1\test\metal\metal.00022__03000ms__0012.npy
lstm,metal__metal.00022,metal,13,metal,rock,0,0.5753917098045349,E:\dl\mel_cache\lm3_base_v1\test\metal\metal.00022__03000ms__0013.npy
lstm,metal__metal.00022,metal,14,metal,rock,0,0.44329482316970825,E:\dl\mel_cache\lm3_base_v1\test\metal\metal.00022__03000ms__0014.npy
lstm,metal__metal.00022,metal,15,metal,rock,0,0.7699293494224548,E:\dl\mel_cache\lm3_base_v1\test\metal\metal.00022__03000ms__0015.npy
lstm,metal__metal.00022,metal,16,metal,rock,0,0.6145688891410828,E:\dl\mel_cache\lm3_base_v1\test\metal\metal.00022__03000ms__0016.npy
lstm,metal__metal.00022,metal,17,metal,rock,0,0.7535894513130188,E:\dl\mel_cache\lm3_base_v1\test\metal\metal.00022__03000ms__0017.npy
lstm,metal__metal.00022,metal,18,metal,rock,0,0.7833173274993896,E:\dl\mel_cache\lm3_base_v1\test\metal\metal.00022__03000ms__0018.npy
lstm,metal__metal.00022,metal,19,metal,rock,0,0.7820309400558472,E:\dl\mel_cache\lm3_base_v1\test\metal\metal.00022__03000ms__0019.npy
lstm,metal__metal.00024,metal,0,metal,metal,1,0.9011282324790955,E:\dl\mel_cache\lm3_base_v1\test\metal\metal.00024__03000ms__0000.npy
lstm,metal__metal.00024,metal,1,metal,metal,1,0.9059133529663086,E:\dl\mel_cache\lm3_base_v1\test\metal\metal.00024__03000ms__0001.npy
lstm,metal__metal.00024,metal,2,metal,metal,1,0.9212793707847595,E:\dl\mel_cache\lm3_base_v1\test\metal\metal.00024__03000ms__0002.npy
lstm,metal__metal.00024,metal,3,metal,metal,1,0.9215342998504639,E:\dl\mel_cache\lm3_base_v1\test\metal\metal.00024__03000ms__0003.npy
lstm,metal__metal.00024,metal,4,metal,metal,1,0.8958396911621094,E:\dl\mel_cache\lm3_base_v1\test\metal\metal.00024__03000ms__0004.npy
lstm,metal__metal.00024,metal,5,metal,metal,1,0.9072827100753784,E:\dl\mel_cache\lm3_base_v1\test\metal\metal.00024__03000ms__0005.npy
lstm,metal__metal.00024,metal,6,metal,metal,1,0.9289763569831848,E:\dl\mel_cache\lm3_base_v1\test\metal\metal.00024__03000ms__0006.npy
lstm,metal__metal.00024,metal,7,metal,metal,1,0.9266387820243835,E:\dl\mel_cache\lm3_base_v1\test\metal\metal.00024__03000ms__0007.npy
lstm,metal__metal.00024,metal,8,metal,metal,1,0.9238177537918091,E:\dl\mel_cache\lm3_base_v1\test\metal\metal.00024__03000ms__0008.npy
lstm,metal__metal.00024,metal,9,metal,metal,1,0.9099498391151428,E:\dl\mel_cache\lm3_base_v1\test\metal\metal.00024__03000ms__0009.npy
lstm,metal__metal.00024,metal,10,metal,metal,1,0.908089280128479,E:\dl\mel_cache\lm3_base_v1\test\metal\metal.00024__03000ms__0010.npy
lstm,metal__metal.00024,metal,11,metal,metal,1,0.9096222519874573,E:\dl\mel_cache\lm3_base_v1\test\metal\metal.00024__03000ms__0011.npy
lstm,metal__metal.00024,metal,12,metal,metal,1,0.9111035466194153,E:\dl\mel_cache\lm3_base_v1\test\metal\metal.00024__03000ms__0012.npy
lstm,metal__metal.00024,metal,13,metal,metal,1,0.9112399220466614,E:\dl\mel_cache\lm3_base_v1\test\metal\metal.00024__03000ms__0013.npy
lstm,metal__metal.00024,metal,14,metal,metal,1,0.9099326133728027,E:\dl\mel_cache\lm3_base_v1\test\metal\metal.00024__03000ms__0014.npy
lstm,metal__metal.00024,metal,15,metal,metal,1,0.9120745658874512,E:\dl\mel_cache\lm3_base_v1\test\metal\metal.00024__03000ms__0015.npy
lstm,metal__metal.00024,metal,16,metal,metal,1,0.9030043482780457,E:\dl\mel_cache\lm3_base_v1\test\metal\metal.00024__03000ms__0016.npy
lstm,metal__metal.00024,metal,17,metal,metal,1,0.9080424904823303,E:\dl\mel_cache\lm3_base_v1\test\metal\metal.00024__03000ms__0017.npy
lstm,metal__metal.00024,metal,18,metal,metal,1,0.920041561126709,E:\dl\mel_cache\lm3_base_v1\test\metal\metal.00024__03000ms__0018.npy
lstm,metal__metal.00024,metal,19,metal,metal,1,0.9204574227333069,E:\dl\mel_cache\lm3_base_v1\test\metal\metal.00024__03000ms__0019.npy
lstm,metal__metal.00030,metal,0,metal,rock,0,0.7408605217933655,E:\dl\mel_cache\lm3_base_v1\test\metal\metal.00030__03000ms__0000.npy
lstm,metal__metal.00030,metal,1,metal,rock,0,0.7421494126319885,E:\dl\mel_cache\lm3_base_v1\test\metal\metal.00030__03000ms__0001.npy
lstm,metal__metal.00030,metal,2,metal,rock,0,0.6297247409820557,E:\dl\mel_cache\lm3_base_v1\test\metal\metal.00030__03000ms__0002.npy
lstm,metal__metal.00030,metal,3,metal,rock,0,0.4253849387168884,E:\dl\mel_cache\lm3_base_v1\test\metal\metal.00030__03000ms__0003.npy
lstm,metal__metal.00030,metal,4,metal,rock,0,0.5132904052734375,E:\dl\mel_cache\lm3_base_v1\test\metal\metal.00030__03000ms__0004.npy
lstm,metal__metal.00030,metal,5,metal,rock,0,0.7815090417861938,E:\dl\mel_cache\lm3_base_v1\test\metal\metal.00030__03000ms__0005.npy
lstm,metal__metal.00030,metal,6,metal,rock,0,0.8286446928977966,E:\dl\mel_cache\lm3_base_v1\test\metal\metal.00030__03000ms__0006.npy
lstm,metal__metal.00030,metal,7,metal,rock,0,0.704450786113739,E:\dl\mel_cache\lm3_base_v1\test\metal\metal.00030__03000ms__0007.npy
lstm,metal__metal.00030,metal,8,metal,rock,0,0.506472647190094,E:\dl\mel_cache\lm3_base_v1\test\metal\metal.00030__03000ms__0008.npy
lstm,metal__metal.00030,metal,9,metal,rock,0,0.35982149839401245,E:\dl\mel_cache\lm3_base_v1\test\metal\metal.00030__03000ms__0009.npy
lstm,metal__metal.00030,metal,10,metal,metal,1,0.3271767497062683,E:\dl\mel_cache\lm3_base_v1\test\metal\metal.00030__03000ms__0010.npy
lstm,metal__metal.00030,metal,11,metal,metal,1,0.460304319858551,E:\dl\mel_cache\lm3_base_v1\test\metal\metal.00030__03000ms__0011.npy
lstm,metal__metal.00030,metal,12,metal,metal,1,0.7642562389373779,E:\dl\mel_cache\lm3_base_v1\test\metal\metal.00030__03000ms__0012.npy
lstm,metal__metal.00030,metal,13,metal,metal,1,0.8292164206504822,E:\dl\mel_cache\lm3_base_v1\test\metal\metal.00030__03000ms__0013.npy
lstm,metal__metal.00030,metal,14,metal,metal,1,0.810075044631958,E:\dl\mel_cache\lm3_base_v1\test\metal\metal.00030__03000ms__0014.npy
lstm,metal__metal.00030,metal,15,metal,metal,1,0.7512958645820618,E:\dl\mel_cache\lm3_base_v1\test\metal\metal.00030__03000ms__0015.npy
lstm,metal__metal.00030,metal,16,metal,metal,1,0.7953234314918518,E:\dl\mel_cache\lm3_base_v1\test\metal\metal.00030__03000ms__0016.npy
lstm,metal__metal.00030,metal,17,metal,metal,1,0.8144495487213135,E:\dl\mel_cache\lm3_base_v1\test\metal\metal.00030__03000ms__0017.npy
lstm,metal__metal.00030,metal,18,metal,metal,1,0.7680025100708008,E:\dl\mel_cache\lm3_base_v1\test\metal\metal.00030__03000ms__0018.npy
lstm,metal__metal.00030,metal,19,metal,metal,1,0.7640928030014038,E:\dl\mel_cache\lm3_base_v1\test\metal\metal.00030__03000ms__0019.npy
lstm,metal__metal.00049,metal,0,metal,metal,1,0.9358034729957581,E:\dl\mel_cache\lm3_base_v1\test\metal\metal.00049__03000ms__0000.npy
lstm,metal__metal.00049,metal,1,metal,metal,1,0.9305812120437622,E:\dl\mel_cache\lm3_base_v1\test\metal\metal.00049__03000ms__0001.npy
lstm,metal__metal.00049,metal,2,metal,metal,1,0.9314398765563965,E:\dl\mel_cache\lm3_base_v1\test\metal\metal.00049__03000ms__0002.npy
lstm,metal__metal.00049,metal,3,metal,metal,1,0.9319729208946228,E:\dl\mel_cache\lm3_base_v1\test\metal\metal.00049__03000ms__0003.npy
lstm,metal__metal.00049,metal,4,metal,metal,1,0.938698947429657,E:\dl\mel_cache\lm3_base_v1\test\metal\metal.00049__03000ms__0004.npy
lstm,metal__metal.00049,metal,5,metal,metal,1,0.9347513318061829,E:\dl\mel_cache\lm3_base_v1\test\metal\metal.00049__03000ms__0005.npy
lstm,metal__metal.00049,metal,6,metal,metal,1,0.9312883019447327,E:\dl\mel_cache\lm3_base_v1\test\metal\metal.00049__03000ms__0006.npy
lstm,metal__metal.00049,metal,7,metal,metal,1,0.9300203919410706,E:\dl\mel_cache\lm3_base_v1\test\metal\metal.00049__03000ms__0007.npy
lstm,metal__metal.00049,metal,8,metal,metal,1,0.9285810589790344,E:\dl\mel_cache\lm3_base_v1\test\metal\metal.00049__03000ms__0008.npy
lstm,metal__metal.00049,metal,9,metal,metal,1,0.9293866753578186,E:\dl\mel_cache\lm3_base_v1\test\metal\metal.00049__03000ms__0009.npy
lstm,metal__metal.00049,metal,10,metal,metal,1,0.9274225234985352,E:\dl\mel_cache\lm3_base_v1\test\metal\metal.00049__03000ms__0010.npy
lstm,metal__metal.00049,metal,11,metal,metal,1,0.9309582710266113,E:\dl\mel_cache\lm3_base_v1\test\metal\metal.00049__03000ms__0011.npy
lstm,metal__metal.00049,metal,12,metal,metal,1,0.9330785870552063,E:\dl\mel_cache\lm3_base_v1\test\metal\metal.00049__03000ms__0012.npy
lstm,metal__metal.00049,metal,13,metal,metal,1,0.9303799271583557,E:\dl\mel_cache\lm3_base_v1\test\metal\metal.00049__03000ms__0013.npy
lstm,metal__metal.00049,metal,14,metal,metal,1,0.9311147332191467,E:\dl\mel_cache\lm3_base_v1\test\metal\metal.00049__03000ms__0014.npy
lstm,metal__metal.00049,metal,15,metal,metal,1,0.9349098801612854,E:\dl\mel_cache\lm3_base_v1\test\metal\metal.00049__03000ms__0015.npy
lstm,metal__metal.00049,metal,16,metal,metal,1,0.9332541227340698,E:\dl\mel_cache\lm3_base_v1\test\metal\metal.00049__03000ms__0016.npy
lstm,metal__metal.00049,metal,17,metal,metal,1,0.9346105456352234,E:\dl\mel_cache\lm3_base_v1\test\metal\metal.00049__03000ms__0017.npy
lstm,metal__metal.00049,metal,18,metal,metal,1,0.9322148561477661,E:\dl\mel_cache\lm3_base_v1\test\metal\metal.00049__03000ms__0018.npy
lstm,metal__metal.00049,metal,19,metal,metal,1,0.9320567846298218,E:\dl\mel_cache\lm3_base_v1\test\metal\metal.00049__03000ms__0019.npy
lstm,metal__metal.00051,metal,0,metal,metal,1,0.9317559599876404,E:\dl\mel_cache\lm3_base_v1\test\metal\metal.00051__03000ms__0000.npy
lstm,metal__metal.00051,metal,1,metal,metal,1,0.9286561012268066,E:\dl\mel_cache\lm3_base_v1\test\metal\metal.00051__03000ms__0001.npy
lstm,metal__metal.00051,metal,2,metal,metal,1,0.9317952394485474,E:\dl\mel_cache\lm3_base_v1\test\metal\metal.00051__03000ms__0002.npy
lstm,metal__metal.00051,metal,3,metal,metal,1,0.9365181922912598,E:\dl\mel_cache\lm3_base_v1\test\metal\metal.00051__03000ms__0003.npy
lstm,metal__metal.00051,metal,4,metal,metal,1,0.9285125732421875,E:\dl\mel_cache\lm3_base_v1\test\metal\metal.00051__03000ms__0004.npy
lstm,metal__metal.00051,metal,5,metal,metal,1,0.9273932576179504,E:\dl\mel_cache\lm3_base_v1\test\metal\metal.00051__03000ms__0005.npy
lstm,metal__metal.00051,metal,6,metal,metal,1,0.9405826330184937,E:\dl\mel_cache\lm3_base_v1\test\metal\metal.00051__03000ms__0006.npy
lstm,metal__metal.00051,metal,7,metal,metal,1,0.9381179213523865,E:\dl\mel_cache\lm3_base_v1\test\metal\metal.00051__03000ms__0007.npy
lstm,metal__metal.00051,metal,8,metal,metal,1,0.937086820602417,E:\dl\mel_cache\lm3_base_v1\test\metal\metal.00051__03000ms__0008.npy
lstm,metal__metal.00051,metal,9,metal,metal,1,0.9264132380485535,E:\dl\mel_cache\lm3_base_v1\test\metal\metal.00051__03000ms__0009.npy
lstm,metal__metal.00051,metal,10,metal,metal,1,0.9298012256622314,E:\dl\mel_cache\lm3_base_v1\test\metal\metal.00051__03000ms__0010.npy
lstm,metal__metal.00051,metal,11,metal,metal,1,0.9284693002700806,E:\dl\mel_cache\lm3_base_v1\test\metal\metal.00051__03000ms__0011.npy
lstm,metal__metal.00051,metal,12,metal,metal,1,0.9260240197181702,E:\dl\mel_cache\lm3_base_v1\test\metal\metal.00051__03000ms__0012.npy
lstm,metal__metal.00051,metal,13,metal,metal,1,0.9287680387496948,E:\dl\mel_cache\lm3_base_v1\test\metal\metal.00051__03000ms__0013.npy
lstm,metal__metal.00051,metal,14,metal,metal,1,0.9302542805671692,E:\dl\mel_cache\lm3_base_v1\test\metal\metal.00051__03000ms__0014.npy
lstm,metal__metal.00051,metal,15,metal,metal,1,0.9264549612998962,E:\dl\mel_cache\lm3_base_v1\test\metal\metal.00051__03000ms__0015.npy
lstm,metal__metal.00051,metal,16,metal,metal,1,0.9269137382507324,E:\dl\mel_cache\lm3_base_v1\test\metal\metal.00051__03000ms__0016.npy
lstm,metal__metal.00051,metal,17,metal,metal,1,0.9247422814369202,E:\dl\mel_cache\lm3_base_v1\test\metal\metal.00051__03000ms__0017.npy
lstm,metal__metal.00051,metal,18,metal,metal,1,0.9224738478660583,E:\dl\mel_cache\lm3_base_v1\test\metal\metal.00051__03000ms__0018.npy
lstm,metal__metal.00051,metal,19,metal,metal,1,0.9219996333122253,E:\dl\mel_cache\lm3_base_v1\test\metal\metal.00051__03000ms__0019.npy
lstm,metal__metal.00052,metal,0,metal,metal,1,0.9361196160316467,E:\dl\mel_cache\lm3_base_v1\test\metal\metal.00052__03000ms__0000.npy
lstm,metal__metal.00052,metal,1,metal,metal,1,0.9270192384719849,E:\dl\mel_cache\lm3_base_v1\test\metal\metal.00052__03000ms__0001.npy
lstm,metal__metal.00052,metal,2,metal,metal,1,0.9189349412918091,E:\dl\mel_cache\lm3_base_v1\test\metal\metal.00052__03000ms__0002.npy
lstm,metal__metal.00052,metal,3,metal,metal,1,0.9179543256759644,E:\dl\mel_cache\lm3_base_v1\test\metal\metal.00052__03000ms__0003.npy
lstm,metal__metal.00052,metal,4,metal,metal,1,0.917783796787262,E:\dl\mel_cache\lm3_base_v1\test\metal\metal.00052__03000ms__0004.npy
lstm,metal__metal.00052,metal,5,metal,metal,1,0.9220762252807617,E:\dl\mel_cache\lm3_base_v1\test\metal\metal.00052__03000ms__0005.npy
lstm,metal__metal.00052,metal,6,metal,metal,1,0.935759961605072,E:\dl\mel_cache\lm3_base_v1\test\metal\metal.00052__03000ms__0006.npy
lstm,metal__metal.00052,metal,7,metal,metal,1,0.9372125267982483,E:\dl\mel_cache\lm3_base_v1\test\metal\metal.00052__03000ms__0007.npy
lstm,metal__metal.00052,metal,8,metal,metal,1,0.9322450757026672,E:\dl\mel_cache\lm3_base_v1\test\metal\metal.00052__03000ms__0008.npy
lstm,metal__metal.00052,metal,9,metal,metal,1,0.905832827091217,E:\dl\mel_cache\lm3_base_v1\test\metal\metal.00052__03000ms__0009.npy
lstm,metal__metal.00052,metal,10,metal,metal,1,0.9283658266067505,E:\dl\mel_cache\lm3_base_v1\test\metal\metal.00052__03000ms__0010.npy
lstm,metal__metal.00052,metal,11,metal,metal,1,0.932271420955658,E:\dl\mel_cache\lm3_base_v1\test\metal\metal.00052__03000ms__0011.npy
lstm,metal__metal.00052,metal,12,metal,metal,1,0.9294167757034302,E:\dl\mel_cache\lm3_base_v1\test\metal\metal.00052__03000ms__0012.npy
lstm,metal__metal.00052,metal,13,metal,metal,1,0.918891966342926,E:\dl\mel_cache\lm3_base_v1\test\metal\metal.00052__03000ms__0013.npy
lstm,metal__metal.00052,metal,14,metal,metal,1,0.9184699058532715,E:\dl\mel_cache\lm3_base_v1\test\metal\metal.00052__03000ms__0014.npy
lstm,metal__metal.00052,metal,15,metal,metal,1,0.9003332257270813,E:\dl\mel_cache\lm3_base_v1\test\metal\metal.00052__03000ms__0015.npy
lstm,metal__metal.00052,metal,16,metal,metal,1,0.9174210429191589,E:\dl\mel_cache\lm3_base_v1\test\metal\metal.00052__03000ms__0016.npy
lstm,metal__metal.00052,metal,17,metal,metal,1,0.9223518371582031,E:\dl\mel_cache\lm3_base_v1\test\metal\metal.00052__03000ms__0017.npy
lstm,metal__metal.00052,metal,18,metal,metal,1,0.9235000610351562,E:\dl\mel_cache\lm3_base_v1\test\metal\metal.00052__03000ms__0018.npy
lstm,metal__metal.00052,metal,19,metal,metal,1,0.9227511286735535,E:\dl\mel_cache\lm3_base_v1\test\metal\metal.00052__03000ms__0019.npy
lstm,metal__metal.00056,metal,0,metal,metal,1,0.925698459148407,E:\dl\mel_cache\lm3_base_v1\test\metal\metal.00056__03000ms__0000.npy
lstm,metal__metal.00056,metal,1,metal,metal,1,0.9271834492683411,E:\dl\mel_cache\lm3_base_v1\test\metal\metal.00056__03000ms__0001.npy
lstm,metal__metal.00056,metal,2,metal,metal,1,0.9329497218132019,E:\dl\mel_cache\lm3_base_v1\test\metal\metal.00056__03000ms__0002.npy
lstm,metal__metal.00056,metal,3,metal,metal,1,0.9370794892311096,E:\dl\mel_cache\lm3_base_v1\test\metal\metal.00056__03000ms__0003.npy
lstm,metal__metal.00056,metal,4,metal,metal,1,0.9328663945198059,E:\dl\mel_cache\lm3_base_v1\test\metal\metal.00056__03000ms__0004.npy
lstm,metal__metal.00056,metal,5,metal,metal,1,0.9358542561531067,E:\dl\mel_cache\lm3_base_v1\test\metal\metal.00056__03000ms__0005.npy
lstm,metal__metal.00056,metal,6,metal,metal,1,0.934080183506012,E:\dl\mel_cache\lm3_base_v1\test\metal\metal.00056__03000ms__0006.npy
lstm,metal__metal.00056,metal,7,metal,metal,1,0.9331238269805908,E:\dl\mel_cache\lm3_base_v1\test\metal\metal.00056__03000ms__0007.npy
lstm,metal__metal.00056,metal,8,metal,metal,1,0.9326831102371216,E:\dl\mel_cache\lm3_base_v1\test\metal\metal.00056__03000ms__0008.npy
lstm,metal__metal.00056,metal,9,metal,metal,1,0.9279013872146606,E:\dl\mel_cache\lm3_base_v1\test\metal\metal.00056__03000ms__0009.npy
lstm,metal__metal.00056,metal,10,metal,metal,1,0.9214128255844116,E:\dl\mel_cache\lm3_base_v1\test\metal\metal.00056__03000ms__0010.npy
lstm,metal__metal.00056,metal,11,metal,metal,1,0.9322318434715271,E:\dl\mel_cache\lm3_base_v1\test\metal\metal.00056__03000ms__0011.npy
lstm,metal__metal.00056,metal,12,metal,metal,1,0.934709370136261,E:\dl\mel_cache\lm3_base_v1\test\metal\metal.00056__03000ms__0012.npy
lstm,metal__metal.00056,metal,13,metal,metal,1,0.9350603818893433,E:\dl\mel_cache\lm3_base_v1\test\metal\metal.00056__03000ms__0013.npy
lstm,metal__metal.00056,metal,14,metal,metal,1,0.9293974041938782,E:\dl\mel_cache\lm3_base_v1\test\metal\metal.00056__03000ms__0014.npy
lstm,metal__metal.00056,metal,15,metal,metal,1,0.923743486404419,E:\dl\mel_cache\lm3_base_v1\test\metal\metal.00056__03000ms__0015.npy
lstm,metal__metal.00056,metal,16,metal,metal,1,0.9214656949043274,E:\dl\mel_cache\lm3_base_v1\test\metal\metal.00056__03000ms__0016.npy
lstm,metal__metal.00056,metal,17,metal,metal,1,0.9198938608169556,E:\dl\mel_cache\lm3_base_v1\test\metal\metal.00056__03000ms__0017.npy
lstm,metal__metal.00056,metal,18,metal,metal,1,0.9235154986381531,E:\dl\mel_cache\lm3_base_v1\test\metal\metal.00056__03000ms__0018.npy
lstm,metal__metal.00056,metal,19,metal,metal,1,0.923646867275238,E:\dl\mel_cache\lm3_base_v1\test\metal\metal.00056__03000ms__0019.npy
lstm,metal__metal.00069,metal,0,metal,metal,1,0.8238813281059265,E:\dl\mel_cache\lm3_base_v1\test\metal\metal.00069__03000ms__0000.npy
lstm,metal__metal.00069,metal,1,metal,metal,1,0.834574282169342,E:\dl\mel_cache\lm3_base_v1\test\metal\metal.00069__03000ms__0001.npy
lstm,metal__metal.00069,metal,2,metal,metal,1,0.5988534688949585,E:\dl\mel_cache\lm3_base_v1\test\metal\metal.00069__03000ms__0002.npy
lstm,metal__metal.00069,metal,3,metal,disco,0,0.4623141586780548,E:\dl\mel_cache\lm3_base_v1\test\metal\metal.00069__03000ms__0003.npy
lstm,metal__metal.00069,metal,4,metal,reggae,0,0.7356229424476624,E:\dl\mel_cache\lm3_base_v1\test\metal\metal.00069__03000ms__0004.npy
lstm,metal__metal.00069,metal,5,metal,metal,1,0.44184762239456177,E:\dl\mel_cache\lm3_base_v1\test\metal\metal.00069__03000ms__0005.npy
lstm,metal__metal.00069,metal,6,metal,metal,1,0.8681122660636902,E:\dl\mel_cache\lm3_base_v1\test\metal\metal.00069__03000ms__0006.npy
lstm,metal__metal.00069,metal,7,metal,metal,1,0.7915508151054382,E:\dl\mel_cache\lm3_base_v1\test\metal\metal.00069__03000ms__0007.npy
lstm,metal__metal.00069,metal,8,metal,metal,1,0.4715508818626404,E:\dl\mel_cache\lm3_base_v1\test\metal\metal.00069__03000ms__0008.npy
lstm,metal__metal.00069,metal,9,metal,metal,1,0.5338552594184875,E:\dl\mel_cache\lm3_base_v1\test\metal\metal.00069__03000ms__0009.npy
lstm,metal__metal.00069,metal,10,metal,metal,1,0.7510151863098145,E:\dl\mel_cache\lm3_base_v1\test\metal\metal.00069__03000ms__0010.npy
lstm,metal__metal.00069,metal,11,metal,rock,0,0.4233195185661316,E:\dl\mel_cache\lm3_base_v1\test\metal\metal.00069__03000ms__0011.npy
lstm,metal__metal.00069,metal,12,metal,metal,1,0.6931892037391663,E:\dl\mel_cache\lm3_base_v1\test\metal\metal.00069__03000ms__0012.npy
lstm,metal__metal.00069,metal,13,metal,metal,1,0.853947639465332,E:\dl\mel_cache\lm3_base_v1\test\metal\metal.00069__03000ms__0013.npy
lstm,metal__metal.00069,metal,14,metal,metal,1,0.8421854376792908,E:\dl\mel_cache\lm3_base_v1\test\metal\metal.00069__03000ms__0014.npy
lstm,metal__metal.00069,metal,15,metal,metal,1,0.8016449809074402,E:\dl\mel_cache\lm3_base_v1\test\metal\metal.00069__03000ms__0015.npy
lstm,metal__metal.00069,metal,16,metal,metal,1,0.7755425572395325,E:\dl\mel_cache\lm3_base_v1\test\metal\metal.00069__03000ms__0016.npy
lstm,metal__metal.00069,metal,17,metal,rock,0,0.6021204590797424,E:\dl\mel_cache\lm3_base_v1\test\metal\metal.00069__03000ms__0017.npy
lstm,metal__metal.00069,metal,18,metal,rock,0,0.77114337682724,E:\dl\mel_cache\lm3_base_v1\test\metal\metal.00069__03000ms__0018.npy
lstm,metal__metal.00069,metal,19,metal,rock,0,0.7654682397842407,E:\dl\mel_cache\lm3_base_v1\test\metal\metal.00069__03000ms__0019.npy
lstm,metal__metal.00091,metal,0,metal,rock,0,0.9246525764465332,E:\dl\mel_cache\lm3_base_v1\test\metal\metal.00091__03000ms__0000.npy
lstm,metal__metal.00091,metal,1,metal,rock,0,0.9176362156867981,E:\dl\mel_cache\lm3_base_v1\test\metal\metal.00091__03000ms__0001.npy
lstm,metal__metal.00091,metal,2,metal,metal,1,0.4609786868095398,E:\dl\mel_cache\lm3_base_v1\test\metal\metal.00091__03000ms__0002.npy
lstm,metal__metal.00091,metal,3,metal,rock,0,0.9297536015510559,E:\dl\mel_cache\lm3_base_v1\test\metal\metal.00091__03000ms__0003.npy
lstm,metal__metal.00091,metal,4,metal,rock,0,0.9089578986167908,E:\dl\mel_cache\lm3_base_v1\test\metal\metal.00091__03000ms__0004.npy
lstm,metal__metal.00091,metal,5,metal,rock,0,0.9006080031394958,E:\dl\mel_cache\lm3_base_v1\test\metal\metal.00091__03000ms__0005.npy
lstm,metal__metal.00091,metal,6,metal,rock,0,0.853272557258606,E:\dl\mel_cache\lm3_base_v1\test\metal\metal.00091__03000ms__0006.npy
lstm,metal__metal.00091,metal,7,metal,metal,1,0.4023212194442749,E:\dl\mel_cache\lm3_base_v1\test\metal\metal.00091__03000ms__0007.npy
lstm,metal__metal.00091,metal,8,metal,disco,0,0.7164978384971619,E:\dl\mel_cache\lm3_base_v1\test\metal\metal.00091__03000ms__0008.npy
lstm,metal__metal.00091,metal,9,metal,rock,0,0.5378714203834534,E:\dl\mel_cache\lm3_base_v1\test\metal\metal.00091__03000ms__0009.npy
lstm,metal__metal.00091,metal,10,metal,rock,0,0.9248242378234863,E:\dl\mel_cache\lm3_base_v1\test\metal\metal.00091__03000ms__0010.npy
lstm,metal__metal.00091,metal,11,metal,rock,0,0.963229775428772,E:\dl\mel_cache\lm3_base_v1\test\metal\metal.00091__03000ms__0011.npy
lstm,metal__metal.00091,metal,12,metal,rock,0,0.9645023941993713,E:\dl\mel_cache\lm3_base_v1\test\metal\metal.00091__03000ms__0012.npy
lstm,metal__metal.00091,metal,13,metal,rock,0,0.867476224899292,E:\dl\mel_cache\lm3_base_v1\test\metal\metal.00091__03000ms__0013.npy
lstm,metal__metal.00091,metal,14,metal,rock,0,0.8816999793052673,E:\dl\mel_cache\lm3_base_v1\test\metal\metal.00091__03000ms__0014.npy
lstm,metal__metal.00091,metal,15,metal,rock,0,0.9290589690208435,E:\dl\mel_cache\lm3_base_v1\test\metal\metal.00091__03000ms__0015.npy
lstm,metal__metal.00091,metal,16,metal,rock,0,0.9619390964508057,E:\dl\mel_cache\lm3_base_v1\test\metal\metal.00091__03000ms__0016.npy
lstm,metal__metal.00091,metal,17,metal,rock,0,0.9623339176177979,E:\dl\mel_cache\lm3_base_v1\test\metal\metal.00091__03000ms__0017.npy
lstm,metal__metal.00091,metal,18,metal,rock,0,0.6987515091896057,E:\dl\mel_cache\lm3_base_v1\test\metal\metal.00091__03000ms__0018.npy
lstm,metal__metal.00091,metal,19,metal,rock,0,0.6995517015457153,E:\dl\mel_cache\lm3_base_v1\test\metal\metal.00091__03000ms__0019.npy
lstm,metal__metal.00092,metal,0,metal,metal,1,0.6311618685722351,E:\dl\mel_cache\lm3_base_v1\test\metal\metal.00092__03000ms__0000.npy
lstm,metal__metal.00092,metal,1,metal,metal,1,0.7405000925064087,E:\dl\mel_cache\lm3_base_v1\test\metal\metal.00092__03000ms__0001.npy
lstm,metal__metal.00092,metal,2,metal,metal,1,0.6082214117050171,E:\dl\mel_cache\lm3_base_v1\test\metal\metal.00092__03000ms__0002.npy
lstm,metal__metal.00092,metal,3,metal,metal,1,0.7240085601806641,E:\dl\mel_cache\lm3_base_v1\test\metal\metal.00092__03000ms__0003.npy
lstm,metal__metal.00092,metal,4,metal,metal,1,0.5326201319694519,E:\dl\mel_cache\lm3_base_v1\test\metal\metal.00092__03000ms__0004.npy
lstm,metal__metal.00092,metal,5,metal,metal,1,0.48715442419052124,E:\dl\mel_cache\lm3_base_v1\test\metal\metal.00092__03000ms__0005.npy
lstm,metal__metal.00092,metal,6,metal,metal,1,0.4712246358394623,E:\dl\mel_cache\lm3_base_v1\test\metal\metal.00092__03000ms__0006.npy
lstm,metal__metal.00092,metal,7,metal,metal,1,0.6094624996185303,E:\dl\mel_cache\lm3_base_v1\test\metal\metal.00092__03000ms__0007.npy
lstm,metal__metal.00092,metal,8,metal,rock,0,0.6267880797386169,E:\dl\mel_cache\lm3_base_v1\test\metal\metal.00092__03000ms__0008.npy
lstm,metal__metal.00092,metal,9,metal,rock,0,0.9074639081954956,E:\dl\mel_cache\lm3_base_v1\test\metal\metal.00092__03000ms__0009.npy
lstm,metal__metal.00092,metal,10,metal,rock,0,0.804964542388916,E:\dl\mel_cache\lm3_base_v1\test\metal\metal.00092__03000ms__0010.npy
lstm,metal__metal.00092,metal,11,metal,metal,1,0.4730934500694275,E:\dl\mel_cache\lm3_base_v1\test\metal\metal.00092__03000ms__0011.npy
lstm,metal__metal.00092,metal,12,metal,metal,1,0.4380616545677185,E:\dl\mel_cache\lm3_base_v1\test\metal\metal.00092__03000ms__0012.npy
lstm,metal__metal.00092,metal,13,metal,rock,0,0.5537914037704468,E:\dl\mel_cache\lm3_base_v1\test\metal\metal.00092__03000ms__0013.npy
lstm,metal__metal.00092,metal,14,metal,rock,0,0.7404714226722717,E:\dl\mel_cache\lm3_base_v1\test\metal\metal.00092__03000ms__0014.npy
lstm,metal__metal.00092,metal,15,metal,metal,1,0.6437106132507324,E:\dl\mel_cache\lm3_base_v1\test\metal\metal.00092__03000ms__0015.npy
lstm,metal__metal.00092,metal,16,metal,metal,1,0.46732115745544434,E:\dl\mel_cache\lm3_base_v1\test\metal\metal.00092__03000ms__0016.npy
lstm,metal__metal.00092,metal,17,metal,metal,1,0.8492451906204224,E:\dl\mel_cache\lm3_base_v1\test\metal\metal.00092__03000ms__0017.npy
lstm,metal__metal.00092,metal,18,metal,metal,1,0.7898023128509521,E:\dl\mel_cache\lm3_base_v1\test\metal\metal.00092__03000ms__0018.npy
lstm,metal__metal.00092,metal,19,metal,metal,1,0.789082944393158,E:\dl\mel_cache\lm3_base_v1\test\metal\metal.00092__03000ms__0019.npy
lstm,metal__metal.00096,metal,0,metal,metal,1,0.27487170696258545,E:\dl\mel_cache\lm3_base_v1\test\metal\metal.00096__03000ms__0000.npy
lstm,metal__metal.00096,metal,1,metal,metal,1,0.7466385960578918,E:\dl\mel_cache\lm3_base_v1\test\metal\metal.00096__03000ms__0001.npy
lstm,metal__metal.00096,metal,2,metal,metal,1,0.9272753000259399,E:\dl\mel_cache\lm3_base_v1\test\metal\metal.00096__03000ms__0002.npy
lstm,metal__metal.00096,metal,3,metal,metal,1,0.9162908792495728,E:\dl\mel_cache\lm3_base_v1\test\metal\metal.00096__03000ms__0003.npy
lstm,metal__metal.00096,metal,4,metal,metal,1,0.9034608006477356,E:\dl\mel_cache\lm3_base_v1\test\metal\metal.00096__03000ms__0004.npy
lstm,metal__metal.00096,metal,5,metal,metal,1,0.9106359481811523,E:\dl\mel_cache\lm3_base_v1\test\metal\metal.00096__03000ms__0005.npy
lstm,metal__metal.00096,metal,6,metal,hiphop,0,0.908348560333252,E:\dl\mel_cache\lm3_base_v1\test\metal\metal.00096__03000ms__0006.npy
lstm,metal__metal.00096,metal,7,metal,hiphop,0,0.8594784736633301,E:\dl\mel_cache\lm3_base_v1\test\metal\metal.00096__03000ms__0007.npy
lstm,metal__metal.00096,metal,8,metal,metal,1,0.9005621671676636,E:\dl\mel_cache\lm3_base_v1\test\metal\metal.00096__03000ms__0008.npy
lstm,metal__metal.00096,metal,9,metal,metal,1,0.8045588135719299,E:\dl\mel_cache\lm3_base_v1\test\metal\metal.00096__03000ms__0009.npy
lstm,metal__metal.00096,metal,10,metal,metal,1,0.8705032467842102,E:\dl\mel_cache\lm3_base_v1\test\metal\metal.00096__03000ms__0010.npy
lstm,metal__metal.00096,metal,11,metal,metal,1,0.8667334914207458,E:\dl\mel_cache\lm3_base_v1\test\metal\metal.00096__03000ms__0011.npy
lstm,metal__metal.00096,metal,12,metal,metal,1,0.9047167897224426,E:\dl\mel_cache\lm3_base_v1\test\metal\metal.00096__03000ms__0012.npy
lstm,metal__metal.00096,metal,13,metal,metal,1,0.8172722458839417,E:\dl\mel_cache\lm3_base_v1\test\metal\metal.00096__03000ms__0013.npy
lstm,metal__metal.00096,metal,14,metal,metal,1,0.9139531850814819,E:\dl\mel_cache\lm3_base_v1\test\metal\metal.00096__03000ms__0014.npy
lstm,metal__metal.00096,metal,15,metal,metal,1,0.34995415806770325,E:\dl\mel_cache\lm3_base_v1\test\metal\metal.00096__03000ms__0015.npy
lstm,metal__metal.00096,metal,16,metal,hiphop,0,0.5946329832077026,E:\dl\mel_cache\lm3_base_v1\test\metal\metal.00096__03000ms__0016.npy
lstm,metal__metal.00096,metal,17,metal,metal,1,0.5802634954452515,E:\dl\mel_cache\lm3_base_v1\test\metal\metal.00096__03000ms__0017.npy
lstm,metal__metal.00096,metal,18,metal,hiphop,0,0.7019786238670349,E:\dl\mel_cache\lm3_base_v1\test\metal\metal.00096__03000ms__0018.npy
lstm,metal__metal.00096,metal,19,metal,hiphop,0,0.7489627003669739,E:\dl\mel_cache\lm3_base_v1\test\metal\metal.00096__03000ms__0019.npy
lstm,metal__metal.00097,metal,0,metal,rock,0,0.45686137676239014,E:\dl\mel_cache\lm3_base_v1\test\metal\metal.00097__03000ms__0000.npy
lstm,metal__metal.00097,metal,1,metal,blues,0,0.47061336040496826,E:\dl\mel_cache\lm3_base_v1\test\metal\metal.00097__03000ms__0001.npy
lstm,metal__metal.00097,metal,2,metal,rock,0,0.5509045720100403,E:\dl\mel_cache\lm3_base_v1\test\metal\metal.00097__03000ms__0002.npy
lstm,metal__metal.00097,metal,3,metal,metal,1,0.7311246395111084,E:\dl\mel_cache\lm3_base_v1\test\metal\metal.00097__03000ms__0003.npy
lstm,metal__metal.00097,metal,4,metal,metal,1,0.5385108590126038,E:\dl\mel_cache\lm3_base_v1\test\metal\metal.00097__03000ms__0004.npy
lstm,metal__metal.00097,metal,5,metal,metal,1,0.5379113554954529,E:\dl\mel_cache\lm3_base_v1\test\metal\metal.00097__03000ms__0005.npy
lstm,metal__metal.00097,metal,6,metal,metal,1,0.9197797179222107,E:\dl\mel_cache\lm3_base_v1\test\metal\metal.00097__03000ms__0006.npy
lstm,metal__metal.00097,metal,7,metal,metal,1,0.9021861553192139,E:\dl\mel_cache\lm3_base_v1\test\metal\metal.00097__03000ms__0007.npy
lstm,metal__metal.00097,metal,8,metal,metal,1,0.9078649878501892,E:\dl\mel_cache\lm3_base_v1\test\metal\metal.00097__03000ms__0008.npy
lstm,metal__metal.00097,metal,9,metal,metal,1,0.9206375479698181,E:\dl\mel_cache\lm3_base_v1\test\metal\metal.00097__03000ms__0009.npy
lstm,metal__metal.00097,metal,10,metal,metal,1,0.9177076816558838,E:\dl\mel_cache\lm3_base_v1\test\metal\metal.00097__03000ms__0010.npy
lstm,metal__metal.00097,metal,11,metal,metal,1,0.919420599937439,E:\dl\mel_cache\lm3_base_v1\test\metal\metal.00097__03000ms__0011.npy
lstm,metal__metal.00097,metal,12,metal,metal,1,0.8815155029296875,E:\dl\mel_cache\lm3_base_v1\test\metal\metal.00097__03000ms__0012.npy
lstm,metal__metal.00097,metal,13,metal,metal,1,0.8914816379547119,E:\dl\mel_cache\lm3_base_v1\test\metal\metal.00097__03000ms__0013.npy
lstm,metal__metal.00097,metal,14,metal,metal,1,0.9071950912475586,E:\dl\mel_cache\lm3_base_v1\test\metal\metal.00097__03000ms__0014.npy
lstm,metal__metal.00097,metal,15,metal,metal,1,0.9129948019981384,E:\dl\mel_cache\lm3_base_v1\test\metal\metal.00097__03000ms__0015.npy
lstm,metal__metal.00097,metal,16,metal,metal,1,0.9247800707817078,E:\dl\mel_cache\lm3_base_v1\test\metal\metal.00097__03000ms__0016.npy
lstm,metal__metal.00097,metal,17,metal,metal,1,0.9058381915092468,E:\dl\mel_cache\lm3_base_v1\test\metal\metal.00097__03000ms__0017.npy
lstm,metal__metal.00097,metal,18,metal,metal,1,0.9007750153541565,E:\dl\mel_cache\lm3_base_v1\test\metal\metal.00097__03000ms__0018.npy
lstm,metal__metal.00097,metal,19,metal,metal,1,0.8983516097068787,E:\dl\mel_cache\lm3_base_v1\test\metal\metal.00097__03000ms__0019.npy
lstm,pop__pop.00003,pop,0,pop,pop,1,0.8839563727378845,E:\dl\mel_cache\lm3_base_v1\test\pop\pop.00003__03000ms__0000.npy
lstm,pop__pop.00003,pop,1,pop,pop,1,0.8844823837280273,E:\dl\mel_cache\lm3_base_v1\test\pop\pop.00003__03000ms__0001.npy
lstm,pop__pop.00003,pop,2,pop,pop,1,0.5444737672805786,E:\dl\mel_cache\lm3_base_v1\test\pop\pop.00003__03000ms__0002.npy
lstm,pop__pop.00003,pop,3,pop,pop,1,0.9300653338432312,E:\dl\mel_cache\lm3_base_v1\test\pop\pop.00003__03000ms__0003.npy
lstm,pop__pop.00003,pop,4,pop,pop,1,0.9508041143417358,E:\dl\mel_cache\lm3_base_v1\test\pop\pop.00003__03000ms__0004.npy
lstm,pop__pop.00003,pop,5,pop,pop,1,0.877065122127533,E:\dl\mel_cache\lm3_base_v1\test\pop\pop.00003__03000ms__0005.npy
lstm,pop__pop.00003,pop,6,pop,pop,1,0.45004478096961975,E:\dl\mel_cache\lm3_base_v1\test\pop\pop.00003__03000ms__0006.npy
lstm,pop__pop.00003,pop,7,pop,pop,1,0.41483214497566223,E:\dl\mel_cache\lm3_base_v1\test\pop\pop.00003__03000ms__0007.npy
lstm,pop__pop.00003,pop,8,pop,reggae,0,0.5843442678451538,E:\dl\mel_cache\lm3_base_v1\test\pop\pop.00003__03000ms__0008.npy
lstm,pop__pop.00003,pop,9,pop,pop,1,0.46281784772872925,E:\dl\mel_cache\lm3_base_v1\test\pop\pop.00003__03000ms__0009.npy
lstm,pop__pop.00003,pop,10,pop,pop,1,0.32016128301620483,E:\dl\mel_cache\lm3_base_v1\test\pop\pop.00003__03000ms__0010.npy
lstm,pop__pop.00003,pop,11,pop,rock,0,0.6287774443626404,E:\dl\mel_cache\lm3_base_v1\test\pop\pop.00003__03000ms__0011.npy
lstm,pop__pop.00003,pop,12,pop,rock,0,0.75554358959198,E:\dl\mel_cache\lm3_base_v1\test\pop\pop.00003__03000ms__0012.npy
lstm,pop__pop.00003,pop,13,pop,pop,1,0.4371855556964874,E:\dl\mel_cache\lm3_base_v1\test\pop\pop.00003__03000ms__0013.npy
lstm,pop__pop.00003,pop,14,pop,pop,1,0.8495609164237976,E:\dl\mel_cache\lm3_base_v1\test\pop\pop.00003__03000ms__0014.npy
lstm,pop__pop.00003,pop,15,pop,pop,1,0.9328067302703857,E:\dl\mel_cache\lm3_base_v1\test\pop\pop.00003__03000ms__0015.npy
lstm,pop__pop.00003,pop,16,pop,pop,1,0.9160268902778625,E:\dl\mel_cache\lm3_base_v1\test\pop\pop.00003__03000ms__0016.npy
lstm,pop__pop.00003,pop,17,pop,pop,1,0.6922921538352966,E:\dl\mel_cache\lm3_base_v1\test\pop\pop.00003__03000ms__0017.npy
lstm,pop__pop.00003,pop,18,pop,pop,1,0.8559337854385376,E:\dl\mel_cache\lm3_base_v1\test\pop\pop.00003__03000ms__0018.npy
lstm,pop__pop.00003,pop,19,pop,pop,1,0.8575429916381836,E:\dl\mel_cache\lm3_base_v1\test\pop\pop.00003__03000ms__0019.npy
lstm,pop__pop.00007,pop,0,pop,pop,1,0.9074994325637817,E:\dl\mel_cache\lm3_base_v1\test\pop\pop.00007__03000ms__0000.npy
lstm,pop__pop.00007,pop,1,pop,pop,1,0.8763957023620605,E:\dl\mel_cache\lm3_base_v1\test\pop\pop.00007__03000ms__0001.npy
lstm,pop__pop.00007,pop,2,pop,rock,0,0.25566211342811584,E:\dl\mel_cache\lm3_base_v1\test\pop\pop.00007__03000ms__0002.npy
lstm,pop__pop.00007,pop,3,pop,jazz,0,0.4575716555118561,E:\dl\mel_cache\lm3_base_v1\test\pop\pop.00007__03000ms__0003.npy
lstm,pop__pop.00007,pop,4,pop,pop,1,0.7792536616325378,E:\dl\mel_cache\lm3_base_v1\test\pop\pop.00007__03000ms__0004.npy
lstm,pop__pop.00007,pop,5,pop,pop,1,0.8352178335189819,E:\dl\mel_cache\lm3_base_v1\test\pop\pop.00007__03000ms__0005.npy
lstm,pop__pop.00007,pop,6,pop,pop,1,0.8576022982597351,E:\dl\mel_cache\lm3_base_v1\test\pop\pop.00007__03000ms__0006.npy
lstm,pop__pop.00007,pop,7,pop,pop,1,0.9098312854766846,E:\dl\mel_cache\lm3_base_v1\test\pop\pop.00007__03000ms__0007.npy
lstm,pop__pop.00007,pop,8,pop,pop,1,0.8748595118522644,E:\dl\mel_cache\lm3_base_v1\test\pop\pop.00007__03000ms__0008.npy
lstm,pop__pop.00007,pop,9,pop,pop,1,0.9202510118484497,E:\dl\mel_cache\lm3_base_v1\test\pop\pop.00007__03000ms__0009.npy
lstm,pop__pop.00007,pop,10,pop,pop,1,0.8542757034301758,E:\dl\mel_cache\lm3_base_v1\test\pop\pop.00007__03000ms__0010.npy
lstm,pop__pop.00007,pop,11,pop,pop,1,0.5556626319885254,E:\dl\mel_cache\lm3_base_v1\test\pop\pop.00007__03000ms__0011.npy
lstm,pop__pop.00007,pop,12,pop,pop,1,0.8455921411514282,E:\dl\mel_cache\lm3_base_v1\test\pop\pop.00007__03000ms__0012.npy
lstm,pop__pop.00007,pop,13,pop,pop,1,0.8600432276725769,E:\dl\mel_cache\lm3_base_v1\test\pop\pop.00007__03000ms__0013.npy
lstm,pop__pop.00007,pop,14,pop,rock,0,0.49227476119995117,E:\dl\mel_cache\lm3_base_v1\test\pop\pop.00007__03000ms__0014.npy
lstm,pop__pop.00007,pop,15,pop,rock,0,0.5965167880058289,E:\dl\mel_cache\lm3_base_v1\test\pop\pop.00007__03000ms__0015.npy
lstm,pop__pop.00007,pop,16,pop,country,0,0.6276865005493164,E:\dl\mel_cache\lm3_base_v1\test\pop\pop.00007__03000ms__0016.npy
lstm,pop__pop.00007,pop,17,pop,classical,0,0.3579502999782562,E:\dl\mel_cache\lm3_base_v1\test\pop\pop.00007__03000ms__0017.npy
lstm,pop__pop.00007,pop,18,pop,classical,0,0.7610094547271729,E:\dl\mel_cache\lm3_base_v1\test\pop\pop.00007__03000ms__0018.npy
lstm,pop__pop.00007,pop,19,pop,classical,0,0.764904260635376,E:\dl\mel_cache\lm3_base_v1\test\pop\pop.00007__03000ms__0019.npy
lstm,pop__pop.00015,pop,0,pop,pop,1,0.9486240744590759,E:\dl\mel_cache\lm3_base_v1\test\pop\pop.00015__03000ms__0000.npy
lstm,pop__pop.00015,pop,1,pop,pop,1,0.9484338164329529,E:\dl\mel_cache\lm3_base_v1\test\pop\pop.00015__03000ms__0001.npy
lstm,pop__pop.00015,pop,2,pop,pop,1,0.9459767937660217,E:\dl\mel_cache\lm3_base_v1\test\pop\pop.00015__03000ms__0002.npy
lstm,pop__pop.00015,pop,3,pop,pop,1,0.9482855796813965,E:\dl\mel_cache\lm3_base_v1\test\pop\pop.00015__03000ms__0003.npy
lstm,pop__pop.00015,pop,4,pop,pop,1,0.9498246312141418,E:\dl\mel_cache\lm3_base_v1\test\pop\pop.00015__03000ms__0004.npy
lstm,pop__pop.00015,pop,5,pop,pop,1,0.9515453577041626,E:\dl\mel_cache\lm3_base_v1\test\pop\pop.00015__03000ms__0005.npy
lstm,pop__pop.00015,pop,6,pop,pop,1,0.9514762163162231,E:\dl\mel_cache\lm3_base_v1\test\pop\pop.00015__03000ms__0006.npy
lstm,pop__pop.00015,pop,7,pop,pop,1,0.9496044516563416,E:\dl\mel_cache\lm3_base_v1\test\pop\pop.00015__03000ms__0007.npy
lstm,pop__pop.00015,pop,8,pop,pop,1,0.9475783705711365,E:\dl\mel_cache\lm3_base_v1\test\pop\pop.00015__03000ms__0008.npy
lstm,pop__pop.00015,pop,9,pop,pop,1,0.9394322037696838,E:\dl\mel_cache\lm3_base_v1\test\pop\pop.00015__03000ms__0009.npy
lstm,pop__pop.00015,pop,10,pop,pop,1,0.9482590556144714,E:\dl\mel_cache\lm3_base_v1\test\pop\pop.00015__03000ms__0010.npy
lstm,pop__pop.00015,pop,11,pop,pop,1,0.9521697759628296,E:\dl\mel_cache\lm3_base_v1\test\pop\pop.00015__03000ms__0011.npy
lstm,pop__pop.00015,pop,12,pop,pop,1,0.9514920711517334,E:\dl\mel_cache\lm3_base_v1\test\pop\pop.00015__03000ms__0012.npy
lstm,pop__pop.00015,pop,13,pop,pop,1,0.9511657953262329,E:\dl\mel_cache\lm3_base_v1\test\pop\pop.00015__03000ms__0013.npy
lstm,pop__pop.00015,pop,14,pop,pop,1,0.9507085084915161,E:\dl\mel_cache\lm3_base_v1\test\pop\pop.00015__03000ms__0014.npy
lstm,pop__pop.00015,pop,15,pop,pop,1,0.9505332708358765,E:\dl\mel_cache\lm3_base_v1\test\pop\pop.00015__03000ms__0015.npy
lstm,pop__pop.00015,pop,16,pop,pop,1,0.949804961681366,E:\dl\mel_cache\lm3_base_v1\test\pop\pop.00015__03000ms__0016.npy
lstm,pop__pop.00015,pop,17,pop,pop,1,0.9494513869285583,E:\dl\mel_cache\lm3_base_v1\test\pop\pop.00015__03000ms__0017.npy
lstm,pop__pop.00015,pop,18,pop,pop,1,0.9487524032592773,E:\dl\mel_cache\lm3_base_v1\test\pop\pop.00015__03000ms__0018.npy
lstm,pop__pop.00015,pop,19,pop,pop,1,0.9487860202789307,E:\dl\mel_cache\lm3_base_v1\test\pop\pop.00015__03000ms__0019.npy
lstm,pop__pop.00021,pop,0,pop,pop,1,0.9096956253051758,E:\dl\mel_cache\lm3_base_v1\test\pop\pop.00021__03000ms__0000.npy
lstm,pop__pop.00021,pop,1,pop,pop,1,0.9426319599151611,E:\dl\mel_cache\lm3_base_v1\test\pop\pop.00021__03000ms__0001.npy
lstm,pop__pop.00021,pop,2,pop,pop,1,0.9443394541740417,E:\dl\mel_cache\lm3_base_v1\test\pop\pop.00021__03000ms__0002.npy
lstm,pop__pop.00021,pop,3,pop,pop,1,0.9433483481407166,E:\dl\mel_cache\lm3_base_v1\test\pop\pop.00021__03000ms__0003.npy
lstm,pop__pop.00021,pop,4,pop,pop,1,0.9384775757789612,E:\dl\mel_cache\lm3_base_v1\test\pop\pop.00021__03000ms__0004.npy
lstm,pop__pop.00021,pop,5,pop,pop,1,0.941066324710846,E:\dl\mel_cache\lm3_base_v1\test\pop\pop.00021__03000ms__0005.npy
lstm,pop__pop.00021,pop,6,pop,pop,1,0.9446631669998169,E:\dl\mel_cache\lm3_base_v1\test\pop\pop.00021__03000ms__0006.npy
lstm,pop__pop.00021,pop,7,pop,pop,1,0.9411344528198242,E:\dl\mel_cache\lm3_base_v1\test\pop\pop.00021__03000ms__0007.npy
lstm,pop__pop.00021,pop,8,pop,pop,1,0.9333603382110596,E:\dl\mel_cache\lm3_base_v1\test\pop\pop.00021__03000ms__0008.npy
lstm,pop__pop.00021,pop,9,pop,pop,1,0.9454849362373352,E:\dl\mel_cache\lm3_base_v1\test\pop\pop.00021__03000ms__0009.npy
lstm,pop__pop.00021,pop,10,pop,pop,1,0.9488612413406372,E:\dl\mel_cache\lm3_base_v1\test\pop\pop.00021__03000ms__0010.npy
lstm,pop__pop.00021,pop,11,pop,pop,1,0.9491995573043823,E:\dl\mel_cache\lm3_base_v1\test\pop\pop.00021__03000ms__0011.npy
lstm,pop__pop.00021,pop,12,pop,pop,1,0.9419006705284119,E:\dl\mel_cache\lm3_base_v1\test\pop\pop.00021__03000ms__0012.npy
lstm,pop__pop.00021,pop,13,pop,pop,1,0.9484034776687622,E:\dl\mel_cache\lm3_base_v1\test\pop\pop.00021__03000ms__0013.npy
lstm,pop__pop.00021,pop,14,pop,pop,1,0.9475067853927612,E:\dl\mel_cache\lm3_base_v1\test\pop\pop.00021__03000ms__0014.npy
lstm,pop__pop.00021,pop,15,pop,pop,1,0.936958909034729,E:\dl\mel_cache\lm3_base_v1\test\pop\pop.00021__03000ms__0015.npy
lstm,pop__pop.00021,pop,16,pop,pop,1,0.9430970549583435,E:\dl\mel_cache\lm3_base_v1\test\pop\pop.00021__03000ms__0016.npy
lstm,pop__pop.00021,pop,17,pop,pop,1,0.9215620756149292,E:\dl\mel_cache\lm3_base_v1\test\pop\pop.00021__03000ms__0017.npy
lstm,pop__pop.00021,pop,18,pop,pop,1,0.9452654719352722,E:\dl\mel_cache\lm3_base_v1\test\pop\pop.00021__03000ms__0018.npy
lstm,pop__pop.00021,pop,19,pop,pop,1,0.9452759027481079,E:\dl\mel_cache\lm3_base_v1\test\pop\pop.00021__03000ms__0019.npy
lstm,pop__pop.00028,pop,0,pop,pop,1,0.9367202520370483,E:\dl\mel_cache\lm3_base_v1\test\pop\pop.00028__03000ms__0000.npy
lstm,pop__pop.00028,pop,1,pop,pop,1,0.8942281007766724,E:\dl\mel_cache\lm3_base_v1\test\pop\pop.00028__03000ms__0001.npy
lstm,pop__pop.00028,pop,2,pop,pop,1,0.9474816918373108,E:\dl\mel_cache\lm3_base_v1\test\pop\pop.00028__03000ms__0002.npy
lstm,pop__pop.00028,pop,3,pop,pop,1,0.9485543966293335,E:\dl\mel_cache\lm3_base_v1\test\pop\pop.00028__03000ms__0003.npy
lstm,pop__pop.00028,pop,4,pop,pop,1,0.9500089883804321,E:\dl\mel_cache\lm3_base_v1\test\pop\pop.00028__03000ms__0004.npy
lstm,pop__pop.00028,pop,5,pop,pop,1,0.951200008392334,E:\dl\mel_cache\lm3_base_v1\test\pop\pop.00028__03000ms__0005.npy
lstm,pop__pop.00028,pop,6,pop,pop,1,0.9521482586860657,E:\dl\mel_cache\lm3_base_v1\test\pop\pop.00028__03000ms__0006.npy
lstm,pop__pop.00028,pop,7,pop,pop,1,0.9515731930732727,E:\dl\mel_cache\lm3_base_v1\test\pop\pop.00028__03000ms__0007.npy
lstm,pop__pop.00028,pop,8,pop,pop,1,0.9522873759269714,E:\dl\mel_cache\lm3_base_v1\test\pop\pop.00028__03000ms__0008.npy
lstm,pop__pop.00028,pop,9,pop,pop,1,0.9511552453041077,E:\dl\mel_cache\lm3_base_v1\test\pop\pop.00028__03000ms__0009.npy
lstm,pop__pop.00028,pop,10,pop,pop,1,0.9519498944282532,E:\dl\mel_cache\lm3_base_v1\test\pop\pop.00028__03000ms__0010.npy
lstm,pop__pop.00028,pop,11,pop,pop,1,0.9489171504974365,E:\dl\mel_cache\lm3_base_v1\test\pop\pop.00028__03000ms__0011.npy
lstm,pop__pop.00028,pop,12,pop,pop,1,0.950552225112915,E:\dl\mel_cache\lm3_base_v1\test\pop\pop.00028__03000ms__0012.npy
lstm,pop__pop.00028,pop,13,pop,pop,1,0.9504218697547913,E:\dl\mel_cache\lm3_base_v1\test\pop\pop.00028__03000ms__0013.npy
lstm,pop__pop.00028,pop,14,pop,pop,1,0.9529940485954285,E:\dl\mel_cache\lm3_base_v1\test\pop\pop.00028__03000ms__0014.npy
lstm,pop__pop.00028,pop,15,pop,pop,1,0.9529415369033813,E:\dl\mel_cache\lm3_base_v1\test\pop\pop.00028__03000ms__0015.npy
lstm,pop__pop.00028,pop,16,pop,pop,1,0.9530166387557983,E:\dl\mel_cache\lm3_base_v1\test\pop\pop.00028__03000ms__0016.npy
lstm,pop__pop.00028,pop,17,pop,pop,1,0.9519065618515015,E:\dl\mel_cache\lm3_base_v1\test\pop\pop.00028__03000ms__0017.npy
lstm,pop__pop.00028,pop,18,pop,pop,1,0.9473750591278076,E:\dl\mel_cache\lm3_base_v1\test\pop\pop.00028__03000ms__0018.npy
lstm,pop__pop.00028,pop,19,pop,pop,1,0.9474447965621948,E:\dl\mel_cache\lm3_base_v1\test\pop\pop.00028__03000ms__0019.npy
lstm,pop__pop.00029,pop,0,pop,pop,1,0.9105932116508484,E:\dl\mel_cache\lm3_base_v1\test\pop\pop.00029__03000ms__0000.npy
lstm,pop__pop.00029,pop,1,pop,pop,1,0.9442209601402283,E:\dl\mel_cache\lm3_base_v1\test\pop\pop.00029__03000ms__0001.npy
lstm,pop__pop.00029,pop,2,pop,pop,1,0.9357958436012268,E:\dl\mel_cache\lm3_base_v1\test\pop\pop.00029__03000ms__0002.npy
lstm,pop__pop.00029,pop,3,pop,pop,1,0.9433490633964539,E:\dl\mel_cache\lm3_base_v1\test\pop\pop.00029__03000ms__0003.npy
lstm,pop__pop.00029,pop,4,pop,pop,1,0.6776313185691833,E:\dl\mel_cache\lm3_base_v1\test\pop\pop.00029__03000ms__0004.npy
lstm,pop__pop.00029,pop,5,pop,reggae,0,0.7796100378036499,E:\dl\mel_cache\lm3_base_v1\test\pop\pop.00029__03000ms__0005.npy
lstm,pop__pop.00029,pop,6,pop,pop,1,0.8235576748847961,E:\dl\mel_cache\lm3_base_v1\test\pop\pop.00029__03000ms__0006.npy
lstm,pop__pop.00029,pop,7,pop,pop,1,0.9398317337036133,E:\dl\mel_cache\lm3_base_v1\test\pop\pop.00029__03000ms__0007.npy
lstm,pop__pop.00029,pop,8,pop,pop,1,0.949479877948761,E:\dl\mel_cache\lm3_base_v1\test\pop\pop.00029__03000ms__0008.npy
lstm,pop__pop.00029,pop,9,pop,pop,1,0.9507933259010315,E:\dl\mel_cache\lm3_base_v1\test\pop\pop.00029__03000ms__0009.npy
lstm,pop__pop.00029,pop,10,pop,pop,1,0.9467011094093323,E:\dl\mel_cache\lm3_base_v1\test\pop\pop.00029__03000ms__0010.npy
lstm,pop__pop.00029,pop,11,pop,pop,1,0.9430740475654602,E:\dl\mel_cache\lm3_base_v1\test\pop\pop.00029__03000ms__0011.npy
lstm,pop__pop.00029,pop,12,pop,pop,1,0.9299056529998779,E:\dl\mel_cache\lm3_base_v1\test\pop\pop.00029__03000ms__0012.npy
lstm,pop__pop.00029,pop,13,pop,pop,1,0.9458994269371033,E:\dl\mel_cache\lm3_base_v1\test\pop\pop.00029__03000ms__0013.npy
lstm,pop__pop.00029,pop,14,pop,pop,1,0.9374656677246094,E:\dl\mel_cache\lm3_base_v1\test\pop\pop.00029__03000ms__0014.npy
lstm,pop__pop.00029,pop,15,pop,pop,1,0.9450864195823669,E:\dl\mel_cache\lm3_base_v1\test\pop\pop.00029__03000ms__0015.npy
lstm,pop__pop.00029,pop,16,pop,pop,1,0.9354788064956665,E:\dl\mel_cache\lm3_base_v1\test\pop\pop.00029__03000ms__0016.npy
lstm,pop__pop.00029,pop,17,pop,pop,1,0.9461222887039185,E:\dl\mel_cache\lm3_base_v1\test\pop\pop.00029__03000ms__0017.npy
lstm,pop__pop.00029,pop,18,pop,pop,1,0.9491651654243469,E:\dl\mel_cache\lm3_base_v1\test\pop\pop.00029__03000ms__0018.npy
lstm,pop__pop.00029,pop,19,pop,pop,1,0.9491851329803467,E:\dl\mel_cache\lm3_base_v1\test\pop\pop.00029__03000ms__0019.npy
lstm,pop__pop.00033,pop,0,pop,pop,1,0.7939096093177795,E:\dl\mel_cache\lm3_base_v1\test\pop\pop.00033__03000ms__0000.npy
lstm,pop__pop.00033,pop,1,pop,pop,1,0.8467673063278198,E:\dl\mel_cache\lm3_base_v1\test\pop\pop.00033__03000ms__0001.npy
lstm,pop__pop.00033,pop,2,pop,pop,1,0.8581672310829163,E:\dl\mel_cache\lm3_base_v1\test\pop\pop.00033__03000ms__0002.npy
lstm,pop__pop.00033,pop,3,pop,pop,1,0.874893307685852,E:\dl\mel_cache\lm3_base_v1\test\pop\pop.00033__03000ms__0003.npy
lstm,pop__pop.00033,pop,4,pop,pop,1,0.9147257804870605,E:\dl\mel_cache\lm3_base_v1\test\pop\pop.00033__03000ms__0004.npy
lstm,pop__pop.00033,pop,5,pop,pop,1,0.5734519362449646,E:\dl\mel_cache\lm3_base_v1\test\pop\pop.00033__03000ms__0005.npy
lstm,pop__pop.00033,pop,6,pop,rock,0,0.6123484373092651,E:\dl\mel_cache\lm3_base_v1\test\pop\pop.00033__03000ms__0006.npy
lstm,pop__pop.00033,pop,7,pop,hiphop,0,0.4212154746055603,E:\dl\mel_cache\lm3_base_v1\test\pop\pop.00033__03000ms__0007.npy
lstm,pop__pop.00033,pop,8,pop,hiphop,0,0.6532753109931946,E:\dl\mel_cache\lm3_base_v1\test\pop\pop.00033__03000ms__0008.npy
lstm,pop__pop.00033,pop,9,pop,pop,1,0.4048607051372528,E:\dl\mel_cache\lm3_base_v1\test\pop\pop.00033__03000ms__0009.npy
lstm,pop__pop.00033,pop,10,pop,pop,1,0.8125355243682861,E:\dl\mel_cache\lm3_base_v1\test\pop\pop.00033__03000ms__0010.npy
lstm,pop__pop.00033,pop,11,pop,pop,1,0.36941856145858765,E:\dl\mel_cache\lm3_base_v1\test\pop\pop.00033__03000ms__0011.npy
lstm,pop__pop.00033,pop,12,pop,metal,0,0.8630949258804321,E:\dl\mel_cache\lm3_base_v1\test\pop\pop.00033__03000ms__0012.npy
lstm,pop__pop.00033,pop,13,pop,pop,1,0.8169341087341309,E:\dl\mel_cache\lm3_base_v1\test\pop\pop.00033__03000ms__0013.npy
lstm,pop__pop.00033,pop,14,pop,pop,1,0.7631304264068604,E:\dl\mel_cache\lm3_base_v1\test\pop\pop.00033__03000ms__0014.npy
lstm,pop__pop.00033,pop,15,pop,pop,1,0.8204531073570251,E:\dl\mel_cache\lm3_base_v1\test\pop\pop.00033__03000ms__0015.npy
lstm,pop__pop.00033,pop,16,pop,pop,1,0.714784562587738,E:\dl\mel_cache\lm3_base_v1\test\pop\pop.00033__03000ms__0016.npy
lstm,pop__pop.00033,pop,17,pop,pop,1,0.8505405187606812,E:\dl\mel_cache\lm3_base_v1\test\pop\pop.00033__03000ms__0017.npy
lstm,pop__pop.00033,pop,18,pop,pop,1,0.6687207221984863,E:\dl\mel_cache\lm3_base_v1\test\pop\pop.00033__03000ms__0018.npy
lstm,pop__pop.00033,pop,19,pop,pop,1,0.6699097156524658,E:\dl\mel_cache\lm3_base_v1\test\pop\pop.00033__03000ms__0019.npy
lstm,pop__pop.00034,pop,0,pop,pop,1,0.9407299160957336,E:\dl\mel_cache\lm3_base_v1\test\pop\pop.00034__03000ms__0000.npy
lstm,pop__pop.00034,pop,1,pop,pop,1,0.9492350816726685,E:\dl\mel_cache\lm3_base_v1\test\pop\pop.00034__03000ms__0001.npy
lstm,pop__pop.00034,pop,2,pop,pop,1,0.9514854550361633,E:\dl\mel_cache\lm3_base_v1\test\pop\pop.00034__03000ms__0002.npy
lstm,pop__pop.00034,pop,3,pop,pop,1,0.9524651169776917,E:\dl\mel_cache\lm3_base_v1\test\pop\pop.00034__03000ms__0003.npy
lstm,pop__pop.00034,pop,4,pop,pop,1,0.9512432217597961,E:\dl\mel_cache\lm3_base_v1\test\pop\pop.00034__03000ms__0004.npy
lstm,pop__pop.00034,pop,5,pop,pop,1,0.9487597346305847,E:\dl\mel_cache\lm3_base_v1\test\pop\pop.00034__03000ms__0005.npy
lstm,pop__pop.00034,pop,6,pop,pop,1,0.9506743550300598,E:\dl\mel_cache\lm3_base_v1\test\pop\pop.00034__03000ms__0006.npy
lstm,pop__pop.00034,pop,7,pop,pop,1,0.9524231553077698,E:\dl\mel_cache\lm3_base_v1\test\pop\pop.00034__03000ms__0007.npy
lstm,pop__pop.00034,pop,8,pop,pop,1,0.9490575790405273,E:\dl\mel_cache\lm3_base_v1\test\pop\pop.00034__03000ms__0008.npy
lstm,pop__pop.00034,pop,9,pop,pop,1,0.9502935409545898,E:\dl\mel_cache\lm3_base_v1\test\pop\pop.00034__03000ms__0009.npy
lstm,pop__pop.00034,pop,10,pop,pop,1,0.9422701597213745,E:\dl\mel_cache\lm3_base_v1\test\pop\pop.00034__03000ms__0010.npy
lstm,pop__pop.00034,pop,11,pop,pop,1,0.9206876754760742,E:\dl\mel_cache\lm3_base_v1\test\pop\pop.00034__03000ms__0011.npy
lstm,pop__pop.00034,pop,12,pop,pop,1,0.9469248056411743,E:\dl\mel_cache\lm3_base_v1\test\pop\pop.00034__03000ms__0012.npy
lstm,pop__pop.00034,pop,13,pop,pop,1,0.9490141868591309,E:\dl\mel_cache\lm3_base_v1\test\pop\pop.00034__03000ms__0013.npy
lstm,pop__pop.00034,pop,14,pop,pop,1,0.9494217038154602,E:\dl\mel_cache\lm3_base_v1\test\pop\pop.00034__03000ms__0014.npy
lstm,pop__pop.00034,pop,15,pop,pop,1,0.9516132473945618,E:\dl\mel_cache\lm3_base_v1\test\pop\pop.00034__03000ms__0015.npy
lstm,pop__pop.00034,pop,16,pop,pop,1,0.9497610926628113,E:\dl\mel_cache\lm3_base_v1\test\pop\pop.00034__03000ms__0016.npy
lstm,pop__pop.00034,pop,17,pop,pop,1,0.9489356279373169,E:\dl\mel_cache\lm3_base_v1\test\pop\pop.00034__03000ms__0017.npy
lstm,pop__pop.00034,pop,18,pop,pop,1,0.9417018890380859,E:\dl\mel_cache\lm3_base_v1\test\pop\pop.00034__03000ms__0018.npy
lstm,pop__pop.00034,pop,19,pop,pop,1,0.9418268799781799,E:\dl\mel_cache\lm3_base_v1\test\pop\pop.00034__03000ms__0019.npy
lstm,pop__pop.00035,pop,0,pop,pop,1,0.9506489634513855,E:\dl\mel_cache\lm3_base_v1\test\pop\pop.00035__03000ms__0000.npy
lstm,pop__pop.00035,pop,1,pop,pop,1,0.948959469795227,E:\dl\mel_cache\lm3_base_v1\test\pop\pop.00035__03000ms__0001.npy
lstm,pop__pop.00035,pop,2,pop,pop,1,0.9499213099479675,E:\dl\mel_cache\lm3_base_v1\test\pop\pop.00035__03000ms__0002.npy
lstm,pop__pop.00035,pop,3,pop,pop,1,0.950325608253479,E:\dl\mel_cache\lm3_base_v1\test\pop\pop.00035__03000ms__0003.npy
lstm,pop__pop.00035,pop,4,pop,pop,1,0.9522809982299805,E:\dl\mel_cache\lm3_base_v1\test\pop\pop.00035__03000ms__0004.npy
lstm,pop__pop.00035,pop,5,pop,pop,1,0.9512978196144104,E:\dl\mel_cache\lm3_base_v1\test\pop\pop.00035__03000ms__0005.npy
lstm,pop__pop.00035,pop,6,pop,pop,1,0.9428791403770447,E:\dl\mel_cache\lm3_base_v1\test\pop\pop.00035__03000ms__0006.npy
lstm,pop__pop.00035,pop,7,pop,pop,1,0.9477202892303467,E:\dl\mel_cache\lm3_base_v1\test\pop\pop.00035__03000ms__0007.npy
lstm,pop__pop.00035,pop,8,pop,pop,1,0.9475759863853455,E:\dl\mel_cache\lm3_base_v1\test\pop\pop.00035__03000ms__0008.npy
lstm,pop__pop.00035,pop,9,pop,pop,1,0.9498056769371033,E:\dl\mel_cache\lm3_base_v1\test\pop\pop.00035__03000ms__0009.npy
lstm,pop__pop.00035,pop,10,pop,pop,1,0.9478660821914673,E:\dl\mel_cache\lm3_base_v1\test\pop\pop.00035__03000ms__0010.npy
lstm,pop__pop.00035,pop,11,pop,pop,1,0.9467587471008301,E:\dl\mel_cache\lm3_base_v1\test\pop\pop.00035__03000ms__0011.npy
lstm,pop__pop.00035,pop,12,pop,pop,1,0.9488583207130432,E:\dl\mel_cache\lm3_base_v1\test\pop\pop.00035__03000ms__0012.npy
lstm,pop__pop.00035,pop,13,pop,pop,1,0.948441207408905,E:\dl\mel_cache\lm3_base_v1\test\pop\pop.00035__03000ms__0013.npy
lstm,pop__pop.00035,pop,14,pop,pop,1,0.9467337131500244,E:\dl\mel_cache\lm3_base_v1\test\pop\pop.00035__03000ms__0014.npy
lstm,pop__pop.00035,pop,15,pop,pop,1,0.9469407200813293,E:\dl\mel_cache\lm3_base_v1\test\pop\pop.00035__03000ms__0015.npy
lstm,pop__pop.00035,pop,16,pop,pop,1,0.9455748796463013,E:\dl\mel_cache\lm3_base_v1\test\pop\pop.00035__03000ms__0016.npy
lstm,pop__pop.00035,pop,17,pop,pop,1,0.9355534315109253,E:\dl\mel_cache\lm3_base_v1\test\pop\pop.00035__03000ms__0017.npy
lstm,pop__pop.00035,pop,18,pop,pop,1,0.9385923147201538,E:\dl\mel_cache\lm3_base_v1\test\pop\pop.00035__03000ms__0018.npy
lstm,pop__pop.00035,pop,19,pop,pop,1,0.939120888710022,E:\dl\mel_cache\lm3_base_v1\test\pop\pop.00035__03000ms__0019.npy
lstm,pop__pop.00038,pop,0,pop,pop,1,0.9323998093605042,E:\dl\mel_cache\lm3_base_v1\test\pop\pop.00038__03000ms__0000.npy
lstm,pop__pop.00038,pop,1,pop,pop,1,0.9362583756446838,E:\dl\mel_cache\lm3_base_v1\test\pop\pop.00038__03000ms__0001.npy
lstm,pop__pop.00038,pop,2,pop,pop,1,0.8989448547363281,E:\dl\mel_cache\lm3_base_v1\test\pop\pop.00038__03000ms__0002.npy
lstm,pop__pop.00038,pop,3,pop,pop,1,0.9335045218467712,E:\dl\mel_cache\lm3_base_v1\test\pop\pop.00038__03000ms__0003.npy
lstm,pop__pop.00038,pop,4,pop,pop,1,0.9324600100517273,E:\dl\mel_cache\lm3_base_v1\test\pop\pop.00038__03000ms__0004.npy
lstm,pop__pop.00038,pop,5,pop,pop,1,0.9219974875450134,E:\dl\mel_cache\lm3_base_v1\test\pop\pop.00038__03000ms__0005.npy
lstm,pop__pop.00038,pop,6,pop,pop,1,0.8841233253479004,E:\dl\mel_cache\lm3_base_v1\test\pop\pop.00038__03000ms__0006.npy
lstm,pop__pop.00038,pop,7,pop,pop,1,0.9452579021453857,E:\dl\mel_cache\lm3_base_v1\test\pop\pop.00038__03000ms__0007.npy
lstm,pop__pop.00038,pop,8,pop,pop,1,0.9468482732772827,E:\dl\mel_cache\lm3_base_v1\test\pop\pop.00038__03000ms__0008.npy
lstm,pop__pop.00038,pop,9,pop,pop,1,0.938244104385376,E:\dl\mel_cache\lm3_base_v1\test\pop\pop.00038__03000ms__0009.npy
lstm,pop__pop.00038,pop,10,pop,pop,1,0.940121054649353,E:\dl\mel_cache\lm3_base_v1\test\pop\pop.00038__03000ms__0010.npy
lstm,pop__pop.00038,pop,11,pop,pop,1,0.9440171122550964,E:\dl\mel_cache\lm3_base_v1\test\pop\pop.00038__03000ms__0011.npy
lstm,pop__pop.00038,pop,12,pop,pop,1,0.9465054273605347,E:\dl\mel_cache\lm3_base_v1\test\pop\pop.00038__03000ms__0012.npy
lstm,pop__pop.00038,pop,13,pop,pop,1,0.948883056640625,E:\dl\mel_cache\lm3_base_v1\test\pop\pop.00038__03000ms__0013.npy
lstm,pop__pop.00038,pop,14,pop,pop,1,0.9468310475349426,E:\dl\mel_cache\lm3_base_v1\test\pop\pop.00038__03000ms__0014.npy
lstm,pop__pop.00038,pop,15,pop,pop,1,0.9453797340393066,E:\dl\mel_cache\lm3_base_v1\test\pop\pop.00038__03000ms__0015.npy
lstm,pop__pop.00038,pop,16,pop,pop,1,0.9426845908164978,E:\dl\mel_cache\lm3_base_v1\test\pop\pop.00038__03000ms__0016.npy
lstm,pop__pop.00038,pop,17,pop,pop,1,0.9440446496009827,E:\dl\mel_cache\lm3_base_v1\test\pop\pop.00038__03000ms__0017.npy
lstm,pop__pop.00038,pop,18,pop,pop,1,0.9402548670768738,E:\dl\mel_cache\lm3_base_v1\test\pop\pop.00038__03000ms__0018.npy
lstm,pop__pop.00038,pop,19,pop,pop,1,0.9402201175689697,E:\dl\mel_cache\lm3_base_v1\test\pop\pop.00038__03000ms__0019.npy
lstm,pop__pop.00039,pop,0,pop,pop,1,0.9456859827041626,E:\dl\mel_cache\lm3_base_v1\test\pop\pop.00039__03000ms__0000.npy
lstm,pop__pop.00039,pop,1,pop,pop,1,0.9420774579048157,E:\dl\mel_cache\lm3_base_v1\test\pop\pop.00039__03000ms__0001.npy
lstm,pop__pop.00039,pop,2,pop,pop,1,0.9416801333427429,E:\dl\mel_cache\lm3_base_v1\test\pop\pop.00039__03000ms__0002.npy
lstm,pop__pop.00039,pop,3,pop,pop,1,0.9504418969154358,E:\dl\mel_cache\lm3_base_v1\test\pop\pop.00039__03000ms__0003.npy
lstm,pop__pop.00039,pop,4,pop,pop,1,0.9508314728736877,E:\dl\mel_cache\lm3_base_v1\test\pop\pop.00039__03000ms__0004.npy
lstm,pop__pop.00039,pop,5,pop,pop,1,0.946460485458374,E:\dl\mel_cache\lm3_base_v1\test\pop\pop.00039__03000ms__0005.npy
lstm,pop__pop.00039,pop,6,pop,pop,1,0.9458580613136292,E:\dl\mel_cache\lm3_base_v1\test\pop\pop.00039__03000ms__0006.npy
lstm,pop__pop.00039,pop,7,pop,pop,1,0.9369943737983704,E:\dl\mel_cache\lm3_base_v1\test\pop\pop.00039__03000ms__0007.npy
lstm,pop__pop.00039,pop,8,pop,pop,1,0.9432548880577087,E:\dl\mel_cache\lm3_base_v1\test\pop\pop.00039__03000ms__0008.npy
lstm,pop__pop.00039,pop,9,pop,pop,1,0.9442963004112244,E:\dl\mel_cache\lm3_base_v1\test\pop\pop.00039__03000ms__0009.npy
lstm,pop__pop.00039,pop,10,pop,pop,1,0.9469695091247559,E:\dl\mel_cache\lm3_base_v1\test\pop\pop.00039__03000ms__0010.npy
lstm,pop__pop.00039,pop,11,pop,pop,1,0.9484791159629822,E:\dl\mel_cache\lm3_base_v1\test\pop\pop.00039__03000ms__0011.npy
lstm,pop__pop.00039,pop,12,pop,pop,1,0.9424220323562622,E:\dl\mel_cache\lm3_base_v1\test\pop\pop.00039__03000ms__0012.npy
lstm,pop__pop.00039,pop,13,pop,pop,1,0.946114182472229,E:\dl\mel_cache\lm3_base_v1\test\pop\pop.00039__03000ms__0013.npy
lstm,pop__pop.00039,pop,14,pop,pop,1,0.9500399827957153,E:\dl\mel_cache\lm3_base_v1\test\pop\pop.00039__03000ms__0014.npy
lstm,pop__pop.00039,pop,15,pop,pop,1,0.9452006220817566,E:\dl\mel_cache\lm3_base_v1\test\pop\pop.00039__03000ms__0015.npy
lstm,pop__pop.00039,pop,16,pop,pop,1,0.946717381477356,E:\dl\mel_cache\lm3_base_v1\test\pop\pop.00039__03000ms__0016.npy
lstm,pop__pop.00039,pop,17,pop,pop,1,0.951068639755249,E:\dl\mel_cache\lm3_base_v1\test\pop\pop.00039__03000ms__0017.npy
lstm,pop__pop.00039,pop,18,pop,pop,1,0.9413595199584961,E:\dl\mel_cache\lm3_base_v1\test\pop\pop.00039__03000ms__0018.npy
lstm,pop__pop.00039,pop,19,pop,pop,1,0.94129878282547,E:\dl\mel_cache\lm3_base_v1\test\pop\pop.00039__03000ms__0019.npy
lstm,pop__pop.00045,pop,0,pop,hiphop,0,0.8955389261245728,E:\dl\mel_cache\lm3_base_v1\test\pop\pop.00045__03000ms__0000.npy
lstm,pop__pop.00045,pop,1,pop,hiphop,0,0.896609902381897,E:\dl\mel_cache\lm3_base_v1\test\pop\pop.00045__03000ms__0001.npy
lstm,pop__pop.00045,pop,2,pop,hiphop,0,0.9347418546676636,E:\dl\mel_cache\lm3_base_v1\test\pop\pop.00045__03000ms__0002.npy
lstm,pop__pop.00045,pop,3,pop,pop,1,0.9153442978858948,E:\dl\mel_cache\lm3_base_v1\test\pop\pop.00045__03000ms__0003.npy
lstm,pop__pop.00045,pop,4,pop,pop,1,0.8886479139328003,E:\dl\mel_cache\lm3_base_v1\test\pop\pop.00045__03000ms__0004.npy
lstm,pop__pop.00045,pop,5,pop,pop,1,0.7518677711486816,E:\dl\mel_cache\lm3_base_v1\test\pop\pop.00045__03000ms__0005.npy
lstm,pop__pop.00045,pop,6,pop,pop,1,0.8608455061912537,E:\dl\mel_cache\lm3_base_v1\test\pop\pop.00045__03000ms__0006.npy
lstm,pop__pop.00045,pop,7,pop,pop,1,0.9134238362312317,E:\dl\mel_cache\lm3_base_v1\test\pop\pop.00045__03000ms__0007.npy
lstm,pop__pop.00045,pop,8,pop,pop,1,0.8587011694908142,E:\dl\mel_cache\lm3_base_v1\test\pop\pop.00045__03000ms__0008.npy
lstm,pop__pop.00045,pop,9,pop,hiphop,0,0.5139254331588745,E:\dl\mel_cache\lm3_base_v1\test\pop\pop.00045__03000ms__0009.npy
lstm,pop__pop.00045,pop,10,pop,pop,1,0.4600474238395691,E:\dl\mel_cache\lm3_base_v1\test\pop\pop.00045__03000ms__0010.npy
lstm,pop__pop.00045,pop,11,pop,pop,1,0.9415599703788757,E:\dl\mel_cache\lm3_base_v1\test\pop\pop.00045__03000ms__0011.npy
lstm,pop__pop.00045,pop,12,pop,pop,1,0.9433109760284424,E:\dl\mel_cache\lm3_base_v1\test\pop\pop.00045__03000ms__0012.npy
lstm,pop__pop.00045,pop,13,pop,pop,1,0.9403870701789856,E:\dl\mel_cache\lm3_base_v1\test\pop\pop.00045__03000ms__0013.npy
lstm,pop__pop.00045,pop,14,pop,pop,1,0.9416186809539795,E:\dl\mel_cache\lm3_base_v1\test\pop\pop.00045__03000ms__0014.npy
lstm,pop__pop.00045,pop,15,pop,pop,1,0.9478170871734619,E:\dl\mel_cache\lm3_base_v1\test\pop\pop.00045__03000ms__0015.npy
lstm,pop__pop.00045,pop,16,pop,pop,1,0.9470936059951782,E:\dl\mel_cache\lm3_base_v1\test\pop\pop.00045__03000ms__0016.npy
lstm,pop__pop.00045,pop,17,pop,pop,1,0.7577432990074158,E:\dl\mel_cache\lm3_base_v1\test\pop\pop.00045__03000ms__0017.npy
lstm,pop__pop.00045,pop,18,pop,pop,1,0.9429291486740112,E:\dl\mel_cache\lm3_base_v1\test\pop\pop.00045__03000ms__0018.npy
lstm,pop__pop.00045,pop,19,pop,pop,1,0.942891538143158,E:\dl\mel_cache\lm3_base_v1\test\pop\pop.00045__03000ms__0019.npy
lstm,pop__pop.00049,pop,0,pop,pop,1,0.9339330196380615,E:\dl\mel_cache\lm3_base_v1\test\pop\pop.00049__03000ms__0000.npy
lstm,pop__pop.00049,pop,1,pop,pop,1,0.897622287273407,E:\dl\mel_cache\lm3_base_v1\test\pop\pop.00049__03000ms__0001.npy
lstm,pop__pop.00049,pop,2,pop,pop,1,0.9385396242141724,E:\dl\mel_cache\lm3_base_v1\test\pop\pop.00049__03000ms__0002.npy
lstm,pop__pop.00049,pop,3,pop,pop,1,0.9033440947532654,E:\dl\mel_cache\lm3_base_v1\test\pop\pop.00049__03000ms__0003.npy
lstm,pop__pop.00049,pop,4,pop,pop,1,0.7457232475280762,E:\dl\mel_cache\lm3_base_v1\test\pop\pop.00049__03000ms__0004.npy
lstm,pop__pop.00049,pop,5,pop,pop,1,0.9431723356246948,E:\dl\mel_cache\lm3_base_v1\test\pop\pop.00049__03000ms__0005.npy
lstm,pop__pop.00049,pop,6,pop,pop,1,0.700626015663147,E:\dl\mel_cache\lm3_base_v1\test\pop\pop.00049__03000ms__0006.npy
lstm,pop__pop.00049,pop,7,pop,pop,1,0.7949532866477966,E:\dl\mel_cache\lm3_base_v1\test\pop\pop.00049__03000ms__0007.npy
lstm,pop__pop.00049,pop,8,pop,pop,1,0.5606474876403809,E:\dl\mel_cache\lm3_base_v1\test\pop\pop.00049__03000ms__0008.npy
lstm,pop__pop.00049,pop,9,pop,disco,0,0.7572355270385742,E:\dl\mel_cache\lm3_base_v1\test\pop\pop.00049__03000ms__0009.npy
lstm,pop__pop.00049,pop,10,pop,pop,1,0.8884679675102234,E:\dl\mel_cache\lm3_base_v1\test\pop\pop.00049__03000ms__0010.npy
lstm,pop__pop.00049,pop,11,pop,pop,1,0.9562742710113525,E:\dl\mel_cache\lm3_base_v1\test\pop\pop.00049__03000ms__0011.npy
lstm,pop__pop.00049,pop,12,pop,pop,1,0.9557924270629883,E:\dl\mel_cache\lm3_base_v1\test\pop\pop.00049__03000ms__0012.npy
lstm,pop__pop.00049,pop,13,pop,pop,1,0.950241208076477,E:\dl\mel_cache\lm3_base_v1\test\pop\pop.00049__03000ms__0013.npy
lstm,pop__pop.00049,pop,14,pop,pop,1,0.9557740688323975,E:\dl\mel_cache\lm3_base_v1\test\pop\pop.00049__03000ms__0014.npy
lstm,pop__pop.00049,pop,15,pop,pop,1,0.9547730088233948,E:\dl\mel_cache\lm3_base_v1\test\pop\pop.00049__03000ms__0015.npy
lstm,pop__pop.00049,pop,16,pop,pop,1,0.9530632495880127,E:\dl\mel_cache\lm3_base_v1\test\pop\pop.00049__03000ms__0016.npy
lstm,pop__pop.00049,pop,17,pop,pop,1,0.9572230577468872,E:\dl\mel_cache\lm3_base_v1\test\pop\pop.00049__03000ms__0017.npy
lstm,pop__pop.00049,pop,18,pop,pop,1,0.9547401070594788,E:\dl\mel_cache\lm3_base_v1\test\pop\pop.00049__03000ms__0018.npy
lstm,pop__pop.00049,pop,19,pop,pop,1,0.9546757340431213,E:\dl\mel_cache\lm3_base_v1\test\pop\pop.00049__03000ms__0019.npy
lstm,pop__pop.00079,pop,0,pop,rock,0,0.6353449821472168,E:\dl\mel_cache\lm3_base_v1\test\pop\pop.00079__03000ms__0000.npy
lstm,pop__pop.00079,pop,1,pop,rock,0,0.6178866028785706,E:\dl\mel_cache\lm3_base_v1\test\pop\pop.00079__03000ms__0001.npy
lstm,pop__pop.00079,pop,2,pop,rock,0,0.7327098846435547,E:\dl\mel_cache\lm3_base_v1\test\pop\pop.00079__03000ms__0002.npy
lstm,pop__pop.00079,pop,3,pop,rock,0,0.743488073348999,E:\dl\mel_cache\lm3_base_v1\test\pop\pop.00079__03000ms__0003.npy
lstm,pop__pop.00079,pop,4,pop,rock,0,0.6822216510772705,E:\dl\mel_cache\lm3_base_v1\test\pop\pop.00079__03000ms__0004.npy
lstm,pop__pop.00079,pop,5,pop,rock,0,0.5482063293457031,E:\dl\mel_cache\lm3_base_v1\test\pop\pop.00079__03000ms__0005.npy
lstm,pop__pop.00079,pop,6,pop,rock,0,0.6790642142295837,E:\dl\mel_cache\lm3_base_v1\test\pop\pop.00079__03000ms__0006.npy
lstm,pop__pop.00079,pop,7,pop,rock,0,0.35954904556274414,E:\dl\mel_cache\lm3_base_v1\test\pop\pop.00079__03000ms__0007.npy
lstm,pop__pop.00079,pop,8,pop,rock,0,0.24612481892108917,E:\dl\mel_cache\lm3_base_v1\test\pop\pop.00079__03000ms__0008.npy
lstm,pop__pop.00079,pop,9,pop,classical,0,0.402517706155777,E:\dl\mel_cache\lm3_base_v1\test\pop\pop.00079__03000ms__0009.npy
lstm,pop__pop.00079,pop,10,pop,jazz,0,0.4875582158565521,E:\dl\mel_cache\lm3_base_v1\test\pop\pop.00079__03000ms__0010.npy
lstm,pop__pop.00079,pop,11,pop,jazz,0,0.31873562932014465,E:\dl\mel_cache\lm3_base_v1\test\pop\pop.00079__03000ms__0011.npy
lstm,pop__pop.00079,pop,12,pop,pop,1,0.5325841903686523,E:\dl\mel_cache\lm3_base_v1\test\pop\pop.00079__03000ms__0012.npy
lstm,pop__pop.00079,pop,13,pop,pop,1,0.4466365873813629,E:\dl\mel_cache\lm3_base_v1\test\pop\pop.00079__03000ms__0013.npy
lstm,pop__pop.00079,pop,14,pop,jazz,0,0.30287966132164,E:\dl\mel_cache\lm3_base_v1\test\pop\pop.00079__03000ms__0014.npy
lstm,pop__pop.00079,pop,15,pop,rock,0,0.4852236211299896,E:\dl\mel_cache\lm3_base_v1\test\pop\pop.00079__03000ms__0015.npy
lstm,pop__pop.00079,pop,16,pop,jazz,0,0.3280373513698578,E:\dl\mel_cache\lm3_base_v1\test\pop\pop.00079__03000ms__0016.npy
lstm,pop__pop.00079,pop,17,pop,jazz,0,0.5685810446739197,E:\dl\mel_cache\lm3_base_v1\test\pop\pop.00079__03000ms__0017.npy
lstm,pop__pop.00079,pop,18,pop,rock,0,0.6507716774940491,E:\dl\mel_cache\lm3_base_v1\test\pop\pop.00079__03000ms__0018.npy
lstm,pop__pop.00079,pop,19,pop,rock,0,0.6502724289894104,E:\dl\mel_cache\lm3_base_v1\test\pop\pop.00079__03000ms__0019.npy
lstm,pop__pop.00081,pop,0,pop,rock,0,0.48699676990509033,E:\dl\mel_cache\lm3_base_v1\test\pop\pop.00081__03000ms__0000.npy
lstm,pop__pop.00081,pop,1,pop,country,0,0.8915740251541138,E:\dl\mel_cache\lm3_base_v1\test\pop\pop.00081__03000ms__0001.npy
lstm,pop__pop.00081,pop,2,pop,country,0,0.5359326601028442,E:\dl\mel_cache\lm3_base_v1\test\pop\pop.00081__03000ms__0002.npy
lstm,pop__pop.00081,pop,3,pop,country,0,0.8933044672012329,E:\dl\mel_cache\lm3_base_v1\test\pop\pop.00081__03000ms__0003.npy
lstm,pop__pop.00081,pop,4,pop,country,0,0.8298702239990234,E:\dl\mel_cache\lm3_base_v1\test\pop\pop.00081__03000ms__0004.npy
lstm,pop__pop.00081,pop,5,pop,country,0,0.5004079937934875,E:\dl\mel_cache\lm3_base_v1\test\pop\pop.00081__03000ms__0005.npy
lstm,pop__pop.00081,pop,6,pop,reggae,0,0.5638915300369263,E:\dl\mel_cache\lm3_base_v1\test\pop\pop.00081__03000ms__0006.npy
lstm,pop__pop.00081,pop,7,pop,country,0,0.6051944494247437,E:\dl\mel_cache\lm3_base_v1\test\pop\pop.00081__03000ms__0007.npy
lstm,pop__pop.00081,pop,8,pop,rock,0,0.5891698002815247,E:\dl\mel_cache\lm3_base_v1\test\pop\pop.00081__03000ms__0008.npy
lstm,pop__pop.00081,pop,9,pop,rock,0,0.45322751998901367,E:\dl\mel_cache\lm3_base_v1\test\pop\pop.00081__03000ms__0009.npy
lstm,pop__pop.00081,pop,10,pop,country,0,0.9162868857383728,E:\dl\mel_cache\lm3_base_v1\test\pop\pop.00081__03000ms__0010.npy
lstm,pop__pop.00081,pop,11,pop,country,0,0.886522650718689,E:\dl\mel_cache\lm3_base_v1\test\pop\pop.00081__03000ms__0011.npy
lstm,pop__pop.00081,pop,12,pop,country,0,0.9377048015594482,E:\dl\mel_cache\lm3_base_v1\test\pop\pop.00081__03000ms__0012.npy
lstm,pop__pop.00081,pop,13,pop,country,0,0.9274402260780334,E:\dl\mel_cache\lm3_base_v1\test\pop\pop.00081__03000ms__0013.npy
lstm,pop__pop.00081,pop,14,pop,country,0,0.8607099056243896,E:\dl\mel_cache\lm3_base_v1\test\pop\pop.00081__03000ms__0014.npy
lstm,pop__pop.00081,pop,15,pop,country,0,0.8090603351593018,E:\dl\mel_cache\lm3_base_v1\test\pop\pop.00081__03000ms__0015.npy
lstm,pop__pop.00081,pop,16,pop,country,0,0.680791437625885,E:\dl\mel_cache\lm3_base_v1\test\pop\pop.00081__03000ms__0016.npy
lstm,pop__pop.00081,pop,17,pop,rock,0,0.8393545150756836,E:\dl\mel_cache\lm3_base_v1\test\pop\pop.00081__03000ms__0017.npy
lstm,pop__pop.00081,pop,18,pop,rock,0,0.690121591091156,E:\dl\mel_cache\lm3_base_v1\test\pop\pop.00081__03000ms__0018.npy
lstm,pop__pop.00081,pop,19,pop,rock,0,0.6909996867179871,E:\dl\mel_cache\lm3_base_v1\test\pop\pop.00081__03000ms__0019.npy
lstm,reggae__reggae.00029,reggae,0,reggae,reggae,1,0.9431816935539246,E:\dl\mel_cache\lm3_base_v1\test\reggae\reggae.00029__03000ms__0000.npy
lstm,reggae__reggae.00029,reggae,1,reggae,reggae,1,0.940264880657196,E:\dl\mel_cache\lm3_base_v1\test\reggae\reggae.00029__03000ms__0001.npy
lstm,reggae__reggae.00029,reggae,2,reggae,reggae,1,0.9428926110267639,E:\dl\mel_cache\lm3_base_v1\test\reggae\reggae.00029__03000ms__0002.npy
lstm,reggae__reggae.00029,reggae,3,reggae,reggae,1,0.9393129944801331,E:\dl\mel_cache\lm3_base_v1\test\reggae\reggae.00029__03000ms__0003.npy
lstm,reggae__reggae.00029,reggae,4,reggae,reggae,1,0.9404035210609436,E:\dl\mel_cache\lm3_base_v1\test\reggae\reggae.00029__03000ms__0004.npy
lstm,reggae__reggae.00029,reggae,5,reggae,reggae,1,0.9412627220153809,E:\dl\mel_cache\lm3_base_v1\test\reggae\reggae.00029__03000ms__0005.npy
lstm,reggae__reggae.00029,reggae,6,reggae,reggae,1,0.9434638619422913,E:\dl\mel_cache\lm3_base_v1\test\reggae\reggae.00029__03000ms__0006.npy
lstm,reggae__reggae.00029,reggae,7,reggae,reggae,1,0.9376110434532166,E:\dl\mel_cache\lm3_base_v1\test\reggae\reggae.00029__03000ms__0007.npy
lstm,reggae__reggae.00029,reggae,8,reggae,reggae,1,0.9431999325752258,E:\dl\mel_cache\lm3_base_v1\test\reggae\reggae.00029__03000ms__0008.npy
lstm,reggae__reggae.00029,reggae,9,reggae,reggae,1,0.9454946517944336,E:\dl\mel_cache\lm3_base_v1\test\reggae\reggae.00029__03000ms__0009.npy
lstm,reggae__reggae.00029,reggae,10,reggae,reggae,1,0.9427002668380737,E:\dl\mel_cache\lm3_base_v1\test\reggae\reggae.00029__03000ms__0010.npy
lstm,reggae__reggae.00029,reggae,11,reggae,reggae,1,0.9415150284767151,E:\dl\mel_cache\lm3_base_v1\test\reggae\reggae.00029__03000ms__0011.npy
lstm,reggae__reggae.00029,reggae,12,reggae,reggae,1,0.9403907656669617,E:\dl\mel_cache\lm3_base_v1\test\reggae\reggae.00029__03000ms__0012.npy
lstm,reggae__reggae.00029,reggae,13,reggae,reggae,1,0.9341732859611511,E:\dl\mel_cache\lm3_base_v1\test\reggae\reggae.00029__03000ms__0013.npy
lstm,reggae__reggae.00029,reggae,14,reggae,reggae,1,0.9400604963302612,E:\dl\mel_cache\lm3_base_v1\test\reggae\reggae.00029__03000ms__0014.npy
lstm,reggae__reggae.00029,reggae,15,reggae,reggae,1,0.917660117149353,E:\dl\mel_cache\lm3_base_v1\test\reggae\reggae.00029__03000ms__0015.npy
lstm,reggae__reggae.00029,reggae,16,reggae,reggae,1,0.9300680160522461,E:\dl\mel_cache\lm3_base_v1\test\reggae\reggae.00029__03000ms__0016.npy
lstm,reggae__reggae.00029,reggae,17,reggae,reggae,1,0.9454712867736816,E:\dl\mel_cache\lm3_base_v1\test\reggae\reggae.00029__03000ms__0017.npy
lstm,reggae__reggae.00029,reggae,18,reggae,reggae,1,0.9443695545196533,E:\dl\mel_cache\lm3_base_v1\test\reggae\reggae.00029__03000ms__0018.npy
lstm,reggae__reggae.00029,reggae,19,reggae,reggae,1,0.9439383149147034,E:\dl\mel_cache\lm3_base_v1\test\reggae\reggae.00029__03000ms__0019.npy
lstm,reggae__reggae.00031,reggae,0,reggae,reggae,1,0.9431322813034058,E:\dl\mel_cache\lm3_base_v1\test\reggae\reggae.00031__03000ms__0000.npy
lstm,reggae__reggae.00031,reggae,1,reggae,reggae,1,0.9417529702186584,E:\dl\mel_cache\lm3_base_v1\test\reggae\reggae.00031__03000ms__0001.npy
lstm,reggae__reggae.00031,reggae,2,reggae,reggae,1,0.9407203793525696,E:\dl\mel_cache\lm3_base_v1\test\reggae\reggae.00031__03000ms__0002.npy
lstm,reggae__reggae.00031,reggae,3,reggae,reggae,1,0.9408472180366516,E:\dl\mel_cache\lm3_base_v1\test\reggae\reggae.00031__03000ms__0003.npy
lstm,reggae__reggae.00031,reggae,4,reggae,reggae,1,0.9408555626869202,E:\dl\mel_cache\lm3_base_v1\test\reggae\reggae.00031__03000ms__0004.npy
lstm,reggae__reggae.00031,reggae,5,reggae,reggae,1,0.9407930970191956,E:\dl\mel_cache\lm3_base_v1\test\reggae\reggae.00031__03000ms__0005.npy
lstm,reggae__reggae.00031,reggae,6,reggae,reggae,1,0.9442033767700195,E:\dl\mel_cache\lm3_base_v1\test\reggae\reggae.00031__03000ms__0006.npy
lstm,reggae__reggae.00031,reggae,7,reggae,reggae,1,0.9444520473480225,E:\dl\mel_cache\lm3_base_v1\test\reggae\reggae.00031__03000ms__0007.npy
lstm,reggae__reggae.00031,reggae,8,reggae,reggae,1,0.9395086765289307,E:\dl\mel_cache\lm3_base_v1\test\reggae\reggae.00031__03000ms__0008.npy
lstm,reggae__reggae.00031,reggae,9,reggae,reggae,1,0.9407984018325806,E:\dl\mel_cache\lm3_base_v1\test\reggae\reggae.00031__03000ms__0009.npy
lstm,reggae__reggae.00031,reggae,10,reggae,reggae,1,0.9444704651832581,E:\dl\mel_cache\lm3_base_v1\test\reggae\reggae.00031__03000ms__0010.npy
lstm,reggae__reggae.00031,reggae,11,reggae,reggae,1,0.9447005987167358,E:\dl\mel_cache\lm3_base_v1\test\reggae\reggae.00031__03000ms__0011.npy
lstm,reggae__reggae.00031,reggae,12,reggae,reggae,1,0.9402987360954285,E:\dl\mel_cache\lm3_base_v1\test\reggae\reggae.00031__03000ms__0012.npy
lstm,reggae__reggae.00031,reggae,13,reggae,reggae,1,0.943297803401947,E:\dl\mel_cache\lm3_base_v1\test\reggae\reggae.00031__03000ms__0013.npy
lstm,reggae__reggae.00031,reggae,14,reggae,reggae,1,0.9449698328971863,E:\dl\mel_cache\lm3_base_v1\test\reggae\reggae.00031__03000ms__0014.npy
lstm,reggae__reggae.00031,reggae,15,reggae,reggae,1,0.9439685940742493,E:\dl\mel_cache\lm3_base_v1\test\reggae\reggae.00031__03000ms__0015.npy
lstm,reggae__reggae.00031,reggae,16,reggae,reggae,1,0.9449076056480408,E:\dl\mel_cache\lm3_base_v1\test\reggae\reggae.00031__03000ms__0016.npy
lstm,reggae__reggae.00031,reggae,17,reggae,reggae,1,0.9420628547668457,E:\dl\mel_cache\lm3_base_v1\test\reggae\reggae.00031__03000ms__0017.npy
lstm,reggae__reggae.00031,reggae,18,reggae,reggae,1,0.9403721690177917,E:\dl\mel_cache\lm3_base_v1\test\reggae\reggae.00031__03000ms__0018.npy
lstm,reggae__reggae.00031,reggae,19,reggae,reggae,1,0.9410951733589172,E:\dl\mel_cache\lm3_base_v1\test\reggae\reggae.00031__03000ms__0019.npy
lstm,reggae__reggae.00034,reggae,0,reggae,reggae,1,0.9276536703109741,E:\dl\mel_cache\lm3_base_v1\test\reggae\reggae.00034__03000ms__0000.npy
lstm,reggae__reggae.00034,reggae,1,reggae,reggae,1,0.9377768635749817,E:\dl\mel_cache\lm3_base_v1\test\reggae\reggae.00034__03000ms__0001.npy
lstm,reggae__reggae.00034,reggae,2,reggae,reggae,1,0.9173057675361633,E:\dl\mel_cache\lm3_base_v1\test\reggae\reggae.00034__03000ms__0002.npy
lstm,reggae__reggae.00034,reggae,3,reggae,rock,0,0.46890923380851746,E:\dl\mel_cache\lm3_base_v1\test\reggae\reggae.00034__03000ms__0003.npy
lstm,reggae__reggae.00034,reggae,4,reggae,reggae,1,0.9358166456222534,E:\dl\mel_cache\lm3_base_v1\test\reggae\reggae.00034__03000ms__0004.npy
lstm,reggae__reggae.00034,reggae,5,reggae,reggae,1,0.9438768029212952,E:\dl\mel_cache\lm3_base_v1\test\reggae\reggae.00034__03000ms__0005.npy
lstm,reggae__reggae.00034,reggae,6,reggae,reggae,1,0.9453938007354736,E:\dl\mel_cache\lm3_base_v1\test\reggae\reggae.00034__03000ms__0006.npy
lstm,reggae__reggae.00034,reggae,7,reggae,reggae,1,0.9104927182197571,E:\dl\mel_cache\lm3_base_v1\test\reggae\reggae.00034__03000ms__0007.npy
lstm,reggae__reggae.00034,reggae,8,reggae,reggae,1,0.9166625142097473,E:\dl\mel_cache\lm3_base_v1\test\reggae\reggae.00034__03000ms__0008.npy
lstm,reggae__reggae.00034,reggae,9,reggae,reggae,1,0.5100871920585632,E:\dl\mel_cache\lm3_base_v1\test\reggae\reggae.00034__03000ms__0009.npy
lstm,reggae__reggae.00034,reggae,10,reggae,reggae,1,0.6722334623336792,E:\dl\mel_cache\lm3_base_v1\test\reggae\reggae.00034__03000ms__0010.npy
lstm,reggae__reggae.00034,reggae,11,reggae,reggae,1,0.9455145597457886,E:\dl\mel_cache\lm3_base_v1\test\reggae\reggae.00034__03000ms__0011.npy
lstm,reggae__reggae.00034,reggae,12,reggae,reggae,1,0.9439737796783447,E:\dl\mel_cache\lm3_base_v1\test\reggae\reggae.00034__03000ms__0012.npy
lstm,reggae__reggae.00034,reggae,13,reggae,reggae,1,0.9466720819473267,E:\dl\mel_cache\lm3_base_v1\test\reggae\reggae.00034__03000ms__0013.npy
lstm,reggae__reggae.00034,reggae,14,reggae,rock,0,0.7134633660316467,E:\dl\mel_cache\lm3_base_v1\test\reggae\reggae.00034__03000ms__0014.npy
lstm,reggae__reggae.00034,reggae,15,reggae,rock,0,0.7201263904571533,E:\dl\mel_cache\lm3_base_v1\test\reggae\reggae.00034__03000ms__0015.npy
lstm,reggae__reggae.00034,reggae,16,reggae,rock,0,0.8447651863098145,E:\dl\mel_cache\lm3_base_v1\test\reggae\reggae.00034__03000ms__0016.npy
lstm,reggae__reggae.00034,reggae,17,reggae,rock,0,0.8679859042167664,E:\dl\mel_cache\lm3_base_v1\test\reggae\reggae.00034__03000ms__0017.npy
lstm,reggae__reggae.00034,reggae,18,reggae,reggae,1,0.7627594470977783,E:\dl\mel_cache\lm3_base_v1\test\reggae\reggae.00034__03000ms__0018.npy
lstm,reggae__reggae.00034,reggae,19,reggae,reggae,1,0.6587586998939514,E:\dl\mel_cache\lm3_base_v1\test\reggae\reggae.00034__03000ms__0019.npy
lstm,reggae__reggae.00035,reggae,0,reggae,reggae,1,0.9462332129478455,E:\dl\mel_cache\lm3_base_v1\test\reggae\reggae.00035__03000ms__0000.npy
lstm,reggae__reggae.00035,reggae,1,reggae,reggae,1,0.9429935812950134,E:\dl\mel_cache\lm3_base_v1\test\reggae\reggae.00035__03000ms__0001.npy
lstm,reggae__reggae.00035,reggae,2,reggae,reggae,1,0.9425362944602966,E:\dl\mel_cache\lm3_base_v1\test\reggae\reggae.00035__03000ms__0002.npy
lstm,reggae__reggae.00035,reggae,3,reggae,reggae,1,0.9335024356842041,E:\dl\mel_cache\lm3_base_v1\test\reggae\reggae.00035__03000ms__0003.npy
lstm,reggae__reggae.00035,reggae,4,reggae,reggae,1,0.9417408108711243,E:\dl\mel_cache\lm3_base_v1\test\reggae\reggae.00035__03000ms__0004.npy
lstm,reggae__reggae.00035,reggae,5,reggae,reggae,1,0.9445826411247253,E:\dl\mel_cache\lm3_base_v1\test\reggae\reggae.00035__03000ms__0005.npy
lstm,reggae__reggae.00035,reggae,6,reggae,reggae,1,0.9466102123260498,E:\dl\mel_cache\lm3_base_v1\test\reggae\reggae.00035__03000ms__0006.npy
lstm,reggae__reggae.00035,reggae,7,reggae,reggae,1,0.9452396631240845,E:\dl\mel_cache\lm3_base_v1\test\reggae\reggae.00035__03000ms__0007.npy
lstm,reggae__reggae.00035,reggae,8,reggae,reggae,1,0.945175051689148,E:\dl\mel_cache\lm3_base_v1\test\reggae\reggae.00035__03000ms__0008.npy
lstm,reggae__reggae.00035,reggae,9,reggae,reggae,1,0.9410699605941772,E:\dl\mel_cache\lm3_base_v1\test\reggae\reggae.00035__03000ms__0009.npy
lstm,reggae__reggae.00035,reggae,10,reggae,reggae,1,0.9448122382164001,E:\dl\mel_cache\lm3_base_v1\test\reggae\reggae.00035__03000ms__0010.npy
lstm,reggae__reggae.00035,reggae,11,reggae,reggae,1,0.9444966316223145,E:\dl\mel_cache\lm3_base_v1\test\reggae\reggae.00035__03000ms__0011.npy
lstm,reggae__reggae.00035,reggae,12,reggae,reggae,1,0.9410340189933777,E:\dl\mel_cache\lm3_base_v1\test\reggae\reggae.00035__03000ms__0012.npy
lstm,reggae__reggae.00035,reggae,13,reggae,reggae,1,0.918960452079773,E:\dl\mel_cache\lm3_base_v1\test\reggae\reggae.00035__03000ms__0013.npy
lstm,reggae__reggae.00035,reggae,14,reggae,reggae,1,0.9445469379425049,E:\dl\mel_cache\lm3_base_v1\test\reggae\reggae.00035__03000ms__0014.npy
lstm,reggae__reggae.00035,reggae,15,reggae,reggae,1,0.9434763789176941,E:\dl\mel_cache\lm3_base_v1\test\reggae\reggae.00035__03000ms__0015.npy
lstm,reggae__reggae.00035,reggae,16,reggae,reggae,1,0.939852774143219,E:\dl\mel_cache\lm3_base_v1\test\reggae\reggae.00035__03000ms__0016.npy
lstm,reggae__reggae.00035,reggae,17,reggae,reggae,1,0.9420707821846008,E:\dl\mel_cache\lm3_base_v1\test\reggae\reggae.00035__03000ms__0017.npy
lstm,reggae__reggae.00035,reggae,18,reggae,reggae,1,0.9459913969039917,E:\dl\mel_cache\lm3_base_v1\test\reggae\reggae.00035__03000ms__0018.npy
lstm,reggae__reggae.00035,reggae,19,reggae,reggae,1,0.9460669159889221,E:\dl\mel_cache\lm3_base_v1\test\reggae\reggae.00035__03000ms__0019.npy
lstm,reggae__reggae.00040,reggae,0,reggae,rock,0,0.6260645985603333,E:\dl\mel_cache\lm3_base_v1\test\reggae\reggae.00040__03000ms__0000.npy
lstm,reggae__reggae.00040,reggae,1,reggae,rock,0,0.7583399415016174,E:\dl\mel_cache\lm3_base_v1\test\reggae\reggae.00040__03000ms__0001.npy
lstm,reggae__reggae.00040,reggae,2,reggae,rock,0,0.9505053758621216,E:\dl\mel_cache\lm3_base_v1\test\reggae\reggae.00040__03000ms__0002.npy
lstm,reggae__reggae.00040,reggae,3,reggae,rock,0,0.9454543590545654,E:\dl\mel_cache\lm3_base_v1\test\reggae\reggae.00040__03000ms__0003.npy
lstm,reggae__reggae.00040,reggae,4,reggae,rock,0,0.5995538234710693,E:\dl\mel_cache\lm3_base_v1\test\reggae\reggae.00040__03000ms__0004.npy
lstm,reggae__reggae.00040,reggae,5,reggae,rock,0,0.8763778209686279,E:\dl\mel_cache\lm3_base_v1\test\reggae\reggae.00040__03000ms__0005.npy
lstm,reggae__reggae.00040,reggae,6,reggae,rock,0,0.619218647480011,E:\dl\mel_cache\lm3_base_v1\test\reggae\reggae.00040__03000ms__0006.npy
lstm,reggae__reggae.00040,reggae,7,reggae,reggae,1,0.5856373310089111,E:\dl\mel_cache\lm3_base_v1\test\reggae\reggae.00040__03000ms__0007.npy
lstm,reggae__reggae.00040,reggae,8,reggae,rock,0,0.5152975916862488,E:\dl\mel_cache\lm3_base_v1\test\reggae\reggae.00040__03000ms__0008.npy
lstm,reggae__reggae.00040,reggae,9,reggae,rock,0,0.9490314722061157,E:\dl\mel_cache\lm3_base_v1\test\reggae\reggae.00040__03000ms__0009.npy
lstm,reggae__reggae.00040,reggae,10,reggae,rock,0,0.94309401512146,E:\dl\mel_cache\lm3_base_v1\test\reggae\reggae.00040__03000ms__0010.npy
lstm,reggae__reggae.00040,reggae,11,reggae,rock,0,0.7814423441886902,E:\dl\mel_cache\lm3_base_v1\test\reggae\reggae.00040__03000ms__0011.npy
lstm,reggae__reggae.00040,reggae,12,reggae,rock,0,0.7794094681739807,E:\dl\mel_cache\lm3_base_v1\test\reggae\reggae.00040__03000ms__0012.npy
lstm,reggae__reggae.00040,reggae,13,reggae,rock,0,0.7257453799247742,E:\dl\mel_cache\lm3_base_v1\test\reggae\reggae.00040__03000ms__0013.npy
lstm,reggae__reggae.00040,reggae,14,reggae,rock,0,0.4930502474308014,E:\dl\mel_cache\lm3_base_v1\test\reggae\reggae.00040__03000ms__0014.npy
lstm,reggae__reggae.00040,reggae,15,reggae,rock,0,0.3999194800853729,E:\dl\mel_cache\lm3_base_v1\test\reggae\reggae.00040__03000ms__0015.npy
lstm,reggae__reggae.00040,reggae,16,reggae,reggae,1,0.36306825280189514,E:\dl\mel_cache\lm3_base_v1\test\reggae\reggae.00040__03000ms__0016.npy
lstm,reggae__reggae.00040,reggae,17,reggae,rock,0,0.3580869436264038,E:\dl\mel_cache\lm3_base_v1\test\reggae\reggae.00040__03000ms__0017.npy
lstm,reggae__reggae.00040,reggae,18,reggae,reggae,1,0.5939924716949463,E:\dl\mel_cache\lm3_base_v1\test\reggae\reggae.00040__03000ms__0018.npy
lstm,reggae__reggae.00040,reggae,19,reggae,reggae,1,0.6558468341827393,E:\dl\mel_cache\lm3_base_v1\test\reggae\reggae.00040__03000ms__0019.npy
lstm,reggae__reggae.00047,reggae,0,reggae,reggae,1,0.946806788444519,E:\dl\mel_cache\lm3_base_v1\test\reggae\reggae.00047__03000ms__0000.npy
lstm,reggae__reggae.00047,reggae,1,reggae,reggae,1,0.9497613906860352,E:\dl\mel_cache\lm3_base_v1\test\reggae\reggae.00047__03000ms__0001.npy
lstm,reggae__reggae.00047,reggae,2,reggae,reggae,1,0.9448966383934021,E:\dl\mel_cache\lm3_base_v1\test\reggae\reggae.00047__03000ms__0002.npy
lstm,reggae__reggae.00047,reggae,3,reggae,reggae,1,0.9431152939796448,E:\dl\mel_cache\lm3_base_v1\test\reggae\reggae.00047__03000ms__0003.npy
lstm,reggae__reggae.00047,reggae,4,reggae,reggae,1,0.9311152100563049,E:\dl\mel_cache\lm3_base_v1\test\reggae\reggae.00047__03000ms__0004.npy
lstm,reggae__reggae.00047,reggae,5,reggae,reggae,1,0.9177730083465576,E:\dl\mel_cache\lm3_base_v1\test\reggae\reggae.00047__03000ms__0005.npy
lstm,reggae__reggae.00047,reggae,6,reggae,reggae,1,0.9399135112762451,E:\dl\mel_cache\lm3_base_v1\test\reggae\reggae.00047__03000ms__0006.npy
lstm,reggae__reggae.00047,reggae,7,reggae,reggae,1,0.9387452602386475,E:\dl\mel_cache\lm3_base_v1\test\reggae\reggae.00047__03000ms__0007.npy
lstm,reggae__reggae.00047,reggae,8,reggae,reggae,1,0.9436581134796143,E:\dl\mel_cache\lm3_base_v1\test\reggae\reggae.00047__03000ms__0008.npy
lstm,reggae__reggae.00047,reggae,9,reggae,reggae,1,0.9457799196243286,E:\dl\mel_cache\lm3_base_v1\test\reggae\reggae.00047__03000ms__0009.npy
lstm,reggae__reggae.00047,reggae,10,reggae,reggae,1,0.9426645636558533,E:\dl\mel_cache\lm3_base_v1\test\reggae\reggae.00047__03000ms__0010.npy
lstm,reggae__reggae.00047,reggae,11,reggae,reggae,1,0.9312180876731873,E:\dl\mel_cache\lm3_base_v1\test\reggae\reggae.00047__03000ms__0011.npy
lstm,reggae__reggae.00047,reggae,12,reggae,reggae,1,0.9195712208747864,E:\dl\mel_cache\lm3_base_v1\test\reggae\reggae.00047__03000ms__0012.npy
lstm,reggae__reggae.00047,reggae,13,reggae,reggae,1,0.9462884068489075,E:\dl\mel_cache\lm3_base_v1\test\reggae\reggae.00047__03000ms__0013.npy
lstm,reggae__reggae.00047,reggae,14,reggae,reggae,1,0.9451127648353577,E:\dl\mel_cache\lm3_base_v1\test\reggae\reggae.00047__03000ms__0014.npy
lstm,reggae__reggae.00047,reggae,15,reggae,reggae,1,0.9474143981933594,E:\dl\mel_cache\lm3_base_v1\test\reggae\reggae.00047__03000ms__0015.npy
lstm,reggae__reggae.00047,reggae,16,reggae,reggae,1,0.9445194602012634,E:\dl\mel_cache\lm3_base_v1\test\reggae\reggae.00047__03000ms__0016.npy
lstm,reggae__reggae.00047,reggae,17,reggae,reggae,1,0.944187343120575,E:\dl\mel_cache\lm3_base_v1\test\reggae\reggae.00047__03000ms__0017.npy
lstm,reggae__reggae.00047,reggae,18,reggae,reggae,1,0.9432498812675476,E:\dl\mel_cache\lm3_base_v1\test\reggae\reggae.00047__03000ms__0018.npy
lstm,reggae__reggae.00047,reggae,19,reggae,reggae,1,0.9432298541069031,E:\dl\mel_cache\lm3_base_v1\test\reggae\reggae.00047__03000ms__0019.npy
lstm,reggae__reggae.00049,reggae,0,reggae,rock,0,0.9309372901916504,E:\dl\mel_cache\lm3_base_v1\test\reggae\reggae.00049__03000ms__0000.npy
lstm,reggae__reggae.00049,reggae,1,reggae,rock,0,0.9157482981681824,E:\dl\mel_cache\lm3_base_v1\test\reggae\reggae.00049__03000ms__0001.npy
lstm,reggae__reggae.00049,reggae,2,reggae,rock,0,0.8952131271362305,E:\dl\mel_cache\lm3_base_v1\test\reggae\reggae.00049__03000ms__0002.npy
lstm,reggae__reggae.00049,reggae,3,reggae,rock,0,0.9200108051300049,E:\dl\mel_cache\lm3_base_v1\test\reggae\reggae.00049__03000ms__0003.npy
lstm,reggae__reggae.00049,reggae,4,reggae,rock,0,0.9030369520187378,E:\dl\mel_cache\lm3_base_v1\test\reggae\reggae.00049__03000ms__0004.npy
lstm,reggae__reggae.00049,reggae,5,reggae,rock,0,0.9018114805221558,E:\dl\mel_cache\lm3_base_v1\test\reggae\reggae.00049__03000ms__0005.npy
lstm,reggae__reggae.00049,reggae,6,reggae,rock,0,0.9278392791748047,E:\dl\mel_cache\lm3_base_v1\test\reggae\reggae.00049__03000ms__0006.npy
lstm,reggae__reggae.00049,reggae,7,reggae,rock,0,0.8949058055877686,E:\dl\mel_cache\lm3_base_v1\test\reggae\reggae.00049__03000ms__0007.npy
lstm,reggae__reggae.00049,reggae,8,reggae,rock,0,0.8713065385818481,E:\dl\mel_cache\lm3_base_v1\test\reggae\reggae.00049__03000ms__0008.npy
lstm,reggae__reggae.00049,reggae,9,reggae,rock,0,0.9094639420509338,E:\dl\mel_cache\lm3_base_v1\test\reggae\reggae.00049__03000ms__0009.npy
lstm,reggae__reggae.00049,reggae,10,reggae,rock,0,0.8756358623504639,E:\dl\mel_cache\lm3_base_v1\test\reggae\reggae.00049__03000ms__0010.npy
lstm,reggae__reggae.00049,reggae,11,reggae,rock,0,0.8019139170646667,E:\dl\mel_cache\lm3_base_v1\test\reggae\reggae.00049__03000ms__0011.npy
lstm,reggae__reggae.00049,reggae,12,reggae,rock,0,0.8417510390281677,E:\dl\mel_cache\lm3_base_v1\test\reggae\reggae.00049__03000ms__0012.npy
lstm,reggae__reggae.00049,reggae,13,reggae,rock,0,0.8741122484207153,E:\dl\mel_cache\lm3_base_v1\test\reggae\reggae.00049__03000ms__0013.npy
lstm,reggae__reggae.00049,reggae,14,reggae,rock,0,0.815592348575592,E:\dl\mel_cache\lm3_base_v1\test\reggae\reggae.00049__03000ms__0014.npy
lstm,reggae__reggae.00049,reggae,15,reggae,rock,0,0.8536927700042725,E:\dl\mel_cache\lm3_base_v1\test\reggae\reggae.00049__03000ms__0015.npy
lstm,reggae__reggae.00049,reggae,16,reggae,rock,0,0.9121320247650146,E:\dl\mel_cache\lm3_base_v1\test\reggae\reggae.00049__03000ms__0016.npy
lstm,reggae__reggae.00049,reggae,17,reggae,rock,0,0.8639117479324341,E:\dl\mel_cache\lm3_base_v1\test\reggae\reggae.00049__03000ms__0017.npy
lstm,reggae__reggae.00049,reggae,18,reggae,rock,0,0.8729192018508911,E:\dl\mel_cache\lm3_base_v1\test\reggae\reggae.00049__03000ms__0018.npy
lstm,reggae__reggae.00049,reggae,19,reggae,rock,0,0.873925507068634,E:\dl\mel_cache\lm3_base_v1\test\reggae\reggae.00049__03000ms__0019.npy
lstm,reggae__reggae.00062,reggae,0,reggae,reggae,1,0.9365612864494324,E:\dl\mel_cache\lm3_base_v1\test\reggae\reggae.00062__03000ms__0000.npy
lstm,reggae__reggae.00062,reggae,1,reggae,reggae,1,0.9382365942001343,E:\dl\mel_cache\lm3_base_v1\test\reggae\reggae.00062__03000ms__0001.npy
lstm,reggae__reggae.00062,reggae,2,reggae,reggae,1,0.91440349817276,E:\dl\mel_cache\lm3_base_v1\test\reggae\reggae.00062__03000ms__0002.npy
lstm,reggae__reggae.00062,reggae,3,reggae,reggae,1,0.9387071132659912,E:\dl\mel_cache\lm3_base_v1\test\reggae\reggae.00062__03000ms__0003.npy
lstm,reggae__reggae.00062,reggae,4,reggae,reggae,1,0.9235575795173645,E:\dl\mel_cache\lm3_base_v1\test\reggae\reggae.00062__03000ms__0004.npy
lstm,reggae__reggae.00062,reggae,5,reggae,reggae,1,0.9172459840774536,E:\dl\mel_cache\lm3_base_v1\test\reggae\reggae.00062__03000ms__0005.npy
lstm,reggae__reggae.00062,reggae,6,reggae,reggae,1,0.9274159669876099,E:\dl\mel_cache\lm3_base_v1\test\reggae\reggae.00062__03000ms__0006.npy
lstm,reggae__reggae.00062,reggae,7,reggae,reggae,1,0.9353483319282532,E:\dl\mel_cache\lm3_base_v1\test\reggae\reggae.00062__03000ms__0007.npy
lstm,reggae__reggae.00062,reggae,8,reggae,reggae,1,0.9349663853645325,E:\dl\mel_cache\lm3_base_v1\test\reggae\reggae.00062__03000ms__0008.npy
lstm,reggae__reggae.00062,reggae,9,reggae,reggae,1,0.7379515767097473,E:\dl\mel_cache\lm3_base_v1\test\reggae\reggae.00062__03000ms__0009.npy
lstm,reggae__reggae.00062,reggae,10,reggae,reggae,1,0.9403936862945557,E:\dl\mel_cache\lm3_base_v1\test\reggae\reggae.00062__03000ms__0010.npy
lstm,reggae__reggae.00062,reggae,11,reggae,reggae,1,0.9321438670158386,E:\dl\mel_cache\lm3_base_v1\test\reggae\reggae.00062__03000ms__0011.npy
lstm,reggae__reggae.00062,reggae,12,reggae,reggae,1,0.9348137378692627,E:\dl\mel_cache\lm3_base_v1\test\reggae\reggae.00062__03000ms__0012.npy
lstm,reggae__reggae.00062,reggae,13,reggae,reggae,1,0.9344959855079651,E:\dl\mel_cache\lm3_base_v1\test\reggae\reggae.00062__03000ms__0013.npy
lstm,reggae__reggae.00062,reggae,14,reggae,reggae,1,0.9391179084777832,E:\dl\mel_cache\lm3_base_v1\test\reggae\reggae.00062__03000ms__0014.npy
lstm,reggae__reggae.00062,reggae,15,reggae,reggae,1,0.9371017813682556,E:\dl\mel_cache\lm3_base_v1\test\reggae\reggae.00062__03000ms__0015.npy
lstm,reggae__reggae.00062,reggae,16,reggae,reggae,1,0.9377334713935852,E:\dl\mel_cache\lm3_base_v1\test\reggae\reggae.00062__03000ms__0016.npy
lstm,reggae__reggae.00062,reggae,17,reggae,reggae,1,0.9345883727073669,E:\dl\mel_cache\lm3_base_v1\test\reggae\reggae.00062__03000ms__0017.npy
lstm,reggae__reggae.00062,reggae,18,reggae,reggae,1,0.9354369044303894,E:\dl\mel_cache\lm3_base_v1\test\reggae\reggae.00062__03000ms__0018.npy
lstm,reggae__reggae.00064,reggae,0,reggae,reggae,1,0.6161667704582214,E:\dl\mel_cache\lm3_base_v1\test\reggae\reggae.00064__03000ms__0000.npy
lstm,reggae__reggae.00064,reggae,1,reggae,reggae,1,0.9421327710151672,E:\dl\mel_cache\lm3_base_v1\test\reggae\reggae.00064__03000ms__0001.npy
lstm,reggae__reggae.00064,reggae,2,reggae,reggae,1,0.9461700320243835,E:\dl\mel_cache\lm3_base_v1\test\reggae\reggae.00064__03000ms__0002.npy
lstm,reggae__reggae.00064,reggae,3,reggae,reggae,1,0.9495368003845215,E:\dl\mel_cache\lm3_base_v1\test\reggae\reggae.00064__03000ms__0003.npy
lstm,reggae__reggae.00064,reggae,4,reggae,reggae,1,0.9446490406990051,E:\dl\mel_cache\lm3_base_v1\test\reggae\reggae.00064__03000ms__0004.npy
lstm,reggae__reggae.00064,reggae,5,reggae,reggae,1,0.9451962113380432,E:\dl\mel_cache\lm3_base_v1\test\reggae\reggae.00064__03000ms__0005.npy
lstm,reggae__reggae.00064,reggae,6,reggae,reggae,1,0.9390131235122681,E:\dl\mel_cache\lm3_base_v1\test\reggae\reggae.00064__03000ms__0006.npy
lstm,reggae__reggae.00064,reggae,7,reggae,reggae,1,0.9309289455413818,E:\dl\mel_cache\lm3_base_v1\test\reggae\reggae.00064__03000ms__0007.npy
lstm,reggae__reggae.00064,reggae,8,reggae,reggae,1,0.9413890838623047,E:\dl\mel_cache\lm3_base_v1\test\reggae\reggae.00064__03000ms__0008.npy
lstm,reggae__reggae.00064,reggae,9,reggae,reggae,1,0.9478537440299988,E:\dl\mel_cache\lm3_base_v1\test\reggae\reggae.00064__03000ms__0009.npy
lstm,reggae__reggae.00064,reggae,10,reggae,reggae,1,0.946068286895752,E:\dl\mel_cache\lm3_base_v1\test\reggae\reggae.00064__03000ms__0010.npy
lstm,reggae__reggae.00064,reggae,11,reggae,reggae,1,0.9465171694755554,E:\dl\mel_cache\lm3_base_v1\test\reggae\reggae.00064__03000ms__0011.npy
lstm,reggae__reggae.00064,reggae,12,reggae,reggae,1,0.9447922110557556,E:\dl\mel_cache\lm3_base_v1\test\reggae\reggae.00064__03000ms__0012.npy
lstm,reggae__reggae.00064,reggae,13,reggae,reggae,1,0.9474967122077942,E:\dl\mel_cache\lm3_base_v1\test\reggae\reggae.00064__03000ms__0013.npy
lstm,reggae__reggae.00064,reggae,14,reggae,reggae,1,0.9463855028152466,E:\dl\mel_cache\lm3_base_v1\test\reggae\reggae.00064__03000ms__0014.npy
lstm,reggae__reggae.00064,reggae,15,reggae,reggae,1,0.9439770579338074,E:\dl\mel_cache\lm3_base_v1\test\reggae\reggae.00064__03000ms__0015.npy
lstm,reggae__reggae.00064,reggae,16,reggae,reggae,1,0.9482767581939697,E:\dl\mel_cache\lm3_base_v1\test\reggae\reggae.00064__03000ms__0016.npy
lstm,reggae__reggae.00064,reggae,17,reggae,reggae,1,0.9387258291244507,E:\dl\mel_cache\lm3_base_v1\test\reggae\reggae.00064__03000ms__0017.npy
lstm,reggae__reggae.00064,reggae,18,reggae,reggae,1,0.7686111927032471,E:\dl\mel_cache\lm3_base_v1\test\reggae\reggae.00064__03000ms__0018.npy
lstm,reggae__reggae.00064,reggae,19,reggae,reggae,1,0.768282949924469,E:\dl\mel_cache\lm3_base_v1\test\reggae\reggae.00064__03000ms__0019.npy
lstm,reggae__reggae.00065,reggae,0,reggae,hiphop,0,0.4187181890010834,E:\dl\mel_cache\lm3_base_v1\test\reggae\reggae.00065__03000ms__0000.npy
lstm,reggae__reggae.00065,reggae,1,reggae,reggae,1,0.4114393889904022,E:\dl\mel_cache\lm3_base_v1\test\reggae\reggae.00065__03000ms__0001.npy
lstm,reggae__reggae.00065,reggae,2,reggae,hiphop,0,0.6483758091926575,E:\dl\mel_cache\lm3_base_v1\test\reggae\reggae.00065__03000ms__0002.npy
lstm,reggae__reggae.00065,reggae,3,reggae,hiphop,0,0.554472029209137,E:\dl\mel_cache\lm3_base_v1\test\reggae\reggae.00065__03000ms__0003.npy
lstm,reggae__reggae.00065,reggae,4,reggae,hiphop,0,0.4997750222682953,E:\dl\mel_cache\lm3_base_v1\test\reggae\reggae.00065__03000ms__0004.npy
lstm,reggae__reggae.00065,reggae,5,reggae,reggae,1,0.4489354193210602,E:\dl\mel_cache\lm3_base_v1\test\reggae\reggae.00065__03000ms__0005.npy
lstm,reggae__reggae.00065,reggae,6,reggae,pop,0,0.7891675233840942,E:\dl\mel_cache\lm3_base_v1\test\reggae\reggae.00065__03000ms__0006.npy
lstm,reggae__reggae.00065,reggae,7,reggae,hiphop,0,0.49290549755096436,E:\dl\mel_cache\lm3_base_v1\test\reggae\reggae.00065__03000ms__0007.npy
lstm,reggae__reggae.00065,reggae,8,reggae,pop,0,0.7133629322052002,E:\dl\mel_cache\lm3_base_v1\test\reggae\reggae.00065__03000ms__0008.npy
lstm,reggae__reggae.00065,reggae,9,reggae,hiphop,0,0.4082525670528412,E:\dl\mel_cache\lm3_base_v1\test\reggae\reggae.00065__03000ms__0009.npy
lstm,reggae__reggae.00065,reggae,10,reggae,hiphop,0,0.5409809350967407,E:\dl\mel_cache\lm3_base_v1\test\reggae\reggae.00065__03000ms__0010.npy
lstm,reggae__reggae.00065,reggae,11,reggae,reggae,1,0.3154488503932953,E:\dl\mel_cache\lm3_base_v1\test\reggae\reggae.00065__03000ms__0011.npy
lstm,reggae__reggae.00065,reggae,12,reggae,reggae,1,0.7781873941421509,E:\dl\mel_cache\lm3_base_v1\test\reggae\reggae.00065__03000ms__0012.npy
lstm,reggae__reggae.00065,reggae,13,reggae,reggae,1,0.6715033650398254,E:\dl\mel_cache\lm3_base_v1\test\reggae\reggae.00065__03000ms__0013.npy
lstm,reggae__reggae.00065,reggae,14,reggae,hiphop,0,0.4764516055583954,E:\dl\mel_cache\lm3_base_v1\test\reggae\reggae.00065__03000ms__0014.npy
lstm,reggae__reggae.00065,reggae,15,reggae,reggae,1,0.6751508116722107,E:\dl\mel_cache\lm3_base_v1\test\reggae\reggae.00065__03000ms__0015.npy
lstm,reggae__reggae.00065,reggae,16,reggae,reggae,1,0.4062393307685852,E:\dl\mel_cache\lm3_base_v1\test\reggae\reggae.00065__03000ms__0016.npy
lstm,reggae__reggae.00065,reggae,17,reggae,hiphop,0,0.6781589984893799,E:\dl\mel_cache\lm3_base_v1\test\reggae\reggae.00065__03000ms__0017.npy
lstm,reggae__reggae.00065,reggae,18,reggae,hiphop,0,0.6490777730941772,E:\dl\mel_cache\lm3_base_v1\test\reggae\reggae.00065__03000ms__0018.npy
lstm,reggae__reggae.00065,reggae,19,reggae,hiphop,0,0.6515914797782898,E:\dl\mel_cache\lm3_base_v1\test\reggae\reggae.00065__03000ms__0019.npy
lstm,reggae__reggae.00071,reggae,0,reggae,pop,0,0.3940266966819763,E:\dl\mel_cache\lm3_base_v1\test\reggae\reggae.00071__03000ms__0000.npy
lstm,reggae__reggae.00071,reggae,1,reggae,reggae,1,0.7122413516044617,E:\dl\mel_cache\lm3_base_v1\test\reggae\reggae.00071__03000ms__0001.npy
lstm,reggae__reggae.00071,reggae,2,reggae,reggae,1,0.9077558517456055,E:\dl\mel_cache\lm3_base_v1\test\reggae\reggae.00071__03000ms__0002.npy
lstm,reggae__reggae.00071,reggae,3,reggae,hiphop,0,0.4248891770839691,E:\dl\mel_cache\lm3_base_v1\test\reggae\reggae.00071__03000ms__0003.npy
lstm,reggae__reggae.00071,reggae,4,reggae,reggae,1,0.4611075222492218,E:\dl\mel_cache\lm3_base_v1\test\reggae\reggae.00071__03000ms__0004.npy
lstm,reggae__reggae.00071,reggae,5,reggae,reggae,1,0.8906034231185913,E:\dl\mel_cache\lm3_base_v1\test\reggae\reggae.00071__03000ms__0005.npy
lstm,reggae__reggae.00071,reggae,6,reggae,reggae,1,0.9382333159446716,E:\dl\mel_cache\lm3_base_v1\test\reggae\reggae.00071__03000ms__0006.npy
lstm,reggae__reggae.00071,reggae,7,reggae,reggae,1,0.9384363889694214,E:\dl\mel_cache\lm3_base_v1\test\reggae\reggae.00071__03000ms__0007.npy
lstm,reggae__reggae.00071,reggae,8,reggae,reggae,1,0.9072461128234863,E:\dl\mel_cache\lm3_base_v1\test\reggae\reggae.00071__03000ms__0008.npy
lstm,reggae__reggae.00071,reggae,9,reggae,reggae,1,0.34638065099716187,E:\dl\mel_cache\lm3_base_v1\test\reggae\reggae.00071__03000ms__0009.npy
lstm,reggae__reggae.00071,reggae,10,reggae,reggae,1,0.8136275410652161,E:\dl\mel_cache\lm3_base_v1\test\reggae\reggae.00071__03000ms__0010.npy
lstm,reggae__reggae.00071,reggae,11,reggae,reggae,1,0.9255898594856262,E:\dl\mel_cache\lm3_base_v1\test\reggae\reggae.00071__03000ms__0011.npy
lstm,reggae__reggae.00071,reggae,12,reggae,reggae,1,0.6954120993614197,E:\dl\mel_cache\lm3_base_v1\test\reggae\reggae.00071__03000ms__0012.npy
lstm,reggae__reggae.00071,reggae,13,reggae,reggae,1,0.8887903690338135,E:\dl\mel_cache\lm3_base_v1\test\reggae\reggae.00071__03000ms__0013.npy
lstm,reggae__reggae.00071,reggae,14,reggae,reggae,1,0.327204167842865,E:\dl\mel_cache\lm3_base_v1\test\reggae\reggae.00071__03000ms__0014.npy
lstm,reggae__reggae.00071,reggae,15,reggae,reggae,1,0.7145139575004578,E:\dl\mel_cache\lm3_base_v1\test\reggae\reggae.00071__03000ms__0015.npy
lstm,reggae__reggae.00071,reggae,16,reggae,reggae,1,0.860986053943634,E:\dl\mel_cache\lm3_base_v1\test\reggae\reggae.00071__03000ms__0016.npy
lstm,reggae__reggae.00071,reggae,17,reggae,reggae,1,0.9350526332855225,E:\dl\mel_cache\lm3_base_v1\test\reggae\reggae.00071__03000ms__0017.npy
lstm,reggae__reggae.00071,reggae,18,reggae,reggae,1,0.9307181239128113,E:\dl\mel_cache\lm3_base_v1\test\reggae\reggae.00071__03000ms__0018.npy
lstm,reggae__reggae.00071,reggae,19,reggae,reggae,1,0.9308661222457886,E:\dl\mel_cache\lm3_base_v1\test\reggae\reggae.00071__03000ms__0019.npy
lstm,reggae__reggae.00076,reggae,0,reggae,hiphop,0,0.6201854348182678,E:\dl\mel_cache\lm3_base_v1\test\reggae\reggae.00076__03000ms__0000.npy
lstm,reggae__reggae.00076,reggae,1,reggae,pop,0,0.8874605298042297,E:\dl\mel_cache\lm3_base_v1\test\reggae\reggae.00076__03000ms__0001.npy
lstm,reggae__reggae.00076,reggae,2,reggae,pop,0,0.6315974593162537,E:\dl\mel_cache\lm3_base_v1\test\reggae\reggae.00076__03000ms__0002.npy
lstm,reggae__reggae.00076,reggae,3,reggae,hiphop,0,0.861334502696991,E:\dl\mel_cache\lm3_base_v1\test\reggae\reggae.00076__03000ms__0003.npy
lstm,reggae__reggae.00076,reggae,4,reggae,hiphop,0,0.8084627389907837,E:\dl\mel_cache\lm3_base_v1\test\reggae\reggae.00076__03000ms__0004.npy
lstm,reggae__reggae.00076,reggae,5,reggae,hiphop,0,0.6211164593696594,E:\dl\mel_cache\lm3_base_v1\test\reggae\reggae.00076__03000ms__0005.npy
lstm,reggae__reggae.00076,reggae,6,reggae,pop,0,0.8409450054168701,E:\dl\mel_cache\lm3_base_v1\test\reggae\reggae.00076__03000ms__0006.npy
lstm,reggae__reggae.00076,reggae,7,reggae,pop,0,0.6757673025131226,E:\dl\mel_cache\lm3_base_v1\test\reggae\reggae.00076__03000ms__0007.npy
lstm,reggae__reggae.00076,reggae,8,reggae,reggae,1,0.5380972623825073,E:\dl\mel_cache\lm3_base_v1\test\reggae\reggae.00076__03000ms__0008.npy
lstm,reggae__reggae.00076,reggae,9,reggae,pop,0,0.6527982354164124,E:\dl\mel_cache\lm3_base_v1\test\reggae\reggae.00076__03000ms__0009.npy
lstm,reggae__reggae.00076,reggae,10,reggae,pop,0,0.7410984039306641,E:\dl\mel_cache\lm3_base_v1\test\reggae\reggae.00076__03000ms__0010.npy
lstm,reggae__reggae.00076,reggae,11,reggae,reggae,1,0.4922317862510681,E:\dl\mel_cache\lm3_base_v1\test\reggae\reggae.00076__03000ms__0011.npy
lstm,reggae__reggae.00076,reggae,12,reggae,hiphop,0,0.769036591053009,E:\dl\mel_cache\lm3_base_v1\test\reggae\reggae.00076__03000ms__0012.npy
lstm,reggae__reggae.00076,reggae,13,reggae,hiphop,0,0.6152894496917725,E:\dl\mel_cache\lm3_base_v1\test\reggae\reggae.00076__03000ms__0013.npy
lstm,reggae__reggae.00076,reggae,14,reggae,pop,0,0.8712561726570129,E:\dl\mel_cache\lm3_base_v1\test\reggae\reggae.00076__03000ms__0014.npy
lstm,reggae__reggae.00076,reggae,15,reggae,pop,0,0.46071508526802063,E:\dl\mel_cache\lm3_base_v1\test\reggae\reggae.00076__03000ms__0015.npy
lstm,reggae__reggae.00076,reggae,16,reggae,reggae,1,0.8515650629997253,E:\dl\mel_cache\lm3_base_v1\test\reggae\reggae.00076__03000ms__0016.npy
lstm,reggae__reggae.00076,reggae,17,reggae,reggae,1,0.658760130405426,E:\dl\mel_cache\lm3_base_v1\test\reggae\reggae.00076__03000ms__0017.npy
lstm,reggae__reggae.00076,reggae,18,reggae,pop,0,0.709539532661438,E:\dl\mel_cache\lm3_base_v1\test\reggae\reggae.00076__03000ms__0018.npy
lstm,reggae__reggae.00076,reggae,19,reggae,pop,0,0.7136857509613037,E:\dl\mel_cache\lm3_base_v1\test\reggae\reggae.00076__03000ms__0019.npy
lstm,reggae__reggae.00090,reggae,0,reggae,reggae,1,0.9432911276817322,E:\dl\mel_cache\lm3_base_v1\test\reggae\reggae.00090__03000ms__0000.npy
lstm,reggae__reggae.00090,reggae,1,reggae,reggae,1,0.9447426199913025,E:\dl\mel_cache\lm3_base_v1\test\reggae\reggae.00090__03000ms__0001.npy
lstm,reggae__reggae.00090,reggae,2,reggae,reggae,1,0.9450552463531494,E:\dl\mel_cache\lm3_base_v1\test\reggae\reggae.00090__03000ms__0002.npy
lstm,reggae__reggae.00090,reggae,3,reggae,reggae,1,0.945328414440155,E:\dl\mel_cache\lm3_base_v1\test\reggae\reggae.00090__03000ms__0003.npy
lstm,reggae__reggae.00090,reggae,4,reggae,reggae,1,0.9407129287719727,E:\dl\mel_cache\lm3_base_v1\test\reggae\reggae.00090__03000ms__0004.npy
lstm,reggae__reggae.00090,reggae,5,reggae,reggae,1,0.9410169124603271,E:\dl\mel_cache\lm3_base_v1\test\reggae\reggae.00090__03000ms__0005.npy
lstm,reggae__reggae.00090,reggae,6,reggae,reggae,1,0.937554121017456,E:\dl\mel_cache\lm3_base_v1\test\reggae\reggae.00090__03000ms__0006.npy
lstm,reggae__reggae.00090,reggae,7,reggae,reggae,1,0.9439259767532349,E:\dl\mel_cache\lm3_base_v1\test\reggae\reggae.00090__03000ms__0007.npy
lstm,reggae__reggae.00090,reggae,8,reggae,reggae,1,0.9486881494522095,E:\dl\mel_cache\lm3_base_v1\test\reggae\reggae.00090__03000ms__0008.npy
lstm,reggae__reggae.00090,reggae,9,reggae,reggae,1,0.947333812713623,E:\dl\mel_cache\lm3_base_v1\test\reggae\reggae.00090__03000ms__0009.npy
lstm,reggae__reggae.00090,reggae,10,reggae,reggae,1,0.947982907295227,E:\dl\mel_cache\lm3_base_v1\test\reggae\reggae.00090__03000ms__0010.npy
lstm,reggae__reggae.00090,reggae,11,reggae,reggae,1,0.9474018812179565,E:\dl\mel_cache\lm3_base_v1\test\reggae\reggae.00090__03000ms__0011.npy
lstm,reggae__reggae.00090,reggae,12,reggae,reggae,1,0.943479061126709,E:\dl\mel_cache\lm3_base_v1\test\reggae\reggae.00090__03000ms__0012.npy
lstm,reggae__reggae.00090,reggae,13,reggae,reggae,1,0.9449921250343323,E:\dl\mel_cache\lm3_base_v1\test\reggae\reggae.00090__03000ms__0013.npy
lstm,reggae__reggae.00090,reggae,14,reggae,reggae,1,0.9448667168617249,E:\dl\mel_cache\lm3_base_v1\test\reggae\reggae.00090__03000ms__0014.npy
lstm,reggae__reggae.00090,reggae,15,reggae,reggae,1,0.9448322653770447,E:\dl\mel_cache\lm3_base_v1\test\reggae\reggae.00090__03000ms__0015.npy
lstm,reggae__reggae.00090,reggae,16,reggae,reggae,1,0.9459353089332581,E:\dl\mel_cache\lm3_base_v1\test\reggae\reggae.00090__03000ms__0016.npy
lstm,reggae__reggae.00090,reggae,17,reggae,reggae,1,0.9444459676742554,E:\dl\mel_cache\lm3_base_v1\test\reggae\reggae.00090__03000ms__0017.npy
lstm,reggae__reggae.00090,reggae,18,reggae,reggae,1,0.9458861947059631,E:\dl\mel_cache\lm3_base_v1\test\reggae\reggae.00090__03000ms__0018.npy
lstm,reggae__reggae.00091,reggae,0,reggae,reggae,1,0.9237135648727417,E:\dl\mel_cache\lm3_base_v1\test\reggae\reggae.00091__03000ms__0000.npy
lstm,reggae__reggae.00091,reggae,1,reggae,reggae,1,0.9241080284118652,E:\dl\mel_cache\lm3_base_v1\test\reggae\reggae.00091__03000ms__0001.npy
lstm,reggae__reggae.00091,reggae,2,reggae,reggae,1,0.88399738073349,E:\dl\mel_cache\lm3_base_v1\test\reggae\reggae.00091__03000ms__0002.npy
lstm,reggae__reggae.00091,reggae,3,reggae,reggae,1,0.7912057638168335,E:\dl\mel_cache\lm3_base_v1\test\reggae\reggae.00091__03000ms__0003.npy
lstm,reggae__reggae.00091,reggae,4,reggae,reggae,1,0.8414549231529236,E:\dl\mel_cache\lm3_base_v1\test\reggae\reggae.00091__03000ms__0004.npy
lstm,reggae__reggae.00091,reggae,5,reggae,reggae,1,0.8634525537490845,E:\dl\mel_cache\lm3_base_v1\test\reggae\reggae.00091__03000ms__0005.npy
lstm,reggae__reggae.00091,reggae,6,reggae,country,0,0.4840712547302246,E:\dl\mel_cache\lm3_base_v1\test\reggae\reggae.00091__03000ms__0006.npy
lstm,reggae__reggae.00091,reggae,7,reggae,reggae,1,0.5547142624855042,E:\dl\mel_cache\lm3_base_v1\test\reggae\reggae.00091__03000ms__0007.npy
lstm,reggae__reggae.00091,reggae,8,reggae,reggae,1,0.7922714948654175,E:\dl\mel_cache\lm3_base_v1\test\reggae\reggae.00091__03000ms__0008.npy
lstm,reggae__reggae.00091,reggae,9,reggae,reggae,1,0.8812052607536316,E:\dl\mel_cache\lm3_base_v1\test\reggae\reggae.00091__03000ms__0009.npy
lstm,reggae__reggae.00091,reggae,10,reggae,reggae,1,0.7069459557533264,E:\dl\mel_cache\lm3_base_v1\test\reggae\reggae.00091__03000ms__0010.npy
lstm,reggae__reggae.00091,reggae,11,reggae,reggae,1,0.4817124605178833,E:\dl\mel_cache\lm3_base_v1\test\reggae\reggae.00091__03000ms__0011.npy
lstm,reggae__reggae.00091,reggae,12,reggae,reggae,1,0.7747917175292969,E:\dl\mel_cache\lm3_base_v1\test\reggae\reggae.00091__03000ms__0012.npy
lstm,reggae__reggae.00091,reggae,13,reggae,reggae,1,0.8674363493919373,E:\dl\mel_cache\lm3_base_v1\test\reggae\reggae.00091__03000ms__0013.npy
lstm,reggae__reggae.00091,reggae,14,reggae,reggae,1,0.5639309883117676,E:\dl\mel_cache\lm3_base_v1\test\reggae\reggae.00091__03000ms__0014.npy
lstm,reggae__reggae.00091,reggae,15,reggae,reggae,1,0.4343230426311493,E:\dl\mel_cache\lm3_base_v1\test\reggae\reggae.00091__03000ms__0015.npy
lstm,reggae__reggae.00091,reggae,16,reggae,reggae,1,0.7187663316726685,E:\dl\mel_cache\lm3_base_v1\test\reggae\reggae.00091__03000ms__0016.npy
lstm,reggae__reggae.00091,reggae,17,reggae,reggae,1,0.6025623083114624,E:\dl\mel_cache\lm3_base_v1\test\reggae\reggae.00091__03000ms__0017.npy
lstm,reggae__reggae.00091,reggae,18,reggae,reggae,1,0.8759653568267822,E:\dl\mel_cache\lm3_base_v1\test\reggae\reggae.00091__03000ms__0018.npy
lstm,reggae__reggae.00091,reggae,19,reggae,reggae,1,0.8761423230171204,E:\dl\mel_cache\lm3_base_v1\test\reggae\reggae.00091__03000ms__0019.npy
lstm,reggae__reggae.00092,reggae,0,reggae,reggae,1,0.9268297553062439,E:\dl\mel_cache\lm3_base_v1\test\reggae\reggae.00092__03000ms__0000.npy
lstm,reggae__reggae.00092,reggae,1,reggae,reggae,1,0.9290346503257751,E:\dl\mel_cache\lm3_base_v1\test\reggae\reggae.00092__03000ms__0001.npy
lstm,reggae__reggae.00092,reggae,2,reggae,reggae,1,0.9307677745819092,E:\dl\mel_cache\lm3_base_v1\test\reggae\reggae.00092__03000ms__0002.npy
lstm,reggae__reggae.00092,reggae,3,reggae,reggae,1,0.920085072517395,E:\dl\mel_cache\lm3_base_v1\test\reggae\reggae.00092__03000ms__0003.npy
lstm,reggae__reggae.00092,reggae,4,reggae,reggae,1,0.8998194336891174,E:\dl\mel_cache\lm3_base_v1\test\reggae\reggae.00092__03000ms__0004.npy
lstm,reggae__reggae.00092,reggae,5,reggae,reggae,1,0.8920928835868835,E:\dl\mel_cache\lm3_base_v1\test\reggae\reggae.00092__03000ms__0005.npy
lstm,reggae__reggae.00092,reggae,6,reggae,reggae,1,0.6235249638557434,E:\dl\mel_cache\lm3_base_v1\test\reggae\reggae.00092__03000ms__0006.npy
lstm,reggae__reggae.00092,reggae,7,reggae,reggae,1,0.6458243727684021,E:\dl\mel_cache\lm3_base_v1\test\reggae\reggae.00092__03000ms__0007.npy
lstm,reggae__reggae.00092,reggae,8,reggae,reggae,1,0.8905521631240845,E:\dl\mel_cache\lm3_base_v1\test\reggae\reggae.00092__03000ms__0008.npy
lstm,reggae__reggae.00092,reggae,9,reggae,reggae,1,0.9233809113502502,E:\dl\mel_cache\lm3_base_v1\test\reggae\reggae.00092__03000ms__0009.npy
lstm,reggae__reggae.00092,reggae,10,reggae,reggae,1,0.9000518918037415,E:\dl\mel_cache\lm3_base_v1\test\reggae\reggae.00092__03000ms__0010.npy
lstm,reggae__reggae.00092,reggae,11,reggae,reggae,1,0.8552128076553345,E:\dl\mel_cache\lm3_base_v1\test\reggae\reggae.00092__03000ms__0011.npy
lstm,reggae__reggae.00092,reggae,12,reggae,reggae,1,0.907946765422821,E:\dl\mel_cache\lm3_base_v1\test\reggae\reggae.00092__03000ms__0012.npy
lstm,reggae__reggae.00092,reggae,13,reggae,reggae,1,0.8375306129455566,E:\dl\mel_cache\lm3_base_v1\test\reggae\reggae.00092__03000ms__0013.npy
lstm,reggae__reggae.00092,reggae,14,reggae,reggae,1,0.6935408115386963,E:\dl\mel_cache\lm3_base_v1\test\reggae\reggae.00092__03000ms__0014.npy
lstm,reggae__reggae.00092,reggae,15,reggae,reggae,1,0.5997388362884521,E:\dl\mel_cache\lm3_base_v1\test\reggae\reggae.00092__03000ms__0015.npy
lstm,reggae__reggae.00092,reggae,16,reggae,reggae,1,0.7646015286445618,E:\dl\mel_cache\lm3_base_v1\test\reggae\reggae.00092__03000ms__0016.npy
lstm,reggae__reggae.00092,reggae,17,reggae,reggae,1,0.8241197466850281,E:\dl\mel_cache\lm3_base_v1\test\reggae\reggae.00092__03000ms__0017.npy
lstm,reggae__reggae.00092,reggae,18,reggae,reggae,1,0.9163451194763184,E:\dl\mel_cache\lm3_base_v1\test\reggae\reggae.00092__03000ms__0018.npy
lstm,reggae__reggae.00092,reggae,19,reggae,reggae,1,0.9172304272651672,E:\dl\mel_cache\lm3_base_v1\test\reggae\reggae.00092__03000ms__0019.npy
lstm,rock__rock.00000,rock,0,rock,rock,1,0.5281305313110352,E:\dl\mel_cache\lm3_base_v1\test\rock\rock.00000__03000ms__0000.npy
lstm,rock__rock.00000,rock,1,rock,metal,0,0.8082695007324219,E:\dl\mel_cache\lm3_base_v1\test\rock\rock.00000__03000ms__0001.npy
lstm,rock__rock.00000,rock,2,rock,metal,0,0.6131368279457092,E:\dl\mel_cache\lm3_base_v1\test\rock\rock.00000__03000ms__0002.npy
lstm,rock__rock.00000,rock,3,rock,metal,0,0.7042208313941956,E:\dl\mel_cache\lm3_base_v1\test\rock\rock.00000__03000ms__0003.npy
lstm,rock__rock.00000,rock,4,rock,metal,0,0.8364396691322327,E:\dl\mel_cache\lm3_base_v1\test\rock\rock.00000__03000ms__0004.npy
lstm,rock__rock.00000,rock,5,rock,metal,0,0.6255199909210205,E:\dl\mel_cache\lm3_base_v1\test\rock\rock.00000__03000ms__0005.npy
lstm,rock__rock.00000,rock,6,rock,rock,1,0.6658135056495667,E:\dl\mel_cache\lm3_base_v1\test\rock\rock.00000__03000ms__0006.npy
lstm,rock__rock.00000,rock,7,rock,rock,1,0.7375259399414062,E:\dl\mel_cache\lm3_base_v1\test\rock\rock.00000__03000ms__0007.npy
lstm,rock__rock.00000,rock,8,rock,rock,1,0.7310689687728882,E:\dl\mel_cache\lm3_base_v1\test\rock\rock.00000__03000ms__0008.npy
lstm,rock__rock.00000,rock,9,rock,reggae,0,0.3924015462398529,E:\dl\mel_cache\lm3_base_v1\test\rock\rock.00000__03000ms__0009.npy
lstm,rock__rock.00000,rock,10,rock,rock,1,0.49935805797576904,E:\dl\mel_cache\lm3_base_v1\test\rock\rock.00000__03000ms__0010.npy
lstm,rock__rock.00000,rock,11,rock,rock,1,0.9308875203132629,E:\dl\mel_cache\lm3_base_v1\test\rock\rock.00000__03000ms__0011.npy
lstm,rock__rock.00000,rock,12,rock,rock,1,0.7908022999763489,E:\dl\mel_cache\lm3_base_v1\test\rock\rock.00000__03000ms__0012.npy
lstm,rock__rock.00000,rock,13,rock,country,0,0.7719058990478516,E:\dl\mel_cache\lm3_base_v1\test\rock\rock.00000__03000ms__0013.npy
lstm,rock__rock.00000,rock,14,rock,country,0,0.6157742142677307,E:\dl\mel_cache\lm3_base_v1\test\rock\rock.00000__03000ms__0014.npy
lstm,rock__rock.00000,rock,15,rock,rock,1,0.7855450510978699,E:\dl\mel_cache\lm3_base_v1\test\rock\rock.00000__03000ms__0015.npy
lstm,rock__rock.00000,rock,16,rock,rock,1,0.8886054754257202,E:\dl\mel_cache\lm3_base_v1\test\rock\rock.00000__03000ms__0016.npy
lstm,rock__rock.00000,rock,17,rock,rock,1,0.7329544425010681,E:\dl\mel_cache\lm3_base_v1\test\rock\rock.00000__03000ms__0017.npy
lstm,rock__rock.00000,rock,18,rock,rock,1,0.7296068668365479,E:\dl\mel_cache\lm3_base_v1\test\rock\rock.00000__03000ms__0018.npy
lstm,rock__rock.00000,rock,19,rock,rock,1,0.7044026851654053,E:\dl\mel_cache\lm3_base_v1\test\rock\rock.00000__03000ms__0019.npy
lstm,rock__rock.00003,rock,0,rock,rock,1,0.8501733541488647,E:\dl\mel_cache\lm3_base_v1\test\rock\rock.00003__03000ms__0000.npy
lstm,rock__rock.00003,rock,1,rock,rock,1,0.7295672297477722,E:\dl\mel_cache\lm3_base_v1\test\rock\rock.00003__03000ms__0001.npy
lstm,rock__rock.00003,rock,2,rock,rock,1,0.6808082461357117,E:\dl\mel_cache\lm3_base_v1\test\rock\rock.00003__03000ms__0002.npy
lstm,rock__rock.00003,rock,3,rock,rock,1,0.6994904279708862,E:\dl\mel_cache\lm3_base_v1\test\rock\rock.00003__03000ms__0003.npy
lstm,rock__rock.00003,rock,4,rock,rock,1,0.6293900609016418,E:\dl\mel_cache\lm3_base_v1\test\rock\rock.00003__03000ms__0004.npy
lstm,rock__rock.00003,rock,5,rock,rock,1,0.7374957799911499,E:\dl\mel_cache\lm3_base_v1\test\rock\rock.00003__03000ms__0005.npy
lstm,rock__rock.00003,rock,6,rock,rock,1,0.7228453159332275,E:\dl\mel_cache\lm3_base_v1\test\rock\rock.00003__03000ms__0006.npy
lstm,rock__rock.00003,rock,7,rock,rock,1,0.595074474811554,E:\dl\mel_cache\lm3_base_v1\test\rock\rock.00003__03000ms__0007.npy
lstm,rock__rock.00003,rock,8,rock,rock,1,0.4575902223587036,E:\dl\mel_cache\lm3_base_v1\test\rock\rock.00003__03000ms__0008.npy
lstm,rock__rock.00003,rock,9,rock,rock,1,0.4771865904331207,E:\dl\mel_cache\lm3_base_v1\test\rock\rock.00003__03000ms__0009.npy
lstm,rock__rock.00003,rock,10,rock,blues,0,0.4913223683834076,E:\dl\mel_cache\lm3_base_v1\test\rock\rock.00003__03000ms__0010.npy
lstm,rock__rock.00003,rock,11,rock,blues,0,0.5824640989303589,E:\dl\mel_cache\lm3_base_v1\test\rock\rock.00003__03000ms__0011.npy
lstm,rock__rock.00003,rock,12,rock,blues,0,0.7642773389816284,E:\dl\mel_cache\lm3_base_v1\test\rock\rock.00003__03000ms__0012.npy
lstm,rock__rock.00003,rock,13,rock,blues,0,0.46849241852760315,E:\dl\mel_cache\lm3_base_v1\test\rock\rock.00003__03000ms__0013.npy
lstm,rock__rock.00003,rock,14,rock,rock,1,0.7952545285224915,E:\dl\mel_cache\lm3_base_v1\test\rock\rock.00003__03000ms__0014.npy
lstm,rock__rock.00003,rock,15,rock,hiphop,0,0.40207284688949585,E:\dl\mel_cache\lm3_base_v1\test\rock\rock.00003__03000ms__0015.npy
lstm,rock__rock.00003,rock,16,rock,rock,1,0.5424706935882568,E:\dl\mel_cache\lm3_base_v1\test\rock\rock.00003__03000ms__0016.npy
lstm,rock__rock.00003,rock,17,rock,hiphop,0,0.49627766013145447,E:\dl\mel_cache\lm3_base_v1\test\rock\rock.00003__03000ms__0017.npy
lstm,rock__rock.00003,rock,18,rock,blues,0,0.7308887243270874,E:\dl\mel_cache\lm3_base_v1\test\rock\rock.00003__03000ms__0018.npy
lstm,rock__rock.00003,rock,19,rock,blues,0,0.7117250561714172,E:\dl\mel_cache\lm3_base_v1\test\rock\rock.00003__03000ms__0019.npy
lstm,rock__rock.00008,rock,0,rock,metal,0,0.7318793535232544,E:\dl\mel_cache\lm3_base_v1\test\rock\rock.00008__03000ms__0000.npy
lstm,rock__rock.00008,rock,1,rock,metal,0,0.7643125653266907,E:\dl\mel_cache\lm3_base_v1\test\rock\rock.00008__03000ms__0001.npy
lstm,rock__rock.00008,rock,2,rock,metal,0,0.6907824873924255,E:\dl\mel_cache\lm3_base_v1\test\rock\rock.00008__03000ms__0002.npy
lstm,rock__rock.00008,rock,3,rock,metal,0,0.6644214391708374,E:\dl\mel_cache\lm3_base_v1\test\rock\rock.00008__03000ms__0003.npy
lstm,rock__rock.00008,rock,4,rock,metal,0,0.6894944310188293,E:\dl\mel_cache\lm3_base_v1\test\rock\rock.00008__03000ms__0004.npy
lstm,rock__rock.00008,rock,5,rock,metal,0,0.6975957155227661,E:\dl\mel_cache\lm3_base_v1\test\rock\rock.00008__03000ms__0005.npy
lstm,rock__rock.00008,rock,6,rock,metal,0,0.6467716097831726,E:\dl\mel_cache\lm3_base_v1\test\rock\rock.00008__03000ms__0006.npy
lstm,rock__rock.00008,rock,7,rock,metal,0,0.7045406103134155,E:\dl\mel_cache\lm3_base_v1\test\rock\rock.00008__03000ms__0007.npy
lstm,rock__rock.00008,rock,8,rock,metal,0,0.6770226359367371,E:\dl\mel_cache\lm3_base_v1\test\rock\rock.00008__03000ms__0008.npy
lstm,rock__rock.00008,rock,9,rock,metal,0,0.47913858294487,E:\dl\mel_cache\lm3_base_v1\test\rock\rock.00008__03000ms__0009.npy
lstm,rock__rock.00008,rock,10,rock,classical,0,0.3976340889930725,E:\dl\mel_cache\lm3_base_v1\test\rock\rock.00008__03000ms__0010.npy
lstm,rock__rock.00008,rock,11,rock,rock,1,0.5258069038391113,E:\dl\mel_cache\lm3_base_v1\test\rock\rock.00008__03000ms__0011.npy
lstm,rock__rock.00008,rock,12,rock,rock,1,0.5632007122039795,E:\dl\mel_cache\lm3_base_v1\test\rock\rock.00008__03000ms__0012.npy
lstm,rock__rock.00008,rock,13,rock,rock,1,0.4218772053718567,E:\dl\mel_cache\lm3_base_v1\test\rock\rock.00008__03000ms__0013.npy
lstm,rock__rock.00008,rock,14,rock,rock,1,0.5209878087043762,E:\dl\mel_cache\lm3_base_v1\test\rock\rock.00008__03000ms__0014.npy
lstm,rock__rock.00008,rock,15,rock,metal,0,0.5564841628074646,E:\dl\mel_cache\lm3_base_v1\test\rock\rock.00008__03000ms__0015.npy
lstm,rock__rock.00008,rock,16,rock,metal,0,0.5036909580230713,E:\dl\mel_cache\lm3_base_v1\test\rock\rock.00008__03000ms__0016.npy
lstm,rock__rock.00008,rock,17,rock,rock,1,0.4563213288784027,E:\dl\mel_cache\lm3_base_v1\test\rock\rock.00008__03000ms__0017.npy
lstm,rock__rock.00008,rock,18,rock,metal,0,0.5090439915657043,E:\dl\mel_cache\lm3_base_v1\test\rock\rock.00008__03000ms__0018.npy
lstm,rock__rock.00008,rock,19,rock,metal,0,0.524383544921875,E:\dl\mel_cache\lm3_base_v1\test\rock\rock.00008__03000ms__0019.npy
lstm,rock__rock.00032,rock,0,rock,rock,1,0.49993836879730225,E:\dl\mel_cache\lm3_base_v1\test\rock\rock.00032__03000ms__0000.npy
lstm,rock__rock.00032,rock,1,rock,rock,1,0.7249906063079834,E:\dl\mel_cache\lm3_base_v1\test\rock\rock.00032__03000ms__0001.npy
lstm,rock__rock.00032,rock,2,rock,rock,1,0.40943247079849243,E:\dl\mel_cache\lm3_base_v1\test\rock\rock.00032__03000ms__0002.npy
lstm,rock__rock.00032,rock,3,rock,country,0,0.3197622299194336,E:\dl\mel_cache\lm3_base_v1\test\rock\rock.00032__03000ms__0003.npy
lstm,rock__rock.00032,rock,4,rock,rock,1,0.2771562337875366,E:\dl\mel_cache\lm3_base_v1\test\rock\rock.00032__03000ms__0004.npy
lstm,rock__rock.00032,rock,5,rock,rock,1,0.20789438486099243,E:\dl\mel_cache\lm3_base_v1\test\rock\rock.00032__03000ms__0005.npy
lstm,rock__rock.00032,rock,6,rock,rock,1,0.24745962023735046,E:\dl\mel_cache\lm3_base_v1\test\rock\rock.00032__03000ms__0006.npy
lstm,rock__rock.00032,rock,7,rock,rock,1,0.443617582321167,E:\dl\mel_cache\lm3_base_v1\test\rock\rock.00032__03000ms__0007.npy
lstm,rock__rock.00032,rock,8,rock,rock,1,0.4472600817680359,E:\dl\mel_cache\lm3_base_v1\test\rock\rock.00032__03000ms__0008.npy
lstm,rock__rock.00032,rock,9,rock,rock,1,0.24302740395069122,E:\dl\mel_cache\lm3_base_v1\test\rock\rock.00032__03000ms__0009.npy
lstm,rock__rock.00032,rock,10,rock,country,0,0.4022615849971771,E:\dl\mel_cache\lm3_base_v1\test\rock\rock.00032__03000ms__0010.npy
lstm,rock__rock.00032,rock,11,rock,country,0,0.2855672240257263,E:\dl\mel_cache\lm3_base_v1\test\rock\rock.00032__03000ms__0011.npy
lstm,rock__rock.00032,rock,12,rock,country,0,0.2811230421066284,E:\dl\mel_cache\lm3_base_v1\test\rock\rock.00032__03000ms__0012.npy
lstm,rock__rock.00032,rock,13,rock,rock,1,0.4266187250614166,E:\dl\mel_cache\lm3_base_v1\test\rock\rock.00032__03000ms__0013.npy
lstm,rock__rock.00032,rock,14,rock,pop,0,0.33748775720596313,E:\dl\mel_cache\lm3_base_v1\test\rock\rock.00032__03000ms__0014.npy
lstm,rock__rock.00032,rock,15,rock,rock,1,0.2400878518819809,E:\dl\mel_cache\lm3_base_v1\test\rock\rock.00032__03000ms__0015.npy
lstm,rock__rock.00032,rock,16,rock,pop,0,0.4004754424095154,E:\dl\mel_cache\lm3_base_v1\test\rock\rock.00032__03000ms__0016.npy
lstm,rock__rock.00032,rock,17,rock,rock,1,0.4511833190917969,E:\dl\mel_cache\lm3_base_v1\test\rock\rock.00032__03000ms__0017.npy
lstm,rock__rock.00032,rock,18,rock,rock,1,0.454471617937088,E:\dl\mel_cache\lm3_base_v1\test\rock\rock.00032__03000ms__0018.npy
lstm,rock__rock.00032,rock,19,rock,rock,1,0.4887653887271881,E:\dl\mel_cache\lm3_base_v1\test\rock\rock.00032__03000ms__0019.npy
lstm,rock__rock.00034,rock,0,rock,country,0,0.5093647241592407,E:\dl\mel_cache\lm3_base_v1\test\rock\rock.00034__03000ms__0000.npy
lstm,rock__rock.00034,rock,1,rock,country,0,0.7226406335830688,E:\dl\mel_cache\lm3_base_v1\test\rock\rock.00034__03000ms__0001.npy
lstm,rock__rock.00034,rock,2,rock,country,0,0.8640087246894836,E:\dl\mel_cache\lm3_base_v1\test\rock\rock.00034__03000ms__0002.npy
lstm,rock__rock.00034,rock,3,rock,country,0,0.4690353572368622,E:\dl\mel_cache\lm3_base_v1\test\rock\rock.00034__03000ms__0003.npy
lstm,rock__rock.00034,rock,4,rock,country,0,0.6285951733589172,E:\dl\mel_cache\lm3_base_v1\test\rock\rock.00034__03000ms__0004.npy
lstm,rock__rock.00034,rock,5,rock,country,0,0.7130538821220398,E:\dl\mel_cache\lm3_base_v1\test\rock\rock.00034__03000ms__0005.npy
lstm,rock__rock.00034,rock,6,rock,country,0,0.5102487802505493,E:\dl\mel_cache\lm3_base_v1\test\rock\rock.00034__03000ms__0006.npy
lstm,rock__rock.00034,rock,7,rock,country,0,0.781272292137146,E:\dl\mel_cache\lm3_base_v1\test\rock\rock.00034__03000ms__0007.npy
lstm,rock__rock.00034,rock,8,rock,country,0,0.6729444861412048,E:\dl\mel_cache\lm3_base_v1\test\rock\rock.00034__03000ms__0008.npy
lstm,rock__rock.00034,rock,9,rock,country,0,0.6174983978271484,E:\dl\mel_cache\lm3_base_v1\test\rock\rock.00034__03000ms__0009.npy
lstm,rock__rock.00034,rock,10,rock,country,0,0.7785163521766663,E:\dl\mel_cache\lm3_base_v1\test\rock\rock.00034__03000ms__0010.npy
lstm,rock__rock.00034,rock,11,rock,country,0,0.9185768365859985,E:\dl\mel_cache\lm3_base_v1\test\rock\rock.00034__03000ms__0011.npy
lstm,rock__rock.00034,rock,12,rock,country,0,0.9350020885467529,E:\dl\mel_cache\lm3_base_v1\test\rock\rock.00034__03000ms__0012.npy
lstm,rock__rock.00034,rock,13,rock,country,0,0.8451615571975708,E:\dl\mel_cache\lm3_base_v1\test\rock\rock.00034__03000ms__0013.npy
lstm,rock__rock.00034,rock,14,rock,country,0,0.7739275693893433,E:\dl\mel_cache\lm3_base_v1\test\rock\rock.00034__03000ms__0014.npy
lstm,rock__rock.00034,rock,15,rock,country,0,0.6874404549598694,E:\dl\mel_cache\lm3_base_v1\test\rock\rock.00034__03000ms__0015.npy
lstm,rock__rock.00034,rock,16,rock,country,0,0.5950037240982056,E:\dl\mel_cache\lm3_base_v1\test\rock\rock.00034__03000ms__0016.npy
lstm,rock__rock.00034,rock,17,rock,rock,1,0.4166739881038666,E:\dl\mel_cache\lm3_base_v1\test\rock\rock.00034__03000ms__0017.npy
lstm,rock__rock.00034,rock,18,rock,rock,1,0.5898578763008118,E:\dl\mel_cache\lm3_base_v1\test\rock\rock.00034__03000ms__0018.npy
lstm,rock__rock.00034,rock,19,rock,rock,1,0.6569507718086243,E:\dl\mel_cache\lm3_base_v1\test\rock\rock.00034__03000ms__0019.npy
lstm,rock__rock.00039,rock,0,rock,rock,1,0.9004102349281311,E:\dl\mel_cache\lm3_base_v1\test\rock\rock.00039__03000ms__0000.npy
lstm,rock__rock.00039,rock,1,rock,rock,1,0.9232180714607239,E:\dl\mel_cache\lm3_base_v1\test\rock\rock.00039__03000ms__0001.npy
lstm,rock__rock.00039,rock,2,rock,rock,1,0.9351934790611267,E:\dl\mel_cache\lm3_base_v1\test\rock\rock.00039__03000ms__0002.npy
lstm,rock__rock.00039,rock,3,rock,rock,1,0.9331240653991699,E:\dl\mel_cache\lm3_base_v1\test\rock\rock.00039__03000ms__0003.npy
lstm,rock__rock.00039,rock,4,rock,rock,1,0.9285292625427246,E:\dl\mel_cache\lm3_base_v1\test\rock\rock.00039__03000ms__0004.npy
lstm,rock__rock.00039,rock,5,rock,rock,1,0.9228631258010864,E:\dl\mel_cache\lm3_base_v1\test\rock\rock.00039__03000ms__0005.npy
lstm,rock__rock.00039,rock,6,rock,rock,1,0.8758214116096497,E:\dl\mel_cache\lm3_base_v1\test\rock\rock.00039__03000ms__0006.npy
lstm,rock__rock.00039,rock,7,rock,rock,1,0.87422114610672,E:\dl\mel_cache\lm3_base_v1\test\rock\rock.00039__03000ms__0007.npy
lstm,rock__rock.00039,rock,8,rock,rock,1,0.4617534279823303,E:\dl\mel_cache\lm3_base_v1\test\rock\rock.00039__03000ms__0008.npy
lstm,rock__rock.00039,rock,9,rock,rock,1,0.8536200523376465,E:\dl\mel_cache\lm3_base_v1\test\rock\rock.00039__03000ms__0009.npy
lstm,rock__rock.00039,rock,10,rock,rock,1,0.8678790330886841,E:\dl\mel_cache\lm3_base_v1\test\rock\rock.00039__03000ms__0010.npy
lstm,rock__rock.00039,rock,11,rock,rock,1,0.862094521522522,E:\dl\mel_cache\lm3_base_v1\test\rock\rock.00039__03000ms__0011.npy
lstm,rock__rock.00039,rock,12,rock,rock,1,0.6370768547058105,E:\dl\mel_cache\lm3_base_v1\test\rock\rock.00039__03000ms__0012.npy
lstm,rock__rock.00039,rock,13,rock,pop,0,0.7732849717140198,E:\dl\mel_cache\lm3_base_v1\test\rock\rock.00039__03000ms__0013.npy
lstm,rock__rock.00039,rock,14,rock,pop,0,0.7803099155426025,E:\dl\mel_cache\lm3_base_v1\test\rock\rock.00039__03000ms__0014.npy
lstm,rock__rock.00039,rock,15,rock,pop,0,0.768904983997345,E:\dl\mel_cache\lm3_base_v1\test\rock\rock.00039__03000ms__0015.npy
lstm,rock__rock.00039,rock,16,rock,pop,0,0.7019797563552856,E:\dl\mel_cache\lm3_base_v1\test\rock\rock.00039__03000ms__0016.npy
lstm,rock__rock.00039,rock,17,rock,pop,0,0.4412272572517395,E:\dl\mel_cache\lm3_base_v1\test\rock\rock.00039__03000ms__0017.npy
lstm,rock__rock.00039,rock,18,rock,rock,1,0.4088931083679199,E:\dl\mel_cache\lm3_base_v1\test\rock\rock.00039__03000ms__0018.npy
lstm,rock__rock.00039,rock,19,rock,rock,1,0.41220831871032715,E:\dl\mel_cache\lm3_base_v1\test\rock\rock.00039__03000ms__0019.npy
lstm,rock__rock.00044,rock,0,rock,country,0,0.9127878546714783,E:\dl\mel_cache\lm3_base_v1\test\rock\rock.00044__03000ms__0000.npy
lstm,rock__rock.00044,rock,1,rock,country,0,0.6927717328071594,E:\dl\mel_cache\lm3_base_v1\test\rock\rock.00044__03000ms__0001.npy
lstm,rock__rock.00044,rock,2,rock,rock,1,0.49560755491256714,E:\dl\mel_cache\lm3_base_v1\test\rock\rock.00044__03000ms__0002.npy
lstm,rock__rock.00044,rock,3,rock,country,0,0.4503217935562134,E:\dl\mel_cache\lm3_base_v1\test\rock\rock.00044__03000ms__0003.npy
lstm,rock__rock.00044,rock,4,rock,country,0,0.8835934996604919,E:\dl\mel_cache\lm3_base_v1\test\rock\rock.00044__03000ms__0004.npy
lstm,rock__rock.00044,rock,5,rock,country,0,0.88105309009552,E:\dl\mel_cache\lm3_base_v1\test\rock\rock.00044__03000ms__0005.npy
lstm,rock__rock.00044,rock,6,rock,jazz,0,0.4573379158973694,E:\dl\mel_cache\lm3_base_v1\test\rock\rock.00044__03000ms__0006.npy
lstm,rock__rock.00044,rock,7,rock,jazz,0,0.35720258951187134,E:\dl\mel_cache\lm3_base_v1\test\rock\rock.00044__03000ms__0007.npy
lstm,rock__rock.00044,rock,8,rock,pop,0,0.4393517076969147,E:\dl\mel_cache\lm3_base_v1\test\rock\rock.00044__03000ms__0008.npy
lstm,rock__rock.00044,rock,9,rock,disco,0,0.37826937437057495,E:\dl\mel_cache\lm3_base_v1\test\rock\rock.00044__03000ms__0009.npy
lstm,rock__rock.00044,rock,10,rock,rock,1,0.7013905048370361,E:\dl\mel_cache\lm3_base_v1\test\rock\rock.00044__03000ms__0010.npy
lstm,rock__rock.00044,rock,11,rock,rock,1,0.8250439763069153,E:\dl\mel_cache\lm3_base_v1\test\rock\rock.00044__03000ms__0011.npy
lstm,rock__rock.00044,rock,12,rock,rock,1,0.8876057267189026,E:\dl\mel_cache\lm3_base_v1\test\rock\rock.00044__03000ms__0012.npy
lstm,rock__rock.00044,rock,13,rock,rock,1,0.8615604043006897,E:\dl\mel_cache\lm3_base_v1\test\rock\rock.00044__03000ms__0013.npy
lstm,rock__rock.00044,rock,14,rock,rock,1,0.921166181564331,E:\dl\mel_cache\lm3_base_v1\test\rock\rock.00044__03000ms__0014.npy
lstm,rock__rock.00044,rock,15,rock,rock,1,0.9229204654693604,E:\dl\mel_cache\lm3_base_v1\test\rock\rock.00044__03000ms__0015.npy
lstm,rock__rock.00044,rock,16,rock,rock,1,0.7999330163002014,E:\dl\mel_cache\lm3_base_v1\test\rock\rock.00044__03000ms__0016.npy
lstm,rock__rock.00044,rock,17,rock,rock,1,0.43872371315956116,E:\dl\mel_cache\lm3_base_v1\test\rock\rock.00044__03000ms__0017.npy
lstm,rock__rock.00044,rock,18,rock,rock,1,0.6483343839645386,E:\dl\mel_cache\lm3_base_v1\test\rock\rock.00044__03000ms__0018.npy
lstm,rock__rock.00044,rock,19,rock,rock,1,0.5852190256118774,E:\dl\mel_cache\lm3_base_v1\test\rock\rock.00044__03000ms__0019.npy
lstm,rock__rock.00048,rock,0,rock,rock,1,0.8677034974098206,E:\dl\mel_cache\lm3_base_v1\test\rock\rock.00048__03000ms__0000.npy
lstm,rock__rock.00048,rock,1,rock,rock,1,0.8797407746315002,E:\dl\mel_cache\lm3_base_v1\test\rock\rock.00048__03000ms__0001.npy
lstm,rock__rock.00048,rock,2,rock,rock,1,0.9345917701721191,E:\dl\mel_cache\lm3_base_v1\test\rock\rock.00048__03000ms__0002.npy
lstm,rock__rock.00048,rock,3,rock,rock,1,0.9399071335792542,E:\dl\mel_cache\lm3_base_v1\test\rock\rock.00048__03000ms__0003.npy
lstm,rock__rock.00048,rock,4,rock,rock,1,0.8389272689819336,E:\dl\mel_cache\lm3_base_v1\test\rock\rock.00048__03000ms__0004.npy
lstm,rock__rock.00048,rock,5,rock,rock,1,0.751075029373169,E:\dl\mel_cache\lm3_base_v1\test\rock\rock.00048__03000ms__0005.npy
lstm,rock__rock.00048,rock,6,rock,rock,1,0.8814123272895813,E:\dl\mel_cache\lm3_base_v1\test\rock\rock.00048__03000ms__0006.npy
lstm,rock__rock.00048,rock,7,rock,rock,1,0.7868680357933044,E:\dl\mel_cache\lm3_base_v1\test\rock\rock.00048__03000ms__0007.npy
lstm,rock__rock.00048,rock,8,rock,rock,1,0.7249232530593872,E:\dl\mel_cache\lm3_base_v1\test\rock\rock.00048__03000ms__0008.npy
lstm,rock__rock.00048,rock,9,rock,rock,1,0.2494407594203949,E:\dl\mel_cache\lm3_base_v1\test\rock\rock.00048__03000ms__0009.npy
lstm,rock__rock.00048,rock,10,rock,rock,1,0.5253028869628906,E:\dl\mel_cache\lm3_base_v1\test\rock\rock.00048__03000ms__0010.npy
lstm,rock__rock.00048,rock,11,rock,rock,1,0.9351233243942261,E:\dl\mel_cache\lm3_base_v1\test\rock\rock.00048__03000ms__0011.npy
lstm,rock__rock.00048,rock,12,rock,rock,1,0.9357345104217529,E:\dl\mel_cache\lm3_base_v1\test\rock\rock.00048__03000ms__0012.npy
lstm,rock__rock.00048,rock,13,rock,rock,1,0.9190263748168945,E:\dl\mel_cache\lm3_base_v1\test\rock\rock.00048__03000ms__0013.npy
lstm,rock__rock.00048,rock,14,rock,rock,1,0.7135043740272522,E:\dl\mel_cache\lm3_base_v1\test\rock\rock.00048__03000ms__0014.npy
lstm,rock__rock.00048,rock,15,rock,rock,1,0.9094071388244629,E:\dl\mel_cache\lm3_base_v1\test\rock\rock.00048__03000ms__0015.npy
lstm,rock__rock.00048,rock,16,rock,rock,1,0.9369516968727112,E:\dl\mel_cache\lm3_base_v1\test\rock\rock.00048__03000ms__0016.npy
lstm,rock__rock.00048,rock,17,rock,rock,1,0.8763178586959839,E:\dl\mel_cache\lm3_base_v1\test\rock\rock.00048__03000ms__0017.npy
lstm,rock__rock.00048,rock,18,rock,rock,1,0.8951684236526489,E:\dl\mel_cache\lm3_base_v1\test\rock\rock.00048__03000ms__0018.npy
lstm,rock__rock.00048,rock,19,rock,rock,1,0.9090505838394165,E:\dl\mel_cache\lm3_base_v1\test\rock\rock.00048__03000ms__0019.npy
lstm,rock__rock.00049,rock,0,rock,country,0,0.38803786039352417,E:\dl\mel_cache\lm3_base_v1\test\rock\rock.00049__03000ms__0000.npy
lstm,rock__rock.00049,rock,1,rock,country,0,0.6010828614234924,E:\dl\mel_cache\lm3_base_v1\test\rock\rock.00049__03000ms__0001.npy
lstm,rock__rock.00049,rock,2,rock,country,0,0.7793534994125366,E:\dl\mel_cache\lm3_base_v1\test\rock\rock.00049__03000ms__0002.npy
lstm,rock__rock.00049,rock,3,rock,country,0,0.7926267385482788,E:\dl\mel_cache\lm3_base_v1\test\rock\rock.00049__03000ms__0003.npy
lstm,rock__rock.00049,rock,4,rock,country,0,0.7257084846496582,E:\dl\mel_cache\lm3_base_v1\test\rock\rock.00049__03000ms__0004.npy
lstm,rock__rock.00049,rock,5,rock,country,0,0.7635973691940308,E:\dl\mel_cache\lm3_base_v1\test\rock\rock.00049__03000ms__0005.npy
lstm,rock__rock.00049,rock,6,rock,country,0,0.8176326751708984,E:\dl\mel_cache\lm3_base_v1\test\rock\rock.00049__03000ms__0006.npy
lstm,rock__rock.00049,rock,7,rock,country,0,0.8239797353744507,E:\dl\mel_cache\lm3_base_v1\test\rock\rock.00049__03000ms__0007.npy
lstm,rock__rock.00049,rock,8,rock,country,0,0.9129728078842163,E:\dl\mel_cache\lm3_base_v1\test\rock\rock.00049__03000ms__0008.npy
lstm,rock__rock.00049,rock,9,rock,country,0,0.9238466620445251,E:\dl\mel_cache\lm3_base_v1\test\rock\rock.00049__03000ms__0009.npy
lstm,rock__rock.00049,rock,10,rock,country,0,0.917041003704071,E:\dl\mel_cache\lm3_base_v1\test\rock\rock.00049__03000ms__0010.npy
lstm,rock__rock.00049,rock,11,rock,country,0,0.6749376654624939,E:\dl\mel_cache\lm3_base_v1\test\rock\rock.00049__03000ms__0011.npy
lstm,rock__rock.00049,rock,12,rock,rock,1,0.5807539224624634,E:\dl\mel_cache\lm3_base_v1\test\rock\rock.00049__03000ms__0012.npy
lstm,rock__rock.00049,rock,13,rock,rock,1,0.8638872504234314,E:\dl\mel_cache\lm3_base_v1\test\rock\rock.00049__03000ms__0013.npy
lstm,rock__rock.00049,rock,14,rock,rock,1,0.6585206985473633,E:\dl\mel_cache\lm3_base_v1\test\rock\rock.00049__03000ms__0014.npy
lstm,rock__rock.00049,rock,15,rock,pop,0,0.8151554465293884,E:\dl\mel_cache\lm3_base_v1\test\rock\rock.00049__03000ms__0015.npy
lstm,rock__rock.00049,rock,16,rock,pop,0,0.8853042125701904,E:\dl\mel_cache\lm3_base_v1\test\rock\rock.00049__03000ms__0016.npy
lstm,rock__rock.00049,rock,17,rock,pop,0,0.8821606040000916,E:\dl\mel_cache\lm3_base_v1\test\rock\rock.00049__03000ms__0017.npy
lstm,rock__rock.00049,rock,18,rock,pop,0,0.798436164855957,E:\dl\mel_cache\lm3_base_v1\test\rock\rock.00049__03000ms__0018.npy
lstm,rock__rock.00049,rock,19,rock,pop,0,0.8169369101524353,E:\dl\mel_cache\lm3_base_v1\test\rock\rock.00049__03000ms__0019.npy
lstm,rock__rock.00050,rock,0,rock,pop,0,0.8363977074623108,E:\dl\mel_cache\lm3_base_v1\test\rock\rock.00050__03000ms__0000.npy
lstm,rock__rock.00050,rock,1,rock,rock,1,0.5079718232154846,E:\dl\mel_cache\lm3_base_v1\test\rock\rock.00050__03000ms__0001.npy
lstm,rock__rock.00050,rock,2,rock,rock,1,0.48545217514038086,E:\dl\mel_cache\lm3_base_v1\test\rock\rock.00050__03000ms__0002.npy
lstm,rock__rock.00050,rock,3,rock,pop,0,0.6307908892631531,E:\dl\mel_cache\lm3_base_v1\test\rock\rock.00050__03000ms__0003.npy
lstm,rock__rock.00050,rock,4,rock,pop,0,0.5975283980369568,E:\dl\mel_cache\lm3_base_v1\test\rock\rock.00050__03000ms__0004.npy
lstm,rock__rock.00050,rock,5,rock,rock,1,0.6954331398010254,E:\dl\mel_cache\lm3_base_v1\test\rock\rock.00050__03000ms__0005.npy
lstm,rock__rock.00050,rock,6,rock,rock,1,0.6347373723983765,E:\dl\mel_cache\lm3_base_v1\test\rock\rock.00050__03000ms__0006.npy
lstm,rock__rock.00050,rock,7,rock,rock,1,0.4783322215080261,E:\dl\mel_cache\lm3_base_v1\test\rock\rock.00050__03000ms__0007.npy
lstm,rock__rock.00050,rock,8,rock,rock,1,0.43872547149658203,E:\dl\mel_cache\lm3_base_v1\test\rock\rock.00050__03000ms__0008.npy
lstm,rock__rock.00050,rock,9,rock,rock,1,0.6756588220596313,E:\dl\mel_cache\lm3_base_v1\test\rock\rock.00050__03000ms__0009.npy
lstm,rock__rock.00050,rock,10,rock,rock,1,0.8269397020339966,E:\dl\mel_cache\lm3_base_v1\test\rock\rock.00050__03000ms__0010.npy
lstm,rock__rock.00050,rock,11,rock,rock,1,0.7618565559387207,E:\dl\mel_cache\lm3_base_v1\test\rock\rock.00050__03000ms__0011.npy
lstm,rock__rock.00050,rock,12,rock,pop,0,0.49481192231178284,E:\dl\mel_cache\lm3_base_v1\test\rock\rock.00050__03000ms__0012.npy
lstm,rock__rock.00050,rock,13,rock,rock,1,0.5721074938774109,E:\dl\mel_cache\lm3_base_v1\test\rock\rock.00050__03000ms__0013.npy
lstm,rock__rock.00050,rock,14,rock,rock,1,0.6467764973640442,E:\dl\mel_cache\lm3_base_v1\test\rock\rock.00050__03000ms__0014.npy
lstm,rock__rock.00050,rock,15,rock,rock,1,0.7192476391792297,E:\dl\mel_cache\lm3_base_v1\test\rock\rock.00050__03000ms__0015.npy
lstm,rock__rock.00050,rock,16,rock,rock,1,0.5174250602722168,E:\dl\mel_cache\lm3_base_v1\test\rock\rock.00050__03000ms__0016.npy
lstm,rock__rock.00050,rock,17,rock,rock,1,0.49582386016845703,E:\dl\mel_cache\lm3_base_v1\test\rock\rock.00050__03000ms__0017.npy
lstm,rock__rock.00050,rock,18,rock,pop,0,0.46659088134765625,E:\dl\mel_cache\lm3_base_v1\test\rock\rock.00050__03000ms__0018.npy
lstm,rock__rock.00050,rock,19,rock,pop,0,0.5008202791213989,E:\dl\mel_cache\lm3_base_v1\test\rock\rock.00050__03000ms__0019.npy
lstm,rock__rock.00054,rock,0,rock,rock,1,0.5848427414894104,E:\dl\mel_cache\lm3_base_v1\test\rock\rock.00054__03000ms__0000.npy
lstm,rock__rock.00054,rock,1,rock,classical,0,0.8563551306724548,E:\dl\mel_cache\lm3_base_v1\test\rock\rock.00054__03000ms__0001.npy
lstm,rock__rock.00054,rock,2,rock,rock,1,0.7125585675239563,E:\dl\mel_cache\lm3_base_v1\test\rock\rock.00054__03000ms__0002.npy
lstm,rock__rock.00054,rock,3,rock,rock,1,0.8917855024337769,E:\dl\mel_cache\lm3_base_v1\test\rock\rock.00054__03000ms__0003.npy
lstm,rock__rock.00054,rock,4,rock,rock,1,0.8782460689544678,E:\dl\mel_cache\lm3_base_v1\test\rock\rock.00054__03000ms__0004.npy
lstm,rock__rock.00054,rock,5,rock,rock,1,0.8706129193305969,E:\dl\mel_cache\lm3_base_v1\test\rock\rock.00054__03000ms__0005.npy
lstm,rock__rock.00054,rock,6,rock,rock,1,0.9144642949104309,E:\dl\mel_cache\lm3_base_v1\test\rock\rock.00054__03000ms__0006.npy
lstm,rock__rock.00054,rock,7,rock,rock,1,0.4987707734107971,E:\dl\mel_cache\lm3_base_v1\test\rock\rock.00054__03000ms__0007.npy
lstm,rock__rock.00054,rock,8,rock,rock,1,0.747663676738739,E:\dl\mel_cache\lm3_base_v1\test\rock\rock.00054__03000ms__0008.npy
lstm,rock__rock.00054,rock,9,rock,rock,1,0.7988498210906982,E:\dl\mel_cache\lm3_base_v1\test\rock\rock.00054__03000ms__0009.npy
lstm,rock__rock.00054,rock,10,rock,country,0,0.6931155323982239,E:\dl\mel_cache\lm3_base_v1\test\rock\rock.00054__03000ms__0010.npy
lstm,rock__rock.00054,rock,11,rock,country,0,0.4992300868034363,E:\dl\mel_cache\lm3_base_v1\test\rock\rock.00054__03000ms__0011.npy
lstm,rock__rock.00054,rock,12,rock,rock,1,0.6323198676109314,E:\dl\mel_cache\lm3_base_v1\test\rock\rock.00054__03000ms__0012.npy
lstm,rock__rock.00054,rock,13,rock,rock,1,0.42201507091522217,E:\dl\mel_cache\lm3_base_v1\test\rock\rock.00054__03000ms__0013.npy
lstm,rock__rock.00054,rock,14,rock,classical,0,0.29138606786727905,E:\dl\mel_cache\lm3_base_v1\test\rock\rock.00054__03000ms__0014.npy
lstm,rock__rock.00054,rock,15,rock,rock,1,0.8739364743232727,E:\dl\mel_cache\lm3_base_v1\test\rock\rock.00054__03000ms__0015.npy
lstm,rock__rock.00054,rock,16,rock,rock,1,0.8788421154022217,E:\dl\mel_cache\lm3_base_v1\test\rock\rock.00054__03000ms__0016.npy
lstm,rock__rock.00054,rock,17,rock,rock,1,0.9322006702423096,E:\dl\mel_cache\lm3_base_v1\test\rock\rock.00054__03000ms__0017.npy
lstm,rock__rock.00054,rock,18,rock,rock,1,0.7225343585014343,E:\dl\mel_cache\lm3_base_v1\test\rock\rock.00054__03000ms__0018.npy
lstm,rock__rock.00054,rock,19,rock,rock,1,0.7799100279808044,E:\dl\mel_cache\lm3_base_v1\test\rock\rock.00054__03000ms__0019.npy
lstm,rock__rock.00080,rock,0,rock,rock,1,0.7443504929542542,E:\dl\mel_cache\lm3_base_v1\test\rock\rock.00080__03000ms__0000.npy
lstm,rock__rock.00080,rock,1,rock,rock,1,0.9362536668777466,E:\dl\mel_cache\lm3_base_v1\test\rock\rock.00080__03000ms__0001.npy
lstm,rock__rock.00080,rock,2,rock,rock,1,0.9390084743499756,E:\dl\mel_cache\lm3_base_v1\test\rock\rock.00080__03000ms__0002.npy
lstm,rock__rock.00080,rock,3,rock,rock,1,0.9254667162895203,E:\dl\mel_cache\lm3_base_v1\test\rock\rock.00080__03000ms__0003.npy
lstm,rock__rock.00080,rock,4,rock,rock,1,0.9348109364509583,E:\dl\mel_cache\lm3_base_v1\test\rock\rock.00080__03000ms__0004.npy
lstm,rock__rock.00080,rock,5,rock,disco,0,0.5400150418281555,E:\dl\mel_cache\lm3_base_v1\test\rock\rock.00080__03000ms__0005.npy
lstm,rock__rock.00080,rock,6,rock,rock,1,0.726325273513794,E:\dl\mel_cache\lm3_base_v1\test\rock\rock.00080__03000ms__0006.npy
lstm,rock__rock.00080,rock,7,rock,rock,1,0.7925878763198853,E:\dl\mel_cache\lm3_base_v1\test\rock\rock.00080__03000ms__0007.npy
lstm,rock__rock.00080,rock,8,rock,rock,1,0.6653101444244385,E:\dl\mel_cache\lm3_base_v1\test\rock\rock.00080__03000ms__0008.npy
lstm,rock__rock.00080,rock,9,rock,rock,1,0.9089692234992981,E:\dl\mel_cache\lm3_base_v1\test\rock\rock.00080__03000ms__0009.npy
lstm,rock__rock.00080,rock,10,rock,disco,0,0.5169478058815002,E:\dl\mel_cache\lm3_base_v1\test\rock\rock.00080__03000ms__0010.npy
lstm,rock__rock.00080,rock,11,rock,disco,0,0.735494077205658,E:\dl\mel_cache\lm3_base_v1\test\rock\rock.00080__03000ms__0011.npy
lstm,rock__rock.00080,rock,12,rock,rock,1,0.6048663854598999,E:\dl\mel_cache\lm3_base_v1\test\rock\rock.00080__03000ms__0012.npy
lstm,rock__rock.00080,rock,13,rock,rock,1,0.6188785433769226,E:\dl\mel_cache\lm3_base_v1\test\rock\rock.00080__03000ms__0013.npy
lstm,rock__rock.00080,rock,14,rock,rock,1,0.8848084807395935,E:\dl\mel_cache\lm3_base_v1\test\rock\rock.00080__03000ms__0014.npy
lstm,rock__rock.00080,rock,15,rock,rock,1,0.9405654668807983,E:\dl\mel_cache\lm3_base_v1\test\rock\rock.00080__03000ms__0015.npy
lstm,rock__rock.00080,rock,16,rock,rock,1,0.9342185258865356,E:\dl\mel_cache\lm3_base_v1\test\rock\rock.00080__03000ms__0016.npy
lstm,rock__rock.00080,rock,17,rock,rock,1,0.9558937549591064,E:\dl\mel_cache\lm3_base_v1\test\rock\rock.00080__03000ms__0017.npy
lstm,rock__rock.00080,rock,18,rock,rock,1,0.9377966523170471,E:\dl\mel_cache\lm3_base_v1\test\rock\rock.00080__03000ms__0018.npy
lstm,rock__rock.00080,rock,19,rock,rock,1,0.9391935467720032,E:\dl\mel_cache\lm3_base_v1\test\rock\rock.00080__03000ms__0019.npy
lstm,rock__rock.00085,rock,0,rock,classical,0,0.283367782831192,E:\dl\mel_cache\lm3_base_v1\test\rock\rock.00085__03000ms__0000.npy
lstm,rock__rock.00085,rock,1,rock,metal,0,0.30284637212753296,E:\dl\mel_cache\lm3_base_v1\test\rock\rock.00085__03000ms__0001.npy
lstm,rock__rock.00085,rock,2,rock,rock,1,0.3181750774383545,E:\dl\mel_cache\lm3_base_v1\test\rock\rock.00085__03000ms__0002.npy
lstm,rock__rock.00085,rock,3,rock,reggae,0,0.3889393210411072,E:\dl\mel_cache\lm3_base_v1\test\rock\rock.00085__03000ms__0003.npy
lstm,rock__rock.00085,rock,4,rock,rock,1,0.5446869134902954,E:\dl\mel_cache\lm3_base_v1\test\rock\rock.00085__03000ms__0004.npy
lstm,rock__rock.00085,rock,5,rock,rock,1,0.8527191281318665,E:\dl\mel_cache\lm3_base_v1\test\rock\rock.00085__03000ms__0005.npy
lstm,rock__rock.00085,rock,6,rock,rock,1,0.7792202234268188,E:\dl\mel_cache\lm3_base_v1\test\rock\rock.00085__03000ms__0006.npy
lstm,rock__rock.00085,rock,7,rock,rock,1,0.7992717623710632,E:\dl\mel_cache\lm3_base_v1\test\rock\rock.00085__03000ms__0007.npy
lstm,rock__rock.00085,rock,8,rock,rock,1,0.6730124950408936,E:\dl\mel_cache\lm3_base_v1\test\rock\rock.00085__03000ms__0008.npy
lstm,rock__rock.00085,rock,9,rock,rock,1,0.8417982459068298,E:\dl\mel_cache\lm3_base_v1\test\rock\rock.00085__03000ms__0009.npy
lstm,rock__rock.00085,rock,10,rock,rock,1,0.8828383088111877,E:\dl\mel_cache\lm3_base_v1\test\rock\rock.00085__03000ms__0010.npy
lstm,rock__rock.00085,rock,11,rock,rock,1,0.7797573208808899,E:\dl\mel_cache\lm3_base_v1\test\rock\rock.00085__03000ms__0011.npy
lstm,rock__rock.00085,rock,12,rock,rock,1,0.5315057635307312,E:\dl\mel_cache\lm3_base_v1\test\rock\rock.00085__03000ms__0012.npy
lstm,rock__rock.00085,rock,13,rock,rock,1,0.7446959614753723,E:\dl\mel_cache\lm3_base_v1\test\rock\rock.00085__03000ms__0013.npy
lstm,rock__rock.00085,rock,14,rock,rock,1,0.8487430810928345,E:\dl\mel_cache\lm3_base_v1\test\rock\rock.00085__03000ms__0014.npy
lstm,rock__rock.00085,rock,15,rock,rock,1,0.6290602684020996,E:\dl\mel_cache\lm3_base_v1\test\rock\rock.00085__03000ms__0015.npy
lstm,rock__rock.00085,rock,16,rock,rock,1,0.6752943992614746,E:\dl\mel_cache\lm3_base_v1\test\rock\rock.00085__03000ms__0016.npy
lstm,rock__rock.00085,rock,17,rock,rock,1,0.4499998688697815,E:\dl\mel_cache\lm3_base_v1\test\rock\rock.00085__03000ms__0017.npy
lstm,rock__rock.00085,rock,18,rock,classical,0,0.6678376793861389,E:\dl\mel_cache\lm3_base_v1\test\rock\rock.00085__03000ms__0018.npy
lstm,rock__rock.00085,rock,19,rock,classical,0,0.6574737429618835,E:\dl\mel_cache\lm3_base_v1\test\rock\rock.00085__03000ms__0019.npy
lstm,rock__rock.00086,rock,0,rock,disco,0,0.8678065538406372,E:\dl\mel_cache\lm3_base_v1\test\rock\rock.00086__03000ms__0000.npy
lstm,rock__rock.00086,rock,1,rock,disco,0,0.833059549331665,E:\dl\mel_cache\lm3_base_v1\test\rock\rock.00086__03000ms__0001.npy
lstm,rock__rock.00086,rock,2,rock,disco,0,0.9380069375038147,E:\dl\mel_cache\lm3_base_v1\test\rock\rock.00086__03000ms__0002.npy
lstm,rock__rock.00086,rock,3,rock,disco,0,0.9188531041145325,E:\dl\mel_cache\lm3_base_v1\test\rock\rock.00086__03000ms__0003.npy
lstm,rock__rock.00086,rock,4,rock,disco,0,0.8953608274459839,E:\dl\mel_cache\lm3_base_v1\test\rock\rock.00086__03000ms__0004.npy
lstm,rock__rock.00086,rock,5,rock,disco,0,0.9278029799461365,E:\dl\mel_cache\lm3_base_v1\test\rock\rock.00086__03000ms__0005.npy
lstm,rock__rock.00086,rock,6,rock,disco,0,0.8788241147994995,E:\dl\mel_cache\lm3_base_v1\test\rock\rock.00086__03000ms__0006.npy
lstm,rock__rock.00086,rock,7,rock,metal,0,0.44248726963996887,E:\dl\mel_cache\lm3_base_v1\test\rock\rock.00086__03000ms__0007.npy
lstm,rock__rock.00086,rock,8,rock,metal,0,0.583522617816925,E:\dl\mel_cache\lm3_base_v1\test\rock\rock.00086__03000ms__0008.npy
lstm,rock__rock.00086,rock,9,rock,metal,0,0.5260730385780334,E:\dl\mel_cache\lm3_base_v1\test\rock\rock.00086__03000ms__0009.npy
lstm,rock__rock.00086,rock,10,rock,rock,1,0.9206583499908447,E:\dl\mel_cache\lm3_base_v1\test\rock\rock.00086__03000ms__0010.npy
lstm,rock__rock.00086,rock,11,rock,rock,1,0.905914306640625,E:\dl\mel_cache\lm3_base_v1\test\rock\rock.00086__03000ms__0011.npy
lstm,rock__rock.00086,rock,12,rock,rock,1,0.8314344882965088,E:\dl\mel_cache\lm3_base_v1\test\rock\rock.00086__03000ms__0012.npy
lstm,rock__rock.00086,rock,13,rock,rock,1,0.7830663323402405,E:\dl\mel_cache\lm3_base_v1\test\rock\rock.00086__03000ms__0013.npy
lstm,rock__rock.00086,rock,14,rock,rock,1,0.7131140828132629,E:\dl\mel_cache\lm3_base_v1\test\rock\rock.00086__03000ms__0014.npy
lstm,rock__rock.00086,rock,15,rock,disco,0,0.864978551864624,E:\dl\mel_cache\lm3_base_v1\test\rock\rock.00086__03000ms__0015.npy
lstm,rock__rock.00086,rock,16,rock,disco,0,0.9464641213417053,E:\dl\mel_cache\lm3_base_v1\test\rock\rock.00086__03000ms__0016.npy
lstm,rock__rock.00086,rock,17,rock,disco,0,0.9424284100532532,E:\dl\mel_cache\lm3_base_v1\test\rock\rock.00086__03000ms__0017.npy
lstm,rock__rock.00086,rock,18,rock,disco,0,0.9123327136039734,E:\dl\mel_cache\lm3_base_v1\test\rock\rock.00086__03000ms__0018.npy
lstm,rock__rock.00086,rock,19,rock,disco,0,0.9125266075134277,E:\dl\mel_cache\lm3_base_v1\test\rock\rock.00086__03000ms__0019.npy
lstm,rock__rock.00092,rock,0,rock,rock,1,0.9506070613861084,E:\dl\mel_cache\lm3_base_v1\test\rock\rock.00092__03000ms__0000.npy
lstm,rock__rock.00092,rock,1,rock,rock,1,0.959410548210144,E:\dl\mel_cache\lm3_base_v1\test\rock\rock.00092__03000ms__0001.npy
lstm,rock__rock.00092,rock,2,rock,rock,1,0.9437683820724487,E:\dl\mel_cache\lm3_base_v1\test\rock\rock.00092__03000ms__0002.npy
lstm,rock__rock.00092,rock,3,rock,rock,1,0.8015124797821045,E:\dl\mel_cache\lm3_base_v1\test\rock\rock.00092__03000ms__0003.npy
lstm,rock__rock.00092,rock,4,rock,rock,1,0.8839088678359985,E:\dl\mel_cache\lm3_base_v1\test\rock\rock.00092__03000ms__0004.npy
lstm,rock__rock.00092,rock,5,rock,rock,1,0.9099518656730652,E:\dl\mel_cache\lm3_base_v1\test\rock\rock.00092__03000ms__0005.npy
lstm,rock__rock.00092,rock,6,rock,rock,1,0.9121956825256348,E:\dl\mel_cache\lm3_base_v1\test\rock\rock.00092__03000ms__0006.npy
lstm,rock__rock.00092,rock,7,rock,rock,1,0.6304292678833008,E:\dl\mel_cache\lm3_base_v1\test\rock\rock.00092__03000ms__0007.npy
lstm,rock__rock.00092,rock,8,rock,rock,1,0.5727894306182861,E:\dl\mel_cache\lm3_base_v1\test\rock\rock.00092__03000ms__0008.npy
lstm,rock__rock.00092,rock,9,rock,rock,1,0.901822030544281,E:\dl\mel_cache\lm3_base_v1\test\rock\rock.00092__03000ms__0009.npy
lstm,rock__rock.00092,rock,10,rock,rock,1,0.960371196269989,E:\dl\mel_cache\lm3_base_v1\test\rock\rock.00092__03000ms__0010.npy
lstm,rock__rock.00092,rock,11,rock,rock,1,0.9607055187225342,E:\dl\mel_cache\lm3_base_v1\test\rock\rock.00092__03000ms__0011.npy
lstm,rock__rock.00092,rock,12,rock,rock,1,0.5278779864311218,E:\dl\mel_cache\lm3_base_v1\test\rock\rock.00092__03000ms__0012.npy
lstm,rock__rock.00092,rock,13,rock,rock,1,0.564379870891571,E:\dl\mel_cache\lm3_base_v1\test\rock\rock.00092__03000ms__0013.npy
lstm,rock__rock.00092,rock,14,rock,rock,1,0.9050495028495789,E:\dl\mel_cache\lm3_base_v1\test\rock\rock.00092__03000ms__0014.npy
lstm,rock__rock.00092,rock,15,rock,rock,1,0.9049556851387024,E:\dl\mel_cache\lm3_base_v1\test\rock\rock.00092__03000ms__0015.npy
lstm,rock__rock.00092,rock,16,rock,rock,1,0.6645212769508362,E:\dl\mel_cache\lm3_base_v1\test\rock\rock.00092__03000ms__0016.npy
lstm,rock__rock.00092,rock,17,rock,rock,1,0.7365065217018127,E:\dl\mel_cache\lm3_base_v1\test\rock\rock.00092__03000ms__0017.npy
lstm,rock__rock.00092,rock,18,rock,rock,1,0.8470959067344666,E:\dl\mel_cache\lm3_base_v1\test\rock\rock.00092__03000ms__0018.npy
lstm,rock__rock.00092,rock,19,rock,rock,1,0.8482717871665955,E:\dl\mel_cache\lm3_base_v1\test\rock\rock.00092__03000ms__0019.npy
