embedding,sample_index,song_id,genre,label,tsne_x,tsne_y
full_clean_z,0,blues__blues.00000,blues,0,-31.425399780273438,12.271403312683105
full_clean_z,1,blues__blues.00000,blues,0,-31.280868530273438,11.913154602050781
full_clean_z,2,blues__blues.00000,blues,0,-31.366809844970703,12.26292610168457
full_clean_z,3,blues__blues.00000,blues,0,-31.463504791259766,12.255352020263672
full_clean_z,4,blues__blues.00000,blues,0,-21.432445526123047,15.973784446716309
full_clean_z,5,blues__blues.00000,blues,0,-21.875518798828125,15.461660385131836
full_clean_z,6,blues__blues.00000,blues,0,-31.414119720458984,12.237688064575195
full_clean_z,7,blues__blues.00001,blues,0,-52.936527252197266,-0.18168331682682037
full_clean_z,8,blues__blues.00001,blues,0,-32.98746109008789,1.1374412775039673
full_clean_z,9,blues__blues.00001,blues,0,-33.008201599121094,1.067829966545105
full_clean_z,10,blues__blues.00001,blues,0,-32.90855026245117,1.0638206005096436
full_clean_z,11,blues__blues.00001,blues,0,-33.40754318237305,0.6748968362808228
full_clean_z,12,blues__blues.00001,blues,0,-50.985809326171875,-1.5965336561203003
full_clean_z,13,blues__blues.00001,blues,0,-50.789955139160156,-1.9020037651062012
full_clean_z,14,blues__blues.00009,blues,0,-36.51659393310547,10.207588195800781
full_clean_z,15,blues__blues.00009,blues,0,-35.03068542480469,9.473780632019043
full_clean_z,16,blues__blues.00009,blues,0,-47.3731575012207,-5.9526872634887695
full_clean_z,17,blues__blues.00009,blues,0,-47.9928092956543,-5.608739852905273
full_clean_z,18,blues__blues.00009,blues,0,-36.987091064453125,10.295589447021484
full_clean_z,19,blues__blues.00009,blues,0,-49.020267486572266,-2.7079670429229736
full_clean_z,20,blues__blues.00009,blues,0,-11.255834579467773,-45.82524871826172
full_clean_z,21,blues__blues.00009,blues,0,-12.155583381652832,-47.213436126708984
full_clean_z,22,blues__blues.00009,blues,0,-47.931915283203125,-5.602004051208496
full_clean_z,23,blues__blues.00011,blues,0,-40.492942810058594,-7.2463250160217285
full_clean_z,24,blues__blues.00011,blues,0,-38.69551086425781,-6.593558311462402
full_clean_z,25,blues__blues.00011,blues,0,-39.77180480957031,-6.444963455200195
full_clean_z,26,blues__blues.00011,blues,0,-40.290557861328125,-6.886800289154053
full_clean_z,27,blues__blues.00011,blues,0,-52.107093811035156,-1.945480465888977
full_clean_z,28,blues__blues.00011,blues,0,-38.65764617919922,-6.587553977966309
full_clean_z,29,blues__blues.00011,blues,0,-52.53787612915039,-1.6187974214553833
full_clean_z,30,blues__blues.00031,blues,0,-55.496150970458984,0.2681409418582916
full_clean_z,31,blues__blues.00031,blues,0,-55.122135162353516,-0.21576832234859467
full_clean_z,32,blues__blues.00031,blues,0,-54.88472366333008,-0.5160192251205444
full_clean_z,33,blues__blues.00031,blues,0,-54.98867416381836,-0.2983974516391754
full_clean_z,34,blues__blues.00034,blues,0,-54.77052307128906,-0.39091917872428894
full_clean_z,35,blues__blues.00034,blues,0,-47.547733306884766,-4.777266979217529
full_clean_z,36,blues__blues.00034,blues,0,-53.28946304321289,-0.752112865447998
full_clean_z,37,blues__blues.00034,blues,0,-33.64867401123047,0.883764386177063
full_clean_z,38,blues__blues.00034,blues,0,-53.49458312988281,-0.9030442237854004
full_clean_z,39,blues__blues.00034,blues,0,-53.697669982910156,-0.8599131107330322
full_clean_z,40,blues__blues.00039,blues,0,-55.0410270690918,1.7482872009277344
full_clean_z,41,blues__blues.00039,blues,0,-55.568965911865234,0.8413479924201965
full_clean_z,42,blues__blues.00039,blues,0,-54.95170974731445,1.6072897911071777
full_clean_z,43,blues__blues.00039,blues,0,-55.01470947265625,1.6552358865737915
full_clean_z,44,blues__blues.00039,blues,0,-36.668556213378906,-4.941284656524658
full_clean_z,45,blues__blues.00052,blues,0,-51.07463073730469,-1.196175217628479
full_clean_z,46,blues__blues.00052,blues,0,-52.42538070678711,0.717512309551239
full_clean_z,47,blues__blues.00052,blues,0,-52.40045928955078,0.7877081632614136
full_clean_z,48,blues__blues.00052,blues,0,-52.236236572265625,-0.3928222060203552
full_clean_z,49,blues__blues.00052,blues,0,-50.333885192871094,0.24145276844501495
full_clean_z,50,blues__blues.00052,blues,0,-50.360042572021484,0.28981998562812805
full_clean_z,51,blues__blues.00054,blues,0,-49.11429214477539,11.852982521057129
full_clean_z,52,blues__blues.00054,blues,0,-48.802303314208984,12.305903434753418
full_clean_z,53,blues__blues.00054,blues,0,-49.32509994506836,11.844070434570312
full_clean_z,54,blues__blues.00054,blues,0,-48.81702423095703,12.324851989746094
full_clean_z,55,blues__blues.00054,blues,0,-48.88975524902344,12.208824157714844
full_clean_z,56,blues__blues.00054,blues,0,-49.1855583190918,11.915094375610352
full_clean_z,57,blues__blues.00057,blues,0,-50.35321807861328,10.239047050476074
full_clean_z,58,blues__blues.00057,blues,0,-49.69948196411133,10.3633394241333
full_clean_z,59,blues__blues.00057,blues,0,-49.33946990966797,10.374095916748047
full_clean_z,60,blues__blues.00057,blues,0,-49.31285095214844,10.241233825683594
full_clean_z,61,blues__blues.00060,blues,0,-53.4405517578125,7.803142547607422
full_clean_z,62,blues__blues.00060,blues,0,-50.71781539916992,9.640135765075684
full_clean_z,63,blues__blues.00060,blues,0,-50.46122741699219,10.055817604064941
full_clean_z,64,blues__blues.00060,blues,0,-50.043853759765625,11.327275276184082
full_clean_z,65,blues__blues.00060,blues,0,-50.54448318481445,10.710472106933594
full_clean_z,66,blues__blues.00060,blues,0,-51.96023178100586,10.09493637084961
full_clean_z,67,blues__blues.00060,blues,0,-51.94664001464844,10.314313888549805
full_clean_z,68,blues__blues.00066,blues,0,-45.71430206298828,-8.281001091003418
full_clean_z,69,blues__blues.00066,blues,0,-51.184234619140625,-4.15594482421875
full_clean_z,70,blues__blues.00066,blues,0,-28.842599868774414,0.8137221932411194
full_clean_z,71,blues__blues.00066,blues,0,-28.797136306762695,0.6968258619308472
full_clean_z,72,blues__blues.00066,blues,0,-35.45441436767578,14.128521919250488
full_clean_z,73,blues__blues.00066,blues,0,-31.920095443725586,0.043819162994623184
full_clean_z,74,blues__blues.00066,blues,0,-49.10673522949219,-3.7451207637786865
full_clean_z,75,blues__blues.00066,blues,0,-49.3430061340332,-4.951194763183594
full_clean_z,76,blues__blues.00066,blues,0,-49.702327728271484,-4.762809753417969
full_clean_z,77,blues__blues.00068,blues,0,-44.68914031982422,-9.312253952026367
full_clean_z,78,blues__blues.00068,blues,0,-55.372520446777344,4.792623043060303
full_clean_z,79,blues__blues.00068,blues,0,-47.13758850097656,-8.798371315002441
full_clean_z,80,blues__blues.00068,blues,0,-45.211063385009766,-9.019220352172852
full_clean_z,81,blues__blues.00068,blues,0,-45.511749267578125,-8.919434547424316
full_clean_z,82,blues__blues.00068,blues,0,-44.999656677246094,-8.940624237060547
full_clean_z,83,blues__blues.00068,blues,0,-46.581607818603516,-9.384130477905273
full_clean_z,84,blues__blues.00070,blues,0,-27.494792938232422,-1.1117231845855713
full_clean_z,85,blues__blues.00070,blues,0,-31.246063232421875,11.129914283752441
full_clean_z,86,blues__blues.00070,blues,0,-34.66837692260742,13.362361907958984
full_clean_z,87,blues__blues.00070,blues,0,-35.059837341308594,13.695022583007812
full_clean_z,88,blues__blues.00070,blues,0,-48.73953628540039,-3.506319046020508
full_clean_z,89,blues__blues.00070,blues,0,-32.223663330078125,0.4028870463371277
full_clean_z,90,blues__blues.00070,blues,0,-27.538291931152344,-1.278371810913086
full_clean_z,91,blues__blues.00071,blues,0,-55.80449676513672,6.190722465515137
full_clean_z,92,blues__blues.00071,blues,0,-55.776302337646484,6.1576828956604
full_clean_z,93,blues__blues.00071,blues,0,-55.87509536743164,6.019812107086182
full_clean_z,94,blues__blues.00071,blues,0,-54.72180938720703,6.4116902351379395
full_clean_z,95,blues__blues.00071,blues,0,-54.65142822265625,6.352451324462891
full_clean_z,96,blues__blues.00071,blues,0,-55.320674896240234,6.526743412017822
full_clean_z,97,blues__blues.00071,blues,0,-55.61658477783203,5.776447296142578
full_clean_z,98,blues__blues.00071,blues,0,-56.15056228637695,5.882258415222168
full_clean_z,99,blues__blues.00071,blues,0,-45.41288757324219,-8.774662017822266
full_clean_z,100,classical__classical.00000,classical,1,4.339334487915039,-59.51359176635742
full_clean_z,101,classical__classical.00000,classical,1,4.835165500640869,-58.701171875
full_clean_z,102,classical__classical.00000,classical,1,5.410591125488281,-58.36944580078125
full_clean_z,103,classical__classical.00000,classical,1,9.289169311523438,-57.135528564453125
full_clean_z,104,classical__classical.00000,classical,1,8.271841049194336,-59.06754684448242
full_clean_z,105,classical__classical.00000,classical,1,7.483564376831055,-59.148719787597656
full_clean_z,106,classical__classical.00002,classical,1,6.906894207000732,-60.486515045166016
full_clean_z,107,classical__classical.00002,classical,1,6.301074504852295,-60.51177978515625
full_clean_z,108,classical__classical.00002,classical,1,6.8252997398376465,-60.30476379394531
full_clean_z,109,classical__classical.00006,classical,1,9.549751281738281,-57.5785026550293
full_clean_z,110,classical__classical.00006,classical,1,10.235082626342773,-57.039794921875
full_clean_z,111,classical__classical.00006,classical,1,7.156732082366943,-58.81877136230469
full_clean_z,112,classical__classical.00006,classical,1,8.876482963562012,-56.48069763183594
full_clean_z,113,classical__classical.00006,classical,1,5.413155555725098,-59.250579833984375
full_clean_z,114,classical__classical.00006,classical,1,7.921889781951904,-58.705177307128906
full_clean_z,115,classical__classical.00006,classical,1,7.764048099517822,-58.6807861328125
full_clean_z,116,classical__classical.00009,classical,1,9.453365325927734,-59.048255920410156
full_clean_z,117,classical__classical.00009,classical,1,5.401717662811279,-57.63330841064453
full_clean_z,118,classical__classical.00009,classical,1,6.076333522796631,-59.14283752441406
full_clean_z,119,classical__classical.00009,classical,1,6.303565502166748,-58.65582275390625
full_clean_z,120,classical__classical.00009,classical,1,5.420926570892334,-58.611045837402344
full_clean_z,121,classical__classical.00009,classical,1,10.199363708496094,-59.15605545043945
full_clean_z,122,classical__classical.00009,classical,1,4.578188419342041,-58.48029327392578
full_clean_z,123,classical__classical.00022,classical,1,6.535377025604248,-56.354400634765625
full_clean_z,124,classical__classical.00022,classical,1,8.783503532409668,-56.63954544067383
full_clean_z,125,classical__classical.00022,classical,1,8.980413436889648,-56.60622787475586
full_clean_z,126,classical__classical.00022,classical,1,11.56771469116211,-57.2522087097168
full_clean_z,127,classical__classical.00022,classical,1,11.004484176635742,-57.685237884521484
full_clean_z,128,classical__classical.00022,classical,1,5.518956661224365,-56.572391510009766
full_clean_z,129,classical__classical.00022,classical,1,5.540843486785889,-56.58510971069336
full_clean_z,130,classical__classical.00034,classical,1,9.383546829223633,-56.10231399536133
full_clean_z,131,classical__classical.00034,classical,1,9.274084091186523,-55.44379425048828
full_clean_z,132,classical__classical.00034,classical,1,13.165102005004883,-53.985206604003906
full_clean_z,133,classical__classical.00034,classical,1,13.14228630065918,-54.01665115356445
full_clean_z,134,classical__classical.00034,classical,1,12.993664741516113,-54.22698211669922
full_clean_z,135,classical__classical.00034,classical,1,10.688958168029785,-56.70729064941406
full_clean_z,136,classical__classical.00034,classical,1,11.028660774230957,-56.622196197509766
full_clean_z,137,classical__classical.00037,classical,1,9.890661239624023,-55.68896484375
full_clean_z,138,classical__classical.00037,classical,1,2.703562021255493,-58.39634323120117
full_clean_z,139,classical__classical.00037,classical,1,-11.255619049072266,-47.662601470947266
full_clean_z,140,classical__classical.00037,classical,1,3.3636674880981445,-58.59617233276367
full_clean_z,141,classical__classical.00037,classical,1,6.610640525817871,-56.32978057861328
full_clean_z,142,classical__classical.00037,classical,1,8.849433898925781,-59.397274017333984
full_clean_z,143,classical__classical.00037,classical,1,12.729836463928223,-54.929954528808594
full_clean_z,144,classical__classical.00037,classical,1,11.022449493408203,-57.7859001159668
full_clean_z,145,classical__classical.00039,classical,1,3.7476844787597656,-57.17167282104492
full_clean_z,146,classical__classical.00039,classical,1,3.619694471359253,-57.10017013549805
full_clean_z,147,classical__classical.00039,classical,1,0.7866259813308716,-51.57551956176758
full_clean_z,148,classical__classical.00039,classical,1,-14.137680053710938,-46.451904296875
full_clean_z,149,classical__classical.00039,classical,1,11.363469123840332,-56.773250579833984
full_clean_z,150,classical__classical.00039,classical,1,11.16624641418457,-56.768436431884766
full_clean_z,151,classical__classical.00047,classical,1,12.321605682373047,-58.13432312011719
full_clean_z,152,classical__classical.00047,classical,1,12.611597061157227,-58.66552734375
full_clean_z,153,classical__classical.00047,classical,1,12.848867416381836,-58.36663055419922
full_clean_z,154,classical__classical.00047,classical,1,12.546943664550781,-58.93828582763672
full_clean_z,155,classical__classical.00047,classical,1,12.296307563781738,-59.20115280151367
full_clean_z,156,classical__classical.00047,classical,1,12.403355598449707,-58.77375411987305
full_clean_z,157,classical__classical.00053,classical,1,6.8479156494140625,-52.33639907836914
full_clean_z,158,classical__classical.00053,classical,1,7.791467666625977,-51.87397766113281
full_clean_z,159,classical__classical.00053,classical,1,7.742791175842285,-51.925018310546875
full_clean_z,160,classical__classical.00053,classical,1,7.319695949554443,-52.38857650756836
full_clean_z,161,classical__classical.00053,classical,1,7.464097023010254,-52.669700622558594
full_clean_z,162,classical__classical.00056,classical,1,9.646210670471191,-32.797935485839844
full_clean_z,163,classical__classical.00056,classical,1,9.736618041992188,-32.949886322021484
full_clean_z,164,classical__classical.00056,classical,1,10.142410278320312,-33.39501190185547
full_clean_z,165,classical__classical.00056,classical,1,10.4335298538208,-33.978515625
full_clean_z,166,classical__classical.00056,classical,1,10.372316360473633,-33.78651428222656
full_clean_z,167,classical__classical.00056,classical,1,10.231221199035645,-32.79735565185547
full_clean_z,168,classical__classical.00056,classical,1,9.987650871276855,-32.45303726196289
full_clean_z,169,classical__classical.00056,classical,1,9.783793449401855,-32.74665451049805
full_clean_z,170,classical__classical.00056,classical,1,10.745466232299805,-34.686859130859375
full_clean_z,171,classical__classical.00056,classical,1,10.535025596618652,-34.358497619628906
full_clean_z,172,classical__classical.00057,classical,1,-11.61285400390625,-47.47825622558594
full_clean_z,173,classical__classical.00057,classical,1,-7.4534711837768555,-48.199440002441406
full_clean_z,174,classical__classical.00057,classical,1,11.912464141845703,-59.65439224243164
full_clean_z,175,classical__classical.00057,classical,1,11.921402931213379,-60.13140869140625
full_clean_z,176,classical__classical.00057,classical,1,1.2551862001419067,-54.53776931762695
full_clean_z,177,classical__classical.00057,classical,1,1.2589201927185059,-54.55747985839844
full_clean_z,178,classical__classical.00057,classical,1,3.1479692459106445,-56.30471420288086
full_clean_z,179,classical__classical.00057,classical,1,-7.242763996124268,-48.28300094604492
full_clean_z,180,classical__classical.00057,classical,1,2.8145828247070312,-56.200687408447266
full_clean_z,181,classical__classical.00057,classical,1,11.163586616516113,-55.56214141845703
full_clean_z,182,classical__classical.00065,classical,1,11.370231628417969,-58.3191032409668
full_clean_z,183,classical__classical.00065,classical,1,12.387651443481445,-59.33830261230469
full_clean_z,184,classical__classical.00065,classical,1,8.178923606872559,-54.293338775634766
full_clean_z,185,classical__classical.00065,classical,1,8.186344146728516,-54.13182067871094
full_clean_z,186,classical__classical.00082,classical,1,4.488187789916992,-53.027305603027344
full_clean_z,187,classical__classical.00082,classical,1,4.564650535583496,-52.90229415893555
full_clean_z,188,classical__classical.00082,classical,1,4.54472017288208,-52.888702392578125
full_clean_z,189,classical__classical.00082,classical,1,3.7850334644317627,-54.35015869140625
full_clean_z,190,classical__classical.00082,classical,1,4.157051086425781,-54.45475387573242
full_clean_z,191,classical__classical.00082,classical,1,4.198023319244385,-54.433231353759766
full_clean_z,192,classical__classical.00091,classical,1,12.991691589355469,-54.058345794677734
full_clean_z,193,classical__classical.00091,classical,1,6.263965606689453,-56.94660949707031
full_clean_z,194,classical__classical.00091,classical,1,10.345929145812988,-57.1743049621582
full_clean_z,195,classical__classical.00091,classical,1,6.245987892150879,-57.67919158935547
full_clean_z,196,classical__classical.00091,classical,1,6.3898091316223145,-57.202571868896484
full_clean_z,197,classical__classical.00091,classical,1,6.987636089324951,-57.329078674316406
full_clean_z,198,classical__classical.00091,classical,1,7.287278175354004,-57.53175735473633
full_clean_z,199,classical__classical.00091,classical,1,7.041345119476318,-60.29643249511719
full_clean_z,200,country__country.00001,country,2,-5.395235061645508,-13.031413078308105
full_clean_z,201,country__country.00001,country,2,-5.274456977844238,-12.9564208984375
full_clean_z,202,country__country.00001,country,2,-5.2889909744262695,-13.022398948669434
full_clean_z,203,country__country.00001,country,2,-4.970368385314941,-12.097325325012207
full_clean_z,204,country__country.00001,country,2,-4.862728118896484,-11.975852966308594
full_clean_z,205,country__country.00011,country,2,-9.736001968383789,-29.14198112487793
full_clean_z,206,country__country.00011,country,2,-10.490863800048828,-18.274803161621094
full_clean_z,207,country__country.00011,country,2,-10.376691818237305,-18.294681549072266
full_clean_z,208,country__country.00011,country,2,-9.044154167175293,-11.777946472167969
full_clean_z,209,country__country.00011,country,2,-9.37342357635498,-30.282529830932617
full_clean_z,210,country__country.00011,country,2,-9.696998596191406,-28.991029739379883
full_clean_z,211,country__country.00011,country,2,-9.397439002990723,-30.24361801147461
full_clean_z,212,country__country.00011,country,2,-9.018346786499023,-12.613656044006348
full_clean_z,213,country__country.00013,country,2,-9.468412399291992,3.5650463104248047
full_clean_z,214,country__country.00013,country,2,-9.454209327697754,3.642023801803589
full_clean_z,215,country__country.00013,country,2,-9.432722091674805,3.7930080890655518
full_clean_z,216,country__country.00013,country,2,-10.264775276184082,7.725098609924316
full_clean_z,217,country__country.00013,country,2,-8.61605167388916,-11.021636962890625
full_clean_z,218,country__country.00013,country,2,-8.41753101348877,-10.833953857421875
full_clean_z,219,country__country.00013,country,2,-9.381085395812988,4.312427043914795
full_clean_z,220,country__country.00013,country,2,-9.421082496643066,4.2163004875183105
full_clean_z,221,country__country.00013,country,2,-16.096826553344727,-26.05546760559082
full_clean_z,222,country__country.00013,country,2,-8.677614212036133,-11.088518142700195
full_clean_z,223,country__country.00029,country,2,-14.201263427734375,-14.228625297546387
full_clean_z,224,country__country.00029,country,2,-15.087674140930176,-14.03908634185791
full_clean_z,225,country__country.00029,country,2,-15.235182762145996,-14.067215919494629
full_clean_z,226,country__country.00029,country,2,-10.51319694519043,-17.42917823791504
full_clean_z,227,country__country.00029,country,2,-8.307748794555664,-16.00704574584961
full_clean_z,228,country__country.00029,country,2,-10.565133094787598,-17.593477249145508
full_clean_z,229,country__country.00047,country,2,-15.388982772827148,-14.219399452209473
full_clean_z,230,country__country.00057,country,2,-11.246979713439941,2.290461540222168
full_clean_z,231,country__country.00057,country,2,-20.731037139892578,-11.538369178771973
full_clean_z,232,country__country.00057,country,2,-29.558576583862305,-8.046236991882324
full_clean_z,233,country__country.00057,country,2,-29.768815994262695,-7.754965782165527
full_clean_z,234,country__country.00057,country,2,-23.010055541992188,-11.481490135192871
full_clean_z,235,country__country.00057,country,2,-21.029464721679688,-11.566069602966309
full_clean_z,236,country__country.00057,country,2,-20.966678619384766,-11.535412788391113
full_clean_z,237,country__country.00057,country,2,-23.85608673095703,17.077159881591797
full_clean_z,238,country__country.00057,country,2,-32.008941650390625,-6.752202987670898
full_clean_z,239,country__country.00057,country,2,-28.971649169921875,-8.38127613067627
full_clean_z,240,country__country.00059,country,2,-40.298126220703125,10.343473434448242
full_clean_z,241,country__country.00059,country,2,-33.75495147705078,-6.173744201660156
full_clean_z,242,country__country.00059,country,2,-33.70916748046875,-6.222378730773926
full_clean_z,243,country__country.00059,country,2,-20.731706619262695,-6.606856822967529
full_clean_z,244,country__country.00059,country,2,-40.56449890136719,10.29327392578125
full_clean_z,245,country__country.00059,country,2,-19.861801147460938,-11.421768188476562
full_clean_z,246,country__country.00067,country,2,-37.17182159423828,-5.596715927124023
full_clean_z,247,country__country.00067,country,2,-37.00373458862305,-5.140607833862305
full_clean_z,248,country__country.00067,country,2,-39.61008071899414,-5.765809059143066
full_clean_z,249,country__country.00067,country,2,-23.216787338256836,-8.497122764587402
full_clean_z,250,country__country.00067,country,2,-34.070926666259766,-45.39210510253906
full_clean_z,251,country__country.00067,country,2,-40.52147674560547,-7.526038646697998
full_clean_z,252,country__country.00067,country,2,-35.747859954833984,-2.2576615810394287
full_clean_z,253,country__country.00067,country,2,-36.95903778076172,-4.354536533355713
full_clean_z,254,country__country.00068,country,2,-27.31496810913086,-0.7743700742721558
full_clean_z,255,country__country.00068,country,2,-18.43592071533203,5.625311851501465
full_clean_z,256,country__country.00068,country,2,-18.509462356567383,-4.8326802253723145
full_clean_z,257,country__country.00068,country,2,-18.33793830871582,-5.48577880859375
full_clean_z,258,country__country.00068,country,2,-18.343717575073242,-5.828866481781006
full_clean_z,259,country__country.00068,country,2,-36.58656692504883,-4.765754699707031
full_clean_z,260,country__country.00068,country,2,-36.324859619140625,-4.203845500946045
full_clean_z,261,country__country.00068,country,2,-26.579553604125977,1.090652585029602
full_clean_z,262,country__country.00069,country,2,13.616914749145508,-53.42103576660156
full_clean_z,263,country__country.00069,country,2,-18.362581253051758,-11.312965393066406
full_clean_z,264,country__country.00069,country,2,-18.52972984313965,-11.197430610656738
full_clean_z,265,country__country.00069,country,2,-37.73763656616211,1.5069124698638916
full_clean_z,266,country__country.00069,country,2,-12.909809112548828,-11.576668739318848
full_clean_z,267,country__country.00069,country,2,-18.662982940673828,-10.849345207214355
full_clean_z,268,country__country.00069,country,2,-18.272512435913086,-5.2086710929870605
full_clean_z,269,country__country.00075,country,2,-24.7562255859375,17.195579528808594
full_clean_z,270,country__country.00075,country,2,-25.36087989807129,17.245718002319336
full_clean_z,271,country__country.00075,country,2,-29.480024337768555,-35.03303909301758
full_clean_z,272,country__country.00075,country,2,-24.501876831054688,17.18143081665039
full_clean_z,273,country__country.00075,country,2,-29.50414276123047,-35.00239562988281
full_clean_z,274,country__country.00075,country,2,-35.683006286621094,-6.772128582000732
full_clean_z,275,country__country.00076,country,2,-18.953601837158203,-6.587256908416748
full_clean_z,276,country__country.00076,country,2,-18.93877601623535,-8.94113540649414
full_clean_z,277,country__country.00076,country,2,-19.082225799560547,-7.339519500732422
full_clean_z,278,country__country.00076,country,2,-23.249431610107422,-8.423090934753418
full_clean_z,279,country__country.00076,country,2,-18.4179744720459,-2.582862615585327
full_clean_z,280,country__country.00076,country,2,-50.29754638671875,-2.482327938079834
full_clean_z,281,country__country.00076,country,2,-33.07481384277344,0.07998349517583847
full_clean_z,282,country__country.00077,country,2,-19.293718338012695,-4.717320442199707
full_clean_z,283,country__country.00077,country,2,-19.160808563232422,-4.278900623321533
full_clean_z,284,country__country.00077,country,2,-18.98984146118164,-3.8417887687683105
full_clean_z,285,country__country.00077,country,2,-19.19083023071289,-8.811623573303223
full_clean_z,286,country__country.00077,country,2,-19.23402976989746,-8.778037071228027
full_clean_z,287,country__country.00077,country,2,-19.106712341308594,-9.219067573547363
full_clean_z,288,country__country.00097,country,2,-18.817707061767578,-9.064231872558594
full_clean_z,289,country__country.00097,country,2,-20.062707901000977,-11.079578399658203
full_clean_z,290,country__country.00097,country,2,-19.512859344482422,-10.406891822814941
full_clean_z,291,country__country.00097,country,2,-19.98822784423828,-9.174179077148438
full_clean_z,292,country__country.00097,country,2,-20.207904815673828,-9.26214599609375
full_clean_z,293,country__country.00099,country,2,-40.85122299194336,13.299715995788574
full_clean_z,294,country__country.00099,country,2,-40.59896469116211,13.623059272766113
full_clean_z,295,country__country.00099,country,2,-31.580238342285156,-8.291373252868652
full_clean_z,296,country__country.00099,country,2,-31.295791625976562,-8.077422142028809
full_clean_z,297,country__country.00099,country,2,-53.11648178100586,8.433846473693848
full_clean_z,298,country__country.00099,country,2,-53.39690399169922,7.23835563659668
full_clean_z,299,country__country.00099,country,2,-53.41569900512695,7.3497633934021
full_clean_z,300,disco__disco.00000,disco,3,15.077411651611328,29.50343894958496
full_clean_z,301,disco__disco.00000,disco,3,12.438923835754395,40.77875518798828
full_clean_z,302,disco__disco.00000,disco,3,15.018571853637695,29.6866397857666
full_clean_z,303,disco__disco.00000,disco,3,16.229055404663086,27.502416610717773
full_clean_z,304,disco__disco.00000,disco,3,16.281511306762695,27.374248504638672
full_clean_z,305,disco__disco.00000,disco,3,15.021440505981445,29.376827239990234
full_clean_z,306,disco__disco.00000,disco,3,15.500611305236816,29.019927978515625
full_clean_z,307,disco__disco.00000,disco,3,15.510144233703613,28.867067337036133
full_clean_z,308,disco__disco.00000,disco,3,15.514169692993164,29.065990447998047
full_clean_z,309,disco__disco.00003,disco,3,-13.655352592468262,7.052149772644043
full_clean_z,310,disco__disco.00003,disco,3,29.948463439941406,8.150912284851074
full_clean_z,311,disco__disco.00003,disco,3,48.92234802246094,6.233537673950195
full_clean_z,312,disco__disco.00003,disco,3,21.37633514404297,32.93827819824219
full_clean_z,313,disco__disco.00003,disco,3,21.423980712890625,32.940738677978516
full_clean_z,314,disco__disco.00003,disco,3,49.07129669189453,6.218600749969482
full_clean_z,315,disco__disco.00010,disco,3,28.758459091186523,-10.539349555969238
full_clean_z,316,disco__disco.00010,disco,3,18.156192779541016,9.473199844360352
full_clean_z,317,disco__disco.00010,disco,3,18.27446174621582,9.301342964172363
full_clean_z,318,disco__disco.00010,disco,3,18.20639991760254,9.643627166748047
full_clean_z,319,disco__disco.00010,disco,3,18.232650756835938,9.479912757873535
full_clean_z,320,disco__disco.00010,disco,3,18.215425491333008,9.403434753417969
full_clean_z,321,disco__disco.00020,disco,3,-11.417102813720703,9.457841873168945
full_clean_z,322,disco__disco.00020,disco,3,57.99260711669922,-9.771598815917969
full_clean_z,323,disco__disco.00020,disco,3,57.98365783691406,-9.802057266235352
full_clean_z,324,disco__disco.00021,disco,3,11.669231414794922,40.62392044067383
full_clean_z,325,disco__disco.00021,disco,3,10.15412712097168,39.750640869140625
full_clean_z,326,disco__disco.00021,disco,3,10.093183517456055,39.65950012207031
full_clean_z,327,disco__disco.00021,disco,3,10.89756965637207,40.322444915771484
full_clean_z,328,disco__disco.00021,disco,3,11.599971771240234,40.64723587036133
full_clean_z,329,disco__disco.00021,disco,3,9.566533088684082,39.350433349609375
full_clean_z,330,disco__disco.00021,disco,3,-0.6100193858146667,-0.2874266803264618
full_clean_z,331,disco__disco.00021,disco,3,25.198949813842773,-9.852970123291016
full_clean_z,332,disco__disco.00030,disco,3,13.139341354370117,40.604248046875
full_clean_z,333,disco__disco.00030,disco,3,13.274195671081543,40.650753021240234
full_clean_z,334,disco__disco.00030,disco,3,13.356451988220215,31.379072189331055
full_clean_z,335,disco__disco.00030,disco,3,13.6290922164917,30.449459075927734
full_clean_z,336,disco__disco.00030,disco,3,15.57966423034668,11.502562522888184
full_clean_z,337,disco__disco.00030,disco,3,15.378028869628906,11.653647422790527
full_clean_z,338,disco__disco.00030,disco,3,15.306623458862305,11.662484169006348
full_clean_z,339,disco__disco.00030,disco,3,13.663599967956543,30.570690155029297
full_clean_z,340,disco__disco.00030,disco,3,0.9411026239395142,5.929220199584961
full_clean_z,341,disco__disco.00030,disco,3,17.509021759033203,10.157685279846191
full_clean_z,342,disco__disco.00040,disco,3,53.525455474853516,5.303704261779785
full_clean_z,343,disco__disco.00040,disco,3,54.77248764038086,3.688102960586548
full_clean_z,344,disco__disco.00040,disco,3,53.549659729003906,4.823297500610352
full_clean_z,345,disco__disco.00040,disco,3,53.4586067199707,5.494497776031494
full_clean_z,346,disco__disco.00040,disco,3,54.74555587768555,3.7659530639648438
full_clean_z,347,disco__disco.00040,disco,3,53.14246368408203,4.943222999572754
full_clean_z,348,disco__disco.00044,disco,3,10.118851661682129,39.124488830566406
full_clean_z,349,disco__disco.00044,disco,3,10.218937873840332,39.23615646362305
full_clean_z,350,disco__disco.00044,disco,3,10.006546974182129,38.8873291015625
full_clean_z,351,disco__disco.00044,disco,3,12.683948516845703,42.416236877441406
full_clean_z,352,disco__disco.00044,disco,3,11.882411003112793,42.94514083862305
full_clean_z,353,disco__disco.00044,disco,3,11.81152057647705,43.2568359375
full_clean_z,354,disco__disco.00044,disco,3,11.680569648742676,43.285888671875
full_clean_z,355,disco__disco.00044,disco,3,12.382608413696289,43.21229553222656
full_clean_z,356,disco__disco.00044,disco,3,12.71961784362793,43.34911346435547
full_clean_z,357,disco__disco.00044,disco,3,12.892457008361816,43.18400955200195
full_clean_z,358,disco__disco.00044,disco,3,12.908364295959473,43.02415466308594
full_clean_z,359,disco__disco.00055,disco,3,17.851285934448242,44.89542007446289
full_clean_z,360,disco__disco.00055,disco,3,16.58950424194336,45.26163101196289
full_clean_z,361,disco__disco.00055,disco,3,16.2864933013916,45.70722198486328
full_clean_z,362,disco__disco.00055,disco,3,16.691356658935547,45.072696685791016
full_clean_z,363,disco__disco.00055,disco,3,16.428434371948242,45.203529357910156
full_clean_z,364,disco__disco.00055,disco,3,17.965953826904297,44.86160659790039
full_clean_z,365,disco__disco.00055,disco,3,18.00125503540039,44.88932418823242
full_clean_z,366,disco__disco.00064,disco,3,17.718807220458984,45.7074089050293
full_clean_z,367,disco__disco.00064,disco,3,17.75987434387207,45.70124053955078
full_clean_z,368,disco__disco.00064,disco,3,17.772287368774414,45.421199798583984
full_clean_z,369,disco__disco.00064,disco,3,17.943561553955078,46.54439163208008
full_clean_z,370,disco__disco.00075,disco,3,1.514227032661438,35.13343048095703
full_clean_z,371,disco__disco.00075,disco,3,1.4582116603851318,35.084312438964844
full_clean_z,372,disco__disco.00075,disco,3,1.5681461095809937,35.079803466796875
full_clean_z,373,disco__disco.00075,disco,3,-2.1047699451446533,36.005401611328125
full_clean_z,374,disco__disco.00075,disco,3,1.3905271291732788,34.650638580322266
full_clean_z,375,disco__disco.00075,disco,3,2.3781821727752686,35.3804817199707
full_clean_z,376,disco__disco.00075,disco,3,3.007754325866699,35.689544677734375
full_clean_z,377,disco__disco.00075,disco,3,0.08931798487901688,35.97730255126953
full_clean_z,378,disco__disco.00084,disco,3,23.641775131225586,40.58671569824219
full_clean_z,379,disco__disco.00084,disco,3,20.584442138671875,43.88705825805664
full_clean_z,380,disco__disco.00084,disco,3,21.513893127441406,43.3405647277832
full_clean_z,381,disco__disco.00084,disco,3,20.475574493408203,43.89616012573242
full_clean_z,382,disco__disco.00084,disco,3,20.460159301757812,43.93320846557617
full_clean_z,383,disco__disco.00084,disco,3,23.461360931396484,40.47138595581055
full_clean_z,384,disco__disco.00084,disco,3,23.46153450012207,40.4710578918457
full_clean_z,385,disco__disco.00093,disco,3,23.27646255493164,44.53927993774414
full_clean_z,386,disco__disco.00093,disco,3,22.317955017089844,45.0229377746582
full_clean_z,387,disco__disco.00093,disco,3,22.117143630981445,45.141441345214844
full_clean_z,388,disco__disco.00093,disco,3,21.982114791870117,45.219547271728516
full_clean_z,389,disco__disco.00093,disco,3,23.265514373779297,44.57221603393555
full_clean_z,390,disco__disco.00093,disco,3,22.178401947021484,45.20160675048828
full_clean_z,391,disco__disco.00094,disco,3,-8.658181190490723,35.07144546508789
full_clean_z,392,disco__disco.00094,disco,3,-1.262918472290039,35.4777717590332
full_clean_z,393,disco__disco.00094,disco,3,-1.2744250297546387,35.47393035888672
full_clean_z,394,disco__disco.00094,disco,3,-15.724145889282227,30.067480087280273
full_clean_z,395,disco__disco.00094,disco,3,-15.767314910888672,30.028236389160156
full_clean_z,396,disco__disco.00095,disco,3,18.883167266845703,45.096778869628906
full_clean_z,397,disco__disco.00095,disco,3,20.08423614501953,43.76258087158203
full_clean_z,398,disco__disco.00095,disco,3,19.243118286132812,44.84278106689453
full_clean_z,399,disco__disco.00095,disco,3,21.104780197143555,41.55274200439453
full_clean_z,400,hiphop__hiphop.00002,hiphop,4,25.436912536621094,25.022336959838867
full_clean_z,401,hiphop__hiphop.00002,hiphop,4,26.329402923583984,25.898591995239258
full_clean_z,402,hiphop__hiphop.00002,hiphop,4,26.43688201904297,25.98963737487793
full_clean_z,403,hiphop__hiphop.00002,hiphop,4,25.602519989013672,25.375244140625
full_clean_z,404,hiphop__hiphop.00002,hiphop,4,25.606367111206055,25.370182037353516
full_clean_z,405,hiphop__hiphop.00034,hiphop,4,38.278133392333984,11.794534683227539
full_clean_z,406,hiphop__hiphop.00034,hiphop,4,38.394710540771484,11.636015892028809
full_clean_z,407,hiphop__hiphop.00034,hiphop,4,38.2029914855957,12.113412857055664
full_clean_z,408,hiphop__hiphop.00034,hiphop,4,38.338844299316406,11.88358211517334
full_clean_z,409,hiphop__hiphop.00034,hiphop,4,38.09681701660156,12.616336822509766
full_clean_z,410,hiphop__hiphop.00034,hiphop,4,38.01149368286133,12.65751838684082
full_clean_z,411,hiphop__hiphop.00038,hiphop,4,31.428218841552734,8.859984397888184
full_clean_z,412,hiphop__hiphop.00038,hiphop,4,31.41421127319336,8.846155166625977
full_clean_z,413,hiphop__hiphop.00038,hiphop,4,30.199766159057617,8.214916229248047
full_clean_z,414,hiphop__hiphop.00038,hiphop,4,30.256244659423828,8.244536399841309
full_clean_z,415,hiphop__hiphop.00040,hiphop,4,-34.09341812133789,-4.268463134765625
full_clean_z,416,hiphop__hiphop.00040,hiphop,4,-33.86312484741211,-4.2602081298828125
full_clean_z,417,hiphop__hiphop.00040,hiphop,4,2.1903491020202637,-1.766118049621582
full_clean_z,418,hiphop__hiphop.00040,hiphop,4,42.1114387512207,-2.351329803466797
full_clean_z,419,hiphop__hiphop.00040,hiphop,4,36.505245208740234,-1.3135643005371094
full_clean_z,420,hiphop__hiphop.00040,hiphop,4,21.227867126464844,-14.722064971923828
full_clean_z,421,hiphop__hiphop.00040,hiphop,4,25.28041648864746,-0.11536335200071335
full_clean_z,422,hiphop__hiphop.00042,hiphop,4,38.08971405029297,1.0124459266662598
full_clean_z,423,hiphop__hiphop.00042,hiphop,4,36.704246520996094,12.114005088806152
full_clean_z,424,hiphop__hiphop.00042,hiphop,4,36.49999237060547,12.006366729736328
full_clean_z,425,hiphop__hiphop.00042,hiphop,4,36.483551025390625,12.3782958984375
full_clean_z,426,hiphop__hiphop.00042,hiphop,4,36.72174072265625,12.519050598144531
full_clean_z,427,hiphop__hiphop.00042,hiphop,4,36.123748779296875,12.615208625793457
full_clean_z,428,hiphop__hiphop.00042,hiphop,4,36.22826385498047,12.697731971740723
full_clean_z,429,hiphop__hiphop.00042,hiphop,4,36.19654846191406,13.122554779052734
full_clean_z,430,hiphop__hiphop.00044,hiphop,4,29.77364158630371,11.73160457611084
full_clean_z,431,hiphop__hiphop.00044,hiphop,4,4.082414627075195,-3.2998762130737305
full_clean_z,432,hiphop__hiphop.00044,hiphop,4,3.9750165939331055,-3.300522565841675
full_clean_z,433,hiphop__hiphop.00044,hiphop,4,3.9082164764404297,-3.1833879947662354
full_clean_z,434,hiphop__hiphop.00044,hiphop,4,-15.729226112365723,-28.94462013244629
full_clean_z,435,hiphop__hiphop.00044,hiphop,4,-17.882265090942383,0.4735127389431
full_clean_z,436,hiphop__hiphop.00044,hiphop,4,-17.93728256225586,0.3876945376396179
full_clean_z,437,hiphop__hiphop.00053,hiphop,4,23.25931167602539,-9.527830123901367
full_clean_z,438,hiphop__hiphop.00053,hiphop,4,23.42460060119629,-9.613348007202148
full_clean_z,439,hiphop__hiphop.00053,hiphop,4,24.252004623413086,-9.556289672851562
full_clean_z,440,hiphop__hiphop.00053,hiphop,4,24.389141082763672,-9.572096824645996
full_clean_z,441,hiphop__hiphop.00053,hiphop,4,29.195768356323242,-9.578704833984375
full_clean_z,442,hiphop__hiphop.00053,hiphop,4,18.488441467285156,20.121015548706055
full_clean_z,443,hiphop__hiphop.00053,hiphop,4,18.498882293701172,20.04365348815918
full_clean_z,444,hiphop__hiphop.00053,hiphop,4,18.464914321899414,20.349193572998047
full_clean_z,445,hiphop__hiphop.00053,hiphop,4,18.421842575073242,20.62539291381836
full_clean_z,446,hiphop__hiphop.00076,hiphop,4,35.94769287109375,14.754029273986816
full_clean_z,447,hiphop__hiphop.00076,hiphop,4,35.948936462402344,14.849878311157227
full_clean_z,448,hiphop__hiphop.00076,hiphop,4,35.92668914794922,14.870657920837402
full_clean_z,449,hiphop__hiphop.00076,hiphop,4,36.010154724121094,14.889534950256348
full_clean_z,450,hiphop__hiphop.00076,hiphop,4,36.11039352416992,14.863987922668457
full_clean_z,451,hiphop__hiphop.00076,hiphop,4,35.80179977416992,14.717859268188477
full_clean_z,452,hiphop__hiphop.00079,hiphop,4,29.189496994018555,-4.639220714569092
full_clean_z,453,hiphop__hiphop.00079,hiphop,4,27.35837745666504,-6.4199323654174805
full_clean_z,454,hiphop__hiphop.00079,hiphop,4,28.256155014038086,-5.729680061340332
full_clean_z,455,hiphop__hiphop.00079,hiphop,4,28.822664260864258,-4.953115940093994
full_clean_z,456,hiphop__hiphop.00079,hiphop,4,27.684450149536133,-5.937018871307373
full_clean_z,457,hiphop__hiphop.00079,hiphop,4,27.855379104614258,-5.483682155609131
full_clean_z,458,hiphop__hiphop.00079,hiphop,4,27.2327823638916,-6.93895149230957
full_clean_z,459,hiphop__hiphop.00079,hiphop,4,27.88495445251465,-6.003015041351318
full_clean_z,460,hiphop__hiphop.00082,hiphop,4,37.821170806884766,25.527929306030273
full_clean_z,461,hiphop__hiphop.00082,hiphop,4,37.803466796875,25.476306915283203
full_clean_z,462,hiphop__hiphop.00082,hiphop,4,37.83631896972656,25.593374252319336
full_clean_z,463,hiphop__hiphop.00082,hiphop,4,37.8665771484375,25.319669723510742
full_clean_z,464,hiphop__hiphop.00082,hiphop,4,37.99684143066406,25.26936149597168
full_clean_z,465,hiphop__hiphop.00082,hiphop,4,36.40092086791992,24.335981369018555
full_clean_z,466,hiphop__hiphop.00087,hiphop,4,38.13722610473633,17.689220428466797
full_clean_z,467,hiphop__hiphop.00087,hiphop,4,38.136497497558594,17.69928550720215
full_clean_z,468,hiphop__hiphop.00087,hiphop,4,38.21464538574219,17.804931640625
full_clean_z,469,hiphop__hiphop.00087,hiphop,4,38.28425216674805,17.914772033691406
full_clean_z,470,hiphop__hiphop.00087,hiphop,4,38.307674407958984,17.94583511352539
full_clean_z,471,hiphop__hiphop.00087,hiphop,4,38.30641555786133,17.946163177490234
full_clean_z,472,hiphop__hiphop.00087,hiphop,4,38.29856872558594,17.935625076293945
full_clean_z,473,hiphop__hiphop.00089,hiphop,4,37.2250862121582,23.334875106811523
full_clean_z,474,hiphop__hiphop.00089,hiphop,4,38.23091506958008,24.391172409057617
full_clean_z,475,hiphop__hiphop.00089,hiphop,4,38.3111686706543,24.48690414428711
full_clean_z,476,hiphop__hiphop.00089,hiphop,4,38.303199768066406,24.50135612487793
full_clean_z,477,hiphop__hiphop.00089,hiphop,4,38.07524871826172,24.446401596069336
full_clean_z,478,hiphop__hiphop.00093,hiphop,4,-5.941418170928955,52.924827575683594
full_clean_z,479,hiphop__hiphop.00093,hiphop,4,-5.834021091461182,52.62678146362305
full_clean_z,480,hiphop__hiphop.00093,hiphop,4,-5.454967021942139,51.905921936035156
full_clean_z,481,hiphop__hiphop.00093,hiphop,4,-5.518074035644531,51.24345016479492
full_clean_z,482,hiphop__hiphop.00093,hiphop,4,-5.585562705993652,51.07127380371094
full_clean_z,483,hiphop__hiphop.00093,hiphop,4,-5.393683910369873,51.6834716796875
full_clean_z,484,hiphop__hiphop.00093,hiphop,4,-5.397364616394043,51.426971435546875
full_clean_z,485,hiphop__hiphop.00093,hiphop,4,-5.458474636077881,51.94343948364258
full_clean_z,486,hiphop__hiphop.00093,hiphop,4,-4.924640655517578,51.5686149597168
full_clean_z,487,hiphop__hiphop.00094,hiphop,4,34.0988883972168,25.43109703063965
full_clean_z,488,hiphop__hiphop.00094,hiphop,4,34.36720275878906,25.113075256347656
full_clean_z,489,hiphop__hiphop.00094,hiphop,4,34.3275260925293,25.11260223388672
full_clean_z,490,hiphop__hiphop.00094,hiphop,4,34.615806579589844,25.035703659057617
full_clean_z,491,hiphop__hiphop.00094,hiphop,4,34.793373107910156,25.360319137573242
full_clean_z,492,hiphop__hiphop.00098,hiphop,4,35.718544006347656,24.21891212463379
full_clean_z,493,hiphop__hiphop.00098,hiphop,4,35.78473663330078,24.024267196655273
full_clean_z,494,hiphop__hiphop.00098,hiphop,4,35.74258804321289,24.47382164001465
full_clean_z,495,hiphop__hiphop.00098,hiphop,4,35.02591323852539,24.6531982421875
full_clean_z,496,hiphop__hiphop.00098,hiphop,4,35.80302810668945,24.431129455566406
full_clean_z,497,hiphop__hiphop.00098,hiphop,4,36.045249938964844,24.33064842224121
full_clean_z,498,hiphop__hiphop.00098,hiphop,4,35.30583953857422,24.125612258911133
full_clean_z,499,hiphop__hiphop.00098,hiphop,4,35.3329963684082,24.06749153137207
full_clean_z,500,jazz__jazz.00033,jazz,5,-29.582191467285156,-49.04187774658203
full_clean_z,501,jazz__jazz.00033,jazz,5,-30.828367233276367,-48.538719177246094
full_clean_z,502,jazz__jazz.00033,jazz,5,-29.56138038635254,-49.20804214477539
full_clean_z,503,jazz__jazz.00033,jazz,5,-28.92820930480957,-48.18049621582031
full_clean_z,504,jazz__jazz.00033,jazz,5,-29.095205307006836,-48.63871765136719
full_clean_z,505,jazz__jazz.00033,jazz,5,-29.487272262573242,-49.03958511352539
full_clean_z,506,jazz__jazz.00041,jazz,5,-32.10878372192383,-50.36178207397461
full_clean_z,507,jazz__jazz.00041,jazz,5,-32.25327682495117,-50.116363525390625
full_clean_z,508,jazz__jazz.00041,jazz,5,-32.49268341064453,-50.23167419433594
full_clean_z,509,jazz__jazz.00041,jazz,5,-32.05350112915039,-50.06455993652344
full_clean_z,510,jazz__jazz.00041,jazz,5,-31.874284744262695,-49.93320083618164
full_clean_z,511,jazz__jazz.00041,jazz,5,-31.7495174407959,-49.794029235839844
full_clean_z,512,jazz__jazz.00041,jazz,5,-33.28376007080078,-49.38032531738281
full_clean_z,513,jazz__jazz.00041,jazz,5,-33.69573211669922,-48.35314178466797
full_clean_z,514,jazz__jazz.00041,jazz,5,-33.354400634765625,-49.73482131958008
full_clean_z,515,jazz__jazz.00041,jazz,5,-33.63213348388672,-48.70101547241211
full_clean_z,516,jazz__jazz.00046,jazz,5,-29.92711067199707,-49.85616683959961
full_clean_z,517,jazz__jazz.00046,jazz,5,-30.152881622314453,-50.7599983215332
full_clean_z,518,jazz__jazz.00046,jazz,5,-30.905502319335938,-50.95146942138672
full_clean_z,519,jazz__jazz.00046,jazz,5,-30.042827606201172,-50.153343200683594
full_clean_z,520,jazz__jazz.00046,jazz,5,-30.598405838012695,-49.315025329589844
full_clean_z,521,jazz__jazz.00046,jazz,5,-27.78487205505371,-50.240787506103516
full_clean_z,522,jazz__jazz.00046,jazz,5,-28.052223205566406,-50.09075927734375
full_clean_z,523,jazz__jazz.00046,jazz,5,-28.374454498291016,-49.986785888671875
full_clean_z,524,jazz__jazz.00048,jazz,5,-30.887468338012695,-47.84339141845703
full_clean_z,525,jazz__jazz.00048,jazz,5,-31.77100372314453,-46.271217346191406
full_clean_z,526,jazz__jazz.00048,jazz,5,-31.037111282348633,-45.81388473510742
full_clean_z,527,jazz__jazz.00048,jazz,5,-31.19800567626953,-46.57576370239258
full_clean_z,528,jazz__jazz.00048,jazz,5,-31.081335067749023,-46.611610412597656
full_clean_z,529,jazz__jazz.00048,jazz,5,-32.89204788208008,-46.54893493652344
full_clean_z,530,jazz__jazz.00048,jazz,5,-20.079038619995117,-26.34086036682129
full_clean_z,531,jazz__jazz.00048,jazz,5,-30.891456604003906,-45.71974182128906
full_clean_z,532,jazz__jazz.00050,jazz,5,18.805294036865234,17.69249153137207
full_clean_z,533,jazz__jazz.00050,jazz,5,18.899486541748047,18.025609970092773
full_clean_z,534,jazz__jazz.00050,jazz,5,18.268447875976562,16.412996292114258
full_clean_z,535,jazz__jazz.00050,jazz,5,18.253782272338867,16.29674530029297
full_clean_z,536,jazz__jazz.00050,jazz,5,17.15300941467285,14.386373519897461
full_clean_z,537,jazz__jazz.00050,jazz,5,17.70806121826172,16.013301849365234
full_clean_z,538,jazz__jazz.00050,jazz,5,18.746488571166992,17.201078414916992
full_clean_z,539,jazz__jazz.00050,jazz,5,17.359487533569336,14.604170799255371
full_clean_z,540,jazz__jazz.00050,jazz,5,17.276683807373047,14.480009078979492
full_clean_z,541,jazz__jazz.00059,jazz,5,-25.17082405090332,-51.916595458984375
full_clean_z,542,jazz__jazz.00059,jazz,5,30.63981056213379,14.104425430297852
full_clean_z,543,jazz__jazz.00060,jazz,5,-24.59779930114746,-52.88970184326172
full_clean_z,544,jazz__jazz.00060,jazz,5,-24.565731048583984,-53.01089859008789
full_clean_z,545,jazz__jazz.00060,jazz,5,-25.048625946044922,-52.70293045043945
full_clean_z,546,jazz__jazz.00060,jazz,5,-25.74118423461914,-52.62127685546875
full_clean_z,547,jazz__jazz.00060,jazz,5,-25.537673950195312,-52.60416793823242
full_clean_z,548,jazz__jazz.00060,jazz,5,-25.483545303344727,-52.610374450683594
full_clean_z,549,jazz__jazz.00071,jazz,5,-27.42475700378418,-50.248233795166016
full_clean_z,550,jazz__jazz.00071,jazz,5,-26.377254486083984,-50.45979309082031
full_clean_z,551,jazz__jazz.00071,jazz,5,-26.475488662719727,-50.478763580322266
full_clean_z,552,jazz__jazz.00071,jazz,5,-25.988914489746094,-49.98672103881836
full_clean_z,553,jazz__jazz.00071,jazz,5,-25.5135555267334,-49.4287223815918
full_clean_z,554,jazz__jazz.00071,jazz,5,-25.374977111816406,-49.16243362426758
full_clean_z,555,jazz__jazz.00071,jazz,5,-25.346033096313477,-49.11642074584961
full_clean_z,556,jazz__jazz.00081,jazz,5,-23.514928817749023,-31.25798988342285
full_clean_z,557,jazz__jazz.00081,jazz,5,-23.389162063598633,-30.786033630371094
full_clean_z,558,jazz__jazz.00081,jazz,5,-23.38076400756836,-30.892353057861328
full_clean_z,559,jazz__jazz.00081,jazz,5,-23.39216423034668,-30.93609046936035
full_clean_z,560,jazz__jazz.00081,jazz,5,-23.410818099975586,-30.81890106201172
full_clean_z,561,jazz__jazz.00081,jazz,5,-23.774686813354492,-31.845184326171875
full_clean_z,562,jazz__jazz.00081,jazz,5,-23.824071884155273,-31.966962814331055
full_clean_z,563,jazz__jazz.00081,jazz,5,-23.419286727905273,-31.0532169342041
full_clean_z,564,jazz__jazz.00081,jazz,5,-23.402549743652344,-30.926347732543945
full_clean_z,565,jazz__jazz.00084,jazz,5,-19.13429832458496,-49.99775314331055
full_clean_z,566,jazz__jazz.00084,jazz,5,-19.139142990112305,-50.63642501831055
full_clean_z,567,jazz__jazz.00084,jazz,5,-19.181543350219727,-50.16703796386719
full_clean_z,568,jazz__jazz.00084,jazz,5,-19.316959381103516,-49.803985595703125
full_clean_z,569,jazz__jazz.00084,jazz,5,-19.459918975830078,-49.41739273071289
full_clean_z,570,jazz__jazz.00084,jazz,5,-19.11157989501953,-50.53679275512695
full_clean_z,571,jazz__jazz.00084,jazz,5,-19.088891983032227,-50.52803039550781
full_clean_z,572,jazz__jazz.00084,jazz,5,-19.215829849243164,-50.398468017578125
full_clean_z,573,jazz__jazz.00086,jazz,5,-18.766738891601562,-50.517311096191406
full_clean_z,574,jazz__jazz.00086,jazz,5,-18.730775833129883,-50.536842346191406
full_clean_z,575,jazz__jazz.00086,jazz,5,-18.8839054107666,-48.86836242675781
full_clean_z,576,jazz__jazz.00086,jazz,5,-18.046279907226562,-49.502986907958984
full_clean_z,577,jazz__jazz.00086,jazz,5,-18.612262725830078,-49.833045959472656
full_clean_z,578,jazz__jazz.00091,jazz,5,-23.487934112548828,-51.07323455810547
full_clean_z,579,jazz__jazz.00091,jazz,5,-7.6956658363342285,-48.16336441040039
full_clean_z,580,jazz__jazz.00092,jazz,5,-22.46652603149414,-53.06272506713867
full_clean_z,581,jazz__jazz.00092,jazz,5,-23.813079833984375,-51.50447082519531
full_clean_z,582,jazz__jazz.00092,jazz,5,-23.762557983398438,-51.35988235473633
full_clean_z,583,jazz__jazz.00092,jazz,5,-9.375636100769043,-47.97816848754883
full_clean_z,584,jazz__jazz.00092,jazz,5,-23.641904830932617,-51.74064254760742
full_clean_z,585,jazz__jazz.00092,jazz,5,-22.42152976989746,-52.972877502441406
full_clean_z,586,jazz__jazz.00092,jazz,5,-9.418072700500488,-47.97981643676758
full_clean_z,587,jazz__jazz.00096,jazz,5,-31.02978515625,-46.626007080078125
full_clean_z,588,jazz__jazz.00096,jazz,5,-33.04161834716797,-47.62732696533203
full_clean_z,589,jazz__jazz.00096,jazz,5,-32.50251770019531,-47.37349319458008
full_clean_z,590,jazz__jazz.00096,jazz,5,-32.31131362915039,-47.50543975830078
full_clean_z,591,jazz__jazz.00096,jazz,5,-34.96839904785156,-46.1974983215332
full_clean_z,592,jazz__jazz.00096,jazz,5,-33.985252380371094,-47.660003662109375
full_clean_z,593,jazz__jazz.00096,jazz,5,-33.88124465942383,-46.17839431762695
full_clean_z,594,jazz__jazz.00096,jazz,5,-33.650238037109375,-47.4981575012207
full_clean_z,595,jazz__jazz.00096,jazz,5,-33.28184127807617,-47.5045280456543
full_clean_z,596,jazz__jazz.00096,jazz,5,-33.22852325439453,-47.48076629638672
full_clean_z,597,jazz__jazz.00099,jazz,5,-33.64168167114258,-47.667823791503906
full_clean_z,598,jazz__jazz.00099,jazz,5,-34.28184509277344,-46.10987091064453
full_clean_z,599,jazz__jazz.00099,jazz,5,-34.642662048339844,-46.28089904785156
full_clean_z,600,metal__metal.00002,metal,6,-24.08527946472168,43.523128509521484
full_clean_z,601,metal__metal.00002,metal,6,-23.007802963256836,42.205055236816406
full_clean_z,602,metal__metal.00002,metal,6,-23.123794555664062,42.40388870239258
full_clean_z,603,metal__metal.00002,metal,6,-23.825780868530273,43.28874206542969
full_clean_z,604,metal__metal.00002,metal,6,-23.320833206176758,43.2274169921875
full_clean_z,605,metal__metal.00002,metal,6,-23.414737701416016,43.204097747802734
full_clean_z,606,metal__metal.00002,metal,6,-23.306289672851562,43.299560546875
full_clean_z,607,metal__metal.00002,metal,6,-10.004461288452148,32.229454040527344
full_clean_z,608,metal__metal.00002,metal,6,-24.201396942138672,37.19630813598633
full_clean_z,609,metal__metal.00004,metal,6,-19.646251678466797,56.82579803466797
full_clean_z,610,metal__metal.00004,metal,6,-19.71092987060547,56.81089401245117
full_clean_z,611,metal__metal.00004,metal,6,-19.722000122070312,57.507347106933594
full_clean_z,612,metal__metal.00004,metal,6,-19.72789764404297,57.409481048583984
full_clean_z,613,metal__metal.00004,metal,6,-19.716386795043945,57.22692108154297
full_clean_z,614,metal__metal.00004,metal,6,-19.735151290893555,57.36825180053711
full_clean_z,615,metal__metal.00004,metal,6,-19.74098777770996,57.32839584350586
full_clean_z,616,metal__metal.00012,metal,6,-18.18556022644043,54.46898651123047
full_clean_z,617,metal__metal.00012,metal,6,-17.997772216796875,54.42912292480469
full_clean_z,618,metal__metal.00012,metal,6,-17.937267303466797,54.410255432128906
full_clean_z,619,metal__metal.00012,metal,6,-20.277996063232422,54.824092864990234
full_clean_z,620,metal__metal.00012,metal,6,-20.283275604248047,54.90326690673828
full_clean_z,621,metal__metal.00012,metal,6,-20.299053192138672,54.80234146118164
full_clean_z,622,metal__metal.00012,metal,6,-20.097471237182617,54.74884033203125
full_clean_z,623,metal__metal.00012,metal,6,-19.89413833618164,54.65593719482422
full_clean_z,624,metal__metal.00022,metal,6,-24.150028228759766,34.29652786254883
full_clean_z,625,metal__metal.00022,metal,6,-24.092113494873047,33.64889907836914
full_clean_z,626,metal__metal.00022,metal,6,-24.1584415435791,33.98228073120117
full_clean_z,627,metal__metal.00022,metal,6,-23.89539337158203,33.446170806884766
full_clean_z,628,metal__metal.00022,metal,6,-24.242826461791992,34.01816177368164
full_clean_z,629,metal__metal.00022,metal,6,-24.312788009643555,33.67206573486328
full_clean_z,630,metal__metal.00022,metal,6,-23.74968719482422,33.57260513305664
full_clean_z,631,metal__metal.00022,metal,6,-23.74845314025879,33.5718994140625
full_clean_z,632,metal__metal.00024,metal,6,-26.255952835083008,48.87574005126953
full_clean_z,633,metal__metal.00024,metal,6,-25.96976089477539,49.01725387573242
full_clean_z,634,metal__metal.00024,metal,6,-26.373600006103516,48.823875427246094
full_clean_z,635,metal__metal.00024,metal,6,-26.726099014282227,49.01211929321289
full_clean_z,636,metal__metal.00024,metal,6,-25.274253845214844,44.50919723510742
full_clean_z,637,metal__metal.00024,metal,6,-25.024471282958984,44.34376525878906
full_clean_z,638,metal__metal.00024,metal,6,-25.282384872436523,44.45112609863281
full_clean_z,639,metal__metal.00024,metal,6,-25.394763946533203,44.55851745605469
full_clean_z,640,metal__metal.00030,metal,6,-3.8976049423217773,16.72700309753418
full_clean_z,641,metal__metal.00030,metal,6,-3.9055261611938477,16.725631713867188
full_clean_z,642,metal__metal.00030,metal,6,-3.6333816051483154,16.702646255493164
full_clean_z,643,metal__metal.00030,metal,6,-26.554811477661133,45.33549880981445
full_clean_z,644,metal__metal.00030,metal,6,-26.537851333618164,45.22139358520508
full_clean_z,645,metal__metal.00049,metal,6,-26.506332397460938,51.15992736816406
full_clean_z,646,metal__metal.00049,metal,6,-25.901195526123047,50.776302337646484
full_clean_z,647,metal__metal.00049,metal,6,-26.149362564086914,51.16636276245117
full_clean_z,648,metal__metal.00049,metal,6,-26.216394424438477,51.031185150146484
full_clean_z,649,metal__metal.00049,metal,6,-26.738515853881836,51.412628173828125
full_clean_z,650,metal__metal.00049,metal,6,-26.896196365356445,51.12624740600586
full_clean_z,651,metal__metal.00049,metal,6,-25.709125518798828,50.230674743652344
full_clean_z,652,metal__metal.00049,metal,6,-26.40593910217285,50.96144104003906
full_clean_z,653,metal__metal.00049,metal,6,-25.694677352905273,50.60153579711914
full_clean_z,654,metal__metal.00051,metal,6,-27.184816360473633,49.64795684814453
full_clean_z,655,metal__metal.00051,metal,6,-26.71051597595215,49.870765686035156
full_clean_z,656,metal__metal.00051,metal,6,-24.903799057006836,51.65460205078125
full_clean_z,657,metal__metal.00051,metal,6,-24.519489288330078,51.75840377807617
full_clean_z,658,metal__metal.00051,metal,6,-24.763893127441406,50.30875778198242
full_clean_z,659,metal__metal.00051,metal,6,-24.40984535217285,50.41740798950195
full_clean_z,660,metal__metal.00051,metal,6,-24.48967170715332,50.774574279785156
full_clean_z,661,metal__metal.00051,metal,6,-24.481103897094727,50.78912353515625
full_clean_z,662,metal__metal.00052,metal,6,-24.916000366210938,50.64639663696289
full_clean_z,663,metal__metal.00052,metal,6,-24.76639747619629,50.932010650634766
full_clean_z,664,metal__metal.00052,metal,6,-26.708480834960938,52.573097229003906
full_clean_z,665,metal__metal.00052,metal,6,-26.839719772338867,53.490177154541016
full_clean_z,666,metal__metal.00052,metal,6,-26.84223175048828,53.495872497558594
full_clean_z,667,metal__metal.00056,metal,6,-27.282651901245117,50.69691848754883
full_clean_z,668,metal__metal.00056,metal,6,-27.39189910888672,50.42826843261719
full_clean_z,669,metal__metal.00056,metal,6,-26.16377067565918,50.334503173828125
full_clean_z,670,metal__metal.00056,metal,6,-26.667015075683594,50.439735412597656
full_clean_z,671,metal__metal.00056,metal,6,-27.15349006652832,50.40207290649414
full_clean_z,672,metal__metal.00056,metal,6,-25.129911422729492,51.51716232299805
full_clean_z,673,metal__metal.00069,metal,6,-12.155455589294434,56.88954544067383
full_clean_z,674,metal__metal.00069,metal,6,-11.843626976013184,56.5981330871582
full_clean_z,675,metal__metal.00069,metal,6,2.948866605758667,38.431705474853516
full_clean_z,676,metal__metal.00069,metal,6,46.87431716918945,2.0748696327209473
full_clean_z,677,metal__metal.00069,metal,6,-12.937874794006348,57.61052703857422
full_clean_z,678,metal__metal.00069,metal,6,-12.574939727783203,57.32443618774414
full_clean_z,679,metal__metal.00069,metal,6,-12.812979698181152,57.54006576538086
full_clean_z,680,metal__metal.00091,metal,6,-13.114975929260254,15.22939395904541
full_clean_z,681,metal__metal.00091,metal,6,-13.126453399658203,15.229596138000488
full_clean_z,682,metal__metal.00091,metal,6,-13.000642776489258,14.751290321350098
full_clean_z,683,metal__metal.00091,metal,6,-12.873997688293457,13.250053405761719
full_clean_z,684,metal__metal.00091,metal,6,-13.042598724365234,14.33458137512207
full_clean_z,685,metal__metal.00091,metal,6,-12.865473747253418,13.702722549438477
full_clean_z,686,metal__metal.00092,metal,6,-9.555962562561035,33.00495910644531
full_clean_z,687,metal__metal.00092,metal,6,-21.89061164855957,41.083866119384766
full_clean_z,688,metal__metal.00092,metal,6,-9.86872386932373,33.0245361328125
full_clean_z,689,metal__metal.00092,metal,6,-22.04896354675293,40.89578628540039
full_clean_z,690,metal__metal.00092,metal,6,-22.00746726989746,40.96074295043945
full_clean_z,691,metal__metal.00092,metal,6,-19.491539001464844,50.495361328125
full_clean_z,692,metal__metal.00096,metal,6,-10.418892860412598,53.53495407104492
full_clean_z,693,metal__metal.00096,metal,6,-22.274250030517578,52.61750411987305
full_clean_z,694,metal__metal.00097,metal,6,-53.134544372558594,-4.643968105316162
full_clean_z,695,metal__metal.00097,metal,6,-53.14621353149414,-4.629632472991943
full_clean_z,696,metal__metal.00097,metal,6,-22.303691864013672,53.00445556640625
full_clean_z,697,metal__metal.00097,metal,6,-22.107860565185547,52.8676872253418
full_clean_z,698,metal__metal.00097,metal,6,-22.157039642333984,53.18421173095703
full_clean_z,699,metal__metal.00097,metal,6,-22.102895736694336,52.9833869934082
full_clean_z,700,pop__pop.00003,pop,7,26.09581184387207,-2.889153003692627
full_clean_z,701,pop__pop.00003,pop,7,17.575531005859375,-4.729483604431152
full_clean_z,702,pop__pop.00003,pop,7,17.555564880371094,-4.6827239990234375
full_clean_z,703,pop__pop.00003,pop,7,25.623275756835938,-1.0025361776351929
full_clean_z,704,pop__pop.00003,pop,7,26.065181732177734,-2.678783655166626
full_clean_z,705,pop__pop.00003,pop,7,25.966407775878906,-2.4117703437805176
full_clean_z,706,pop__pop.00003,pop,7,25.875234603881836,-2.2126362323760986
full_clean_z,707,pop__pop.00007,pop,7,40.820045471191406,-5.285045146942139
full_clean_z,708,pop__pop.00007,pop,7,40.88662338256836,-5.235396385192871
full_clean_z,709,pop__pop.00007,pop,7,5.197817802429199,-3.977259874343872
full_clean_z,710,pop__pop.00007,pop,7,5.775146961212158,-3.01306414604187
full_clean_z,711,pop__pop.00007,pop,7,5.342047691345215,-4.168130397796631
full_clean_z,712,pop__pop.00007,pop,7,54.12410354614258,-12.918097496032715
full_clean_z,713,pop__pop.00007,pop,7,-13.316205978393555,-0.1826421320438385
full_clean_z,714,pop__pop.00007,pop,7,-13.299545288085938,-0.2601107656955719
full_clean_z,715,pop__pop.00015,pop,7,26.31140899658203,-13.875592231750488
full_clean_z,716,pop__pop.00015,pop,7,26.36895751953125,-14.062002182006836
full_clean_z,717,pop__pop.00015,pop,7,26.47624397277832,-14.101441383361816
full_clean_z,718,pop__pop.00015,pop,7,25.7828369140625,-13.640161514282227
full_clean_z,719,pop__pop.00015,pop,7,27.626266479492188,-14.217991828918457
full_clean_z,720,pop__pop.00015,pop,7,25.836828231811523,-13.801867485046387
full_clean_z,721,pop__pop.00021,pop,7,27.9505672454834,-14.216726303100586
full_clean_z,722,pop__pop.00021,pop,7,27.6519832611084,-14.476537704467773
full_clean_z,723,pop__pop.00021,pop,7,28.154850006103516,-14.714705467224121
full_clean_z,724,pop__pop.00021,pop,7,27.54605484008789,-15.488812446594238
full_clean_z,725,pop__pop.00021,pop,7,28.120952606201172,-14.691139221191406
full_clean_z,726,pop__pop.00021,pop,7,27.278486251831055,-14.056107521057129
full_clean_z,727,pop__pop.00021,pop,7,27.461267471313477,-14.185280799865723
full_clean_z,728,pop__pop.00021,pop,7,27.12711524963379,-14.477697372436523
full_clean_z,729,pop__pop.00028,pop,7,28.152856826782227,-10.022299766540527
full_clean_z,730,pop__pop.00028,pop,7,28.124834060668945,-10.12712287902832
full_clean_z,731,pop__pop.00028,pop,7,26.198986053466797,-10.152420043945312
full_clean_z,732,pop__pop.00028,pop,7,28.304956436157227,-10.087128639221191
full_clean_z,733,pop__pop.00028,pop,7,28.324872970581055,-9.98452377319336
full_clean_z,734,pop__pop.00028,pop,7,26.5269775390625,-11.752449035644531
full_clean_z,735,pop__pop.00029,pop,7,19.380470275878906,-15.875597953796387
full_clean_z,736,pop__pop.00029,pop,7,19.694103240966797,-15.885730743408203
full_clean_z,737,pop__pop.00029,pop,7,37.84670639038086,1.699602484703064
full_clean_z,738,pop__pop.00029,pop,7,19.96225357055664,-15.642696380615234
full_clean_z,739,pop__pop.00029,pop,7,19.451316833496094,-15.459884643554688
full_clean_z,740,pop__pop.00029,pop,7,17.861318588256836,-15.966023445129395
full_clean_z,741,pop__pop.00029,pop,7,19.110450744628906,-16.02447509765625
full_clean_z,742,pop__pop.00029,pop,7,19.6440486907959,-15.76660442352295
full_clean_z,743,pop__pop.00033,pop,7,30.984655380249023,-13.875226020812988
full_clean_z,744,pop__pop.00033,pop,7,30.83125114440918,-13.359228134155273
full_clean_z,745,pop__pop.00033,pop,7,23.05954933166504,7.451534748077393
full_clean_z,746,pop__pop.00033,pop,7,30.50181007385254,-13.670991897583008
full_clean_z,747,pop__pop.00033,pop,7,29.45328712463379,-14.316347122192383
full_clean_z,748,pop__pop.00033,pop,7,31.22060775756836,-13.058825492858887
full_clean_z,749,pop__pop.00033,pop,7,30.97110366821289,-13.625905990600586
full_clean_z,750,pop__pop.00033,pop,7,30.970888137817383,-13.626687049865723
full_clean_z,751,pop__pop.00034,pop,7,27.017248153686523,-9.102371215820312
full_clean_z,752,pop__pop.00034,pop,7,27.118215560913086,-8.390558242797852
full_clean_z,753,pop__pop.00034,pop,7,27.065515518188477,-8.706287384033203
full_clean_z,754,pop__pop.00034,pop,7,27.228483200073242,-8.227092742919922
full_clean_z,755,pop__pop.00034,pop,7,26.15793800354004,-12.126884460449219
full_clean_z,756,pop__pop.00034,pop,7,26.4176025390625,-12.258094787597656
full_clean_z,757,pop__pop.00034,pop,7,26.417781829833984,-11.997699737548828
full_clean_z,758,pop__pop.00035,pop,7,26.164813995361328,-14.010290145874023
full_clean_z,759,pop__pop.00035,pop,7,25.982419967651367,-14.026464462280273
full_clean_z,760,pop__pop.00035,pop,7,25.177534103393555,-14.586457252502441
full_clean_z,761,pop__pop.00035,pop,7,26.02463722229004,-14.936315536499023
full_clean_z,762,pop__pop.00035,pop,7,26.027545928955078,-14.935821533203125
full_clean_z,763,pop__pop.00038,pop,7,29.01068687438965,-4.912066459655762
full_clean_z,764,pop__pop.00038,pop,7,28.43548583984375,-5.740748405456543
full_clean_z,765,pop__pop.00038,pop,7,28.79378890991211,-5.25032901763916
full_clean_z,766,pop__pop.00038,pop,7,28.10211944580078,-5.9675703048706055
full_clean_z,767,pop__pop.00039,pop,7,19.53281021118164,-16.344810485839844
full_clean_z,768,pop__pop.00039,pop,7,18.24169921875,-15.821554183959961
full_clean_z,769,pop__pop.00039,pop,7,17.53069496154785,-16.236133575439453
full_clean_z,770,pop__pop.00039,pop,7,18.517305374145508,-16.35546112060547
full_clean_z,771,pop__pop.00039,pop,7,17.36255645751953,-16.082624435424805
full_clean_z,772,pop__pop.00039,pop,7,17.388357162475586,-16.02994728088379
full_clean_z,773,pop__pop.00039,pop,7,17.078754425048828,-15.941117286682129
full_clean_z,774,pop__pop.00039,pop,7,17.192642211914062,-16.050416946411133
full_clean_z,775,pop__pop.00045,pop,7,37.283145904541016,15.370627403259277
full_clean_z,776,pop__pop.00045,pop,7,35.38228988647461,1.1135740280151367
full_clean_z,777,pop__pop.00045,pop,7,22.996456146240234,-9.858725547790527
full_clean_z,778,pop__pop.00045,pop,7,35.24235534667969,1.0095173120498657
full_clean_z,779,pop__pop.00045,pop,7,27.112197875976562,-6.952421188354492
full_clean_z,780,pop__pop.00049,pop,7,13.49991226196289,-13.255985260009766
full_clean_z,781,pop__pop.00049,pop,7,13.282685279846191,-12.793929100036621
full_clean_z,782,pop__pop.00049,pop,7,-2.1390771865844727,-4.014867305755615
full_clean_z,783,pop__pop.00049,pop,7,14.049976348876953,-14.929762840270996
full_clean_z,784,pop__pop.00049,pop,7,14.214351654052734,-15.026548385620117
full_clean_z,785,pop__pop.00049,pop,7,14.326760292053223,-14.943266868591309
full_clean_z,786,pop__pop.00049,pop,7,14.326704978942871,-14.943052291870117
full_clean_z,787,pop__pop.00079,pop,7,-23.693344116210938,-53.49620819091797
full_clean_z,788,pop__pop.00079,pop,7,-22.41462516784668,-53.51203918457031
full_clean_z,789,pop__pop.00079,pop,7,-40.99879837036133,-8.432027816772461
full_clean_z,790,pop__pop.00079,pop,7,-40.98283004760742,-8.218098640441895
full_clean_z,791,pop__pop.00081,pop,7,11.81544017791748,-10.689093589782715
full_clean_z,792,pop__pop.00081,pop,7,-5.11149263381958,-2.8608896732330322
full_clean_z,793,pop__pop.00081,pop,7,-5.090829372406006,-2.6994411945343018
full_clean_z,794,pop__pop.00081,pop,7,-4.926931858062744,-3.8614048957824707
full_clean_z,795,pop__pop.00081,pop,7,11.771167755126953,-10.666366577148438
full_clean_z,796,pop__pop.00081,pop,7,-4.736046314239502,-4.095076560974121
full_clean_z,797,pop__pop.00081,pop,7,-4.930939197540283,-3.8951427936553955
full_clean_z,798,pop__pop.00081,pop,7,-5.678781509399414,-2.618929862976074
full_clean_z,799,pop__pop.00081,pop,7,-5.029598236083984,-4.608153343200684
full_clean_z,800,reggae__reggae.00029,reggae,8,63.39481735229492,-6.342105388641357
full_clean_z,801,reggae__reggae.00029,reggae,8,63.20753479003906,-6.497249603271484
full_clean_z,802,reggae__reggae.00029,reggae,8,63.13740158081055,-6.6477274894714355
full_clean_z,803,reggae__reggae.00029,reggae,8,63.13594055175781,-6.78056526184082
full_clean_z,804,reggae__reggae.00029,reggae,8,63.81390380859375,-6.785069465637207
full_clean_z,805,reggae__reggae.00029,reggae,8,63.623600006103516,-7.205731391906738
full_clean_z,806,reggae__reggae.00029,reggae,8,64.21961212158203,-6.5325608253479
full_clean_z,807,reggae__reggae.00029,reggae,8,63.92642593383789,-7.578749656677246
full_clean_z,808,reggae__reggae.00029,reggae,8,66.51757049560547,-8.343571662902832
full_clean_z,809,reggae__reggae.00029,reggae,8,66.51681518554688,-8.351845741271973
full_clean_z,810,reggae__reggae.00034,reggae,8,66.68849182128906,-5.101937770843506
full_clean_z,811,reggae__reggae.00034,reggae,8,65.28934478759766,-3.5735020637512207
full_clean_z,812,reggae__reggae.00034,reggae,8,65.75776672363281,-2.882274866104126
full_clean_z,813,reggae__reggae.00034,reggae,8,66.0562515258789,-3.952308177947998
full_clean_z,814,reggae__reggae.00034,reggae,8,66.1160888671875,-3.95739483833313
full_clean_z,815,reggae__reggae.00034,reggae,8,67.04853820800781,-5.2940354347229
full_clean_z,816,reggae__reggae.00034,reggae,8,66.75161743164062,-5.359315872192383
full_clean_z,817,reggae__reggae.00034,reggae,8,66.60814666748047,-4.993633270263672
full_clean_z,818,reggae__reggae.00035,reggae,8,65.19682312011719,-3.0772664546966553
full_clean_z,819,reggae__reggae.00035,reggae,8,66.01117706298828,-2.79958176612854
full_clean_z,820,reggae__reggae.00035,reggae,8,64.88833618164062,-4.265366554260254
full_clean_z,821,reggae__reggae.00035,reggae,8,65.09349060058594,-3.998602867126465
full_clean_z,822,reggae__reggae.00035,reggae,8,65.25346374511719,-3.0176315307617188
full_clean_z,823,reggae__reggae.00035,reggae,8,65.42394256591797,-3.923678159713745
full_clean_z,824,reggae__reggae.00035,reggae,8,65.91765594482422,-3.629905939102173
full_clean_z,825,reggae__reggae.00040,reggae,8,-31.40758514404297,9.670246124267578
full_clean_z,826,reggae__reggae.00040,reggae,8,-23.391294479370117,11.237364768981934
full_clean_z,827,reggae__reggae.00040,reggae,8,-25.265869140625,9.762173652648926
full_clean_z,828,reggae__reggae.00040,reggae,8,-23.410537719726562,11.242857933044434
full_clean_z,829,reggae__reggae.00040,reggae,8,-25.123220443725586,9.6962308883667
full_clean_z,830,reggae__reggae.00040,reggae,8,-25.881593704223633,9.682414054870605
full_clean_z,831,reggae__reggae.00040,reggae,8,-28.296445846557617,9.99818229675293
full_clean_z,832,reggae__reggae.00040,reggae,8,-34.20500564575195,12.907876014709473
full_clean_z,833,reggae__reggae.00047,reggae,8,60.59883117675781,-4.424050807952881
full_clean_z,834,reggae__reggae.00047,reggae,8,62.3653564453125,-3.0790233612060547
full_clean_z,835,reggae__reggae.00047,reggae,8,63.61094284057617,-9.881575584411621
full_clean_z,836,reggae__reggae.00047,reggae,8,62.46047592163086,-3.876457452774048
full_clean_z,837,reggae__reggae.00047,reggae,8,60.76390838623047,-4.384062767028809
full_clean_z,838,reggae__reggae.00049,reggae,8,-24.007444381713867,3.220365285873413
full_clean_z,839,reggae__reggae.00049,reggae,8,-13.333427429199219,-29.609085083007812
full_clean_z,840,reggae__reggae.00049,reggae,8,-24.063865661621094,2.66693377494812
full_clean_z,841,reggae__reggae.00049,reggae,8,-23.4051513671875,3.5013718605041504
full_clean_z,842,reggae__reggae.00049,reggae,8,-24.052228927612305,3.2751336097717285
full_clean_z,843,reggae__reggae.00049,reggae,8,-23.27227783203125,3.459024667739868
full_clean_z,844,reggae__reggae.00049,reggae,8,-23.272541046142578,3.457810878753662
full_clean_z,845,reggae__reggae.00062,reggae,8,59.19292449951172,-14.202320098876953
full_clean_z,846,reggae__reggae.00062,reggae,8,59.37678909301758,-13.769939422607422
full_clean_z,847,reggae__reggae.00062,reggae,8,59.22642517089844,-14.599649429321289
full_clean_z,848,reggae__reggae.00062,reggae,8,59.485477447509766,-14.421337127685547
full_clean_z,849,reggae__reggae.00062,reggae,8,60.062889099121094,-12.925680160522461
full_clean_z,850,reggae__reggae.00062,reggae,8,60.7191047668457,-11.728494644165039
full_clean_z,851,reggae__reggae.00062,reggae,8,59.256072998046875,-14.115354537963867
full_clean_z,852,reggae__reggae.00062,reggae,8,59.37746810913086,-13.695561408996582
full_clean_z,853,reggae__reggae.00062,reggae,8,59.315467834472656,-13.811356544494629
full_clean_z,854,reggae__reggae.00064,reggae,8,59.612632751464844,0.9549816250801086
full_clean_z,855,reggae__reggae.00064,reggae,8,58.84237289428711,2.674288749694824
full_clean_z,856,reggae__reggae.00064,reggae,8,59.19231033325195,1.9387547969818115
full_clean_z,857,reggae__reggae.00064,reggae,8,58.9707145690918,2.2193050384521484
full_clean_z,858,reggae__reggae.00064,reggae,8,-2.003450632095337,-12.965106964111328
full_clean_z,859,reggae__reggae.00064,reggae,8,-2.002483367919922,-12.964994430541992
full_clean_z,860,reggae__reggae.00065,reggae,8,60.465267181396484,0.2551254332065582
full_clean_z,861,reggae__reggae.00065,reggae,8,60.39677429199219,0.5529704093933105
full_clean_z,862,reggae__reggae.00065,reggae,8,60.219120025634766,1.0406177043914795
full_clean_z,863,reggae__reggae.00065,reggae,8,60.40439224243164,0.3271089494228363
full_clean_z,864,reggae__reggae.00065,reggae,8,60.12752914428711,2.0293281078338623
full_clean_z,865,reggae__reggae.00065,reggae,8,60.40702438354492,2.3016927242279053
full_clean_z,866,reggae__reggae.00065,reggae,8,60.315574645996094,1.8329359292984009
full_clean_z,867,reggae__reggae.00065,reggae,8,60.31631851196289,1.8297677040100098
full_clean_z,868,reggae__reggae.00071,reggae,8,61.2739372253418,-1.8121031522750854
full_clean_z,869,reggae__reggae.00071,reggae,8,45.424659729003906,-3.5254604816436768
full_clean_z,870,reggae__reggae.00071,reggae,8,60.5341911315918,-0.4973474442958832
full_clean_z,871,reggae__reggae.00071,reggae,8,60.535194396972656,-0.5003564357757568
full_clean_z,872,reggae__reggae.00076,reggae,8,37.233673095703125,1.8846468925476074
full_clean_z,873,reggae__reggae.00076,reggae,8,35.477264404296875,10.994845390319824
full_clean_z,874,reggae__reggae.00076,reggae,8,35.51133346557617,10.1445894241333
full_clean_z,875,reggae__reggae.00076,reggae,8,36.322147369384766,1.8507674932479858
full_clean_z,876,reggae__reggae.00076,reggae,8,37.187705993652344,1.8826730251312256
full_clean_z,877,reggae__reggae.00090,reggae,8,61.449928283691406,-2.313335657119751
full_clean_z,878,reggae__reggae.00090,reggae,8,61.051963806152344,-2.7576744556427
full_clean_z,879,reggae__reggae.00090,reggae,8,60.77436065673828,-3.7763278484344482
full_clean_z,880,reggae__reggae.00090,reggae,8,61.31434631347656,-2.444352626800537
full_clean_z,881,reggae__reggae.00090,reggae,8,61.806880950927734,-2.322232484817505
full_clean_z,882,reggae__reggae.00090,reggae,8,61.44364547729492,-2.2883708477020264
full_clean_z,883,reggae__reggae.00090,reggae,8,61.269378662109375,-2.340688705444336
full_clean_z,884,reggae__reggae.00091,reggae,8,61.34074401855469,-8.085293769836426
full_clean_z,885,reggae__reggae.00091,reggae,8,61.09107208251953,-11.016971588134766
full_clean_z,886,reggae__reggae.00091,reggae,8,62.85882568359375,-10.097969055175781
full_clean_z,887,reggae__reggae.00091,reggae,8,62.26348876953125,-9.652121543884277
full_clean_z,888,reggae__reggae.00091,reggae,8,61.298744201660156,-9.153972625732422
full_clean_z,889,reggae__reggae.00092,reggae,8,61.31515884399414,-7.486726760864258
full_clean_z,890,reggae__reggae.00092,reggae,8,62.15311050415039,-7.023373603820801
full_clean_z,891,reggae__reggae.00092,reggae,8,62.154396057128906,-8.667872428894043
full_clean_z,892,reggae__reggae.00092,reggae,8,61.24388885498047,-10.474708557128906
full_clean_z,893,reggae__reggae.00092,reggae,8,61.46625518798828,-8.47354507446289
full_clean_z,894,reggae__reggae.00092,reggae,8,62.729217529296875,-10.575562477111816
full_clean_z,895,reggae__reggae.00092,reggae,8,62.768070220947266,-10.525315284729004
full_clean_z,896,reggae__reggae.00092,reggae,8,61.6287956237793,-8.211003303527832
full_clean_z,897,reggae__reggae.00092,reggae,8,60.84892654418945,-6.8257365226745605
full_clean_z,898,reggae__reggae.00092,reggae,8,61.708892822265625,-9.547714233398438
full_clean_z,899,reggae__reggae.00092,reggae,8,61.41519546508789,-8.366641998291016
full_clean_z,900,rock__rock.00000,rock,9,-24.95938491821289,46.57412338256836
full_clean_z,901,rock__rock.00000,rock,9,-24.73851776123047,46.183753967285156
full_clean_z,902,rock__rock.00000,rock,9,-20.570894241333008,30.05694007873535
full_clean_z,903,rock__rock.00000,rock,9,-36.2834587097168,10.107617378234863
full_clean_z,904,rock__rock.00000,rock,9,-21.242921829223633,16.082447052001953
full_clean_z,905,rock__rock.00000,rock,9,-19.67549705505371,-26.75806427001953
full_clean_z,906,rock__rock.00000,rock,9,-19.984580993652344,-26.351755142211914
full_clean_z,907,rock__rock.00000,rock,9,-20.17881965637207,16.369922637939453
full_clean_z,908,rock__rock.00000,rock,9,-20.181901931762695,16.36868667602539
full_clean_z,909,rock__rock.00003,rock,9,-34.99943923950195,9.902000427246094
full_clean_z,910,rock__rock.00003,rock,9,-29.731365203857422,-38.2700309753418
full_clean_z,911,rock__rock.00003,rock,9,-30.296316146850586,-38.89595413208008
full_clean_z,912,rock__rock.00003,rock,9,-30.2678279876709,-38.86832809448242
full_clean_z,913,rock__rock.00003,rock,9,-35.33616256713867,10.098763465881348
full_clean_z,914,rock__rock.00003,rock,9,-35.092613220214844,10.03642463684082
full_clean_z,915,rock__rock.00008,rock,9,-23.903120040893555,36.69206237792969
full_clean_z,916,rock__rock.00008,rock,9,-23.94344139099121,36.69719696044922
full_clean_z,917,rock__rock.00008,rock,9,-23.972957611083984,36.69758224487305
full_clean_z,918,rock__rock.00008,rock,9,-23.90338706970215,36.693119049072266
full_clean_z,919,rock__rock.00008,rock,9,-18.855466842651367,24.400039672851562
full_clean_z,920,rock__rock.00008,rock,9,-18.867149353027344,24.21109390258789
full_clean_z,921,rock__rock.00008,rock,9,-23.713088989257812,36.64418029785156
full_clean_z,922,rock__rock.00032,rock,9,7.654573917388916,3.9708914756774902
full_clean_z,923,rock__rock.00032,rock,9,14.086699485778809,11.90205192565918
full_clean_z,924,rock__rock.00034,rock,9,6.932409763336182,3.7184550762176514
full_clean_z,925,rock__rock.00034,rock,9,-9.095389366149902,-1.414298415184021
full_clean_z,926,rock__rock.00034,rock,9,-10.431404113769531,0.1238998994231224
full_clean_z,927,rock__rock.00034,rock,9,20.57010269165039,11.75864315032959
full_clean_z,928,rock__rock.00034,rock,9,-16.214649200439453,19.842140197753906
full_clean_z,929,rock__rock.00034,rock,9,-9.199725151062012,-2.253164052963257
full_clean_z,930,rock__rock.00039,rock,9,-3.7767558097839355,4.866158485412598
full_clean_z,931,rock__rock.00039,rock,9,2.032978057861328,3.470583438873291
full_clean_z,932,rock__rock.00039,rock,9,9.566727638244629,-10.003239631652832
full_clean_z,933,rock__rock.00039,rock,9,8.593539237976074,-9.448845863342285
full_clean_z,934,rock__rock.00044,rock,9,-1.5364290475845337,-2.9722347259521484
full_clean_z,935,rock__rock.00044,rock,9,-1.4497259855270386,-2.9318525791168213
full_clean_z,936,rock__rock.00044,rock,9,7.862698078155518,-9.261210441589355
full_clean_z,937,rock__rock.00044,rock,9,6.892097473144531,-8.361377716064453
full_clean_z,938,rock__rock.00044,rock,9,6.648070335388184,-8.42581844329834
full_clean_z,939,rock__rock.00044,rock,9,7.009708881378174,-8.607977867126465
full_clean_z,940,rock__rock.00044,rock,9,7.031016826629639,-8.632447242736816
full_clean_z,941,rock__rock.00048,rock,9,-20.310890197753906,22.452957153320312
full_clean_z,942,rock__rock.00048,rock,9,-20.04368019104004,22.634057998657227
full_clean_z,943,rock__rock.00048,rock,9,-20.57200813293457,21.664941787719727
full_clean_z,944,rock__rock.00048,rock,9,-20.589067459106445,22.72650718688965
full_clean_z,945,rock__rock.00048,rock,9,-10.728813171386719,29.802326202392578
full_clean_z,946,rock__rock.00048,rock,9,-22.997608184814453,36.2919921875
full_clean_z,947,rock__rock.00048,rock,9,-20.575822830200195,21.699342727661133
full_clean_z,948,rock__rock.00049,rock,9,-13.178413391113281,-16.58660316467285
full_clean_z,949,rock__rock.00049,rock,9,-14.160537719726562,-16.138778686523438
full_clean_z,950,rock__rock.00049,rock,9,-14.2298002243042,-16.098316192626953
full_clean_z,951,rock__rock.00049,rock,9,-14.179524421691895,-16.182392120361328
full_clean_z,952,rock__rock.00049,rock,9,-14.271215438842773,-16.082265853881836
full_clean_z,953,rock__rock.00049,rock,9,-6.347355365753174,-5.936288356781006
full_clean_z,954,rock__rock.00049,rock,9,-6.315611362457275,-5.898377895355225
full_clean_z,955,rock__rock.00049,rock,9,-0.8676673173904419,-5.397139072418213
full_clean_z,956,rock__rock.00049,rock,9,27.236515045166016,-16.257509231567383
full_clean_z,957,rock__rock.00049,rock,9,7.0254902839660645,3.5752944946289062
full_clean_z,958,rock__rock.00050,rock,9,-0.31947973370552063,-5.361515522003174
full_clean_z,959,rock__rock.00050,rock,9,0.16430062055587769,-5.5904927253723145
full_clean_z,960,rock__rock.00050,rock,9,0.4116532802581787,-5.783998012542725
full_clean_z,961,rock__rock.00050,rock,9,-2.19711971282959,-3.9661693572998047
full_clean_z,962,rock__rock.00050,rock,9,-2.4863555431365967,-3.8485329151153564
full_clean_z,963,rock__rock.00050,rock,9,-2.8151652812957764,-3.7495310306549072
full_clean_z,964,rock__rock.00050,rock,9,-2.7473361492156982,-3.767765760421753
full_clean_z,965,rock__rock.00050,rock,9,0.4727727472782135,-5.8316121101379395
full_clean_z,966,rock__rock.00054,rock,9,-1.8741098642349243,4.515759468078613
full_clean_z,967,rock__rock.00054,rock,9,2.170480966567993,3.285877227783203
full_clean_z,968,rock__rock.00054,rock,9,-8.181386947631836,5.807163238525391
full_clean_z,969,rock__rock.00054,rock,9,-8.647185325622559,5.569906711578369
full_clean_z,970,rock__rock.00054,rock,9,-13.293267250061035,-2.9188716411590576
full_clean_z,971,rock__rock.00054,rock,9,7.59966516494751,-10.915946006774902
full_clean_z,972,rock__rock.00054,rock,9,-4.370538234710693,-46.58328628540039
full_clean_z,973,rock__rock.00054,rock,9,-1.9344998598098755,4.5062174797058105
full_clean_z,974,rock__rock.00054,rock,9,-8.316646575927734,0.1956779807806015
full_clean_z,975,rock__rock.00054,rock,9,-4.294175624847412,-46.63410568237305
full_clean_z,976,rock__rock.00080,rock,9,-13.588726043701172,16.99407958984375
full_clean_z,977,rock__rock.00080,rock,9,-13.68110179901123,15.908506393432617
full_clean_z,978,rock__rock.00080,rock,9,-13.738849639892578,16.090633392333984
full_clean_z,979,rock__rock.00080,rock,9,-13.838871002197266,17.026681900024414
full_clean_z,980,rock__rock.00080,rock,9,-14.228665351867676,17.504423141479492
full_clean_z,981,rock__rock.00085,rock,9,10.134980201721191,31.415302276611328
full_clean_z,982,rock__rock.00085,rock,9,-19.494258880615234,10.96606731414795
full_clean_z,983,rock__rock.00085,rock,9,-13.04222583770752,12.641961097717285
full_clean_z,984,rock__rock.00085,rock,9,-13.033737182617188,12.560138702392578
full_clean_z,985,rock__rock.00085,rock,9,-12.837389945983887,15.22415542602539
full_clean_z,986,rock__rock.00085,rock,9,-13.124608993530273,21.733686447143555
full_clean_z,987,rock__rock.00086,rock,9,-8.407636642456055,32.15671157836914
full_clean_z,988,rock__rock.00086,rock,9,-21.9542293548584,9.499999046325684
full_clean_z,989,rock__rock.00086,rock,9,-22.111770629882812,9.534252166748047
full_clean_z,990,rock__rock.00086,rock,9,-21.56317138671875,7.69615364074707
full_clean_z,991,rock__rock.00092,rock,9,-9.226689338684082,31.852935791015625
full_clean_z,992,rock__rock.00092,rock,9,-9.070221900939941,31.95704460144043
full_clean_z,993,rock__rock.00092,rock,9,-9.779999732971191,31.0560359954834
full_clean_z,994,rock__rock.00092,rock,9,-9.787615776062012,30.90648651123047
full_clean_z,995,rock__rock.00092,rock,9,-8.93899154663086,32.0665283203125
full_clean_z,996,rock__rock.00092,rock,9,-9.472684860229492,31.50130271911621
full_clean_z,997,rock__rock.00092,rock,9,-9.406564712524414,31.64314079284668
full_clean_z,998,rock__rock.00092,rock,9,-9.335177421569824,31.791423797607422
full_clean_z,999,rock__rock.00092,rock,9,-9.26934814453125,31.805753707885742
full_noisy_z_t,0,blues__blues.00000,blues,0,-30.398292541503906,6.482021808624268
full_noisy_z_t,1,blues__blues.00000,blues,0,-28.86843490600586,7.014337062835693
full_noisy_z_t,2,blues__blues.00000,blues,0,-30.15262222290039,6.55427885055542
full_noisy_z_t,3,blues__blues.00000,blues,0,-30.333576202392578,7.335757255554199
full_noisy_z_t,4,blues__blues.00000,blues,0,-17.38924217224121,7.362851619720459
full_noisy_z_t,5,blues__blues.00000,blues,0,-22.05208396911621,15.110420227050781
full_noisy_z_t,6,blues__blues.00000,blues,0,-30.28083038330078,5.798467636108398
full_noisy_z_t,7,blues__blues.00001,blues,0,-43.29242706298828,2.826105833053589
full_noisy_z_t,8,blues__blues.00001,blues,0,-38.97492218017578,1.5980664491653442
full_noisy_z_t,9,blues__blues.00001,blues,0,-31.82729721069336,5.237887382507324
full_noisy_z_t,10,blues__blues.00001,blues,0,-32.589439392089844,2.900083541870117
full_noisy_z_t,11,blues__blues.00001,blues,0,-35.48812484741211,2.577078104019165
full_noisy_z_t,12,blues__blues.00001,blues,0,-42.0054931640625,-0.12280619144439697
full_noisy_z_t,13,blues__blues.00001,blues,0,-37.011837005615234,3.215941905975342
full_noisy_z_t,14,blues__blues.00009,blues,0,-37.34110641479492,5.495123863220215
full_noisy_z_t,15,blues__blues.00009,blues,0,-34.228267669677734,8.309596061706543
full_noisy_z_t,16,blues__blues.00009,blues,0,-43.780433654785156,-4.586782455444336
full_noisy_z_t,17,blues__blues.00009,blues,0,-43.4282112121582,-3.8302664756774902
full_noisy_z_t,18,blues__blues.00009,blues,0,-37.181556701660156,7.3906731605529785
full_noisy_z_t,19,blues__blues.00009,blues,0,-39.23625183105469,5.425622463226318
full_noisy_z_t,20,blues__blues.00009,blues,0,-11.048487663269043,-45.53361129760742
full_noisy_z_t,21,blues__blues.00009,blues,0,-12.554464340209961,-41.595394134521484
full_noisy_z_t,22,blues__blues.00009,blues,0,-45.90132522583008,-5.010279655456543
full_noisy_z_t,23,blues__blues.00011,blues,0,-41.56159210205078,-4.819369792938232
full_noisy_z_t,24,blues__blues.00011,blues,0,-42.20260238647461,-1.567333459854126
full_noisy_z_t,25,blues__blues.00011,blues,0,-40.63426208496094,-5.882496356964111
full_noisy_z_t,26,blues__blues.00011,blues,0,-42.00456619262695,-3.9605321884155273
full_noisy_z_t,27,blues__blues.00011,blues,0,-43.033302307128906,-0.45132970809936523
full_noisy_z_t,28,blues__blues.00011,blues,0,-40.475677490234375,-3.4819822311401367
full_noisy_z_t,29,blues__blues.00011,blues,0,-40.41571044921875,6.065760135650635
full_noisy_z_t,30,blues__blues.00031,blues,0,-41.63577651977539,2.7702221870422363
full_noisy_z_t,31,blues__blues.00031,blues,0,-41.0320930480957,-0.8559467196464539
full_noisy_z_t,32,blues__blues.00031,blues,0,-40.381038665771484,1.3828309774398804
full_noisy_z_t,33,blues__blues.00031,blues,0,-40.85393142700195,2.9645936489105225
full_noisy_z_t,34,blues__blues.00034,blues,0,-44.41582489013672,2.3926656246185303
full_noisy_z_t,35,blues__blues.00034,blues,0,-42.020774841308594,-2.4874582290649414
full_noisy_z_t,36,blues__blues.00034,blues,0,-45.13397216796875,2.725088119506836
full_noisy_z_t,37,blues__blues.00034,blues,0,-34.32014465332031,2.188352584838867
full_noisy_z_t,38,blues__blues.00034,blues,0,-41.4796257019043,4.173110485076904
full_noisy_z_t,39,blues__blues.00034,blues,0,-39.703826904296875,2.380267381668091
full_noisy_z_t,40,blues__blues.00039,blues,0,-46.14997482299805,2.6369051933288574
full_noisy_z_t,41,blues__blues.00039,blues,0,-41.243473052978516,1.4207773208618164
full_noisy_z_t,42,blues__blues.00039,blues,0,-46.20708465576172,1.1922518014907837
full_noisy_z_t,43,blues__blues.00039,blues,0,-45.915733337402344,3.9832141399383545
full_noisy_z_t,44,blues__blues.00039,blues,0,-38.39650344848633,-2.8101773262023926
full_noisy_z_t,45,blues__blues.00052,blues,0,-38.253997802734375,5.0414581298828125
full_noisy_z_t,46,blues__blues.00052,blues,0,-42.802738189697266,4.517077445983887
full_noisy_z_t,47,blues__blues.00052,blues,0,-46.84196472167969,4.338972091674805
full_noisy_z_t,48,blues__blues.00052,blues,0,-40.29970169067383,5.06497049331665
full_noisy_z_t,49,blues__blues.00052,blues,0,-40.98841857910156,-0.10926911979913712
full_noisy_z_t,50,blues__blues.00052,blues,0,-40.12930679321289,3.657454252243042
full_noisy_z_t,51,blues__blues.00054,blues,0,-46.6444206237793,10.87651538848877
full_noisy_z_t,52,blues__blues.00054,blues,0,-46.91508865356445,13.05027961730957
full_noisy_z_t,53,blues__blues.00054,blues,0,-45.0643310546875,12.35196590423584
full_noisy_z_t,54,blues__blues.00054,blues,0,-46.98074722290039,12.3320894241333
full_noisy_z_t,55,blues__blues.00054,blues,0,-45.81661605834961,13.378510475158691
full_noisy_z_t,56,blues__blues.00054,blues,0,-45.21342468261719,11.225290298461914
full_noisy_z_t,57,blues__blues.00057,blues,0,-45.258094787597656,8.633143424987793
full_noisy_z_t,58,blues__blues.00057,blues,0,-45.3943977355957,8.833074569702148
full_noisy_z_t,59,blues__blues.00057,blues,0,-44.66714096069336,9.52708911895752
full_noisy_z_t,60,blues__blues.00057,blues,0,-47.60151290893555,8.969696044921875
full_noisy_z_t,61,blues__blues.00060,blues,0,-41.29883575439453,6.348474502563477
full_noisy_z_t,62,blues__blues.00060,blues,0,-46.55449295043945,5.603034019470215
full_noisy_z_t,63,blues__blues.00060,blues,0,-45.88829040527344,7.732388496398926
full_noisy_z_t,64,blues__blues.00060,blues,0,-43.58238983154297,10.797019004821777
full_noisy_z_t,65,blues__blues.00060,blues,0,-46.963531494140625,8.468088150024414
full_noisy_z_t,66,blues__blues.00060,blues,0,-42.536827087402344,7.939538955688477
full_noisy_z_t,67,blues__blues.00060,blues,0,-38.918270111083984,7.693282604217529
full_noisy_z_t,68,blues__blues.00066,blues,0,-43.50672149658203,-7.6630024909973145
full_noisy_z_t,69,blues__blues.00066,blues,0,-41.24713134765625,7.904186248779297
full_noisy_z_t,70,blues__blues.00066,blues,0,-29.202804565429688,2.709869623184204
full_noisy_z_t,71,blues__blues.00066,blues,0,-28.775569915771484,3.216024160385132
full_noisy_z_t,72,blues__blues.00066,blues,0,26.282554626464844,23.089672088623047
full_noisy_z_t,73,blues__blues.00066,blues,0,-30.911649703979492,1.8374028205871582
full_noisy_z_t,74,blues__blues.00066,blues,0,-38.00922393798828,6.374462127685547
full_noisy_z_t,75,blues__blues.00066,blues,0,-45.229042053222656,-5.620331764221191
full_noisy_z_t,76,blues__blues.00066,blues,0,-46.29139709472656,-1.4138703346252441
full_noisy_z_t,77,blues__blues.00068,blues,0,-35.792884826660156,1.1671372652053833
full_noisy_z_t,78,blues__blues.00068,blues,0,-44.5149040222168,-2.0776567459106445
full_noisy_z_t,79,blues__blues.00068,blues,0,-46.88097381591797,-3.105271100997925
full_noisy_z_t,80,blues__blues.00068,blues,0,-43.53471755981445,-6.778607368469238
full_noisy_z_t,81,blues__blues.00068,blues,0,-44.15593338012695,-6.473928928375244
full_noisy_z_t,82,blues__blues.00068,blues,0,-44.03139114379883,-8.280506134033203
full_noisy_z_t,83,blues__blues.00068,blues,0,-25.32453155517578,-34.99002456665039
full_noisy_z_t,84,blues__blues.00070,blues,0,-16.741676330566406,3.4184494018554688
full_noisy_z_t,85,blues__blues.00070,blues,0,-28.05022430419922,7.460477828979492
full_noisy_z_t,86,blues__blues.00070,blues,0,-31.4741153717041,7.337105751037598
full_noisy_z_t,87,blues__blues.00070,blues,0,-38.5445442199707,8.74394416809082
full_noisy_z_t,88,blues__blues.00070,blues,0,-43.186527252197266,-2.8713040351867676
full_noisy_z_t,89,blues__blues.00070,blues,0,-30.874414443969727,4.438681602478027
full_noisy_z_t,90,blues__blues.00070,blues,0,-14.677934646606445,1.9070806503295898
full_noisy_z_t,91,blues__blues.00071,blues,0,-42.79598617553711,5.969532012939453
full_noisy_z_t,92,blues__blues.00071,blues,0,-42.96955871582031,5.954597473144531
full_noisy_z_t,93,blues__blues.00071,blues,0,-44.65034866333008,3.520495653152466
full_noisy_z_t,94,blues__blues.00071,blues,0,-44.88309097290039,4.503142356872559
full_noisy_z_t,95,blues__blues.00071,blues,0,-46.08332824707031,-0.10888786613941193
full_noisy_z_t,96,blues__blues.00071,blues,0,-44.3049430847168,5.699082851409912
full_noisy_z_t,97,blues__blues.00071,blues,0,-43.519737243652344,-1.6982183456420898
full_noisy_z_t,98,blues__blues.00071,blues,0,-44.00681686401367,4.271571636199951
full_noisy_z_t,99,blues__blues.00071,blues,0,-44.79658126831055,-7.290126800537109
full_noisy_z_t,100,classical__classical.00000,classical,1,-5.370842933654785,-41.13792037963867
full_noisy_z_t,101,classical__classical.00000,classical,1,-0.4619307219982147,-45.46408462524414
full_noisy_z_t,102,classical__classical.00000,classical,1,-1.3037807941436768,-42.808692932128906
full_noisy_z_t,103,classical__classical.00000,classical,1,3.9340152740478516,-42.347713470458984
full_noisy_z_t,104,classical__classical.00000,classical,1,4.378536224365234,-44.55290985107422
full_noisy_z_t,105,classical__classical.00000,classical,1,2.638396978378296,-43.19801330566406
full_noisy_z_t,106,classical__classical.00002,classical,1,2.9999797344207764,-42.28145980834961
full_noisy_z_t,107,classical__classical.00002,classical,1,1.0661479234695435,-47.93988800048828
full_noisy_z_t,108,classical__classical.00002,classical,1,0.8896444439888,-46.199462890625
full_noisy_z_t,109,classical__classical.00006,classical,1,3.915515899658203,-43.17325210571289
full_noisy_z_t,110,classical__classical.00006,classical,1,8.474178314208984,-40.36997985839844
full_noisy_z_t,111,classical__classical.00006,classical,1,1.8970800638198853,-43.932064056396484
full_noisy_z_t,112,classical__classical.00006,classical,1,3.4666507244110107,-43.610530853271484
full_noisy_z_t,113,classical__classical.00006,classical,1,1.1435550451278687,-42.951602935791016
full_noisy_z_t,114,classical__classical.00006,classical,1,6.210956573486328,-45.41559600830078
full_noisy_z_t,115,classical__classical.00006,classical,1,1.1071689128875732,-42.03034973144531
full_noisy_z_t,116,classical__classical.00009,classical,1,2.85151743888855,-44.22694778442383
full_noisy_z_t,117,classical__classical.00009,classical,1,3.3642470836639404,-44.859169006347656
full_noisy_z_t,118,classical__classical.00009,classical,1,1.7403523921966553,-46.55304718017578
full_noisy_z_t,119,classical__classical.00009,classical,1,0.17827366292476654,-44.40813064575195
full_noisy_z_t,120,classical__classical.00009,classical,1,-0.8275793790817261,-43.638153076171875
full_noisy_z_t,121,classical__classical.00009,classical,1,2.8257923126220703,-40.98879623413086
full_noisy_z_t,122,classical__classical.00009,classical,1,-2.2027370929718018,-45.61701965332031
full_noisy_z_t,123,classical__classical.00022,classical,1,2.620805501937866,-48.34718704223633
full_noisy_z_t,124,classical__classical.00022,classical,1,5.449101448059082,-42.54975509643555
full_noisy_z_t,125,classical__classical.00022,classical,1,4.707828521728516,-43.33972930908203
full_noisy_z_t,126,classical__classical.00022,classical,1,9.189489364624023,-43.558876037597656
full_noisy_z_t,127,classical__classical.00022,classical,1,7.4729790687561035,-42.78183364868164
full_noisy_z_t,128,classical__classical.00022,classical,1,0.4604514241218567,-43.50934600830078
full_noisy_z_t,129,classical__classical.00022,classical,1,-0.5377837419509888,-40.963966369628906
full_noisy_z_t,130,classical__classical.00034,classical,1,7.4885382652282715,-41.58018112182617
full_noisy_z_t,131,classical__classical.00034,classical,1,5.885273456573486,-41.50447463989258
full_noisy_z_t,132,classical__classical.00034,classical,1,9.897360801696777,-40.60718536376953
full_noisy_z_t,133,classical__classical.00034,classical,1,7.579782485961914,-38.98019027709961
full_noisy_z_t,134,classical__classical.00034,classical,1,9.225749015808105,-38.91383361816406
full_noisy_z_t,135,classical__classical.00034,classical,1,3.7856905460357666,-41.4810905456543
full_noisy_z_t,136,classical__classical.00034,classical,1,5.9828619956970215,-38.91956329345703
full_noisy_z_t,137,classical__classical.00037,classical,1,4.777429103851318,-40.803375244140625
full_noisy_z_t,138,classical__classical.00037,classical,1,-4.2495245933532715,-42.50107955932617
full_noisy_z_t,139,classical__classical.00037,classical,1,-8.141583442687988,-44.26056671142578
full_noisy_z_t,140,classical__classical.00037,classical,1,-3.5645017623901367,-43.56724548339844
full_noisy_z_t,141,classical__classical.00037,classical,1,2.459444761276245,-46.06443405151367
full_noisy_z_t,142,classical__classical.00037,classical,1,2.1701903343200684,-41.79523849487305
full_noisy_z_t,143,classical__classical.00037,classical,1,5.637277126312256,-44.467979431152344
full_noisy_z_t,144,classical__classical.00037,classical,1,6.699721336364746,-37.250328063964844
full_noisy_z_t,145,classical__classical.00039,classical,1,0.606178343296051,-40.885765075683594
full_noisy_z_t,146,classical__classical.00039,classical,1,-1.610194444656372,-41.939422607421875
full_noisy_z_t,147,classical__classical.00039,classical,1,0.5623565316200256,-51.12902069091797
full_noisy_z_t,148,classical__classical.00039,classical,1,-8.996407508850098,-40.07188034057617
full_noisy_z_t,149,classical__classical.00039,classical,1,10.838728904724121,-42.36897277832031
full_noisy_z_t,150,classical__classical.00039,classical,1,5.699423789978027,-40.60713577270508
full_noisy_z_t,151,classical__classical.00047,classical,1,6.125332832336426,-44.024837493896484
full_noisy_z_t,152,classical__classical.00047,classical,1,4.7993083000183105,-42.17433547973633
full_noisy_z_t,153,classical__classical.00047,classical,1,6.324465751647949,-43.364723205566406
full_noisy_z_t,154,classical__classical.00047,classical,1,4.669015407562256,-41.35997772216797
full_noisy_z_t,155,classical__classical.00047,classical,1,3.823033571243286,-40.640499114990234
full_noisy_z_t,156,classical__classical.00047,classical,1,6.81067419052124,-40.153114318847656
full_noisy_z_t,157,classical__classical.00053,classical,1,-2.6970880031585693,-41.13303756713867
full_noisy_z_t,158,classical__classical.00053,classical,1,-0.5355021953582764,-39.37366485595703
full_noisy_z_t,159,classical__classical.00053,classical,1,2.106644630432129,-39.14313888549805
full_noisy_z_t,160,classical__classical.00053,classical,1,5.1220269203186035,-35.76700973510742
full_noisy_z_t,161,classical__classical.00053,classical,1,2.929175615310669,-38.19883346557617
full_noisy_z_t,162,classical__classical.00056,classical,1,7.228774070739746,-33.80480194091797
full_noisy_z_t,163,classical__classical.00056,classical,1,7.399082660675049,-34.35795211791992
full_noisy_z_t,164,classical__classical.00056,classical,1,7.7964396476745605,-33.41990280151367
full_noisy_z_t,165,classical__classical.00056,classical,1,9.242648124694824,-35.68570327758789
full_noisy_z_t,166,classical__classical.00056,classical,1,8.962699890136719,-35.0072021484375
full_noisy_z_t,167,classical__classical.00056,classical,1,3.104907512664795,-12.482572555541992
full_noisy_z_t,168,classical__classical.00056,classical,1,1.5630455017089844,-12.333261489868164
full_noisy_z_t,169,classical__classical.00056,classical,1,8.299477577209473,-33.97486877441406
full_noisy_z_t,170,classical__classical.00056,classical,1,9.139388084411621,-36.59870147705078
full_noisy_z_t,171,classical__classical.00056,classical,1,9.853264808654785,-35.60915756225586
full_noisy_z_t,172,classical__classical.00057,classical,1,-10.891641616821289,-42.845027923583984
full_noisy_z_t,173,classical__classical.00057,classical,1,-4.6567792892456055,-43.70938491821289
full_noisy_z_t,174,classical__classical.00057,classical,1,4.529245376586914,-39.6085090637207
full_noisy_z_t,175,classical__classical.00057,classical,1,3.3870198726654053,-39.770660400390625
full_noisy_z_t,176,classical__classical.00057,classical,1,0.4425066113471985,-53.72065734863281
full_noisy_z_t,177,classical__classical.00057,classical,1,0.8270902633666992,-39.586822509765625
full_noisy_z_t,178,classical__classical.00057,classical,1,1.8743816614151,-40.56344223022461
full_noisy_z_t,179,classical__classical.00057,classical,1,-8.201542854309082,-41.38140106201172
full_noisy_z_t,180,classical__classical.00057,classical,1,-3.0721991062164307,-42.55830383300781
full_noisy_z_t,181,classical__classical.00057,classical,1,7.7483229637146,-37.40175247192383
full_noisy_z_t,182,classical__classical.00065,classical,1,6.04955530166626,-42.356868743896484
full_noisy_z_t,183,classical__classical.00065,classical,1,6.656219482421875,-44.629215240478516
full_noisy_z_t,184,classical__classical.00065,classical,1,1.1328582763671875,-44.28935241699219
full_noisy_z_t,185,classical__classical.00065,classical,1,8.489585876464844,-42.38410568237305
full_noisy_z_t,186,classical__classical.00082,classical,1,4.7683281898498535,-37.4280891418457
full_noisy_z_t,187,classical__classical.00082,classical,1,1.2714868783950806,-38.20195770263672
full_noisy_z_t,188,classical__classical.00082,classical,1,8.124119758605957,-43.6251106262207
full_noisy_z_t,189,classical__classical.00082,classical,1,0.026921171694993973,-42.94814682006836
full_noisy_z_t,190,classical__classical.00082,classical,1,0.050136636942625046,-42.105831146240234
full_noisy_z_t,191,classical__classical.00082,classical,1,0.16445805132389069,-47.16028594970703
full_noisy_z_t,192,classical__classical.00091,classical,1,10.283863067626953,-43.69245910644531
full_noisy_z_t,193,classical__classical.00091,classical,1,0.9377689957618713,-45.37236785888672
full_noisy_z_t,194,classical__classical.00091,classical,1,5.254526138305664,-43.629764556884766
full_noisy_z_t,195,classical__classical.00091,classical,1,-1.1479297876358032,-46.67323303222656
full_noisy_z_t,196,classical__classical.00091,classical,1,1.9380147457122803,-42.73228454589844
full_noisy_z_t,197,classical__classical.00091,classical,1,6.943540096282959,-41.27838134765625
full_noisy_z_t,198,classical__classical.00091,classical,1,4.13449239730835,-48.03397750854492
full_noisy_z_t,199,classical__classical.00091,classical,1,2.8265485763549805,-47.16830825805664
full_noisy_z_t,200,country__country.00001,country,2,-12.291833877563477,-8.833388328552246
full_noisy_z_t,201,country__country.00001,country,2,-6.380313396453857,-9.969893455505371
full_noisy_z_t,202,country__country.00001,country,2,-11.776681900024414,-8.292657852172852
full_noisy_z_t,203,country__country.00001,country,2,-5.414091110229492,-10.489974021911621
full_noisy_z_t,204,country__country.00001,country,2,-4.792355060577393,-11.533970832824707
full_noisy_z_t,205,country__country.00011,country,2,-10.312254905700684,-29.086627960205078
full_noisy_z_t,206,country__country.00011,country,2,-10.016556739807129,-19.946561813354492
full_noisy_z_t,207,country__country.00011,country,2,-9.627336502075195,-18.65317153930664
full_noisy_z_t,208,country__country.00011,country,2,-10.240885734558105,-11.346484184265137
full_noisy_z_t,209,country__country.00011,country,2,-12.025595664978027,-31.667770385742188
full_noisy_z_t,210,country__country.00011,country,2,-11.499527931213379,-29.150671005249023
full_noisy_z_t,211,country__country.00011,country,2,-11.137773513793945,-30.540979385375977
full_noisy_z_t,212,country__country.00011,country,2,-9.181621551513672,-13.896130561828613
full_noisy_z_t,213,country__country.00013,country,2,-12.728846549987793,3.409665822982788
full_noisy_z_t,214,country__country.00013,country,2,-13.067394256591797,3.679778814315796
full_noisy_z_t,215,country__country.00013,country,2,-13.393852233886719,5.409210205078125
full_noisy_z_t,216,country__country.00013,country,2,-10.432148933410645,7.681778907775879
full_noisy_z_t,217,country__country.00013,country,2,-10.126431465148926,-9.933947563171387
full_noisy_z_t,218,country__country.00013,country,2,-8.469182968139648,-9.197211265563965
full_noisy_z_t,219,country__country.00013,country,2,-14.88895320892334,5.561052322387695
full_noisy_z_t,220,country__country.00013,country,2,-14.819334030151367,5.22996187210083
full_noisy_z_t,221,country__country.00013,country,2,-16.163528442382812,-26.23170280456543
full_noisy_z_t,222,country__country.00013,country,2,-8.92641830444336,-10.154913902282715
full_noisy_z_t,223,country__country.00029,country,2,-13.50334358215332,-14.31521224975586
full_noisy_z_t,224,country__country.00029,country,2,-10.771903038024902,-13.857177734375
full_noisy_z_t,225,country__country.00029,country,2,-14.178863525390625,-8.751012802124023
full_noisy_z_t,226,country__country.00029,country,2,-10.364949226379395,-16.424896240234375
full_noisy_z_t,227,country__country.00029,country,2,-8.256404876708984,-15.806694984436035
full_noisy_z_t,228,country__country.00029,country,2,-10.132004737854004,-15.428156852722168
full_noisy_z_t,229,country__country.00047,country,2,-14.065022468566895,-12.644566535949707
full_noisy_z_t,230,country__country.00057,country,2,-11.97457218170166,2.1452763080596924
full_noisy_z_t,231,country__country.00057,country,2,-12.603126525878906,-7.803276538848877
full_noisy_z_t,232,country__country.00057,country,2,-28.372093200683594,-6.423766136169434
full_noisy_z_t,233,country__country.00057,country,2,-29.882614135742188,-6.7937397956848145
full_noisy_z_t,234,country__country.00057,country,2,-23.213788986206055,-11.478139877319336
full_noisy_z_t,235,country__country.00057,country,2,-12.551112174987793,-7.609405040740967
full_noisy_z_t,236,country__country.00057,country,2,-12.594919204711914,-6.841203689575195
full_noisy_z_t,237,country__country.00057,country,2,-23.796466827392578,15.946198463439941
full_noisy_z_t,238,country__country.00057,country,2,-32.000553131103516,-6.556438446044922
full_noisy_z_t,239,country__country.00057,country,2,-27.39674949645996,-8.337055206298828
full_noisy_z_t,240,country__country.00059,country,2,-39.9077262878418,10.269623756408691
full_noisy_z_t,241,country__country.00059,country,2,-37.033241271972656,-0.17804311215877533
full_noisy_z_t,242,country__country.00059,country,2,-39.366119384765625,0.5811236500740051
full_noisy_z_t,243,country__country.00059,country,2,-20.865711212158203,-6.389137268066406
full_noisy_z_t,244,country__country.00059,country,2,-40.262332916259766,9.181844711303711
full_noisy_z_t,245,country__country.00059,country,2,-13.879270553588867,-7.963442802429199
full_noisy_z_t,246,country__country.00067,country,2,-33.426536560058594,5.4835920333862305
full_noisy_z_t,247,country__country.00067,country,2,-38.21678161621094,-4.002976417541504
full_noisy_z_t,248,country__country.00067,country,2,-39.672454833984375,-4.887701034545898
full_noisy_z_t,249,country__country.00067,country,2,-17.004825592041016,-6.538869380950928
full_noisy_z_t,250,country__country.00067,country,2,-20.28590965270996,-37.47735595703125
full_noisy_z_t,251,country__country.00067,country,2,-42.863712310791016,-5.50098991394043
full_noisy_z_t,252,country__country.00067,country,2,-36.12588882446289,-1.1812878847122192
full_noisy_z_t,253,country__country.00067,country,2,-37.31037902832031,-3.52764892578125
full_noisy_z_t,254,country__country.00068,country,2,-26.781404495239258,-0.5786494016647339
full_noisy_z_t,255,country__country.00068,country,2,-18.355422973632812,5.506168842315674
full_noisy_z_t,256,country__country.00068,country,2,-15.016032218933105,-4.0022077560424805
full_noisy_z_t,257,country__country.00068,country,2,-13.394927024841309,-4.87375545501709
full_noisy_z_t,258,country__country.00068,country,2,-14.318092346191406,-4.744582653045654
full_noisy_z_t,259,country__country.00068,country,2,-40.163909912109375,-2.4081156253814697
full_noisy_z_t,260,country__country.00068,country,2,-36.58391189575195,-2.8824479579925537
full_noisy_z_t,261,country__country.00068,country,2,-26.525421142578125,1.2082637548446655
full_noisy_z_t,262,country__country.00069,country,2,11.099912643432617,-40.75263214111328
full_noisy_z_t,263,country__country.00069,country,2,-16.4310302734375,-7.034971237182617
full_noisy_z_t,264,country__country.00069,country,2,-14.378840446472168,-6.74525260925293
full_noisy_z_t,265,country__country.00069,country,2,-38.29444122314453,3.2917795181274414
full_noisy_z_t,266,country__country.00069,country,2,-9.831879615783691,-8.417315483093262
full_noisy_z_t,267,country__country.00069,country,2,-14.349627494812012,-7.3161516189575195
full_noisy_z_t,268,country__country.00069,country,2,-14.736857414245605,-2.2115495204925537
full_noisy_z_t,269,country__country.00075,country,2,-25.296281814575195,14.398405075073242
full_noisy_z_t,270,country__country.00075,country,2,-32.64191818237305,8.367467880249023
full_noisy_z_t,271,country__country.00075,country,2,-28.683727264404297,-34.86337661743164
full_noisy_z_t,272,country__country.00075,country,2,-24.5386962890625,14.537471771240234
full_noisy_z_t,273,country__country.00075,country,2,-28.780345916748047,-34.87643814086914
full_noisy_z_t,274,country__country.00075,country,2,-39.22671890258789,-1.0015219449996948
full_noisy_z_t,275,country__country.00076,country,2,-16.62112045288086,-3.7868385314941406
full_noisy_z_t,276,country__country.00076,country,2,-15.02807331085205,-7.729971885681152
full_noisy_z_t,277,country__country.00076,country,2,-14.579806327819824,-5.551733493804932
full_noisy_z_t,278,country__country.00076,country,2,-22.655075073242188,-7.418791770935059
full_noisy_z_t,279,country__country.00076,country,2,-16.087087631225586,2.0643234252929688
full_noisy_z_t,280,country__country.00076,country,2,-41.6284065246582,-2.9284231662750244
full_noisy_z_t,281,country__country.00076,country,2,-31.735782623291016,3.7525219917297363
full_noisy_z_t,282,country__country.00077,country,2,-15.776848793029785,-3.0803685188293457
full_noisy_z_t,283,country__country.00077,country,2,-16.08305549621582,-1.6239203214645386
full_noisy_z_t,284,country__country.00077,country,2,-15.367100715637207,-0.018944479525089264
full_noisy_z_t,285,country__country.00077,country,2,-16.851999282836914,-8.539531707763672
full_noisy_z_t,286,country__country.00077,country,2,-17.96341323852539,-8.093705177307129
full_noisy_z_t,287,country__country.00077,country,2,-14.766358375549316,-8.508055686950684
full_noisy_z_t,288,country__country.00097,country,2,-13.565319061279297,-6.338057518005371
full_noisy_z_t,289,country__country.00097,country,2,-16.023029327392578,-7.90380859375
full_noisy_z_t,290,country__country.00097,country,2,-15.130304336547852,-6.597142696380615
full_noisy_z_t,291,country__country.00097,country,2,-12.02942943572998,-5.742050647735596
full_noisy_z_t,292,country__country.00097,country,2,-11.263286590576172,-6.627865314483643
full_noisy_z_t,293,country__country.00099,country,2,-40.97455978393555,12.79700756072998
full_noisy_z_t,294,country__country.00099,country,2,-40.444496154785156,13.77721881866455
full_noisy_z_t,295,country__country.00099,country,2,-31.866310119628906,-8.514911651611328
full_noisy_z_t,296,country__country.00099,country,2,-40.715702056884766,2.2616829872131348
full_noisy_z_t,297,country__country.00099,country,2,-42.39250183105469,1.0551730394363403
full_noisy_z_t,298,country__country.00099,country,2,-40.615394592285156,0.37013304233551025
full_noisy_z_t,299,country__country.00099,country,2,-42.57266616821289,3.5826618671417236
full_noisy_z_t,300,disco__disco.00000,disco,3,15.863831520080566,31.550691604614258
full_noisy_z_t,301,disco__disco.00000,disco,3,15.986176490783691,34.55361557006836
full_noisy_z_t,302,disco__disco.00000,disco,3,15.485577583312988,30.436805725097656
full_noisy_z_t,303,disco__disco.00000,disco,3,20.55531120300293,23.13071632385254
full_noisy_z_t,304,disco__disco.00000,disco,3,20.9858341217041,22.368059158325195
full_noisy_z_t,305,disco__disco.00000,disco,3,15.637149810791016,33.09096145629883
full_noisy_z_t,306,disco__disco.00000,disco,3,17.01978874206543,31.755020141601562
full_noisy_z_t,307,disco__disco.00000,disco,3,17.073442459106445,31.009075164794922
full_noisy_z_t,308,disco__disco.00000,disco,3,16.309823989868164,29.584243774414062
full_noisy_z_t,309,disco__disco.00003,disco,3,-13.620216369628906,6.702695846557617
full_noisy_z_t,310,disco__disco.00003,disco,3,28.55463409423828,8.275806427001953
full_noisy_z_t,311,disco__disco.00003,disco,3,48.69346618652344,5.257113933563232
full_noisy_z_t,312,disco__disco.00003,disco,3,20.222576141357422,32.95634078979492
full_noisy_z_t,313,disco__disco.00003,disco,3,19.37411117553711,32.80040740966797
full_noisy_z_t,314,disco__disco.00003,disco,3,49.746944427490234,5.106724262237549
full_noisy_z_t,315,disco__disco.00010,disco,3,19.05283546447754,4.883305072784424
full_noisy_z_t,316,disco__disco.00010,disco,3,21.662935256958008,9.945059776306152
full_noisy_z_t,317,disco__disco.00010,disco,3,20.02910041809082,8.432534217834473
full_noisy_z_t,318,disco__disco.00010,disco,3,20.709304809570312,9.647120475769043
full_noisy_z_t,319,disco__disco.00010,disco,3,23.234432220458984,10.457891464233398
full_noisy_z_t,320,disco__disco.00010,disco,3,22.34695816040039,10.194999694824219
full_noisy_z_t,321,disco__disco.00020,disco,3,-11.544029235839844,9.315113067626953
full_noisy_z_t,322,disco__disco.00020,disco,3,54.59394454956055,-11.038504600524902
full_noisy_z_t,323,disco__disco.00020,disco,3,54.76495361328125,-11.368937492370605
full_noisy_z_t,324,disco__disco.00021,disco,3,13.357647895812988,34.207767486572266
full_noisy_z_t,325,disco__disco.00021,disco,3,9.792074203491211,36.750579833984375
full_noisy_z_t,326,disco__disco.00021,disco,3,10.781347274780273,36.54376983642578
full_noisy_z_t,327,disco__disco.00021,disco,3,12.087115287780762,36.12944030761719
full_noisy_z_t,328,disco__disco.00021,disco,3,12.828683853149414,35.10926055908203
full_noisy_z_t,329,disco__disco.00021,disco,3,8.617605209350586,37.96894454956055
full_noisy_z_t,330,disco__disco.00021,disco,3,-0.7670738697052002,-0.13164052367210388
full_noisy_z_t,331,disco__disco.00021,disco,3,11.828742027282715,-3.4349582195281982
full_noisy_z_t,332,disco__disco.00030,disco,3,13.99491024017334,34.933345794677734
full_noisy_z_t,333,disco__disco.00030,disco,3,14.73221206665039,35.11420822143555
full_noisy_z_t,334,disco__disco.00030,disco,3,13.46272087097168,32.57603073120117
full_noisy_z_t,335,disco__disco.00030,disco,3,16.78495979309082,33.24836349487305
full_noisy_z_t,336,disco__disco.00030,disco,3,22.696130752563477,12.698836326599121
full_noisy_z_t,337,disco__disco.00030,disco,3,23.09346580505371,11.944482803344727
full_noisy_z_t,338,disco__disco.00030,disco,3,23.679737091064453,12.00240707397461
full_noisy_z_t,339,disco__disco.00030,disco,3,14.90304183959961,32.363616943359375
full_noisy_z_t,340,disco__disco.00030,disco,3,0.956319272518158,5.905614376068115
full_noisy_z_t,341,disco__disco.00030,disco,3,21.659564971923828,20.680971145629883
full_noisy_z_t,342,disco__disco.00040,disco,3,50.820682525634766,3.8662688732147217
full_noisy_z_t,343,disco__disco.00040,disco,3,54.16685104370117,2.982942581176758
full_noisy_z_t,344,disco__disco.00040,disco,3,52.8548583984375,3.6970767974853516
full_noisy_z_t,345,disco__disco.00040,disco,3,50.99348068237305,4.980576038360596
full_noisy_z_t,346,disco__disco.00040,disco,3,52.576534271240234,2.035496950149536
full_noisy_z_t,347,disco__disco.00040,disco,3,51.85377502441406,4.732074737548828
full_noisy_z_t,348,disco__disco.00044,disco,3,10.480998992919922,37.722774505615234
full_noisy_z_t,349,disco__disco.00044,disco,3,11.09929084777832,36.54722595214844
full_noisy_z_t,350,disco__disco.00044,disco,3,14.799579620361328,-4.217101573944092
full_noisy_z_t,351,disco__disco.00044,disco,3,13.27343463897705,37.25628662109375
full_noisy_z_t,352,disco__disco.00044,disco,3,13.631836891174316,36.72520065307617
full_noisy_z_t,353,disco__disco.00044,disco,3,14.379990577697754,38.29637908935547
full_noisy_z_t,354,disco__disco.00044,disco,3,12.29856014251709,38.03852462768555
full_noisy_z_t,355,disco__disco.00044,disco,3,13.950368881225586,36.20674133300781
full_noisy_z_t,356,disco__disco.00044,disco,3,16.093164443969727,36.937564849853516
full_noisy_z_t,357,disco__disco.00044,disco,3,15.204424858093262,36.02766036987305
full_noisy_z_t,358,disco__disco.00044,disco,3,14.930992126464844,37.5491943359375
full_noisy_z_t,359,disco__disco.00055,disco,3,18.241947174072266,37.25608825683594
full_noisy_z_t,360,disco__disco.00055,disco,3,16.11896324157715,35.60593795776367
full_noisy_z_t,361,disco__disco.00055,disco,3,17.61868667602539,39.519683837890625
full_noisy_z_t,362,disco__disco.00055,disco,3,19.063533782958984,37.92387008666992
full_noisy_z_t,363,disco__disco.00055,disco,3,16.968908309936523,36.13754653930664
full_noisy_z_t,364,disco__disco.00055,disco,3,17.026521682739258,38.18468475341797
full_noisy_z_t,365,disco__disco.00055,disco,3,18.991090774536133,39.584434509277344
full_noisy_z_t,366,disco__disco.00064,disco,3,16.978443145751953,37.785701751708984
full_noisy_z_t,367,disco__disco.00064,disco,3,17.730052947998047,37.05924606323242
full_noisy_z_t,368,disco__disco.00064,disco,3,18.02812385559082,36.21684646606445
full_noisy_z_t,369,disco__disco.00064,disco,3,17.33523941040039,35.15470504760742
full_noisy_z_t,370,disco__disco.00075,disco,3,1.673848271369934,37.99224090576172
full_noisy_z_t,371,disco__disco.00075,disco,3,1.0054808855056763,36.57893371582031
full_noisy_z_t,372,disco__disco.00075,disco,3,2.015784978866577,36.38335037231445
full_noisy_z_t,373,disco__disco.00075,disco,3,-1.2393877506256104,38.14693069458008
full_noisy_z_t,374,disco__disco.00075,disco,3,0.800114095211029,38.47738265991211
full_noisy_z_t,375,disco__disco.00075,disco,3,1.615314245223999,36.677391052246094
full_noisy_z_t,376,disco__disco.00075,disco,3,3.689620018005371,36.71831512451172
full_noisy_z_t,377,disco__disco.00075,disco,3,-0.20306840538978577,37.681278228759766
full_noisy_z_t,378,disco__disco.00084,disco,3,22.667531967163086,22.29414176940918
full_noisy_z_t,379,disco__disco.00084,disco,3,20.003873825073242,39.1768684387207
full_noisy_z_t,380,disco__disco.00084,disco,3,21.49648094177246,36.50602722167969
full_noisy_z_t,381,disco__disco.00084,disco,3,19.243139266967773,36.748435974121094
full_noisy_z_t,382,disco__disco.00084,disco,3,17.829849243164062,38.824581146240234
full_noisy_z_t,383,disco__disco.00084,disco,3,23.01741600036621,39.73778533935547
full_noisy_z_t,384,disco__disco.00084,disco,3,23.792152404785156,39.15621566772461
full_noisy_z_t,385,disco__disco.00093,disco,3,20.077247619628906,35.3547477722168
full_noisy_z_t,386,disco__disco.00093,disco,3,19.919010162353516,36.704010009765625
full_noisy_z_t,387,disco__disco.00093,disco,3,20.398807525634766,37.57762908935547
full_noisy_z_t,388,disco__disco.00093,disco,3,18.770898818969727,35.39562225341797
full_noisy_z_t,389,disco__disco.00093,disco,3,17.901981353759766,33.63127517700195
full_noisy_z_t,390,disco__disco.00093,disco,3,14.84475040435791,38.149147033691406
full_noisy_z_t,391,disco__disco.00094,disco,3,-15.62248420715332,32.6086311340332
full_noisy_z_t,392,disco__disco.00094,disco,3,-0.8182845115661621,36.81123352050781
full_noisy_z_t,393,disco__disco.00094,disco,3,0.11087124794721603,38.18352127075195
full_noisy_z_t,394,disco__disco.00094,disco,3,-15.868947982788086,31.139772415161133
full_noisy_z_t,395,disco__disco.00094,disco,3,-16.803752899169922,31.29164695739746
full_noisy_z_t,396,disco__disco.00095,disco,3,16.367149353027344,37.0678596496582
full_noisy_z_t,397,disco__disco.00095,disco,3,19.653696060180664,38.402462005615234
full_noisy_z_t,398,disco__disco.00095,disco,3,16.447723388671875,38.69621658325195
full_noisy_z_t,399,disco__disco.00095,disco,3,21.148300170898438,39.52301025390625
full_noisy_z_t,400,hiphop__hiphop.00002,hiphop,4,25.273921966552734,23.73776626586914
full_noisy_z_t,401,hiphop__hiphop.00002,hiphop,4,24.033687591552734,22.9696102142334
full_noisy_z_t,402,hiphop__hiphop.00002,hiphop,4,23.172143936157227,21.185550689697266
full_noisy_z_t,403,hiphop__hiphop.00002,hiphop,4,24.5277156829834,23.095300674438477
full_noisy_z_t,404,hiphop__hiphop.00002,hiphop,4,26.1279354095459,21.687952041625977
full_noisy_z_t,405,hiphop__hiphop.00034,hiphop,4,25.544937133789062,11.701481819152832
full_noisy_z_t,406,hiphop__hiphop.00034,hiphop,4,24.388158798217773,9.2416410446167
full_noisy_z_t,407,hiphop__hiphop.00034,hiphop,4,26.04716682434082,13.224611282348633
full_noisy_z_t,408,hiphop__hiphop.00034,hiphop,4,26.48891830444336,12.46873664855957
full_noisy_z_t,409,hiphop__hiphop.00034,hiphop,4,28.60399627685547,15.221043586730957
full_noisy_z_t,410,hiphop__hiphop.00034,hiphop,4,38.69385528564453,13.426334381103516
full_noisy_z_t,411,hiphop__hiphop.00038,hiphop,4,27.3195858001709,9.542064666748047
full_noisy_z_t,412,hiphop__hiphop.00038,hiphop,4,26.981107711791992,9.104299545288086
full_noisy_z_t,413,hiphop__hiphop.00038,hiphop,4,26.490205764770508,8.270633697509766
full_noisy_z_t,414,hiphop__hiphop.00038,hiphop,4,27.40902328491211,8.093786239624023
full_noisy_z_t,415,hiphop__hiphop.00040,hiphop,4,-39.38368606567383,-2.824962854385376
full_noisy_z_t,416,hiphop__hiphop.00040,hiphop,4,-11.47433853149414,-3.8377790451049805
full_noisy_z_t,417,hiphop__hiphop.00040,hiphop,4,2.378748655319214,-1.5934582948684692
full_noisy_z_t,418,hiphop__hiphop.00040,hiphop,4,40.46435546875,-2.0770506858825684
full_noisy_z_t,419,hiphop__hiphop.00040,hiphop,4,39.08880615234375,-2.1350905895233154
full_noisy_z_t,420,hiphop__hiphop.00040,hiphop,4,10.418028831481934,-1.4118143320083618
full_noisy_z_t,421,hiphop__hiphop.00040,hiphop,4,24.493450164794922,4.743408203125
full_noisy_z_t,422,hiphop__hiphop.00042,hiphop,4,39.24032974243164,-0.45406147837638855
full_noisy_z_t,423,hiphop__hiphop.00042,hiphop,4,26.507835388183594,10.915531158447266
full_noisy_z_t,424,hiphop__hiphop.00042,hiphop,4,27.143339157104492,11.406140327453613
full_noisy_z_t,425,hiphop__hiphop.00042,hiphop,4,29.010360717773438,13.379695892333984
full_noisy_z_t,426,hiphop__hiphop.00042,hiphop,4,25.406503677368164,12.625411987304688
full_noisy_z_t,427,hiphop__hiphop.00042,hiphop,4,28.141822814941406,14.27420711517334
full_noisy_z_t,428,hiphop__hiphop.00042,hiphop,4,26.558147430419922,14.822121620178223
full_noisy_z_t,429,hiphop__hiphop.00042,hiphop,4,29.57276153564453,14.430270195007324
full_noisy_z_t,430,hiphop__hiphop.00044,hiphop,4,29.097702026367188,11.210506439208984
full_noisy_z_t,431,hiphop__hiphop.00044,hiphop,4,5.071302890777588,-0.7105956673622131
full_noisy_z_t,432,hiphop__hiphop.00044,hiphop,4,3.6450083255767822,0.11256884783506393
full_noisy_z_t,433,hiphop__hiphop.00044,hiphop,4,3.9345579147338867,-1.706727147102356
full_noisy_z_t,434,hiphop__hiphop.00044,hiphop,4,-15.679330825805664,-29.00736427307129
full_noisy_z_t,435,hiphop__hiphop.00044,hiphop,4,-17.36441421508789,0.9755188822746277
full_noisy_z_t,436,hiphop__hiphop.00044,hiphop,4,-15.979421615600586,1.0652931928634644
full_noisy_z_t,437,hiphop__hiphop.00053,hiphop,4,37.92610549926758,-2.72566819190979
full_noisy_z_t,438,hiphop__hiphop.00053,hiphop,4,16.608219146728516,-3.428462505340576
full_noisy_z_t,439,hiphop__hiphop.00053,hiphop,4,13.675385475158691,-4.5814080238342285
full_noisy_z_t,440,hiphop__hiphop.00053,hiphop,4,13.084613800048828,2.7280993461608887
full_noisy_z_t,441,hiphop__hiphop.00053,hiphop,4,22.483816146850586,8.946305274963379
full_noisy_z_t,442,hiphop__hiphop.00053,hiphop,4,22.807262420654297,16.935213088989258
full_noisy_z_t,443,hiphop__hiphop.00053,hiphop,4,21.518278121948242,17.28631019592285
full_noisy_z_t,444,hiphop__hiphop.00053,hiphop,4,23.145816802978516,19.942373275756836
full_noisy_z_t,445,hiphop__hiphop.00053,hiphop,4,21.572738647460938,13.129302978515625
full_noisy_z_t,446,hiphop__hiphop.00076,hiphop,4,28.063156127929688,12.27451229095459
full_noisy_z_t,447,hiphop__hiphop.00076,hiphop,4,25.318592071533203,16.22223663330078
full_noisy_z_t,448,hiphop__hiphop.00076,hiphop,4,28.757898330688477,16.077617645263672
full_noisy_z_t,449,hiphop__hiphop.00076,hiphop,4,27.701074600219727,15.922149658203125
full_noisy_z_t,450,hiphop__hiphop.00076,hiphop,4,27.131994247436523,13.940936088562012
full_noisy_z_t,451,hiphop__hiphop.00076,hiphop,4,27.43054962158203,15.157024383544922
full_noisy_z_t,452,hiphop__hiphop.00079,hiphop,4,25.167509078979492,10.255485534667969
full_noisy_z_t,453,hiphop__hiphop.00079,hiphop,4,21.932703018188477,-0.3172335922718048
full_noisy_z_t,454,hiphop__hiphop.00079,hiphop,4,22.454097747802734,4.37751579284668
full_noisy_z_t,455,hiphop__hiphop.00079,hiphop,4,24.92238998413086,6.972269535064697
full_noisy_z_t,456,hiphop__hiphop.00079,hiphop,4,24.701343536376953,2.2709250450134277
full_noisy_z_t,457,hiphop__hiphop.00079,hiphop,4,22.771434783935547,2.7689032554626465
full_noisy_z_t,458,hiphop__hiphop.00079,hiphop,4,20.81562614440918,0.6077732443809509
full_noisy_z_t,459,hiphop__hiphop.00079,hiphop,4,21.22161293029785,1.6799955368041992
full_noisy_z_t,460,hiphop__hiphop.00082,hiphop,4,24.539342880249023,12.961775779724121
full_noisy_z_t,461,hiphop__hiphop.00082,hiphop,4,29.48516845703125,23.563261032104492
full_noisy_z_t,462,hiphop__hiphop.00082,hiphop,4,28.169240951538086,20.532245635986328
full_noisy_z_t,463,hiphop__hiphop.00082,hiphop,4,28.74576187133789,21.69874382019043
full_noisy_z_t,464,hiphop__hiphop.00082,hiphop,4,24.136028289794922,14.718523979187012
full_noisy_z_t,465,hiphop__hiphop.00082,hiphop,4,26.037891387939453,14.380206108093262
full_noisy_z_t,466,hiphop__hiphop.00087,hiphop,4,27.0900821685791,17.65651512145996
full_noisy_z_t,467,hiphop__hiphop.00087,hiphop,4,27.08806610107422,16.74282455444336
full_noisy_z_t,468,hiphop__hiphop.00087,hiphop,4,25.230106353759766,14.971531867980957
full_noisy_z_t,469,hiphop__hiphop.00087,hiphop,4,24.982316970825195,17.33527946472168
full_noisy_z_t,470,hiphop__hiphop.00087,hiphop,4,24.855247497558594,17.96073341369629
full_noisy_z_t,471,hiphop__hiphop.00087,hiphop,4,26.22803497314453,17.159143447875977
full_noisy_z_t,472,hiphop__hiphop.00087,hiphop,4,29.302358627319336,16.855453491210938
full_noisy_z_t,473,hiphop__hiphop.00089,hiphop,4,28.861858367919922,18.481674194335938
full_noisy_z_t,474,hiphop__hiphop.00089,hiphop,4,27.480398178100586,19.143930435180664
full_noisy_z_t,475,hiphop__hiphop.00089,hiphop,4,23.281522750854492,13.649762153625488
full_noisy_z_t,476,hiphop__hiphop.00089,hiphop,4,24.055421829223633,13.673502922058105
full_noisy_z_t,477,hiphop__hiphop.00089,hiphop,4,23.41329574584961,18.658369064331055
full_noisy_z_t,478,hiphop__hiphop.00093,hiphop,4,-6.799179553985596,53.6541748046875
full_noisy_z_t,479,hiphop__hiphop.00093,hiphop,4,-7.0575737953186035,53.43635559082031
full_noisy_z_t,480,hiphop__hiphop.00093,hiphop,4,-7.523715972900391,49.94208526611328
full_noisy_z_t,481,hiphop__hiphop.00093,hiphop,4,-7.2776780128479,50.080665588378906
full_noisy_z_t,482,hiphop__hiphop.00093,hiphop,4,-6.502508640289307,49.35395812988281
full_noisy_z_t,483,hiphop__hiphop.00093,hiphop,4,-7.404998302459717,48.82322692871094
full_noisy_z_t,484,hiphop__hiphop.00093,hiphop,4,-7.748761177062988,49.575584411621094
full_noisy_z_t,485,hiphop__hiphop.00093,hiphop,4,-8.366083145141602,50.3253059387207
full_noisy_z_t,486,hiphop__hiphop.00093,hiphop,4,-7.810473442077637,48.56002426147461
full_noisy_z_t,487,hiphop__hiphop.00094,hiphop,4,30.589351654052734,24.699491500854492
full_noisy_z_t,488,hiphop__hiphop.00094,hiphop,4,27.700843811035156,23.296958923339844
full_noisy_z_t,489,hiphop__hiphop.00094,hiphop,4,31.952054977416992,24.66199493408203
full_noisy_z_t,490,hiphop__hiphop.00094,hiphop,4,29.93671989440918,21.56476402282715
full_noisy_z_t,491,hiphop__hiphop.00094,hiphop,4,30.140058517456055,24.948787689208984
full_noisy_z_t,492,hiphop__hiphop.00098,hiphop,4,25.581693649291992,19.997406005859375
full_noisy_z_t,493,hiphop__hiphop.00098,hiphop,4,26.24272346496582,18.830352783203125
full_noisy_z_t,494,hiphop__hiphop.00098,hiphop,4,30.19178581237793,22.859710693359375
full_noisy_z_t,495,hiphop__hiphop.00098,hiphop,4,30.582416534423828,23.105798721313477
full_noisy_z_t,496,hiphop__hiphop.00098,hiphop,4,28.79519271850586,22.17241668701172
full_noisy_z_t,497,hiphop__hiphop.00098,hiphop,4,29.695987701416016,19.727222442626953
full_noisy_z_t,498,hiphop__hiphop.00098,hiphop,4,28.320945739746094,17.277326583862305
full_noisy_z_t,499,hiphop__hiphop.00098,hiphop,4,27.55481719970703,13.109073638916016
full_noisy_z_t,500,jazz__jazz.00033,jazz,5,-17.409414291381836,-35.89646911621094
full_noisy_z_t,501,jazz__jazz.00033,jazz,5,-11.694975852966309,-40.33209228515625
full_noisy_z_t,502,jazz__jazz.00033,jazz,5,-15.767887115478516,-37.26589584350586
full_noisy_z_t,503,jazz__jazz.00033,jazz,5,-18.816707611083984,-38.30349349975586
full_noisy_z_t,504,jazz__jazz.00033,jazz,5,-14.103828430175781,-38.14054489135742
full_noisy_z_t,505,jazz__jazz.00033,jazz,5,-17.468198776245117,-42.80736541748047
full_noisy_z_t,506,jazz__jazz.00041,jazz,5,-16.497989654541016,-38.436988830566406
full_noisy_z_t,507,jazz__jazz.00041,jazz,5,-14.53161907196045,-40.175682067871094
full_noisy_z_t,508,jazz__jazz.00041,jazz,5,-14.559073448181152,-43.13373947143555
full_noisy_z_t,509,jazz__jazz.00041,jazz,5,-17.152618408203125,-41.48660659790039
full_noisy_z_t,510,jazz__jazz.00041,jazz,5,-21.41012954711914,-37.43501663208008
full_noisy_z_t,511,jazz__jazz.00041,jazz,5,-15.68910026550293,-40.560768127441406
full_noisy_z_t,512,jazz__jazz.00041,jazz,5,-17.852081298828125,-40.5221061706543
full_noisy_z_t,513,jazz__jazz.00041,jazz,5,-19.061176300048828,-36.67805099487305
full_noisy_z_t,514,jazz__jazz.00041,jazz,5,-13.873316764831543,-41.80750274658203
full_noisy_z_t,515,jazz__jazz.00041,jazz,5,-13.287856101989746,-40.530574798583984
full_noisy_z_t,516,jazz__jazz.00046,jazz,5,-16.524131774902344,-40.86908721923828
full_noisy_z_t,517,jazz__jazz.00046,jazz,5,-21.05661964416504,-38.662593841552734
full_noisy_z_t,518,jazz__jazz.00046,jazz,5,-11.06836223602295,-39.00514221191406
full_noisy_z_t,519,jazz__jazz.00046,jazz,5,-19.312503814697266,-39.125179290771484
full_noisy_z_t,520,jazz__jazz.00046,jazz,5,-21.214527130126953,-34.84385299682617
full_noisy_z_t,521,jazz__jazz.00046,jazz,5,-16.133039474487305,-43.09759521484375
full_noisy_z_t,522,jazz__jazz.00046,jazz,5,-15.566239356994629,-42.1409912109375
full_noisy_z_t,523,jazz__jazz.00046,jazz,5,-15.095444679260254,-41.44380187988281
full_noisy_z_t,524,jazz__jazz.00048,jazz,5,-18.94043731689453,-34.37205123901367
full_noisy_z_t,525,jazz__jazz.00048,jazz,5,-16.259822845458984,-37.79103469848633
full_noisy_z_t,526,jazz__jazz.00048,jazz,5,-9.8656644821167,-38.03358459472656
full_noisy_z_t,527,jazz__jazz.00048,jazz,5,-15.33986759185791,-39.80946731567383
full_noisy_z_t,528,jazz__jazz.00048,jazz,5,-14.775357246398926,-37.70945739746094
full_noisy_z_t,529,jazz__jazz.00048,jazz,5,-17.149993896484375,-37.9286994934082
full_noisy_z_t,530,jazz__jazz.00048,jazz,5,-18.1092472076416,-28.067251205444336
full_noisy_z_t,531,jazz__jazz.00048,jazz,5,-11.585616111755371,-41.41423797607422
full_noisy_z_t,532,jazz__jazz.00050,jazz,5,22.11842155456543,16.06603240966797
full_noisy_z_t,533,jazz__jazz.00050,jazz,5,20.23715591430664,18.882783889770508
full_noisy_z_t,534,jazz__jazz.00050,jazz,5,20.436134338378906,15.49522590637207
full_noisy_z_t,535,jazz__jazz.00050,jazz,5,20.043964385986328,15.093940734863281
full_noisy_z_t,536,jazz__jazz.00050,jazz,5,18.961231231689453,12.678959846496582
full_noisy_z_t,537,jazz__jazz.00050,jazz,5,21.666162490844727,14.914392471313477
full_noisy_z_t,538,jazz__jazz.00050,jazz,5,19.832889556884766,16.458690643310547
full_noisy_z_t,539,jazz__jazz.00050,jazz,5,18.183935165405273,14.04617977142334
full_noisy_z_t,540,jazz__jazz.00050,jazz,5,18.585346221923828,13.20661449432373
full_noisy_z_t,541,jazz__jazz.00059,jazz,5,-17.270790100097656,-38.67306137084961
full_noisy_z_t,542,jazz__jazz.00059,jazz,5,24.28917121887207,15.826934814453125
full_noisy_z_t,543,jazz__jazz.00060,jazz,5,-18.011728286743164,-38.42408752441406
full_noisy_z_t,544,jazz__jazz.00060,jazz,5,-12.289530754089355,-34.862884521484375
full_noisy_z_t,545,jazz__jazz.00060,jazz,5,-13.563507080078125,-34.70690155029297
full_noisy_z_t,546,jazz__jazz.00060,jazz,5,-18.46263885498047,-35.626705169677734
full_noisy_z_t,547,jazz__jazz.00060,jazz,5,-18.173839569091797,-37.55156326293945
full_noisy_z_t,548,jazz__jazz.00060,jazz,5,-21.849185943603516,-36.07093048095703
full_noisy_z_t,549,jazz__jazz.00071,jazz,5,-18.518274307250977,-39.85746765136719
full_noisy_z_t,550,jazz__jazz.00071,jazz,5,-13.94467544555664,-39.019039154052734
full_noisy_z_t,551,jazz__jazz.00071,jazz,5,-19.8187255859375,-38.35026931762695
full_noisy_z_t,552,jazz__jazz.00071,jazz,5,-15.721975326538086,-44.48946762084961
full_noisy_z_t,553,jazz__jazz.00071,jazz,5,-22.59252166748047,-38.09605407714844
full_noisy_z_t,554,jazz__jazz.00071,jazz,5,-23.177297592163086,-36.24033737182617
full_noisy_z_t,555,jazz__jazz.00071,jazz,5,-22.903837203979492,-36.06704330444336
full_noisy_z_t,556,jazz__jazz.00081,jazz,5,-19.997217178344727,-33.586185455322266
full_noisy_z_t,557,jazz__jazz.00081,jazz,5,-17.530088424682617,-31.0181827545166
full_noisy_z_t,558,jazz__jazz.00081,jazz,5,-16.90918731689453,-31.124841690063477
full_noisy_z_t,559,jazz__jazz.00081,jazz,5,-18.073020935058594,-32.79404067993164
full_noisy_z_t,560,jazz__jazz.00081,jazz,5,-18.408933639526367,-31.13019371032715
full_noisy_z_t,561,jazz__jazz.00081,jazz,5,-18.12969398498535,-36.398582458496094
full_noisy_z_t,562,jazz__jazz.00081,jazz,5,-12.247357368469238,-37.2111930847168
full_noisy_z_t,563,jazz__jazz.00081,jazz,5,-21.584224700927734,-32.294368743896484
full_noisy_z_t,564,jazz__jazz.00081,jazz,5,-16.634862899780273,-33.16745376586914
full_noisy_z_t,565,jazz__jazz.00084,jazz,5,-15.439413070678711,-35.96034622192383
full_noisy_z_t,566,jazz__jazz.00084,jazz,5,-14.342592239379883,-33.8366584777832
full_noisy_z_t,567,jazz__jazz.00084,jazz,5,-16.09907341003418,-36.47745132446289
full_noisy_z_t,568,jazz__jazz.00084,jazz,5,-14.515485763549805,-35.60121536254883
full_noisy_z_t,569,jazz__jazz.00084,jazz,5,-12.980982780456543,-38.487186431884766
full_noisy_z_t,570,jazz__jazz.00084,jazz,5,-11.423227310180664,-36.06016540527344
full_noisy_z_t,571,jazz__jazz.00084,jazz,5,-12.394028663635254,-39.23149490356445
full_noisy_z_t,572,jazz__jazz.00084,jazz,5,-13.249211311340332,-36.13143539428711
full_noisy_z_t,573,jazz__jazz.00086,jazz,5,-17.38776397705078,-44.18563461303711
full_noisy_z_t,574,jazz__jazz.00086,jazz,5,-14.167853355407715,-36.66413497924805
full_noisy_z_t,575,jazz__jazz.00086,jazz,5,-15.398372650146484,-34.2552375793457
full_noisy_z_t,576,jazz__jazz.00086,jazz,5,-11.75300121307373,-37.4841423034668
full_noisy_z_t,577,jazz__jazz.00086,jazz,5,-18.918771743774414,-31.28260612487793
full_noisy_z_t,578,jazz__jazz.00091,jazz,5,-14.656086921691895,-39.15805435180664
full_noisy_z_t,579,jazz__jazz.00091,jazz,5,-6.476731777191162,-42.25535583496094
full_noisy_z_t,580,jazz__jazz.00092,jazz,5,-12.773744583129883,-43.27364730834961
full_noisy_z_t,581,jazz__jazz.00092,jazz,5,-16.081504821777344,-39.59699630737305
full_noisy_z_t,582,jazz__jazz.00092,jazz,5,-15.213312149047852,-38.243324279785156
full_noisy_z_t,583,jazz__jazz.00092,jazz,5,-6.296846866607666,-43.91935348510742
full_noisy_z_t,584,jazz__jazz.00092,jazz,5,-12.082296371459961,-33.653289794921875
full_noisy_z_t,585,jazz__jazz.00092,jazz,5,-12.569499015808105,-43.00776290893555
full_noisy_z_t,586,jazz__jazz.00092,jazz,5,-9.505748748779297,-42.72900390625
full_noisy_z_t,587,jazz__jazz.00096,jazz,5,-10.470934867858887,-40.711055755615234
full_noisy_z_t,588,jazz__jazz.00096,jazz,5,-16.891477584838867,-40.12019348144531
full_noisy_z_t,589,jazz__jazz.00096,jazz,5,-19.092065811157227,-37.47808837890625
full_noisy_z_t,590,jazz__jazz.00096,jazz,5,-16.87022590637207,-36.20964431762695
full_noisy_z_t,591,jazz__jazz.00096,jazz,5,-16.78723907470703,-34.73707580566406
full_noisy_z_t,592,jazz__jazz.00096,jazz,5,-15.652237892150879,-38.98843765258789
full_noisy_z_t,593,jazz__jazz.00096,jazz,5,-17.62108612060547,-39.74873733520508
full_noisy_z_t,594,jazz__jazz.00096,jazz,5,-16.68614959716797,-39.13967514038086
full_noisy_z_t,595,jazz__jazz.00096,jazz,5,-13.458599090576172,-37.40550994873047
full_noisy_z_t,596,jazz__jazz.00096,jazz,5,-15.1682767868042,-36.832881927490234
full_noisy_z_t,597,jazz__jazz.00099,jazz,5,-18.387453079223633,-39.14691162109375
full_noisy_z_t,598,jazz__jazz.00099,jazz,5,-17.73784828186035,-34.80198287963867
full_noisy_z_t,599,jazz__jazz.00099,jazz,5,-16.23029136657715,-35.49197769165039
full_noisy_z_t,600,metal__metal.00002,metal,6,-16.88377571105957,40.55573272705078
full_noisy_z_t,601,metal__metal.00002,metal,6,-16.67400550842285,35.79150390625
full_noisy_z_t,602,metal__metal.00002,metal,6,-16.654788970947266,34.41704559326172
full_noisy_z_t,603,metal__metal.00002,metal,6,-16.426563262939453,38.085174560546875
full_noisy_z_t,604,metal__metal.00002,metal,6,-15.784512519836426,38.789756774902344
full_noisy_z_t,605,metal__metal.00002,metal,6,-15.20174503326416,37.60911178588867
full_noisy_z_t,606,metal__metal.00002,metal,6,-14.800590515136719,38.438385009765625
full_noisy_z_t,607,metal__metal.00002,metal,6,-14.849343299865723,34.410457611083984
full_noisy_z_t,608,metal__metal.00002,metal,6,-18.47430419921875,35.8389892578125
full_noisy_z_t,609,metal__metal.00004,metal,6,-10.855298042297363,49.10001754760742
full_noisy_z_t,610,metal__metal.00004,metal,6,-12.894128799438477,47.04380798339844
full_noisy_z_t,611,metal__metal.00004,metal,6,-11.63037109375,48.17655563354492
full_noisy_z_t,612,metal__metal.00004,metal,6,-12.819247245788574,48.4551887512207
full_noisy_z_t,613,metal__metal.00004,metal,6,-11.279025077819824,47.97611999511719
full_noisy_z_t,614,metal__metal.00004,metal,6,-11.769647598266602,47.6834831237793
full_noisy_z_t,615,metal__metal.00004,metal,6,-12.860734939575195,47.6392936706543
full_noisy_z_t,616,metal__metal.00012,metal,6,-11.814009666442871,49.227622985839844
full_noisy_z_t,617,metal__metal.00012,metal,6,-11.615769386291504,44.47438049316406
full_noisy_z_t,618,metal__metal.00012,metal,6,-10.414639472961426,46.17887878417969
full_noisy_z_t,619,metal__metal.00012,metal,6,-15.122321128845215,46.175025939941406
full_noisy_z_t,620,metal__metal.00012,metal,6,-12.688519477844238,45.93991470336914
full_noisy_z_t,621,metal__metal.00012,metal,6,-10.369589805603027,48.12125015258789
full_noisy_z_t,622,metal__metal.00012,metal,6,-10.651294708251953,45.553733825683594
full_noisy_z_t,623,metal__metal.00012,metal,6,-13.323265075683594,43.59297180175781
full_noisy_z_t,624,metal__metal.00022,metal,6,-19.165340423583984,36.84773635864258
full_noisy_z_t,625,metal__metal.00022,metal,6,-20.094921112060547,37.73208999633789
full_noisy_z_t,626,metal__metal.00022,metal,6,-18.028911590576172,38.37528991699219
full_noisy_z_t,627,metal__metal.00022,metal,6,-21.70244789123535,33.40474319458008
full_noisy_z_t,628,metal__metal.00022,metal,6,-24.996139526367188,33.657955169677734
full_noisy_z_t,629,metal__metal.00022,metal,6,-20.24034881591797,32.003726959228516
full_noisy_z_t,630,metal__metal.00022,metal,6,-22.2497615814209,32.53387451171875
full_noisy_z_t,631,metal__metal.00022,metal,6,-22.21163558959961,33.040470123291016
full_noisy_z_t,632,metal__metal.00024,metal,6,-26.447952270507812,47.79379653930664
full_noisy_z_t,633,metal__metal.00024,metal,6,-17.563936233520508,41.712486267089844
full_noisy_z_t,634,metal__metal.00024,metal,6,-18.71478843688965,43.835121154785156
full_noisy_z_t,635,metal__metal.00024,metal,6,-16.798625946044922,43.505123138427734
full_noisy_z_t,636,metal__metal.00024,metal,6,-17.605060577392578,37.573551177978516
full_noisy_z_t,637,metal__metal.00024,metal,6,-16.057077407836914,39.557960510253906
full_noisy_z_t,638,metal__metal.00024,metal,6,-17.079587936401367,38.78608322143555
full_noisy_z_t,639,metal__metal.00024,metal,6,-19.181415557861328,39.1932373046875
full_noisy_z_t,640,metal__metal.00030,metal,6,-3.6763079166412354,15.484984397888184
full_noisy_z_t,641,metal__metal.00030,metal,6,-4.261735916137695,15.85146713256836
full_noisy_z_t,642,metal__metal.00030,metal,6,-3.1974196434020996,15.537981033325195
full_noisy_z_t,643,metal__metal.00030,metal,6,-18.214811325073242,39.53853225708008
full_noisy_z_t,644,metal__metal.00030,metal,6,-18.525346755981445,38.05620193481445
full_noisy_z_t,645,metal__metal.00049,metal,6,-16.889774322509766,45.06477737426758
full_noisy_z_t,646,metal__metal.00049,metal,6,-15.753539085388184,44.145912170410156
full_noisy_z_t,647,metal__metal.00049,metal,6,-17.860958099365234,45.37540817260742
full_noisy_z_t,648,metal__metal.00049,metal,6,-16.986026763916016,46.60770034790039
full_noisy_z_t,649,metal__metal.00049,metal,6,-23.491647720336914,48.89189529418945
full_noisy_z_t,650,metal__metal.00049,metal,6,-16.854385375976562,44.35945510864258
full_noisy_z_t,651,metal__metal.00049,metal,6,-20.613664627075195,47.58172607421875
full_noisy_z_t,652,metal__metal.00049,metal,6,-16.589399337768555,46.22903823852539
full_noisy_z_t,653,metal__metal.00049,metal,6,-15.189295768737793,44.734642028808594
full_noisy_z_t,654,metal__metal.00051,metal,6,-19.555240631103516,45.17057418823242
full_noisy_z_t,655,metal__metal.00051,metal,6,-18.510231018066406,44.208526611328125
full_noisy_z_t,656,metal__metal.00051,metal,6,-13.662199020385742,44.72996139526367
full_noisy_z_t,657,metal__metal.00051,metal,6,-13.718408584594727,45.766597747802734
full_noisy_z_t,658,metal__metal.00051,metal,6,-15.989801406860352,41.80962371826172
full_noisy_z_t,659,metal__metal.00051,metal,6,-14.51072883605957,44.31725311279297
full_noisy_z_t,660,metal__metal.00051,metal,6,-12.745620727539062,44.89063262939453
full_noisy_z_t,661,metal__metal.00051,metal,6,-14.930342674255371,47.44727325439453
full_noisy_z_t,662,metal__metal.00052,metal,6,-15.050395011901855,42.8040885925293
full_noisy_z_t,663,metal__metal.00052,metal,6,-13.976238250732422,46.48051834106445
full_noisy_z_t,664,metal__metal.00052,metal,6,-17.374778747558594,44.15896987915039
full_noisy_z_t,665,metal__metal.00052,metal,6,-7.585085391998291,43.259456634521484
full_noisy_z_t,666,metal__metal.00052,metal,6,-7.477727890014648,43.21457290649414
full_noisy_z_t,667,metal__metal.00056,metal,6,-18.038455963134766,46.67691421508789
full_noisy_z_t,668,metal__metal.00056,metal,6,-16.406904220581055,45.4058723449707
full_noisy_z_t,669,metal__metal.00056,metal,6,-17.7855224609375,46.3910026550293
full_noisy_z_t,670,metal__metal.00056,metal,6,-18.78215980529785,45.99889373779297
full_noisy_z_t,671,metal__metal.00056,metal,6,-15.57656192779541,45.42876052856445
full_noisy_z_t,672,metal__metal.00056,metal,6,-18.347015380859375,44.97193908691406
full_noisy_z_t,673,metal__metal.00069,metal,6,-12.081636428833008,46.453922271728516
full_noisy_z_t,674,metal__metal.00069,metal,6,-10.015216827392578,48.940731048583984
full_noisy_z_t,675,metal__metal.00069,metal,6,2.8338088989257812,38.30459213256836
full_noisy_z_t,676,metal__metal.00069,metal,6,46.95115280151367,2.0475711822509766
full_noisy_z_t,677,metal__metal.00069,metal,6,-8.056604385375977,47.46382141113281
full_noisy_z_t,678,metal__metal.00069,metal,6,-16.02535629272461,40.94099044799805
full_noisy_z_t,679,metal__metal.00069,metal,6,-15.26252269744873,40.43742752075195
full_noisy_z_t,680,metal__metal.00091,metal,6,-21.325790405273438,12.939105033874512
full_noisy_z_t,681,metal__metal.00091,metal,6,-20.527769088745117,13.05712604522705
full_noisy_z_t,682,metal__metal.00091,metal,6,-20.435457229614258,12.085489273071289
full_noisy_z_t,683,metal__metal.00091,metal,6,-15.113140106201172,7.15891170501709
full_noisy_z_t,684,metal__metal.00091,metal,6,-19.388912200927734,7.817653179168701
full_noisy_z_t,685,metal__metal.00091,metal,6,-15.174812316894531,8.479072570800781
full_noisy_z_t,686,metal__metal.00092,metal,6,-14.92946720123291,36.931419372558594
full_noisy_z_t,687,metal__metal.00092,metal,6,-18.315746307373047,33.29781723022461
full_noisy_z_t,688,metal__metal.00092,metal,6,-18.323766708374023,33.08610916137695
full_noisy_z_t,689,metal__metal.00092,metal,6,-18.319189071655273,31.934566497802734
full_noisy_z_t,690,metal__metal.00092,metal,6,-18.703052520751953,34.41983413696289
full_noisy_z_t,691,metal__metal.00092,metal,6,-8.151649475097656,46.103919982910156
full_noisy_z_t,692,metal__metal.00096,metal,6,-9.064757347106934,49.57790756225586
full_noisy_z_t,693,metal__metal.00096,metal,6,-15.927419662475586,47.366024017333984
full_noisy_z_t,694,metal__metal.00097,metal,6,-47.594547271728516,-1.0797021389007568
full_noisy_z_t,695,metal__metal.00097,metal,6,-46.849090576171875,7.047828674316406
full_noisy_z_t,696,metal__metal.00097,metal,6,-9.260186195373535,45.0094108581543
full_noisy_z_t,697,metal__metal.00097,metal,6,-9.877113342285156,47.28947067260742
full_noisy_z_t,698,metal__metal.00097,metal,6,-11.191034317016602,46.978267669677734
full_noisy_z_t,699,metal__metal.00097,metal,6,-11.382160186767578,43.175594329833984
full_noisy_z_t,700,pop__pop.00003,pop,7,16.946578979492188,3.249831438064575
full_noisy_z_t,701,pop__pop.00003,pop,7,16.23925018310547,-4.620064735412598
full_noisy_z_t,702,pop__pop.00003,pop,7,17.086410522460938,-4.177130222320557
full_noisy_z_t,703,pop__pop.00003,pop,7,17.799556732177734,6.085850238800049
full_noisy_z_t,704,pop__pop.00003,pop,7,23.392587661743164,5.291727542877197
full_noisy_z_t,705,pop__pop.00003,pop,7,15.418184280395508,3.8170344829559326
full_noisy_z_t,706,pop__pop.00003,pop,7,15.459092140197754,3.980916976928711
full_noisy_z_t,707,pop__pop.00007,pop,7,5.855226993560791,-0.2939583957195282
full_noisy_z_t,708,pop__pop.00007,pop,7,41.73064422607422,-3.8975930213928223
full_noisy_z_t,709,pop__pop.00007,pop,7,4.811211109161377,-1.4056740999221802
full_noisy_z_t,710,pop__pop.00007,pop,7,5.83980655670166,-2.506739854812622
full_noisy_z_t,711,pop__pop.00007,pop,7,6.782301902770996,-4.350345134735107
full_noisy_z_t,712,pop__pop.00007,pop,7,53.9322509765625,-12.769654273986816
full_noisy_z_t,713,pop__pop.00007,pop,7,-13.25826358795166,0.7851422429084778
full_noisy_z_t,714,pop__pop.00007,pop,7,-12.700460433959961,0.015302061103284359
full_noisy_z_t,715,pop__pop.00015,pop,7,9.973343849182129,-0.3106575608253479
full_noisy_z_t,716,pop__pop.00015,pop,7,14.569121360778809,-2.0964014530181885
full_noisy_z_t,717,pop__pop.00015,pop,7,16.843400955200195,-1.4562488794326782
full_noisy_z_t,718,pop__pop.00015,pop,7,11.262444496154785,-2.3588616847991943
full_noisy_z_t,719,pop__pop.00015,pop,7,15.730095863342285,0.8343325853347778
full_noisy_z_t,720,pop__pop.00015,pop,7,15.599872589111328,-0.6210477352142334
full_noisy_z_t,721,pop__pop.00021,pop,7,19.940711975097656,-1.8935894966125488
full_noisy_z_t,722,pop__pop.00021,pop,7,18.809389114379883,-2.6839988231658936
full_noisy_z_t,723,pop__pop.00021,pop,7,14.627610206604004,1.567935824394226
full_noisy_z_t,724,pop__pop.00021,pop,7,10.003693580627441,2.0111963748931885
full_noisy_z_t,725,pop__pop.00021,pop,7,19.005247116088867,3.0680317878723145
full_noisy_z_t,726,pop__pop.00021,pop,7,18.78217124938965,-0.23313958942890167
full_noisy_z_t,727,pop__pop.00021,pop,7,18.59001350402832,0.9467188119888306
full_noisy_z_t,728,pop__pop.00021,pop,7,17.22321128845215,-0.009231973439455032
full_noisy_z_t,729,pop__pop.00028,pop,7,20.376995086669922,2.5694382190704346
full_noisy_z_t,730,pop__pop.00028,pop,7,20.680150985717773,3.400287628173828
full_noisy_z_t,731,pop__pop.00028,pop,7,13.14744758605957,-2.506152391433716
full_noisy_z_t,732,pop__pop.00028,pop,7,20.28546714782715,4.481672286987305
full_noisy_z_t,733,pop__pop.00028,pop,7,20.778135299682617,7.332685470581055
full_noisy_z_t,734,pop__pop.00028,pop,7,18.82655906677246,-1.2919998168945312
full_noisy_z_t,735,pop__pop.00029,pop,7,14.28331184387207,-0.8946545720100403
full_noisy_z_t,736,pop__pop.00029,pop,7,13.162854194641113,0.3687538802623749
full_noisy_z_t,737,pop__pop.00029,pop,7,40.296226501464844,-0.3186990022659302
full_noisy_z_t,738,pop__pop.00029,pop,7,15.684415817260742,-1.8419290781021118
full_noisy_z_t,739,pop__pop.00029,pop,7,13.363420486450195,-0.016674252226948738
full_noisy_z_t,740,pop__pop.00029,pop,7,12.760196685791016,-1.6342915296554565
full_noisy_z_t,741,pop__pop.00029,pop,7,13.313251495361328,-1.5003739595413208
full_noisy_z_t,742,pop__pop.00029,pop,7,13.9116849899292,-0.5158988237380981
full_noisy_z_t,743,pop__pop.00033,pop,7,19.797536849975586,3.7882344722747803
full_noisy_z_t,744,pop__pop.00033,pop,7,21.805334091186523,6.2439680099487305
full_noisy_z_t,745,pop__pop.00033,pop,7,23.0367488861084,7.485952854156494
full_noisy_z_t,746,pop__pop.00033,pop,7,21.968822479248047,3.730112075805664
full_noisy_z_t,747,pop__pop.00033,pop,7,21.279563903808594,4.728265762329102
full_noisy_z_t,748,pop__pop.00033,pop,7,22.437402725219727,11.445611000061035
full_noisy_z_t,749,pop__pop.00033,pop,7,20.78266143798828,5.723453998565674
full_noisy_z_t,750,pop__pop.00033,pop,7,22.184356689453125,5.334598541259766
full_noisy_z_t,751,pop__pop.00034,pop,7,19.742136001586914,-0.6535540819168091
full_noisy_z_t,752,pop__pop.00034,pop,7,21.445228576660156,-0.2666371166706085
full_noisy_z_t,753,pop__pop.00034,pop,7,20.029199600219727,1.6369913816452026
full_noisy_z_t,754,pop__pop.00034,pop,7,21.716333389282227,2.5627737045288086
full_noisy_z_t,755,pop__pop.00034,pop,7,11.324869155883789,-1.8267008066177368
full_noisy_z_t,756,pop__pop.00034,pop,7,16.79831314086914,1.4656111001968384
full_noisy_z_t,757,pop__pop.00034,pop,7,19.70767593383789,0.5271889567375183
full_noisy_z_t,758,pop__pop.00035,pop,7,17.841373443603516,-2.169172763824463
full_noisy_z_t,759,pop__pop.00035,pop,7,14.05871868133545,-5.561714172363281
full_noisy_z_t,760,pop__pop.00035,pop,7,15.214190483093262,-6.618284702301025
full_noisy_z_t,761,pop__pop.00035,pop,7,11.045455932617188,-0.09868840873241425
full_noisy_z_t,762,pop__pop.00035,pop,7,11.126887321472168,-4.072894096374512
full_noisy_z_t,763,pop__pop.00038,pop,7,25.153905868530273,8.512764930725098
full_noisy_z_t,764,pop__pop.00038,pop,7,18.052148818969727,2.0734665393829346
full_noisy_z_t,765,pop__pop.00038,pop,7,23.68263053894043,3.390714645385742
full_noisy_z_t,766,pop__pop.00038,pop,7,22.918170928955078,0.3129836320877075
full_noisy_z_t,767,pop__pop.00039,pop,7,11.841994285583496,1.3419870138168335
full_noisy_z_t,768,pop__pop.00039,pop,7,12.390952110290527,-2.5938925743103027
full_noisy_z_t,769,pop__pop.00039,pop,7,14.02846908569336,-2.743861198425293
full_noisy_z_t,770,pop__pop.00039,pop,7,12.328255653381348,0.2227572798728943
full_noisy_z_t,771,pop__pop.00039,pop,7,13.351655006408691,-3.3407626152038574
full_noisy_z_t,772,pop__pop.00039,pop,7,12.573034286499023,-4.139256477355957
full_noisy_z_t,773,pop__pop.00039,pop,7,12.405444145202637,-1.637993574142456
full_noisy_z_t,774,pop__pop.00039,pop,7,12.037519454956055,-0.9981928467750549
full_noisy_z_t,775,pop__pop.00045,pop,7,26.4544677734375,16.181787490844727
full_noisy_z_t,776,pop__pop.00045,pop,7,33.340858459472656,3.4894766807556152
full_noisy_z_t,777,pop__pop.00045,pop,7,22.109127044677734,-2.0102760791778564
full_noisy_z_t,778,pop__pop.00045,pop,7,26.19686508178711,3.563199043273926
full_noisy_z_t,779,pop__pop.00045,pop,7,20.83582305908203,-1.667074203491211
full_noisy_z_t,780,pop__pop.00049,pop,7,9.148021697998047,-6.284879684448242
full_noisy_z_t,781,pop__pop.00049,pop,7,11.909588813781738,-5.110437870025635
full_noisy_z_t,782,pop__pop.00049,pop,7,-0.919486403465271,1.5942752361297607
full_noisy_z_t,783,pop__pop.00049,pop,7,9.661201477050781,-8.04399299621582
full_noisy_z_t,784,pop__pop.00049,pop,7,2.5564098358154297,-6.146181583404541
full_noisy_z_t,785,pop__pop.00049,pop,7,9.219754219055176,-6.936656951904297
full_noisy_z_t,786,pop__pop.00049,pop,7,10.490372657775879,-3.062776565551758
full_noisy_z_t,787,pop__pop.00079,pop,7,-15.31105899810791,-32.12704849243164
full_noisy_z_t,788,pop__pop.00079,pop,7,-9.668708801269531,-34.931278228759766
full_noisy_z_t,789,pop__pop.00079,pop,7,-40.50614929199219,-1.5905050039291382
full_noisy_z_t,790,pop__pop.00079,pop,7,-42.28641128540039,-6.559414863586426
full_noisy_z_t,791,pop__pop.00081,pop,7,7.67255163192749,-0.7378020286560059
full_noisy_z_t,792,pop__pop.00081,pop,7,-4.858162879943848,0.996268630027771
full_noisy_z_t,793,pop__pop.00081,pop,7,-4.890397548675537,-1.9134504795074463
full_noisy_z_t,794,pop__pop.00081,pop,7,-4.23575496673584,-0.18600082397460938
full_noisy_z_t,795,pop__pop.00081,pop,7,10.059106826782227,-4.498445510864258
full_noisy_z_t,796,pop__pop.00081,pop,7,-4.287938117980957,-0.47272732853889465
full_noisy_z_t,797,pop__pop.00081,pop,7,-5.168774127960205,-0.7862945199012756
full_noisy_z_t,798,pop__pop.00081,pop,7,-11.613032341003418,3.736149549484253
full_noisy_z_t,799,pop__pop.00081,pop,7,-4.375808238983154,-5.963113784790039
full_noisy_z_t,800,reggae__reggae.00029,reggae,8,49.64653778076172,-8.153605461120605
full_noisy_z_t,801,reggae__reggae.00029,reggae,8,51.18797302246094,-10.35448169708252
full_noisy_z_t,802,reggae__reggae.00029,reggae,8,50.35307693481445,-8.328001022338867
full_noisy_z_t,803,reggae__reggae.00029,reggae,8,52.803165435791016,-10.480549812316895
full_noisy_z_t,804,reggae__reggae.00029,reggae,8,49.73203659057617,-9.172195434570312
full_noisy_z_t,805,reggae__reggae.00029,reggae,8,49.16597366333008,-8.691025733947754
full_noisy_z_t,806,reggae__reggae.00029,reggae,8,47.517127990722656,-8.789911270141602
full_noisy_z_t,807,reggae__reggae.00029,reggae,8,52.682342529296875,-11.49764633178711
full_noisy_z_t,808,reggae__reggae.00029,reggae,8,46.8502082824707,-7.0061564445495605
full_noisy_z_t,809,reggae__reggae.00029,reggae,8,46.847633361816406,-6.460646152496338
full_noisy_z_t,810,reggae__reggae.00034,reggae,8,47.81391143798828,-5.872711181640625
full_noisy_z_t,811,reggae__reggae.00034,reggae,8,52.09416198730469,-7.293912410736084
full_noisy_z_t,812,reggae__reggae.00034,reggae,8,50.25685119628906,2.0385518074035645
full_noisy_z_t,813,reggae__reggae.00034,reggae,8,51.634620666503906,1.6504449844360352
full_noisy_z_t,814,reggae__reggae.00034,reggae,8,52.556732177734375,-0.3877451419830322
full_noisy_z_t,815,reggae__reggae.00034,reggae,8,48.38614273071289,-5.670906066894531
full_noisy_z_t,816,reggae__reggae.00034,reggae,8,47.81163787841797,-4.014200687408447
full_noisy_z_t,817,reggae__reggae.00034,reggae,8,47.1633186340332,-4.2098517417907715
full_noisy_z_t,818,reggae__reggae.00035,reggae,8,51.84194564819336,0.7513222098350525
full_noisy_z_t,819,reggae__reggae.00035,reggae,8,54.50820541381836,0.38119077682495117
full_noisy_z_t,820,reggae__reggae.00035,reggae,8,50.427886962890625,-9.885247230529785
full_noisy_z_t,821,reggae__reggae.00035,reggae,8,52.599735260009766,-5.132489204406738
full_noisy_z_t,822,reggae__reggae.00035,reggae,8,53.18775177001953,1.1334166526794434
full_noisy_z_t,823,reggae__reggae.00035,reggae,8,50.807289123535156,-4.411546230316162
full_noisy_z_t,824,reggae__reggae.00035,reggae,8,51.69828796386719,-4.686593055725098
full_noisy_z_t,825,reggae__reggae.00040,reggae,8,-30.755569458007812,8.710101127624512
full_noisy_z_t,826,reggae__reggae.00040,reggae,8,-24.13323974609375,12.815088272094727
full_noisy_z_t,827,reggae__reggae.00040,reggae,8,-25.92984390258789,7.815789699554443
full_noisy_z_t,828,reggae__reggae.00040,reggae,8,-23.802072525024414,11.986400604248047
full_noisy_z_t,829,reggae__reggae.00040,reggae,8,-25.050186157226562,8.896638870239258
full_noisy_z_t,830,reggae__reggae.00040,reggae,8,-27.028417587280273,8.109321594238281
full_noisy_z_t,831,reggae__reggae.00040,reggae,8,-28.29434585571289,9.98430061340332
full_noisy_z_t,832,reggae__reggae.00040,reggae,8,-34.082889556884766,12.675129890441895
full_noisy_z_t,833,reggae__reggae.00047,reggae,8,48.74776840209961,-3.5160980224609375
full_noisy_z_t,834,reggae__reggae.00047,reggae,8,49.43269348144531,-4.771533489227295
full_noisy_z_t,835,reggae__reggae.00047,reggae,8,48.02545166015625,-7.226396560668945
full_noisy_z_t,836,reggae__reggae.00047,reggae,8,49.36326217651367,-6.321571350097656
full_noisy_z_t,837,reggae__reggae.00047,reggae,8,52.003379821777344,-5.8226494789123535
full_noisy_z_t,838,reggae__reggae.00049,reggae,8,-24.515554428100586,3.946895122528076
full_noisy_z_t,839,reggae__reggae.00049,reggae,8,-13.17255973815918,-29.708391189575195
full_noisy_z_t,840,reggae__reggae.00049,reggae,8,-24.192590713500977,2.4389827251434326
full_noisy_z_t,841,reggae__reggae.00049,reggae,8,-24.66783332824707,4.718493461608887
full_noisy_z_t,842,reggae__reggae.00049,reggae,8,-24.558727264404297,3.9523990154266357
full_noisy_z_t,843,reggae__reggae.00049,reggae,8,-25.042991638183594,5.355701446533203
full_noisy_z_t,844,reggae__reggae.00049,reggae,8,-26.01579475402832,5.2021164894104
full_noisy_z_t,845,reggae__reggae.00062,reggae,8,56.664161682128906,-14.399012565612793
full_noisy_z_t,846,reggae__reggae.00062,reggae,8,57.916961669921875,-14.14461612701416
full_noisy_z_t,847,reggae__reggae.00062,reggae,8,58.53334426879883,-15.873847961425781
full_noisy_z_t,848,reggae__reggae.00062,reggae,8,59.644325256347656,-15.1895751953125
full_noisy_z_t,849,reggae__reggae.00062,reggae,8,48.96775817871094,-12.784308433532715
full_noisy_z_t,850,reggae__reggae.00062,reggae,8,50.89702224731445,-8.942270278930664
full_noisy_z_t,851,reggae__reggae.00062,reggae,8,58.34414291381836,-15.404324531555176
full_noisy_z_t,852,reggae__reggae.00062,reggae,8,58.199851989746094,-12.844120979309082
full_noisy_z_t,853,reggae__reggae.00062,reggae,8,58.02656936645508,-15.391372680664062
full_noisy_z_t,854,reggae__reggae.00064,reggae,8,49.863624572753906,0.142699733376503
full_noisy_z_t,855,reggae__reggae.00064,reggae,8,44.67667007446289,-1.9832595586776733
full_noisy_z_t,856,reggae__reggae.00064,reggae,8,48.094783782958984,-0.5047435760498047
full_noisy_z_t,857,reggae__reggae.00064,reggae,8,46.46271896362305,-1.1660336256027222
full_noisy_z_t,858,reggae__reggae.00064,reggae,8,-0.45167577266693115,-12.578919410705566
full_noisy_z_t,859,reggae__reggae.00064,reggae,8,-0.08878763765096664,-12.242706298828125
full_noisy_z_t,860,reggae__reggae.00065,reggae,8,50.6358757019043,-1.6017588376998901
full_noisy_z_t,861,reggae__reggae.00065,reggae,8,49.324737548828125,-0.8676501512527466
full_noisy_z_t,862,reggae__reggae.00065,reggae,8,51.35956954956055,-1.089189887046814
full_noisy_z_t,863,reggae__reggae.00065,reggae,8,49.73832321166992,-1.7236862182617188
full_noisy_z_t,864,reggae__reggae.00065,reggae,8,47.63808059692383,-1.40463125705719
full_noisy_z_t,865,reggae__reggae.00065,reggae,8,42.30356216430664,-0.451185405254364
full_noisy_z_t,866,reggae__reggae.00065,reggae,8,47.568111419677734,-1.3417863845825195
full_noisy_z_t,867,reggae__reggae.00065,reggae,8,48.94398880004883,-2.032370090484619
full_noisy_z_t,868,reggae__reggae.00071,reggae,8,49.863529205322266,-3.6593947410583496
full_noisy_z_t,869,reggae__reggae.00071,reggae,8,45.1573371887207,-2.2847917079925537
full_noisy_z_t,870,reggae__reggae.00071,reggae,8,49.99028778076172,-2.483846426010132
full_noisy_z_t,871,reggae__reggae.00071,reggae,8,47.89716720581055,-2.17008900642395
full_noisy_z_t,872,reggae__reggae.00076,reggae,8,34.360862731933594,3.053114414215088
full_noisy_z_t,873,reggae__reggae.00076,reggae,8,31.70625877380371,11.209854125976562
full_noisy_z_t,874,reggae__reggae.00076,reggae,8,25.9754638671875,9.986687660217285
full_noisy_z_t,875,reggae__reggae.00076,reggae,8,36.27206802368164,1.983619213104248
full_noisy_z_t,876,reggae__reggae.00076,reggae,8,34.66754150390625,4.425658702850342
full_noisy_z_t,877,reggae__reggae.00090,reggae,8,49.07722473144531,-2.9188449382781982
full_noisy_z_t,878,reggae__reggae.00090,reggae,8,51.63431167602539,-2.698312520980835
full_noisy_z_t,879,reggae__reggae.00090,reggae,8,52.96995544433594,-4.320346355438232
full_noisy_z_t,880,reggae__reggae.00090,reggae,8,50.6466064453125,-6.623052597045898
full_noisy_z_t,881,reggae__reggae.00090,reggae,8,48.88681411743164,-7.512179851531982
full_noisy_z_t,882,reggae__reggae.00090,reggae,8,50.80985641479492,-2.6941792964935303
full_noisy_z_t,883,reggae__reggae.00090,reggae,8,51.9705924987793,-3.6427581310272217
full_noisy_z_t,884,reggae__reggae.00091,reggae,8,50.88542175292969,-0.11055100709199905
full_noisy_z_t,885,reggae__reggae.00091,reggae,8,49.180641174316406,-10.727802276611328
full_noisy_z_t,886,reggae__reggae.00091,reggae,8,50.7994499206543,-11.837977409362793
full_noisy_z_t,887,reggae__reggae.00091,reggae,8,53.49055099487305,-8.351645469665527
full_noisy_z_t,888,reggae__reggae.00091,reggae,8,52.04624938964844,-9.746428489685059
full_noisy_z_t,889,reggae__reggae.00092,reggae,8,53.45589828491211,-0.22519387304782867
full_noisy_z_t,890,reggae__reggae.00092,reggae,8,54.03125762939453,-9.550958633422852
full_noisy_z_t,891,reggae__reggae.00092,reggae,8,51.50429916381836,-6.438718795776367
full_noisy_z_t,892,reggae__reggae.00092,reggae,8,52.153289794921875,-8.88798999786377
full_noisy_z_t,893,reggae__reggae.00092,reggae,8,50.07886505126953,-7.2544846534729
full_noisy_z_t,894,reggae__reggae.00092,reggae,8,51.588382720947266,-12.174020767211914
full_noisy_z_t,895,reggae__reggae.00092,reggae,8,51.60785675048828,-8.258360862731934
full_noisy_z_t,896,reggae__reggae.00092,reggae,8,51.03340148925781,-7.585338115692139
full_noisy_z_t,897,reggae__reggae.00092,reggae,8,52.733497619628906,-6.517349720001221
full_noisy_z_t,898,reggae__reggae.00092,reggae,8,48.62846374511719,-9.990944862365723
full_noisy_z_t,899,reggae__reggae.00092,reggae,8,52.96056365966797,-7.670707702636719
full_noisy_z_t,900,rock__rock.00000,rock,9,-19.85663604736328,38.496456146240234
full_noisy_z_t,901,rock__rock.00000,rock,9,-17.607894897460938,34.40815734863281
full_noisy_z_t,902,rock__rock.00000,rock,9,-20.001676559448242,29.7620849609375
full_noisy_z_t,903,rock__rock.00000,rock,9,-36.92470169067383,8.73910140991211
full_noisy_z_t,904,rock__rock.00000,rock,9,-22.86256980895996,14.175830841064453
full_noisy_z_t,905,rock__rock.00000,rock,9,-19.073150634765625,-26.999223709106445
full_noisy_z_t,906,rock__rock.00000,rock,9,-18.624135971069336,-26.1335391998291
full_noisy_z_t,907,rock__rock.00000,rock,9,-16.252782821655273,9.700915336608887
full_noisy_z_t,908,rock__rock.00000,rock,9,-17.287336349487305,9.121028900146484
full_noisy_z_t,909,rock__rock.00003,rock,9,-26.375410079956055,13.283987045288086
full_noisy_z_t,910,rock__rock.00003,rock,9,-26.772422790527344,-35.48307800292969
full_noisy_z_t,911,rock__rock.00003,rock,9,-19.703227996826172,-35.41999435424805
full_noisy_z_t,912,rock__rock.00003,rock,9,-20.291622161865234,-36.139190673828125
full_noisy_z_t,913,rock__rock.00003,rock,9,-35.709251403808594,7.785006523132324
full_noisy_z_t,914,rock__rock.00003,rock,9,-39.4385871887207,6.818180084228516
full_noisy_z_t,915,rock__rock.00008,rock,9,-19.90912437438965,35.7855339050293
full_noisy_z_t,916,rock__rock.00008,rock,9,-18.27793312072754,27.839818954467773
full_noisy_z_t,917,rock__rock.00008,rock,9,-18.182889938354492,36.82025146484375
full_noisy_z_t,918,rock__rock.00008,rock,9,-19.962923049926758,35.7642707824707
full_noisy_z_t,919,rock__rock.00008,rock,9,-17.582046508789062,22.927709579467773
full_noisy_z_t,920,rock__rock.00008,rock,9,-17.198768615722656,21.137592315673828
full_noisy_z_t,921,rock__rock.00008,rock,9,-21.961496353149414,36.918827056884766
full_noisy_z_t,922,rock__rock.00032,rock,9,8.089985847473145,3.8621182441711426
full_noisy_z_t,923,rock__rock.00032,rock,9,12.607244491577148,11.543622016906738
full_noisy_z_t,924,rock__rock.00034,rock,9,7.115240097045898,2.2365899085998535
full_noisy_z_t,925,rock__rock.00034,rock,9,-9.808405876159668,-1.184601902961731
full_noisy_z_t,926,rock__rock.00034,rock,9,-10.584145545959473,-0.03018607385456562
full_noisy_z_t,927,rock__rock.00034,rock,9,20.615243911743164,11.761393547058105
full_noisy_z_t,928,rock__rock.00034,rock,9,-16.24327850341797,20.134151458740234
full_noisy_z_t,929,rock__rock.00034,rock,9,-9.370468139648438,-2.3116159439086914
full_noisy_z_t,930,rock__rock.00039,rock,9,-3.587834119796753,4.8265275955200195
full_noisy_z_t,931,rock__rock.00039,rock,9,1.7753031253814697,3.48258376121521
full_noisy_z_t,932,rock__rock.00039,rock,9,9.23139476776123,-4.012818336486816
full_noisy_z_t,933,rock__rock.00039,rock,9,8.536154747009277,-5.296468257904053
full_noisy_z_t,934,rock__rock.00044,rock,9,-2.53840708732605,-0.6878471374511719
full_noisy_z_t,935,rock__rock.00044,rock,9,-1.5131198167800903,-1.3070902824401855
full_noisy_z_t,936,rock__rock.00044,rock,9,7.842606067657471,-3.8541524410247803
full_noisy_z_t,937,rock__rock.00044,rock,9,6.849311828613281,-7.284139156341553
full_noisy_z_t,938,rock__rock.00044,rock,9,6.0371551513671875,-7.229440689086914
full_noisy_z_t,939,rock__rock.00044,rock,9,7.287402629852295,-6.169705390930176
full_noisy_z_t,940,rock__rock.00044,rock,9,7.0472235679626465,-5.907133102416992
full_noisy_z_t,941,rock__rock.00048,rock,9,-18.630338668823242,21.43649673461914
full_noisy_z_t,942,rock__rock.00048,rock,9,-18.417583465576172,20.655893325805664
full_noisy_z_t,943,rock__rock.00048,rock,9,-19.442102432250977,20.365842819213867
full_noisy_z_t,944,rock__rock.00048,rock,9,-21.0230712890625,23.29049301147461
full_noisy_z_t,945,rock__rock.00048,rock,9,-17.770048141479492,21.91872215270996
full_noisy_z_t,946,rock__rock.00048,rock,9,-20.830961227416992,35.47623062133789
full_noisy_z_t,947,rock__rock.00048,rock,9,-19.93817138671875,21.028385162353516
full_noisy_z_t,948,rock__rock.00049,rock,9,-12.258466720581055,-16.40599250793457
full_noisy_z_t,949,rock__rock.00049,rock,9,-11.584224700927734,-13.65037727355957
full_noisy_z_t,950,rock__rock.00049,rock,9,-11.95084285736084,-14.43178939819336
full_noisy_z_t,951,rock__rock.00049,rock,9,-10.899460792541504,-12.852478981018066
full_noisy_z_t,952,rock__rock.00049,rock,9,-11.867639541625977,-15.41927433013916
full_noisy_z_t,953,rock__rock.00049,rock,9,-8.183229446411133,-6.476580619812012
full_noisy_z_t,954,rock__rock.00049,rock,9,-8.0130615234375,-6.335275173187256
full_noisy_z_t,955,rock__rock.00049,rock,9,-2.3426272869110107,0.06423180550336838
full_noisy_z_t,956,rock__rock.00049,rock,9,9.069341659545898,-1.8879698514938354
full_noisy_z_t,957,rock__rock.00049,rock,9,8.196990966796875,2.2423460483551025
full_noisy_z_t,958,rock__rock.00050,rock,9,4.780035972595215,2.2701220512390137
full_noisy_z_t,959,rock__rock.00050,rock,9,1.7372877597808838,-5.3937602043151855
full_noisy_z_t,960,rock__rock.00050,rock,9,8.819565773010254,-3.0401861667633057
full_noisy_z_t,961,rock__rock.00050,rock,9,-0.13636308908462524,1.2836867570877075
full_noisy_z_t,962,rock__rock.00050,rock,9,-3.158825159072876,0.7832118272781372
full_noisy_z_t,963,rock__rock.00050,rock,9,-5.395046234130859,2.1281843185424805
full_noisy_z_t,964,rock__rock.00050,rock,9,-3.805767059326172,1.6689426898956299
full_noisy_z_t,965,rock__rock.00050,rock,9,7.630919456481934,-2.5553603172302246
full_noisy_z_t,966,rock__rock.00054,rock,9,-1.0778965950012207,3.7294535636901855
full_noisy_z_t,967,rock__rock.00054,rock,9,1.8927992582321167,2.232694149017334
full_noisy_z_t,968,rock__rock.00054,rock,9,-10.583895683288574,6.337316989898682
full_noisy_z_t,969,rock__rock.00054,rock,9,-11.805038452148438,5.046116352081299
full_noisy_z_t,970,rock__rock.00054,rock,9,-12.836596488952637,-2.1973226070404053
full_noisy_z_t,971,rock__rock.00054,rock,9,7.563553810119629,-11.037881851196289
full_noisy_z_t,972,rock__rock.00054,rock,9,-3.986551523208618,-44.68181228637695
full_noisy_z_t,973,rock__rock.00054,rock,9,-0.9195535182952881,2.8601200580596924
full_noisy_z_t,974,rock__rock.00054,rock,9,-8.350445747375488,0.15668149292469025
full_noisy_z_t,975,rock__rock.00054,rock,9,-4.004964828491211,-46.572174072265625
full_noisy_z_t,976,rock__rock.00080,rock,9,-13.67225456237793,18.492450714111328
full_noisy_z_t,977,rock__rock.00080,rock,9,-12.90864372253418,9.984946250915527
full_noisy_z_t,978,rock__rock.00080,rock,9,-14.202882766723633,10.132120132446289
full_noisy_z_t,979,rock__rock.00080,rock,9,-19.597820281982422,18.3234920501709
full_noisy_z_t,980,rock__rock.00080,rock,9,-16.2988338470459,21.944406509399414
full_noisy_z_t,981,rock__rock.00085,rock,9,10.759819030761719,31.700977325439453
full_noisy_z_t,982,rock__rock.00085,rock,9,-19.579130172729492,10.891315460205078
full_noisy_z_t,983,rock__rock.00085,rock,9,-15.567031860351562,7.095160961151123
full_noisy_z_t,984,rock__rock.00085,rock,9,-13.80298900604248,8.595529556274414
full_noisy_z_t,985,rock__rock.00085,rock,9,-12.656232833862305,8.464345932006836
full_noisy_z_t,986,rock__rock.00085,rock,9,-13.138833045959473,21.72916030883789
full_noisy_z_t,987,rock__rock.00086,rock,9,-10.691335678100586,35.3968505859375
full_noisy_z_t,988,rock__rock.00086,rock,9,-21.299850463867188,9.212508201599121
full_noisy_z_t,989,rock__rock.00086,rock,9,-22.28165626525879,9.296525955200195
full_noisy_z_t,990,rock__rock.00086,rock,9,-21.524213790893555,7.599363327026367
full_noisy_z_t,991,rock__rock.00092,rock,9,-15.771462440490723,35.55215835571289
full_noisy_z_t,992,rock__rock.00092,rock,9,-16.590091705322266,33.21532440185547
full_noisy_z_t,993,rock__rock.00092,rock,9,-13.574162483215332,30.93172264099121
full_noisy_z_t,994,rock__rock.00092,rock,9,-12.662419319152832,29.32097816467285
full_noisy_z_t,995,rock__rock.00092,rock,9,-15.99390983581543,33.76030349731445
full_noisy_z_t,996,rock__rock.00092,rock,9,-15.558359146118164,34.80034637451172
full_noisy_z_t,997,rock__rock.00092,rock,9,-14.644292831420898,35.91166305541992
full_noisy_z_t,998,rock__rock.00092,rock,9,-17.43742561340332,35.519798278808594
full_noisy_z_t,999,rock__rock.00092,rock,9,-14.683507919311523,35.38845443725586
full_denoised_z_hat,0,blues__blues.00000,blues,0,-31.78635025024414,6.141611576080322
full_denoised_z_hat,1,blues__blues.00000,blues,0,-29.284414291381836,7.3912177085876465
full_denoised_z_hat,2,blues__blues.00000,blues,0,-31.046001434326172,6.083227634429932
full_denoised_z_hat,3,blues__blues.00000,blues,0,-32.626251220703125,6.416179656982422
full_denoised_z_hat,4,blues__blues.00000,blues,0,-16.324283599853516,14.330109596252441
full_denoised_z_hat,5,blues__blues.00000,blues,0,-16.705036163330078,13.81286334991455
full_denoised_z_hat,6,blues__blues.00000,blues,0,-31.07294273376465,6.206323623657227
full_denoised_z_hat,7,blues__blues.00001,blues,0,-52.63875961303711,3.8086612224578857
full_denoised_z_hat,8,blues__blues.00001,blues,0,-38.4820671081543,1.7490984201431274
full_denoised_z_hat,9,blues__blues.00001,blues,0,-34.46535110473633,4.316713809967041
full_denoised_z_hat,10,blues__blues.00001,blues,0,-33.77268600463867,4.056400775909424
full_denoised_z_hat,11,blues__blues.00001,blues,0,-43.4298210144043,0.41125595569610596
full_denoised_z_hat,12,blues__blues.00001,blues,0,-48.49626159667969,2.658499002456665
full_denoised_z_hat,13,blues__blues.00001,blues,0,-44.10070037841797,1.3195769786834717
full_denoised_z_hat,14,blues__blues.00009,blues,0,-44.35393524169922,0.016449974849820137
full_denoised_z_hat,15,blues__blues.00009,blues,0,-34.533042907714844,7.31889009475708
full_denoised_z_hat,16,blues__blues.00009,blues,0,-45.70020294189453,-4.247176170349121
full_denoised_z_hat,17,blues__blues.00009,blues,0,-45.80546569824219,-3.1659388542175293
full_denoised_z_hat,18,blues__blues.00009,blues,0,-36.794185638427734,6.875608921051025
full_denoised_z_hat,19,blues__blues.00009,blues,0,-45.10881042480469,0.6758732199668884
full_denoised_z_hat,20,blues__blues.00009,blues,0,-11.79534912109375,-41.09626388549805
full_denoised_z_hat,21,blues__blues.00009,blues,0,-19.70030975341797,-40.2821044921875
full_denoised_z_hat,22,blues__blues.00009,blues,0,-45.988372802734375,-3.7779383659362793
full_denoised_z_hat,23,blues__blues.00011,blues,0,-45.040164947509766,-2.9976067543029785
full_denoised_z_hat,24,blues__blues.00011,blues,0,-44.707454681396484,0.601058304309845
full_denoised_z_hat,25,blues__blues.00011,blues,0,-44.05952072143555,-0.6355509757995605
full_denoised_z_hat,26,blues__blues.00011,blues,0,-48.07810974121094,1.7659308910369873
full_denoised_z_hat,27,blues__blues.00011,blues,0,-47.4285888671875,1.725348949432373
full_denoised_z_hat,28,blues__blues.00011,blues,0,-43.654178619384766,0.5654141902923584
full_denoised_z_hat,29,blues__blues.00011,blues,0,-48.67890548706055,3.2848589420318604
full_denoised_z_hat,30,blues__blues.00031,blues,0,-51.65456008911133,3.194042921066284
full_denoised_z_hat,31,blues__blues.00031,blues,0,-50.4166259765625,2.891055107116699
full_denoised_z_hat,32,blues__blues.00031,blues,0,-51.78141403198242,2.5792202949523926
full_denoised_z_hat,33,blues__blues.00031,blues,0,-51.009552001953125,3.2410035133361816
full_denoised_z_hat,34,blues__blues.00034,blues,0,-52.23258972167969,4.125429630279541
full_denoised_z_hat,35,blues__blues.00034,blues,0,-44.881614685058594,-0.1537136286497116
full_denoised_z_hat,36,blues__blues.00034,blues,0,-51.66445541381836,4.0992865562438965
full_denoised_z_hat,37,blues__blues.00034,blues,0,-35.76697540283203,4.338531970977783
full_denoised_z_hat,38,blues__blues.00034,blues,0,-52.16401672363281,3.322402238845825
full_denoised_z_hat,39,blues__blues.00034,blues,0,-51.03379440307617,3.6017119884490967
full_denoised_z_hat,40,blues__blues.00039,blues,0,-50.432376861572266,3.0590364933013916
full_denoised_z_hat,41,blues__blues.00039,blues,0,-50.779762268066406,2.4890542030334473
full_denoised_z_hat,42,blues__blues.00039,blues,0,-51.37285614013672,4.60477876663208
full_denoised_z_hat,43,blues__blues.00039,blues,0,-49.93001174926758,3.7920730113983154
full_denoised_z_hat,44,blues__blues.00039,blues,0,-38.38352584838867,-1.04693603515625
full_denoised_z_hat,45,blues__blues.00052,blues,0,-47.62149429321289,2.694060802459717
full_denoised_z_hat,46,blues__blues.00052,blues,0,-49.90858840942383,3.643307685852051
full_denoised_z_hat,47,blues__blues.00052,blues,0,-51.904266357421875,4.629406452178955
full_denoised_z_hat,48,blues__blues.00052,blues,0,-50.30551528930664,3.8287746906280518
full_denoised_z_hat,49,blues__blues.00052,blues,0,-48.79865646362305,2.6287617683410645
full_denoised_z_hat,50,blues__blues.00052,blues,0,-46.32072448730469,3.56680965423584
full_denoised_z_hat,51,blues__blues.00054,blues,0,-46.79286193847656,9.744357109069824
full_denoised_z_hat,52,blues__blues.00054,blues,0,-46.23746871948242,12.427895545959473
full_denoised_z_hat,53,blues__blues.00054,blues,0,-46.06761932373047,11.79897689819336
full_denoised_z_hat,54,blues__blues.00054,blues,0,-46.196739196777344,12.047616004943848
full_denoised_z_hat,55,blues__blues.00054,blues,0,-46.17263412475586,12.542522430419922
full_denoised_z_hat,56,blues__blues.00054,blues,0,-46.43378448486328,9.8264799118042
full_denoised_z_hat,57,blues__blues.00057,blues,0,-48.740928649902344,6.159119129180908
full_denoised_z_hat,58,blues__blues.00057,blues,0,-46.571250915527344,8.274633407592773
full_denoised_z_hat,59,blues__blues.00057,blues,0,-46.38646697998047,8.488080024719238
full_denoised_z_hat,60,blues__blues.00057,blues,0,-48.510982513427734,6.796113014221191
full_denoised_z_hat,61,blues__blues.00060,blues,0,-48.43452453613281,3.2624053955078125
full_denoised_z_hat,62,blues__blues.00060,blues,0,-51.67066192626953,4.95794677734375
full_denoised_z_hat,63,blues__blues.00060,blues,0,-50.125125885009766,5.141359806060791
full_denoised_z_hat,64,blues__blues.00060,blues,0,-46.084678649902344,9.776229858398438
full_denoised_z_hat,65,blues__blues.00060,blues,0,-50.08700942993164,5.153533935546875
full_denoised_z_hat,66,blues__blues.00060,blues,0,-50.047943115234375,4.780818939208984
full_denoised_z_hat,67,blues__blues.00060,blues,0,-38.57943344116211,6.801084041595459
full_denoised_z_hat,68,blues__blues.00066,blues,0,-42.790367126464844,-1.1622902154922485
full_denoised_z_hat,69,blues__blues.00066,blues,0,-47.97077560424805,5.181800842285156
full_denoised_z_hat,70,blues__blues.00066,blues,0,-29.293869018554688,3.4090962409973145
full_denoised_z_hat,71,blues__blues.00066,blues,0,-29.104867935180664,3.601987838745117
full_denoised_z_hat,72,blues__blues.00066,blues,0,26.11591148376465,22.872705459594727
full_denoised_z_hat,73,blues__blues.00066,blues,0,-33.37035369873047,4.090421199798584
full_denoised_z_hat,74,blues__blues.00066,blues,0,-37.296669006347656,6.654576301574707
full_denoised_z_hat,75,blues__blues.00066,blues,0,-45.41044235229492,-4.2847819328308105
full_denoised_z_hat,76,blues__blues.00066,blues,0,-48.829647064208984,0.9445747137069702
full_denoised_z_hat,77,blues__blues.00068,blues,0,-35.024879455566406,4.445854187011719
full_denoised_z_hat,78,blues__blues.00068,blues,0,-49.395442962646484,1.4150978326797485
full_denoised_z_hat,79,blues__blues.00068,blues,0,-46.467472076416016,-3.5482802391052246
full_denoised_z_hat,80,blues__blues.00068,blues,0,-43.859710693359375,-2.7656049728393555
full_denoised_z_hat,81,blues__blues.00068,blues,0,-45.123252868652344,-4.30126428604126
full_denoised_z_hat,82,blues__blues.00068,blues,0,-44.191322326660156,-3.194986581802368
full_denoised_z_hat,83,blues__blues.00068,blues,0,-25.698625564575195,-36.553340911865234
full_denoised_z_hat,84,blues__blues.00070,blues,0,-16.100217819213867,3.6106185913085938
full_denoised_z_hat,85,blues__blues.00070,blues,0,-18.503662109375,9.630987167358398
full_denoised_z_hat,86,blues__blues.00070,blues,0,-32.34912109375,6.6716766357421875
full_denoised_z_hat,87,blues__blues.00070,blues,0,-38.895599365234375,6.235296726226807
full_denoised_z_hat,88,blues__blues.00070,blues,0,-45.281429290771484,-2.721405267715454
full_denoised_z_hat,89,blues__blues.00070,blues,0,-32.694091796875,4.7161173820495605
full_denoised_z_hat,90,blues__blues.00070,blues,0,-14.083688735961914,2.346587657928467
full_denoised_z_hat,91,blues__blues.00071,blues,0,-48.150447845458984,4.4852728843688965
full_denoised_z_hat,92,blues__blues.00071,blues,0,-49.1920166015625,4.132863521575928
full_denoised_z_hat,93,blues__blues.00071,blues,0,-51.86592483520508,3.823936939239502
full_denoised_z_hat,94,blues__blues.00071,blues,0,-50.59385299682617,4.094987392425537
full_denoised_z_hat,95,blues__blues.00071,blues,0,-50.40852737426758,3.6122186183929443
full_denoised_z_hat,96,blues__blues.00071,blues,0,-52.615989685058594,3.8461740016937256
full_denoised_z_hat,97,blues__blues.00071,blues,0,-48.20582580566406,2.4626340866088867
full_denoised_z_hat,98,blues__blues.00071,blues,0,-48.88796615600586,3.5400876998901367
full_denoised_z_hat,99,blues__blues.00071,blues,0,-44.90741729736328,-4.500341892242432
full_denoised_z_hat,100,classical__classical.00000,classical,1,-9.717087745666504,-41.216068267822266
full_denoised_z_hat,101,classical__classical.00000,classical,1,1.9768683910369873,-45.43789291381836
full_denoised_z_hat,102,classical__classical.00000,classical,1,2.069129705429077,-45.06549835205078
full_denoised_z_hat,103,classical__classical.00000,classical,1,10.41691780090332,-48.19955825805664
full_denoised_z_hat,104,classical__classical.00000,classical,1,10.101082801818848,-48.2574348449707
full_denoised_z_hat,105,classical__classical.00000,classical,1,4.332235813140869,-44.177181243896484
full_denoised_z_hat,106,classical__classical.00002,classical,1,4.392319202423096,-43.52153015136719
full_denoised_z_hat,107,classical__classical.00002,classical,1,5.4286980628967285,-46.3080940246582
full_denoised_z_hat,108,classical__classical.00002,classical,1,4.010595798492432,-46.527156829833984
full_denoised_z_hat,109,classical__classical.00006,classical,1,10.02906322479248,-48.947296142578125
full_denoised_z_hat,110,classical__classical.00006,classical,1,12.204621315002441,-47.943782806396484
full_denoised_z_hat,111,classical__classical.00006,classical,1,4.065860271453857,-45.90653991699219
full_denoised_z_hat,112,classical__classical.00006,classical,1,9.516271591186523,-47.93767166137695
full_denoised_z_hat,113,classical__classical.00006,classical,1,2.7776575088500977,-45.118953704833984
full_denoised_z_hat,114,classical__classical.00006,classical,1,11.124089241027832,-49.23312759399414
full_denoised_z_hat,115,classical__classical.00006,classical,1,5.469094276428223,-43.81696701049805
full_denoised_z_hat,116,classical__classical.00009,classical,1,8.668991088867188,-48.42658996582031
full_denoised_z_hat,117,classical__classical.00009,classical,1,7.204630374908447,-48.70661544799805
full_denoised_z_hat,118,classical__classical.00009,classical,1,4.216737270355225,-46.15298843383789
full_denoised_z_hat,119,classical__classical.00009,classical,1,6.741557598114014,-47.302364349365234
full_denoised_z_hat,120,classical__classical.00009,classical,1,2.2826967239379883,-44.8577995300293
full_denoised_z_hat,121,classical__classical.00009,classical,1,5.042154788970947,-44.17420196533203
full_denoised_z_hat,122,classical__classical.00009,classical,1,-1.3714632987976074,-44.80260467529297
full_denoised_z_hat,123,classical__classical.00022,classical,1,8.245712280273438,-47.76628494262695
full_denoised_z_hat,124,classical__classical.00022,classical,1,9.0689058303833,-48.28182601928711
full_denoised_z_hat,125,classical__classical.00022,classical,1,10.2402982711792,-48.80025100708008
full_denoised_z_hat,126,classical__classical.00022,classical,1,11.62264347076416,-47.68547058105469
full_denoised_z_hat,127,classical__classical.00022,classical,1,8.232415199279785,-48.48407745361328
full_denoised_z_hat,128,classical__classical.00022,classical,1,4.335419654846191,-45.475521087646484
full_denoised_z_hat,129,classical__classical.00022,classical,1,5.437289714813232,-45.18584442138672
full_denoised_z_hat,130,classical__classical.00034,classical,1,11.553973197937012,-48.10805130004883
full_denoised_z_hat,131,classical__classical.00034,classical,1,9.12311840057373,-46.81810760498047
full_denoised_z_hat,132,classical__classical.00034,classical,1,11.943406105041504,-46.08174514770508
full_denoised_z_hat,133,classical__classical.00034,classical,1,11.641725540161133,-45.166934967041016
full_denoised_z_hat,134,classical__classical.00034,classical,1,12.225099563598633,-47.82495880126953
full_denoised_z_hat,135,classical__classical.00034,classical,1,9.290589332580566,-47.68339538574219
full_denoised_z_hat,136,classical__classical.00034,classical,1,11.473238945007324,-47.37330627441406
full_denoised_z_hat,137,classical__classical.00037,classical,1,6.7608442306518555,-42.6583137512207
full_denoised_z_hat,138,classical__classical.00037,classical,1,-4.150245189666748,-43.0125732421875
full_denoised_z_hat,139,classical__classical.00037,classical,1,-14.320409774780273,-41.395320892333984
full_denoised_z_hat,140,classical__classical.00037,classical,1,-2.3241426944732666,-44.300724029541016
full_denoised_z_hat,141,classical__classical.00037,classical,1,7.7807087898254395,-48.67296600341797
full_denoised_z_hat,142,classical__classical.00037,classical,1,9.94883918762207,-47.8758659362793
full_denoised_z_hat,143,classical__classical.00037,classical,1,11.866557121276855,-48.63861083984375
full_denoised_z_hat,144,classical__classical.00037,classical,1,7.74312686920166,-44.57661437988281
full_denoised_z_hat,145,classical__classical.00039,classical,1,0.5732899904251099,-43.061344146728516
full_denoised_z_hat,146,classical__classical.00039,classical,1,-1.8064446449279785,-44.47636795043945
full_denoised_z_hat,147,classical__classical.00039,classical,1,1.1133904457092285,-41.259605407714844
full_denoised_z_hat,148,classical__classical.00039,classical,1,-19.30902671813965,-43.37612533569336
full_denoised_z_hat,149,classical__classical.00039,classical,1,11.629847526550293,-49.329105377197266
full_denoised_z_hat,150,classical__classical.00039,classical,1,11.119330406188965,-45.12690734863281
full_denoised_z_hat,151,classical__classical.00047,classical,1,10.94178295135498,-47.51637268066406
full_denoised_z_hat,152,classical__classical.00047,classical,1,9.780192375183105,-47.24497604370117
full_denoised_z_hat,153,classical__classical.00047,classical,1,10.868470191955566,-47.0976448059082
full_denoised_z_hat,154,classical__classical.00047,classical,1,9.949589729309082,-47.05727005004883
full_denoised_z_hat,155,classical__classical.00047,classical,1,8.42215347290039,-46.31071853637695
full_denoised_z_hat,156,classical__classical.00047,classical,1,9.891376495361328,-46.60062789916992
full_denoised_z_hat,157,classical__classical.00053,classical,1,-2.1509974002838135,-43.79996109008789
full_denoised_z_hat,158,classical__classical.00053,classical,1,6.283320426940918,-47.003822326660156
full_denoised_z_hat,159,classical__classical.00053,classical,1,9.059379577636719,-45.928955078125
full_denoised_z_hat,160,classical__classical.00053,classical,1,7.364843368530273,-43.55562210083008
full_denoised_z_hat,161,classical__classical.00053,classical,1,9.526433944702148,-46.19453430175781
full_denoised_z_hat,162,classical__classical.00056,classical,1,7.651064872741699,-34.82248306274414
full_denoised_z_hat,163,classical__classical.00056,classical,1,7.702574729919434,-34.679542541503906
full_denoised_z_hat,164,classical__classical.00056,classical,1,7.401306629180908,-32.27872848510742
full_denoised_z_hat,165,classical__classical.00056,classical,1,8.145747184753418,-36.61835479736328
full_denoised_z_hat,166,classical__classical.00056,classical,1,8.230759620666504,-36.14095687866211
full_denoised_z_hat,167,classical__classical.00056,classical,1,11.19599437713623,-5.04463529586792
full_denoised_z_hat,168,classical__classical.00056,classical,1,0.9697473049163818,-12.066091537475586
full_denoised_z_hat,169,classical__classical.00056,classical,1,7.7190423011779785,-35.024696350097656
full_denoised_z_hat,170,classical__classical.00056,classical,1,8.304306983947754,-36.57509231567383
full_denoised_z_hat,171,classical__classical.00056,classical,1,7.7591471672058105,-36.902706146240234
full_denoised_z_hat,172,classical__classical.00057,classical,1,-16.426313400268555,-41.85352325439453
full_denoised_z_hat,173,classical__classical.00057,classical,1,-5.402097225189209,-43.28361892700195
full_denoised_z_hat,174,classical__classical.00057,classical,1,7.832514762878418,-45.81810760498047
full_denoised_z_hat,175,classical__classical.00057,classical,1,4.522623062133789,-41.62034225463867
full_denoised_z_hat,176,classical__classical.00057,classical,1,1.7783570289611816,-40.069034576416016
full_denoised_z_hat,177,classical__classical.00057,classical,1,1.2646193504333496,-40.01652145385742
full_denoised_z_hat,178,classical__classical.00057,classical,1,3.9723737239837646,-44.13030242919922
full_denoised_z_hat,179,classical__classical.00057,classical,1,-13.847166061401367,-39.76376724243164
full_denoised_z_hat,180,classical__classical.00057,classical,1,-2.585629940032959,-43.88435745239258
full_denoised_z_hat,181,classical__classical.00057,classical,1,11.343588829040527,-45.43999099731445
full_denoised_z_hat,182,classical__classical.00065,classical,1,9.718775749206543,-48.569522857666016
full_denoised_z_hat,183,classical__classical.00065,classical,1,10.548227310180664,-47.397029876708984
full_denoised_z_hat,184,classical__classical.00065,classical,1,4.288185119628906,-46.575401306152344
full_denoised_z_hat,185,classical__classical.00065,classical,1,8.441268920898438,-46.295982360839844
full_denoised_z_hat,186,classical__classical.00082,classical,1,7.3814849853515625,-44.09203338623047
full_denoised_z_hat,187,classical__classical.00082,classical,1,8.31668758392334,-44.79032516479492
full_denoised_z_hat,188,classical__classical.00082,classical,1,8.173737525939941,-47.24725341796875
full_denoised_z_hat,189,classical__classical.00082,classical,1,5.9212965965271,-47.05542755126953
full_denoised_z_hat,190,classical__classical.00082,classical,1,4.650907039642334,-45.437294006347656
full_denoised_z_hat,191,classical__classical.00082,classical,1,7.015462875366211,-48.510963439941406
full_denoised_z_hat,192,classical__classical.00091,classical,1,12.58176326751709,-49.11577224731445
full_denoised_z_hat,193,classical__classical.00091,classical,1,8.214167594909668,-48.832275390625
full_denoised_z_hat,194,classical__classical.00091,classical,1,11.782306671142578,-48.57855224609375
full_denoised_z_hat,195,classical__classical.00091,classical,1,1.4421679973602295,-45.230167388916016
full_denoised_z_hat,196,classical__classical.00091,classical,1,5.033355712890625,-45.84468078613281
full_denoised_z_hat,197,classical__classical.00091,classical,1,9.21261215209961,-48.709808349609375
full_denoised_z_hat,198,classical__classical.00091,classical,1,9.396296501159668,-49.586700439453125
full_denoised_z_hat,199,classical__classical.00091,classical,1,9.520852088928223,-49.974029541015625
full_denoised_z_hat,200,country__country.00001,country,2,-14.164616584777832,-10.64245891571045
full_denoised_z_hat,201,country__country.00001,country,2,-12.41789722442627,-9.987261772155762
full_denoised_z_hat,202,country__country.00001,country,2,-14.40390396118164,-10.721296310424805
full_denoised_z_hat,203,country__country.00001,country,2,-13.360637664794922,-10.041325569152832
full_denoised_z_hat,204,country__country.00001,country,2,-12.2916841506958,-9.731496810913086
full_denoised_z_hat,205,country__country.00011,country,2,-11.95154857635498,-30.054550170898438
full_denoised_z_hat,206,country__country.00011,country,2,-13.716861724853516,-33.50325012207031
full_denoised_z_hat,207,country__country.00011,country,2,-10.238698959350586,-14.5777587890625
full_denoised_z_hat,208,country__country.00011,country,2,-13.011553764343262,-11.526581764221191
full_denoised_z_hat,209,country__country.00011,country,2,-13.742070198059082,-33.32554244995117
full_denoised_z_hat,210,country__country.00011,country,2,-11.860170364379883,-29.734249114990234
full_denoised_z_hat,211,country__country.00011,country,2,-12.178770065307617,-30.78346824645996
full_denoised_z_hat,212,country__country.00011,country,2,-9.830958366394043,-13.317855834960938
full_denoised_z_hat,213,country__country.00013,country,2,-13.63595199584961,4.491150856018066
full_denoised_z_hat,214,country__country.00013,country,2,-13.663081169128418,4.233728885650635
full_denoised_z_hat,215,country__country.00013,country,2,-12.7742919921875,5.4961466789245605
full_denoised_z_hat,216,country__country.00013,country,2,-11.112690925598145,7.26247501373291
full_denoised_z_hat,217,country__country.00013,country,2,-13.43246078491211,-11.166422843933105
full_denoised_z_hat,218,country__country.00013,country,2,-9.185098648071289,-9.245314598083496
full_denoised_z_hat,219,country__country.00013,country,2,-15.768439292907715,12.077396392822266
full_denoised_z_hat,220,country__country.00013,country,2,-15.927837371826172,8.271162986755371
full_denoised_z_hat,221,country__country.00013,country,2,-16.660724639892578,-27.07620620727539
full_denoised_z_hat,222,country__country.00013,country,2,-12.124944686889648,-11.403027534484863
full_denoised_z_hat,223,country__country.00029,country,2,-12.707103729248047,-13.400277137756348
full_denoised_z_hat,224,country__country.00029,country,2,-12.020294189453125,-12.931418418884277
full_denoised_z_hat,225,country__country.00029,country,2,-15.995116233825684,-11.123649597167969
full_denoised_z_hat,226,country__country.00029,country,2,-10.824454307556152,-15.241192817687988
full_denoised_z_hat,227,country__country.00029,country,2,-14.170866012573242,-11.190641403198242
full_denoised_z_hat,228,country__country.00029,country,2,-10.80070972442627,-15.05997371673584
full_denoised_z_hat,229,country__country.00047,country,2,-15.248600006103516,-11.588584899902344
full_denoised_z_hat,230,country__country.00057,country,2,-13.310575485229492,4.316930294036865
full_denoised_z_hat,231,country__country.00057,country,2,-14.8236722946167,-10.881410598754883
full_denoised_z_hat,232,country__country.00057,country,2,-37.420745849609375,-1.2264368534088135
full_denoised_z_hat,233,country__country.00057,country,2,-41.918453216552734,1.9360721111297607
full_denoised_z_hat,234,country__country.00057,country,2,-13.763606071472168,-8.961432456970215
full_denoised_z_hat,235,country__country.00057,country,2,-15.323192596435547,-9.852618217468262
full_denoised_z_hat,236,country__country.00057,country,2,-15.847773551940918,-8.762979507446289
full_denoised_z_hat,237,country__country.00057,country,2,-16.596927642822266,13.6190767288208
full_denoised_z_hat,238,country__country.00057,country,2,-39.88467025756836,1.6325536966323853
full_denoised_z_hat,239,country__country.00057,country,2,-15.289125442504883,-6.320319652557373
full_denoised_z_hat,240,country__country.00059,country,2,-33.751590728759766,7.029804229736328
full_denoised_z_hat,241,country__country.00059,country,2,-37.66192626953125,-0.696296215057373
full_denoised_z_hat,242,country__country.00059,country,2,-41.87848663330078,2.0717337131500244
full_denoised_z_hat,243,country__country.00059,country,2,-15.631895065307617,-7.129954814910889
full_denoised_z_hat,244,country__country.00059,country,2,-40.38560485839844,7.597635269165039
full_denoised_z_hat,245,country__country.00059,country,2,-15.77289867401123,-10.715424537658691
full_denoised_z_hat,246,country__country.00067,country,2,-33.79513168334961,4.106538772583008
full_denoised_z_hat,247,country__country.00067,country,2,-38.62124252319336,-0.009130273014307022
full_denoised_z_hat,248,country__country.00067,country,2,-43.15763473510742,1.9816772937774658
full_denoised_z_hat,249,country__country.00067,country,2,-16.468374252319336,-7.192896842956543
full_denoised_z_hat,250,country__country.00067,country,2,-26.689287185668945,-42.12173843383789
full_denoised_z_hat,251,country__country.00067,country,2,-44.53071212768555,-4.5422282218933105
full_denoised_z_hat,252,country__country.00067,country,2,-37.57231903076172,-0.8926140069961548
full_denoised_z_hat,253,country__country.00067,country,2,-37.42210388183594,-1.9158350229263306
full_denoised_z_hat,254,country__country.00068,country,2,-18.63885498046875,8.809657096862793
full_denoised_z_hat,255,country__country.00068,country,2,-16.11056137084961,7.821872711181641
full_denoised_z_hat,256,country__country.00068,country,2,-16.08926010131836,-5.062509059906006
full_denoised_z_hat,257,country__country.00068,country,2,-15.253366470336914,-8.835977554321289
full_denoised_z_hat,258,country__country.00068,country,2,-15.759521484375,-4.831231117248535
full_denoised_z_hat,259,country__country.00068,country,2,-41.423397064208984,-1.9786983728408813
full_denoised_z_hat,260,country__country.00068,country,2,-37.077945709228516,-2.188622236251831
full_denoised_z_hat,261,country__country.00068,country,2,-18.913196563720703,9.287732124328613
full_denoised_z_hat,262,country__country.00069,country,2,10.252619743347168,-41.23481750488281
full_denoised_z_hat,263,country__country.00069,country,2,-16.628704071044922,-10.982881546020508
full_denoised_z_hat,264,country__country.00069,country,2,-16.38970375061035,-10.561911582946777
full_denoised_z_hat,265,country__country.00069,country,2,-38.09067153930664,2.9620981216430664
full_denoised_z_hat,266,country__country.00069,country,2,-12.727129936218262,-11.228378295898438
full_denoised_z_hat,267,country__country.00069,country,2,-16.461997985839844,-9.825685501098633
full_denoised_z_hat,268,country__country.00069,country,2,-15.680302619934082,-3.8243234157562256
full_denoised_z_hat,269,country__country.00075,country,2,-19.358440399169922,13.867886543273926
full_denoised_z_hat,270,country__country.00075,country,2,-34.455753326416016,6.809505462646484
full_denoised_z_hat,271,country__country.00075,country,2,-26.729454040527344,-35.666526794433594
full_denoised_z_hat,272,country__country.00075,country,2,-18.061655044555664,14.46414566040039
full_denoised_z_hat,273,country__country.00075,country,2,-26.58493423461914,-35.837406158447266
full_denoised_z_hat,274,country__country.00075,country,2,-38.60083770751953,-0.3106944262981415
full_denoised_z_hat,275,country__country.00076,country,2,-16.188249588012695,-4.429311275482178
full_denoised_z_hat,276,country__country.00076,country,2,-16.176210403442383,-9.928646087646484
full_denoised_z_hat,277,country__country.00076,country,2,-15.544464111328125,-6.901584625244141
full_denoised_z_hat,278,country__country.00076,country,2,-16.800676345825195,-7.733701705932617
full_denoised_z_hat,279,country__country.00076,country,2,-15.973880767822266,2.990161180496216
full_denoised_z_hat,280,country__country.00076,country,2,-47.41220474243164,1.6106055974960327
full_denoised_z_hat,281,country__country.00076,country,2,-33.21400833129883,3.974700450897217
full_denoised_z_hat,282,country__country.00077,country,2,-16.542049407958984,-5.431601524353027
full_denoised_z_hat,283,country__country.00077,country,2,-15.69465446472168,-1.7816169261932373
full_denoised_z_hat,284,country__country.00077,country,2,-15.473334312438965,3.694131851196289
full_denoised_z_hat,285,country__country.00077,country,2,-16.328060150146484,-10.637928009033203
full_denoised_z_hat,286,country__country.00077,country,2,-15.797828674316406,-10.089750289916992
full_denoised_z_hat,287,country__country.00077,country,2,-15.759201049804688,-11.277084350585938
full_denoised_z_hat,288,country__country.00097,country,2,-15.160440444946289,-9.059004783630371
full_denoised_z_hat,289,country__country.00097,country,2,-16.849754333496094,-10.547719955444336
full_denoised_z_hat,290,country__country.00097,country,2,-16.237394332885742,-10.22692584991455
full_denoised_z_hat,291,country__country.00097,country,2,-15.115835189819336,-10.071412086486816
full_denoised_z_hat,292,country__country.00097,country,2,-14.296751022338867,-10.11709976196289
full_denoised_z_hat,293,country__country.00099,country,2,-40.541439056396484,7.211475372314453
full_denoised_z_hat,294,country__country.00099,country,2,-39.7545280456543,1.5879112482070923
full_denoised_z_hat,295,country__country.00099,country,2,-41.00318908691406,2.072575092315674
full_denoised_z_hat,296,country__country.00099,country,2,-41.7799072265625,2.310805559158325
full_denoised_z_hat,297,country__country.00099,country,2,-52.057003021240234,3.0029163360595703
full_denoised_z_hat,298,country__country.00099,country,2,-43.64205551147461,2.69245982170105
full_denoised_z_hat,299,country__country.00099,country,2,-51.18592834472656,4.308995246887207
full_denoised_z_hat,300,disco__disco.00000,disco,3,15.048799514770508,33.89599609375
full_denoised_z_hat,301,disco__disco.00000,disco,3,15.867856979370117,39.54213333129883
full_denoised_z_hat,302,disco__disco.00000,disco,3,14.872917175292969,33.83967208862305
full_denoised_z_hat,303,disco__disco.00000,disco,3,22.154706954956055,21.68902587890625
full_denoised_z_hat,304,disco__disco.00000,disco,3,23.02496910095215,21.119985580444336
full_denoised_z_hat,305,disco__disco.00000,disco,3,15.150422096252441,34.70380401611328
full_denoised_z_hat,306,disco__disco.00000,disco,3,16.408466339111328,33.66315841674805
full_denoised_z_hat,307,disco__disco.00000,disco,3,16.164201736450195,33.487586975097656
full_denoised_z_hat,308,disco__disco.00000,disco,3,16.035816192626953,33.87648391723633
full_denoised_z_hat,309,disco__disco.00003,disco,3,-13.53497314453125,6.137176990509033
full_denoised_z_hat,310,disco__disco.00003,disco,3,25.279605865478516,11.036035537719727
full_denoised_z_hat,311,disco__disco.00003,disco,3,49.225128173828125,4.4455695152282715
full_denoised_z_hat,312,disco__disco.00003,disco,3,18.53988265991211,38.01884078979492
full_denoised_z_hat,313,disco__disco.00003,disco,3,17.296859741210938,37.0672607421875
full_denoised_z_hat,314,disco__disco.00003,disco,3,51.555660247802734,4.104465007781982
full_denoised_z_hat,315,disco__disco.00010,disco,3,18.95122718811035,-1.6428680419921875
full_denoised_z_hat,316,disco__disco.00010,disco,3,24.101377487182617,10.617734909057617
full_denoised_z_hat,317,disco__disco.00010,disco,3,21.057947158813477,2.9229018688201904
full_denoised_z_hat,318,disco__disco.00010,disco,3,24.536121368408203,10.222761154174805
full_denoised_z_hat,319,disco__disco.00010,disco,3,24.358665466308594,10.979211807250977
full_denoised_z_hat,320,disco__disco.00010,disco,3,23.197694778442383,10.268048286437988
full_denoised_z_hat,321,disco__disco.00020,disco,3,-12.683073997497559,8.22968578338623
full_denoised_z_hat,322,disco__disco.00020,disco,3,55.6567497253418,-8.79284381866455
full_denoised_z_hat,323,disco__disco.00020,disco,3,55.4195556640625,-9.487800598144531
full_denoised_z_hat,324,disco__disco.00021,disco,3,14.603741645812988,34.34806442260742
full_denoised_z_hat,325,disco__disco.00021,disco,3,10.985550880432129,37.13025665283203
full_denoised_z_hat,326,disco__disco.00021,disco,3,11.14955997467041,37.182884216308594
full_denoised_z_hat,327,disco__disco.00021,disco,3,15.985250473022461,39.371524810791016
full_denoised_z_hat,328,disco__disco.00021,disco,3,14.881691932678223,40.067344665527344
full_denoised_z_hat,329,disco__disco.00021,disco,3,15.240363121032715,-4.677461624145508
full_denoised_z_hat,330,disco__disco.00021,disco,3,-1.3189257383346558,0.3681687116622925
full_denoised_z_hat,331,disco__disco.00021,disco,3,16.032705307006836,-8.013021469116211
full_denoised_z_hat,332,disco__disco.00030,disco,3,15.069487571716309,40.050960540771484
full_denoised_z_hat,333,disco__disco.00030,disco,3,15.419435501098633,40.96174621582031
full_denoised_z_hat,334,disco__disco.00030,disco,3,14.426198959350586,33.7032585144043
full_denoised_z_hat,335,disco__disco.00030,disco,3,17.957427978515625,38.06325912475586
full_denoised_z_hat,336,disco__disco.00030,disco,3,23.779409408569336,12.727547645568848
full_denoised_z_hat,337,disco__disco.00030,disco,3,25.442136764526367,13.29667854309082
full_denoised_z_hat,338,disco__disco.00030,disco,3,25.107542037963867,13.571348190307617
full_denoised_z_hat,339,disco__disco.00030,disco,3,14.449323654174805,33.05046844482422
full_denoised_z_hat,340,disco__disco.00030,disco,3,0.06869550794363022,4.039577960968018
full_denoised_z_hat,341,disco__disco.00030,disco,3,22.156871795654297,21.01880645751953
full_denoised_z_hat,342,disco__disco.00040,disco,3,51.84046173095703,3.773797035217285
full_denoised_z_hat,343,disco__disco.00040,disco,3,52.38582229614258,1.3465120792388916
full_denoised_z_hat,344,disco__disco.00040,disco,3,55.95379638671875,-1.282873272895813
full_denoised_z_hat,345,disco__disco.00040,disco,3,21.497339248657227,38.59626007080078
full_denoised_z_hat,346,disco__disco.00040,disco,3,52.49894332885742,1.071329116821289
full_denoised_z_hat,347,disco__disco.00040,disco,3,51.9398307800293,4.257318019866943
full_denoised_z_hat,348,disco__disco.00044,disco,3,11.036595344543457,37.299495697021484
full_denoised_z_hat,349,disco__disco.00044,disco,3,11.533452033996582,37.300384521484375
full_denoised_z_hat,350,disco__disco.00044,disco,3,15.418967247009277,-5.089693069458008
full_denoised_z_hat,351,disco__disco.00044,disco,3,16.288469314575195,40.28190612792969
full_denoised_z_hat,352,disco__disco.00044,disco,3,15.39118766784668,37.87486267089844
full_denoised_z_hat,353,disco__disco.00044,disco,3,17.197635650634766,41.26900100708008
full_denoised_z_hat,354,disco__disco.00044,disco,3,15.623109817504883,38.142276763916016
full_denoised_z_hat,355,disco__disco.00044,disco,3,15.21301555633545,39.61555099487305
full_denoised_z_hat,356,disco__disco.00044,disco,3,17.98702049255371,41.400821685791016
full_denoised_z_hat,357,disco__disco.00044,disco,3,16.816110610961914,42.02149963378906
full_denoised_z_hat,358,disco__disco.00044,disco,3,17.226587295532227,41.714317321777344
full_denoised_z_hat,359,disco__disco.00055,disco,3,18.07549285888672,43.09206771850586
full_denoised_z_hat,360,disco__disco.00055,disco,3,16.46307945251465,42.103721618652344
full_denoised_z_hat,361,disco__disco.00055,disco,3,18.007631301879883,43.31888961791992
full_denoised_z_hat,362,disco__disco.00055,disco,3,18.750490188598633,42.786678314208984
full_denoised_z_hat,363,disco__disco.00055,disco,3,16.23767852783203,42.16738510131836
full_denoised_z_hat,364,disco__disco.00055,disco,3,18.222496032714844,43.085060119628906
full_denoised_z_hat,365,disco__disco.00055,disco,3,18.56029510498047,43.6910285949707
full_denoised_z_hat,366,disco__disco.00064,disco,3,18.410621643066406,43.23257064819336
full_denoised_z_hat,367,disco__disco.00064,disco,3,17.640289306640625,43.064414978027344
full_denoised_z_hat,368,disco__disco.00064,disco,3,17.92040252685547,41.692108154296875
full_denoised_z_hat,369,disco__disco.00064,disco,3,16.251821517944336,41.613502502441406
full_denoised_z_hat,370,disco__disco.00075,disco,3,1.7299330234527588,37.104923248291016
full_denoised_z_hat,371,disco__disco.00075,disco,3,1.1672972440719604,37.22903060913086
full_denoised_z_hat,372,disco__disco.00075,disco,3,2.227526903152466,36.83220672607422
full_denoised_z_hat,373,disco__disco.00075,disco,3,-10.292610168457031,38.82666015625
full_denoised_z_hat,374,disco__disco.00075,disco,3,0.7952117323875427,37.68465042114258
full_denoised_z_hat,375,disco__disco.00075,disco,3,2.130248546600342,36.996063232421875
full_denoised_z_hat,376,disco__disco.00075,disco,3,2.769253969192505,36.74094009399414
full_denoised_z_hat,377,disco__disco.00075,disco,3,0.05326111242175102,37.15049743652344
full_denoised_z_hat,378,disco__disco.00084,disco,3,23.386201858520508,21.817026138305664
full_denoised_z_hat,379,disco__disco.00084,disco,3,18.946033477783203,42.43503189086914
full_denoised_z_hat,380,disco__disco.00084,disco,3,19.592947006225586,40.025821685791016
full_denoised_z_hat,381,disco__disco.00084,disco,3,18.281295776367188,42.380027770996094
full_denoised_z_hat,382,disco__disco.00084,disco,3,18.774425506591797,42.916412353515625
full_denoised_z_hat,383,disco__disco.00084,disco,3,20.478952407836914,40.50452423095703
full_denoised_z_hat,384,disco__disco.00084,disco,3,20.524703979492188,39.94485092163086
full_denoised_z_hat,385,disco__disco.00093,disco,3,18.26063346862793,40.21664810180664
full_denoised_z_hat,386,disco__disco.00093,disco,3,19.18291664123535,41.407222747802734
full_denoised_z_hat,387,disco__disco.00093,disco,3,18.855180740356445,42.56761169433594
full_denoised_z_hat,388,disco__disco.00093,disco,3,18.591262817382812,40.834842681884766
full_denoised_z_hat,389,disco__disco.00093,disco,3,18.63022804260254,38.635623931884766
full_denoised_z_hat,390,disco__disco.00093,disco,3,16.769506454467773,39.6912727355957
full_denoised_z_hat,391,disco__disco.00094,disco,3,-12.349528312683105,34.44861602783203
full_denoised_z_hat,392,disco__disco.00094,disco,3,0.06306082755327225,37.3288688659668
full_denoised_z_hat,393,disco__disco.00094,disco,3,0.29480525851249695,37.33345031738281
full_denoised_z_hat,394,disco__disco.00094,disco,3,-14.813668251037598,32.08026885986328
full_denoised_z_hat,395,disco__disco.00094,disco,3,-16.343204498291016,33.26130676269531
full_denoised_z_hat,396,disco__disco.00095,disco,3,17.5477294921875,42.49345016479492
full_denoised_z_hat,397,disco__disco.00095,disco,3,17.909910202026367,42.82719039916992
full_denoised_z_hat,398,disco__disco.00095,disco,3,18.41758155822754,43.4290885925293
full_denoised_z_hat,399,disco__disco.00095,disco,3,20.2904109954834,40.92807388305664
full_denoised_z_hat,400,hiphop__hiphop.00002,hiphop,4,25.375242233276367,22.888710021972656
full_denoised_z_hat,401,hiphop__hiphop.00002,hiphop,4,25.14742660522461,21.687719345092773
full_denoised_z_hat,402,hiphop__hiphop.00002,hiphop,4,24.111845016479492,21.604202270507812
full_denoised_z_hat,403,hiphop__hiphop.00002,hiphop,4,25.269752502441406,22.163145065307617
full_denoised_z_hat,404,hiphop__hiphop.00002,hiphop,4,31.014162063598633,20.322912216186523
full_denoised_z_hat,405,hiphop__hiphop.00034,hiphop,4,33.28044509887695,15.991275787353516
full_denoised_z_hat,406,hiphop__hiphop.00034,hiphop,4,25.93527603149414,11.54499340057373
full_denoised_z_hat,407,hiphop__hiphop.00034,hiphop,4,33.3248176574707,16.778993606567383
full_denoised_z_hat,408,hiphop__hiphop.00034,hiphop,4,33.45970153808594,17.54796028137207
full_denoised_z_hat,409,hiphop__hiphop.00034,hiphop,4,33.605323791503906,17.831212997436523
full_denoised_z_hat,410,hiphop__hiphop.00034,hiphop,4,34.2018928527832,17.526500701904297
full_denoised_z_hat,411,hiphop__hiphop.00038,hiphop,4,32.732215881347656,18.357603073120117
full_denoised_z_hat,412,hiphop__hiphop.00038,hiphop,4,29.75589942932129,15.141531944274902
full_denoised_z_hat,413,hiphop__hiphop.00038,hiphop,4,25.914928436279297,9.137740135192871
full_denoised_z_hat,414,hiphop__hiphop.00038,hiphop,4,25.90227699279785,9.07754135131836
full_denoised_z_hat,415,hiphop__hiphop.00040,hiphop,4,-41.21443557739258,-2.105224132537842
full_denoised_z_hat,416,hiphop__hiphop.00040,hiphop,4,-13.884268760681152,-5.629474639892578
full_denoised_z_hat,417,hiphop__hiphop.00040,hiphop,4,3.9540891647338867,-0.8387277126312256
full_denoised_z_hat,418,hiphop__hiphop.00040,hiphop,4,41.246978759765625,-1.606541633605957
full_denoised_z_hat,419,hiphop__hiphop.00040,hiphop,4,38.65931701660156,-0.8361769318580627
full_denoised_z_hat,420,hiphop__hiphop.00040,hiphop,4,17.989154815673828,-6.859285831451416
full_denoised_z_hat,421,hiphop__hiphop.00040,hiphop,4,23.124671936035156,1.8986858129501343
full_denoised_z_hat,422,hiphop__hiphop.00042,hiphop,4,37.434837341308594,0.1354646384716034
full_denoised_z_hat,423,hiphop__hiphop.00042,hiphop,4,33.523189544677734,16.047658920288086
full_denoised_z_hat,424,hiphop__hiphop.00042,hiphop,4,32.71339797973633,15.218060493469238
full_denoised_z_hat,425,hiphop__hiphop.00042,hiphop,4,33.4415397644043,16.718555450439453
full_denoised_z_hat,426,hiphop__hiphop.00042,hiphop,4,33.0984992980957,16.417613983154297
full_denoised_z_hat,427,hiphop__hiphop.00042,hiphop,4,32.618534088134766,16.809293746948242
full_denoised_z_hat,428,hiphop__hiphop.00042,hiphop,4,31.470407485961914,15.697697639465332
full_denoised_z_hat,429,hiphop__hiphop.00042,hiphop,4,32.435691833496094,15.924362182617188
full_denoised_z_hat,430,hiphop__hiphop.00044,hiphop,4,31.491954803466797,14.036011695861816
full_denoised_z_hat,431,hiphop__hiphop.00044,hiphop,4,5.459310054779053,-0.8072335720062256
full_denoised_z_hat,432,hiphop__hiphop.00044,hiphop,4,3.9042680263519287,-0.5142509937286377
full_denoised_z_hat,433,hiphop__hiphop.00044,hiphop,4,3.757216215133667,-0.7119507789611816
full_denoised_z_hat,434,hiphop__hiphop.00044,hiphop,4,-15.78669548034668,-29.266489028930664
full_denoised_z_hat,435,hiphop__hiphop.00044,hiphop,4,-14.255919456481934,4.184512138366699
full_denoised_z_hat,436,hiphop__hiphop.00044,hiphop,4,-14.307385444641113,2.8344228267669678
full_denoised_z_hat,437,hiphop__hiphop.00053,hiphop,4,38.00069808959961,-0.9780504107475281
full_denoised_z_hat,438,hiphop__hiphop.00053,hiphop,4,21.073619842529297,-10.653730392456055
full_denoised_z_hat,439,hiphop__hiphop.00053,hiphop,4,18.337783813476562,-8.189726829528809
full_denoised_z_hat,440,hiphop__hiphop.00053,hiphop,4,17.48870277404785,-8.534751892089844
full_denoised_z_hat,441,hiphop__hiphop.00053,hiphop,4,22.862375259399414,9.35487174987793
full_denoised_z_hat,442,hiphop__hiphop.00053,hiphop,4,27.244382858276367,16.20709800720215
full_denoised_z_hat,443,hiphop__hiphop.00053,hiphop,4,26.423532485961914,15.70284652709961
full_denoised_z_hat,444,hiphop__hiphop.00053,hiphop,4,24.52196502685547,21.238048553466797
full_denoised_z_hat,445,hiphop__hiphop.00053,hiphop,4,25.515098571777344,15.511653900146484
full_denoised_z_hat,446,hiphop__hiphop.00076,hiphop,4,33.29165267944336,16.50005531311035
full_denoised_z_hat,447,hiphop__hiphop.00076,hiphop,4,30.854068756103516,15.556500434875488
full_denoised_z_hat,448,hiphop__hiphop.00076,hiphop,4,33.983314514160156,18.04832649230957
full_denoised_z_hat,449,hiphop__hiphop.00076,hiphop,4,33.952423095703125,16.930253982543945
full_denoised_z_hat,450,hiphop__hiphop.00076,hiphop,4,34.22104263305664,16.38311195373535
full_denoised_z_hat,451,hiphop__hiphop.00076,hiphop,4,34.337162017822266,17.023706436157227
full_denoised_z_hat,452,hiphop__hiphop.00079,hiphop,4,32.36353302001953,13.320239067077637
full_denoised_z_hat,453,hiphop__hiphop.00079,hiphop,4,21.341995239257812,-7.77534294128418
full_denoised_z_hat,454,hiphop__hiphop.00079,hiphop,4,21.65118980407715,-5.229032039642334
full_denoised_z_hat,455,hiphop__hiphop.00079,hiphop,4,23.612606048583984,2.1105215549468994
full_denoised_z_hat,456,hiphop__hiphop.00079,hiphop,4,22.62132453918457,-4.403979778289795
full_denoised_z_hat,457,hiphop__hiphop.00079,hiphop,4,22.856246948242188,-4.6452107429504395
full_denoised_z_hat,458,hiphop__hiphop.00079,hiphop,4,20.5814208984375,-8.116268157958984
full_denoised_z_hat,459,hiphop__hiphop.00079,hiphop,4,21.9175968170166,-5.17723274230957
full_denoised_z_hat,460,hiphop__hiphop.00082,hiphop,4,32.27385711669922,21.269065856933594
full_denoised_z_hat,461,hiphop__hiphop.00082,hiphop,4,32.04117202758789,22.911706924438477
full_denoised_z_hat,462,hiphop__hiphop.00082,hiphop,4,33.162879943847656,22.055105209350586
full_denoised_z_hat,463,hiphop__hiphop.00082,hiphop,4,32.34028244018555,21.669937133789062
full_denoised_z_hat,464,hiphop__hiphop.00082,hiphop,4,32.64002227783203,20.141124725341797
full_denoised_z_hat,465,hiphop__hiphop.00082,hiphop,4,32.25745391845703,19.585678100585938
full_denoised_z_hat,466,hiphop__hiphop.00087,hiphop,4,31.01698112487793,18.1173095703125
full_denoised_z_hat,467,hiphop__hiphop.00087,hiphop,4,32.092037200927734,17.234060287475586
full_denoised_z_hat,468,hiphop__hiphop.00087,hiphop,4,32.143611907958984,16.370136260986328
full_denoised_z_hat,469,hiphop__hiphop.00087,hiphop,4,31.31012535095215,16.12334632873535
full_denoised_z_hat,470,hiphop__hiphop.00087,hiphop,4,30.423925399780273,18.36846923828125
full_denoised_z_hat,471,hiphop__hiphop.00087,hiphop,4,30.864654541015625,18.65377426147461
full_denoised_z_hat,472,hiphop__hiphop.00087,hiphop,4,34.57915496826172,16.577043533325195
full_denoised_z_hat,473,hiphop__hiphop.00089,hiphop,4,31.902450561523438,20.48577117919922
full_denoised_z_hat,474,hiphop__hiphop.00089,hiphop,4,32.55663299560547,20.82801055908203
full_denoised_z_hat,475,hiphop__hiphop.00089,hiphop,4,30.559555053710938,22.58733558654785
full_denoised_z_hat,476,hiphop__hiphop.00089,hiphop,4,32.17276382446289,21.98944854736328
full_denoised_z_hat,477,hiphop__hiphop.00089,hiphop,4,33.12451934814453,21.557798385620117
full_denoised_z_hat,478,hiphop__hiphop.00093,hiphop,4,-8.38542366027832,53.16881561279297
full_denoised_z_hat,479,hiphop__hiphop.00093,hiphop,4,-9.2648344039917,52.96706771850586
full_denoised_z_hat,480,hiphop__hiphop.00093,hiphop,4,-13.651982307434082,53.016143798828125
full_denoised_z_hat,481,hiphop__hiphop.00093,hiphop,4,-10.674111366271973,48.31300735473633
full_denoised_z_hat,482,hiphop__hiphop.00093,hiphop,4,-8.54472827911377,49.279991149902344
full_denoised_z_hat,483,hiphop__hiphop.00093,hiphop,4,-10.675829887390137,50.58765411376953
full_denoised_z_hat,484,hiphop__hiphop.00093,hiphop,4,-10.702217102050781,50.30686569213867
full_denoised_z_hat,485,hiphop__hiphop.00093,hiphop,4,-12.524946212768555,53.7378044128418
full_denoised_z_hat,486,hiphop__hiphop.00093,hiphop,4,-13.118453979492188,53.135990142822266
full_denoised_z_hat,487,hiphop__hiphop.00094,hiphop,4,32.73360824584961,22.901763916015625
full_denoised_z_hat,488,hiphop__hiphop.00094,hiphop,4,31.87883949279785,21.245357513427734
full_denoised_z_hat,489,hiphop__hiphop.00094,hiphop,4,33.7254753112793,21.447574615478516
full_denoised_z_hat,490,hiphop__hiphop.00094,hiphop,4,32.87399673461914,21.776248931884766
full_denoised_z_hat,491,hiphop__hiphop.00094,hiphop,4,31.94640350341797,22.286876678466797
full_denoised_z_hat,492,hiphop__hiphop.00098,hiphop,4,33.35630798339844,20.82882308959961
full_denoised_z_hat,493,hiphop__hiphop.00098,hiphop,4,32.03400802612305,19.67294692993164
full_denoised_z_hat,494,hiphop__hiphop.00098,hiphop,4,32.82095718383789,22.295433044433594
full_denoised_z_hat,495,hiphop__hiphop.00098,hiphop,4,33.25420379638672,21.1158390045166
full_denoised_z_hat,496,hiphop__hiphop.00098,hiphop,4,32.56819534301758,21.65425682067871
full_denoised_z_hat,497,hiphop__hiphop.00098,hiphop,4,33.56888961791992,20.861284255981445
full_denoised_z_hat,498,hiphop__hiphop.00098,hiphop,4,33.6309814453125,18.696008682250977
full_denoised_z_hat,499,hiphop__hiphop.00098,hiphop,4,33.486793518066406,19.336097717285156
full_denoised_z_hat,500,jazz__jazz.00033,jazz,5,-23.67192840576172,-41.51408386230469
full_denoised_z_hat,501,jazz__jazz.00033,jazz,5,-20.57615089416504,-39.846370697021484
full_denoised_z_hat,502,jazz__jazz.00033,jazz,5,-23.755268096923828,-44.07669448852539
full_denoised_z_hat,503,jazz__jazz.00033,jazz,5,-26.234708786010742,-42.59162902832031
full_denoised_z_hat,504,jazz__jazz.00033,jazz,5,-21.4539794921875,-42.57648849487305
full_denoised_z_hat,505,jazz__jazz.00033,jazz,5,-26.584266662597656,-45.01202392578125
full_denoised_z_hat,506,jazz__jazz.00041,jazz,5,-27.163721084594727,-43.23994445800781
full_denoised_z_hat,507,jazz__jazz.00041,jazz,5,-23.455575942993164,-45.09768295288086
full_denoised_z_hat,508,jazz__jazz.00041,jazz,5,-24.24744415283203,-45.066917419433594
full_denoised_z_hat,509,jazz__jazz.00041,jazz,5,-26.936782836914062,-44.51085662841797
full_denoised_z_hat,510,jazz__jazz.00041,jazz,5,-25.83173179626465,-43.80106735229492
full_denoised_z_hat,511,jazz__jazz.00041,jazz,5,-24.795269012451172,-44.136619567871094
full_denoised_z_hat,512,jazz__jazz.00041,jazz,5,-25.611629486083984,-45.18509292602539
full_denoised_z_hat,513,jazz__jazz.00041,jazz,5,-26.78756332397461,-43.31874465942383
full_denoised_z_hat,514,jazz__jazz.00041,jazz,5,-23.26394271850586,-45.47651290893555
full_denoised_z_hat,515,jazz__jazz.00041,jazz,5,-23.1402587890625,-44.83607864379883
full_denoised_z_hat,516,jazz__jazz.00046,jazz,5,-26.395322799682617,-44.742156982421875
full_denoised_z_hat,517,jazz__jazz.00046,jazz,5,-27.38812828063965,-41.76723861694336
full_denoised_z_hat,518,jazz__jazz.00046,jazz,5,-19.98298454284668,-40.01493453979492
full_denoised_z_hat,519,jazz__jazz.00046,jazz,5,-25.701120376586914,-41.90419006347656
full_denoised_z_hat,520,jazz__jazz.00046,jazz,5,-24.558956146240234,-39.90713882446289
full_denoised_z_hat,521,jazz__jazz.00046,jazz,5,-27.318208694458008,-44.629150390625
full_denoised_z_hat,522,jazz__jazz.00046,jazz,5,-22.93195152282715,-45.300209045410156
full_denoised_z_hat,523,jazz__jazz.00046,jazz,5,-23.701478958129883,-45.37584686279297
full_denoised_z_hat,524,jazz__jazz.00048,jazz,5,-25.41452980041504,-40.62943649291992
full_denoised_z_hat,525,jazz__jazz.00048,jazz,5,-25.759986877441406,-43.31580352783203
full_denoised_z_hat,526,jazz__jazz.00048,jazz,5,-20.243209838867188,-41.17863464355469
full_denoised_z_hat,527,jazz__jazz.00048,jazz,5,-22.23210334777832,-44.58567428588867
full_denoised_z_hat,528,jazz__jazz.00048,jazz,5,-24.424657821655273,-43.57653045654297
full_denoised_z_hat,529,jazz__jazz.00048,jazz,5,-25.60616683959961,-42.218505859375
full_denoised_z_hat,530,jazz__jazz.00048,jazz,5,-18.095611572265625,-27.534122467041016
full_denoised_z_hat,531,jazz__jazz.00048,jazz,5,-20.885513305664062,-40.770206451416016
full_denoised_z_hat,532,jazz__jazz.00050,jazz,5,26.747102737426758,15.8995943069458
full_denoised_z_hat,533,jazz__jazz.00050,jazz,5,23.632007598876953,21.067344665527344
full_denoised_z_hat,534,jazz__jazz.00050,jazz,5,20.836040496826172,15.221933364868164
full_denoised_z_hat,535,jazz__jazz.00050,jazz,5,20.743284225463867,15.011024475097656
full_denoised_z_hat,536,jazz__jazz.00050,jazz,5,21.247535705566406,3.752495050430298
full_denoised_z_hat,537,jazz__jazz.00050,jazz,5,28.363027572631836,15.61718463897705
full_denoised_z_hat,538,jazz__jazz.00050,jazz,5,22.608230590820312,15.939759254455566
full_denoised_z_hat,539,jazz__jazz.00050,jazz,5,24.10022735595703,12.408015251159668
full_denoised_z_hat,540,jazz__jazz.00050,jazz,5,21.7408447265625,5.3592705726623535
full_denoised_z_hat,541,jazz__jazz.00059,jazz,5,-21.704740524291992,-40.06657028198242
full_denoised_z_hat,542,jazz__jazz.00059,jazz,5,31.090116500854492,15.224810600280762
full_denoised_z_hat,543,jazz__jazz.00060,jazz,5,-27.62765121459961,-43.31474685668945
full_denoised_z_hat,544,jazz__jazz.00060,jazz,5,-22.440122604370117,-40.98725128173828
full_denoised_z_hat,545,jazz__jazz.00060,jazz,5,-23.27785301208496,-42.67198181152344
full_denoised_z_hat,546,jazz__jazz.00060,jazz,5,-26.44497299194336,-40.95072937011719
full_denoised_z_hat,547,jazz__jazz.00060,jazz,5,-22.95073890686035,-40.40689468383789
full_denoised_z_hat,548,jazz__jazz.00060,jazz,5,-23.860090255737305,-42.24976348876953
full_denoised_z_hat,549,jazz__jazz.00071,jazz,5,-27.97809600830078,-43.37970733642578
full_denoised_z_hat,550,jazz__jazz.00071,jazz,5,-22.622119903564453,-44.38694763183594
full_denoised_z_hat,551,jazz__jazz.00071,jazz,5,-28.08867835998535,-43.56730651855469
full_denoised_z_hat,552,jazz__jazz.00071,jazz,5,-27.919408798217773,-42.087989807128906
full_denoised_z_hat,553,jazz__jazz.00071,jazz,5,-27.827585220336914,-42.200958251953125
full_denoised_z_hat,554,jazz__jazz.00071,jazz,5,-27.029373168945312,-40.51043701171875
full_denoised_z_hat,555,jazz__jazz.00071,jazz,5,-26.732023239135742,-39.57749938964844
full_denoised_z_hat,556,jazz__jazz.00081,jazz,5,-25.101072311401367,-41.76045227050781
full_denoised_z_hat,557,jazz__jazz.00081,jazz,5,-17.081342697143555,-37.045013427734375
full_denoised_z_hat,558,jazz__jazz.00081,jazz,5,-16.73499298095703,-37.06169509887695
full_denoised_z_hat,559,jazz__jazz.00081,jazz,5,-19.148927688598633,-41.11117935180664
full_denoised_z_hat,560,jazz__jazz.00081,jazz,5,-16.505470275878906,-37.103179931640625
full_denoised_z_hat,561,jazz__jazz.00081,jazz,5,-21.36626434326172,-42.92609786987305
full_denoised_z_hat,562,jazz__jazz.00081,jazz,5,-21.947275161743164,-42.444488525390625
full_denoised_z_hat,563,jazz__jazz.00081,jazz,5,-19.416194915771484,-41.75611114501953
full_denoised_z_hat,564,jazz__jazz.00081,jazz,5,-17.27617073059082,-37.00453186035156
full_denoised_z_hat,565,jazz__jazz.00084,jazz,5,-21.12403678894043,-41.809688568115234
full_denoised_z_hat,566,jazz__jazz.00084,jazz,5,-23.67640495300293,-42.43175506591797
full_denoised_z_hat,567,jazz__jazz.00084,jazz,5,-23.242841720581055,-43.52888107299805
full_denoised_z_hat,568,jazz__jazz.00084,jazz,5,-22.76169204711914,-42.9798698425293
full_denoised_z_hat,569,jazz__jazz.00084,jazz,5,-20.766569137573242,-43.023468017578125
full_denoised_z_hat,570,jazz__jazz.00084,jazz,5,-15.813063621520996,-38.19701385498047
full_denoised_z_hat,571,jazz__jazz.00084,jazz,5,-19.68419647216797,-43.265907287597656
full_denoised_z_hat,572,jazz__jazz.00084,jazz,5,-21.87477684020996,-43.911842346191406
full_denoised_z_hat,573,jazz__jazz.00086,jazz,5,-24.619232177734375,-46.17591857910156
full_denoised_z_hat,574,jazz__jazz.00086,jazz,5,-21.646724700927734,-42.09316635131836
full_denoised_z_hat,575,jazz__jazz.00086,jazz,5,-23.549468994140625,-41.420589447021484
full_denoised_z_hat,576,jazz__jazz.00086,jazz,5,-18.447233200073242,-41.55644226074219
full_denoised_z_hat,577,jazz__jazz.00086,jazz,5,-18.66311264038086,-42.12534713745117
full_denoised_z_hat,578,jazz__jazz.00091,jazz,5,-20.253971099853516,-42.56770324707031
full_denoised_z_hat,579,jazz__jazz.00091,jazz,5,-12.962620735168457,-39.67018508911133
full_denoised_z_hat,580,jazz__jazz.00092,jazz,5,-19.50815200805664,-41.601985931396484
full_denoised_z_hat,581,jazz__jazz.00092,jazz,5,-23.09575653076172,-43.66242599487305
full_denoised_z_hat,582,jazz__jazz.00092,jazz,5,-23.28242301940918,-44.16643142700195
full_denoised_z_hat,583,jazz__jazz.00092,jazz,5,-13.981627464294434,-41.02748107910156
full_denoised_z_hat,584,jazz__jazz.00092,jazz,5,-17.678442001342773,-37.840309143066406
full_denoised_z_hat,585,jazz__jazz.00092,jazz,5,-17.40035057067871,-39.26677703857422
full_denoised_z_hat,586,jazz__jazz.00092,jazz,5,-15.266902923583984,-38.8763427734375
full_denoised_z_hat,587,jazz__jazz.00096,jazz,5,-19.527509689331055,-43.519508361816406
full_denoised_z_hat,588,jazz__jazz.00096,jazz,5,-25.053369522094727,-44.5848503112793
full_denoised_z_hat,589,jazz__jazz.00096,jazz,5,-24.80449104309082,-44.224674224853516
full_denoised_z_hat,590,jazz__jazz.00096,jazz,5,-24.687896728515625,-43.677921295166016
full_denoised_z_hat,591,jazz__jazz.00096,jazz,5,-24.35144805908203,-41.87582778930664
full_denoised_z_hat,592,jazz__jazz.00096,jazz,5,-27.213945388793945,-44.15195083618164
full_denoised_z_hat,593,jazz__jazz.00096,jazz,5,-26.9189453125,-42.080753326416016
full_denoised_z_hat,594,jazz__jazz.00096,jazz,5,-24.55795669555664,-42.71904373168945
full_denoised_z_hat,595,jazz__jazz.00096,jazz,5,-22.826457977294922,-42.921775817871094
full_denoised_z_hat,596,jazz__jazz.00096,jazz,5,-20.60569190979004,-42.324424743652344
full_denoised_z_hat,597,jazz__jazz.00099,jazz,5,-25.425596237182617,-45.37681198120117
full_denoised_z_hat,598,jazz__jazz.00099,jazz,5,-25.09282684326172,-42.58982849121094
full_denoised_z_hat,599,jazz__jazz.00099,jazz,5,-27.073097229003906,-43.025634765625
full_denoised_z_hat,600,metal__metal.00002,metal,6,-13.073541641235352,40.61956787109375
full_denoised_z_hat,601,metal__metal.00002,metal,6,-14.533474922180176,36.1094970703125
full_denoised_z_hat,602,metal__metal.00002,metal,6,-12.407098770141602,37.44175338745117
full_denoised_z_hat,603,metal__metal.00002,metal,6,-12.336153984069824,38.78011703491211
full_denoised_z_hat,604,metal__metal.00002,metal,6,-11.893463134765625,38.233158111572266
full_denoised_z_hat,605,metal__metal.00002,metal,6,-12.358752250671387,37.817195892333984
full_denoised_z_hat,606,metal__metal.00002,metal,6,-12.01480484008789,38.922515869140625
full_denoised_z_hat,607,metal__metal.00002,metal,6,-12.589334487915039,35.239112854003906
full_denoised_z_hat,608,metal__metal.00002,metal,6,-16.62689781188965,36.622867584228516
full_denoised_z_hat,609,metal__metal.00004,metal,6,-12.916388511657715,53.994041442871094
full_denoised_z_hat,610,metal__metal.00004,metal,6,-13.511371612548828,51.8054313659668
full_denoised_z_hat,611,metal__metal.00004,metal,6,-12.090152740478516,51.885799407958984
full_denoised_z_hat,612,metal__metal.00004,metal,6,-12.814203262329102,52.237274169921875
full_denoised_z_hat,613,metal__metal.00004,metal,6,-13.575827598571777,51.30329513549805
full_denoised_z_hat,614,metal__metal.00004,metal,6,-13.738484382629395,49.947322845458984
full_denoised_z_hat,615,metal__metal.00004,metal,6,-13.941156387329102,51.790557861328125
full_denoised_z_hat,616,metal__metal.00012,metal,6,-14.993192672729492,54.21754837036133
full_denoised_z_hat,617,metal__metal.00012,metal,6,-15.932034492492676,53.94173812866211
full_denoised_z_hat,618,metal__metal.00012,metal,6,-13.970532417297363,52.89326477050781
full_denoised_z_hat,619,metal__metal.00012,metal,6,-15.16681957244873,53.639156341552734
full_denoised_z_hat,620,metal__metal.00012,metal,6,-15.44237995147705,52.832855224609375
full_denoised_z_hat,621,metal__metal.00012,metal,6,-14.202102661132812,53.82504653930664
full_denoised_z_hat,622,metal__metal.00012,metal,6,-14.188667297363281,52.24661636352539
full_denoised_z_hat,623,metal__metal.00012,metal,6,-14.558671951293945,51.88157653808594
full_denoised_z_hat,624,metal__metal.00022,metal,6,-15.560483932495117,36.45105743408203
full_denoised_z_hat,625,metal__metal.00022,metal,6,-15.586169242858887,37.373321533203125
full_denoised_z_hat,626,metal__metal.00022,metal,6,-13.790984153747559,37.19275665283203
full_denoised_z_hat,627,metal__metal.00022,metal,6,-16.060945510864258,36.11341094970703
full_denoised_z_hat,628,metal__metal.00022,metal,6,-13.101263999938965,35.31467819213867
full_denoised_z_hat,629,metal__metal.00022,metal,6,-13.937183380126953,33.1023063659668
full_denoised_z_hat,630,metal__metal.00022,metal,6,-12.550006866455078,33.856143951416016
full_denoised_z_hat,631,metal__metal.00022,metal,6,-12.878779411315918,34.09302520751953
full_denoised_z_hat,632,metal__metal.00024,metal,6,-13.807129859924316,41.31064224243164
full_denoised_z_hat,633,metal__metal.00024,metal,6,-13.567388534545898,41.08194351196289
full_denoised_z_hat,634,metal__metal.00024,metal,6,-13.46327018737793,41.750579833984375
full_denoised_z_hat,635,metal__metal.00024,metal,6,-16.027734756469727,49.452938079833984
full_denoised_z_hat,636,metal__metal.00024,metal,6,-14.747493743896484,39.66048812866211
full_denoised_z_hat,637,metal__metal.00024,metal,6,-12.0983247756958,38.693538665771484
full_denoised_z_hat,638,metal__metal.00024,metal,6,-13.266402244567871,40.000606536865234
full_denoised_z_hat,639,metal__metal.00024,metal,6,-14.157054901123047,40.322628021240234
full_denoised_z_hat,640,metal__metal.00030,metal,6,-24.45110321044922,13.914960861206055
full_denoised_z_hat,641,metal__metal.00030,metal,6,-24.622623443603516,13.956517219543457
full_denoised_z_hat,642,metal__metal.00030,metal,6,9.228750228881836,1.8186419010162354
full_denoised_z_hat,643,metal__metal.00030,metal,6,-16.704607009887695,39.650691986083984
full_denoised_z_hat,644,metal__metal.00030,metal,6,-16.836605072021484,37.38686752319336
full_denoised_z_hat,645,metal__metal.00049,metal,6,-14.106454849243164,47.341190338134766
full_denoised_z_hat,646,metal__metal.00049,metal,6,-14.513279914855957,52.66990661621094
full_denoised_z_hat,647,metal__metal.00049,metal,6,-13.723814964294434,49.07532501220703
full_denoised_z_hat,648,metal__metal.00049,metal,6,-14.468954086303711,50.92094421386719
full_denoised_z_hat,649,metal__metal.00049,metal,6,-14.781825065612793,51.20399475097656
full_denoised_z_hat,650,metal__metal.00049,metal,6,-15.634368896484375,48.7843132019043
full_denoised_z_hat,651,metal__metal.00049,metal,6,-15.054069519042969,52.949642181396484
full_denoised_z_hat,652,metal__metal.00049,metal,6,-14.186470031738281,48.279727935791016
full_denoised_z_hat,653,metal__metal.00049,metal,6,-14.961341857910156,52.296234130859375
full_denoised_z_hat,654,metal__metal.00051,metal,6,-15.863525390625,45.26817321777344
full_denoised_z_hat,655,metal__metal.00051,metal,6,-14.883729934692383,49.2078971862793
full_denoised_z_hat,656,metal__metal.00051,metal,6,-14.213362693786621,50.45509719848633
full_denoised_z_hat,657,metal__metal.00051,metal,6,-15.077104568481445,52.85650634765625
full_denoised_z_hat,658,metal__metal.00051,metal,6,-15.955963134765625,52.102813720703125
full_denoised_z_hat,659,metal__metal.00051,metal,6,-14.175667762756348,50.72734832763672
full_denoised_z_hat,660,metal__metal.00051,metal,6,-13.107243537902832,51.19209289550781
full_denoised_z_hat,661,metal__metal.00051,metal,6,-15.108362197875977,53.402584075927734
full_denoised_z_hat,662,metal__metal.00052,metal,6,-15.764778137207031,51.71311950683594
full_denoised_z_hat,663,metal__metal.00052,metal,6,-14.398824691772461,53.054866790771484
full_denoised_z_hat,664,metal__metal.00052,metal,6,-15.886930465698242,49.23088073730469
full_denoised_z_hat,665,metal__metal.00052,metal,6,-9.48436164855957,52.92548751831055
full_denoised_z_hat,666,metal__metal.00052,metal,6,-8.556550979614258,53.06212615966797
full_denoised_z_hat,667,metal__metal.00056,metal,6,-15.261740684509277,46.6351432800293
full_denoised_z_hat,668,metal__metal.00056,metal,6,-14.79648494720459,45.6529541015625
full_denoised_z_hat,669,metal__metal.00056,metal,6,-14.325605392456055,48.4304084777832
full_denoised_z_hat,670,metal__metal.00056,metal,6,-13.999717712402344,47.45885467529297
full_denoised_z_hat,671,metal__metal.00056,metal,6,-14.590292930603027,49.21467208862305
full_denoised_z_hat,672,metal__metal.00056,metal,6,-13.617879867553711,49.126956939697266
full_denoised_z_hat,673,metal__metal.00069,metal,6,-12.341803550720215,47.51487731933594
full_denoised_z_hat,674,metal__metal.00069,metal,6,-12.382946014404297,50.98965835571289
full_denoised_z_hat,675,metal__metal.00069,metal,6,2.111640214920044,37.527259826660156
full_denoised_z_hat,676,metal__metal.00069,metal,6,50.06715393066406,-7.973863124847412
full_denoised_z_hat,677,metal__metal.00069,metal,6,-13.405362129211426,52.30915832519531
full_denoised_z_hat,678,metal__metal.00069,metal,6,-13.273580551147461,51.09780502319336
full_denoised_z_hat,679,metal__metal.00069,metal,6,-16.04749298095703,51.76866912841797
full_denoised_z_hat,680,metal__metal.00091,metal,6,-17.677021026611328,14.183582305908203
full_denoised_z_hat,681,metal__metal.00091,metal,6,-17.631755828857422,13.764459609985352
full_denoised_z_hat,682,metal__metal.00091,metal,6,-17.553180694580078,13.519182205200195
full_denoised_z_hat,683,metal__metal.00091,metal,6,-15.802889823913574,12.647747039794922
full_denoised_z_hat,684,metal__metal.00091,metal,6,-17.66737937927246,13.08896541595459
full_denoised_z_hat,685,metal__metal.00091,metal,6,-17.155717849731445,13.40207290649414
full_denoised_z_hat,686,metal__metal.00092,metal,6,-12.220327377319336,38.08389663696289
full_denoised_z_hat,687,metal__metal.00092,metal,6,-12.716996192932129,37.67991638183594
full_denoised_z_hat,688,metal__metal.00092,metal,6,-13.375082969665527,34.06924819946289
full_denoised_z_hat,689,metal__metal.00092,metal,6,-13.703886032104492,33.30918502807617
full_denoised_z_hat,690,metal__metal.00092,metal,6,-13.789037704467773,34.65679168701172
full_denoised_z_hat,691,metal__metal.00092,metal,6,-16.59228515625,50.21470642089844
full_denoised_z_hat,692,metal__metal.00096,metal,6,-10.935553550720215,52.78068542480469
full_denoised_z_hat,693,metal__metal.00096,metal,6,-14.530943870544434,54.631309509277344
full_denoised_z_hat,694,metal__metal.00097,metal,6,-47.87126922607422,0.12479028105735779
full_denoised_z_hat,695,metal__metal.00097,metal,6,-49.367252349853516,1.5100669860839844
full_denoised_z_hat,696,metal__metal.00097,metal,6,-14.800037384033203,54.64518356323242
full_denoised_z_hat,697,metal__metal.00097,metal,6,-14.49570369720459,54.42066192626953
full_denoised_z_hat,698,metal__metal.00097,metal,6,-13.51297378540039,53.8675422668457
full_denoised_z_hat,699,metal__metal.00097,metal,6,-15.16712474822998,54.82628631591797
full_denoised_z_hat,700,pop__pop.00003,pop,7,18.920785903930664,-7.418491840362549
full_denoised_z_hat,701,pop__pop.00003,pop,7,15.711013793945312,-4.6289825439453125
full_denoised_z_hat,702,pop__pop.00003,pop,7,16.1021728515625,-3.537583589553833
full_denoised_z_hat,703,pop__pop.00003,pop,7,20.814268112182617,3.56866192817688
full_denoised_z_hat,704,pop__pop.00003,pop,7,20.48599624633789,-0.4269804358482361
full_denoised_z_hat,705,pop__pop.00003,pop,7,16.311325073242188,-6.434335231781006
full_denoised_z_hat,706,pop__pop.00003,pop,7,20.23006820678711,-4.0299973487854
full_denoised_z_hat,707,pop__pop.00007,pop,7,15.732666015625,-2.93615460395813
full_denoised_z_hat,708,pop__pop.00007,pop,7,41.918495178222656,-2.0446431636810303
full_denoised_z_hat,709,pop__pop.00007,pop,7,12.617525100708008,-6.119814872741699
full_denoised_z_hat,710,pop__pop.00007,pop,7,12.61776351928711,-5.626614093780518
full_denoised_z_hat,711,pop__pop.00007,pop,7,12.06399917602539,-6.615355491638184
full_denoised_z_hat,712,pop__pop.00007,pop,7,54.523494720458984,-10.568201065063477
full_denoised_z_hat,713,pop__pop.00007,pop,7,-13.840312957763672,1.6906964778900146
full_denoised_z_hat,714,pop__pop.00007,pop,7,-14.02379322052002,1.2673039436340332
full_denoised_z_hat,715,pop__pop.00015,pop,7,16.103384017944336,-8.160109519958496
full_denoised_z_hat,716,pop__pop.00015,pop,7,17.74353790283203,-9.336915016174316
full_denoised_z_hat,717,pop__pop.00015,pop,7,18.64305305480957,-10.235309600830078
full_denoised_z_hat,718,pop__pop.00015,pop,7,17.688995361328125,-10.973350524902344
full_denoised_z_hat,719,pop__pop.00015,pop,7,18.06436538696289,-8.307234764099121
full_denoised_z_hat,720,pop__pop.00015,pop,7,18.147483825683594,-9.74718952178955
full_denoised_z_hat,721,pop__pop.00021,pop,7,20.232929229736328,-8.721416473388672
full_denoised_z_hat,722,pop__pop.00021,pop,7,18.862876892089844,-9.477463722229004
full_denoised_z_hat,723,pop__pop.00021,pop,7,17.602022171020508,-8.141077041625977
full_denoised_z_hat,724,pop__pop.00021,pop,7,17.50889778137207,-7.173065662384033
full_denoised_z_hat,725,pop__pop.00021,pop,7,20.881410598754883,-5.410478591918945
full_denoised_z_hat,726,pop__pop.00021,pop,7,19.502864837646484,-8.91169261932373
full_denoised_z_hat,727,pop__pop.00021,pop,7,19.623672485351562,-9.139158248901367
full_denoised_z_hat,728,pop__pop.00021,pop,7,19.04730796813965,-8.494922637939453
full_denoised_z_hat,729,pop__pop.00028,pop,7,20.65557861328125,-4.381772994995117
full_denoised_z_hat,730,pop__pop.00028,pop,7,20.591611862182617,-5.225831031799316
full_denoised_z_hat,731,pop__pop.00028,pop,7,15.084220886230469,-5.272017478942871
full_denoised_z_hat,732,pop__pop.00028,pop,7,20.327842712402344,-4.860287666320801
full_denoised_z_hat,733,pop__pop.00028,pop,7,23.42005157470703,1.4568462371826172
full_denoised_z_hat,734,pop__pop.00028,pop,7,19.620195388793945,-7.8129353523254395
full_denoised_z_hat,735,pop__pop.00029,pop,7,20.205076217651367,-10.553425788879395
full_denoised_z_hat,736,pop__pop.00029,pop,7,21.44368553161621,-9.559165954589844
full_denoised_z_hat,737,pop__pop.00029,pop,7,37.99228286743164,-0.2236553579568863
full_denoised_z_hat,738,pop__pop.00029,pop,7,20.83786392211914,-10.135299682617188
full_denoised_z_hat,739,pop__pop.00029,pop,7,20.686620712280273,-10.787094116210938
full_denoised_z_hat,740,pop__pop.00029,pop,7,16.51586151123047,-10.707026481628418
full_denoised_z_hat,741,pop__pop.00029,pop,7,16.217227935791016,-11.28243350982666
full_denoised_z_hat,742,pop__pop.00029,pop,7,20.770313262939453,-10.328363418579102
full_denoised_z_hat,743,pop__pop.00033,pop,7,19.696353912353516,-5.942775249481201
full_denoised_z_hat,744,pop__pop.00033,pop,7,22.41574478149414,2.0401647090911865
full_denoised_z_hat,745,pop__pop.00033,pop,7,23.081972122192383,8.12986946105957
full_denoised_z_hat,746,pop__pop.00033,pop,7,22.670907974243164,-4.398183822631836
full_denoised_z_hat,747,pop__pop.00033,pop,7,19.40666389465332,-2.4117929935455322
full_denoised_z_hat,748,pop__pop.00033,pop,7,25.02457046508789,10.767131805419922
full_denoised_z_hat,749,pop__pop.00033,pop,7,21.30712127685547,1.0213885307312012
full_denoised_z_hat,750,pop__pop.00033,pop,7,21.948890686035156,1.3262253999710083
full_denoised_z_hat,751,pop__pop.00034,pop,7,19.933917999267578,-8.62192440032959
full_denoised_z_hat,752,pop__pop.00034,pop,7,20.031034469604492,-8.87212085723877
full_denoised_z_hat,753,pop__pop.00034,pop,7,20.46638298034668,-7.379159927368164
full_denoised_z_hat,754,pop__pop.00034,pop,7,21.91065216064453,-4.783820152282715
full_denoised_z_hat,755,pop__pop.00034,pop,7,17.456151962280273,-10.133787155151367
full_denoised_z_hat,756,pop__pop.00034,pop,7,17.997867584228516,-7.814299583435059
full_denoised_z_hat,757,pop__pop.00034,pop,7,20.554059982299805,-8.268200874328613
full_denoised_z_hat,758,pop__pop.00035,pop,7,18.092416763305664,-9.952672958374023
full_denoised_z_hat,759,pop__pop.00035,pop,7,18.186317443847656,-10.60781478881836
full_denoised_z_hat,760,pop__pop.00035,pop,7,17.929141998291016,-11.32236099243164
full_denoised_z_hat,761,pop__pop.00035,pop,7,17.582914352416992,-9.320846557617188
full_denoised_z_hat,762,pop__pop.00035,pop,7,16.580007553100586,-9.803926467895508
full_denoised_z_hat,763,pop__pop.00038,pop,7,28.98484992980957,4.767441749572754
full_denoised_z_hat,764,pop__pop.00038,pop,7,21.62050437927246,-5.6991801261901855
full_denoised_z_hat,765,pop__pop.00038,pop,7,23.027469635009766,-4.556386470794678
full_denoised_z_hat,766,pop__pop.00038,pop,7,21.503286361694336,-6.812902450561523
full_denoised_z_hat,767,pop__pop.00039,pop,7,19.829198837280273,-10.37876033782959
full_denoised_z_hat,768,pop__pop.00039,pop,7,16.954513549804688,-11.398715019226074
full_denoised_z_hat,769,pop__pop.00039,pop,7,16.773649215698242,-11.580329895019531
full_denoised_z_hat,770,pop__pop.00039,pop,7,16.61179542541504,-11.56417465209961
full_denoised_z_hat,771,pop__pop.00039,pop,7,18.4995174407959,-10.388896942138672
full_denoised_z_hat,772,pop__pop.00039,pop,7,17.56866455078125,-11.473212242126465
full_denoised_z_hat,773,pop__pop.00039,pop,7,16.193490982055664,-11.110002517700195
full_denoised_z_hat,774,pop__pop.00039,pop,7,16.72345542907715,-9.248183250427246
full_denoised_z_hat,775,pop__pop.00045,pop,7,32.12584686279297,16.355501174926758
full_denoised_z_hat,776,pop__pop.00045,pop,7,36.8946533203125,0.3534318506717682
full_denoised_z_hat,777,pop__pop.00045,pop,7,21.087305068969727,-9.130280494689941
full_denoised_z_hat,778,pop__pop.00045,pop,7,36.28044891357422,0.3738844692707062
full_denoised_z_hat,779,pop__pop.00045,pop,7,19.147619247436523,-7.290988445281982
full_denoised_z_hat,780,pop__pop.00049,pop,7,14.94553279876709,-7.731756687164307
full_denoised_z_hat,781,pop__pop.00049,pop,7,16.251800537109375,-9.87695598602295
full_denoised_z_hat,782,pop__pop.00049,pop,7,-2.1604361534118652,2.5694949626922607
full_denoised_z_hat,783,pop__pop.00049,pop,7,11.262983322143555,-7.6670451164245605
full_denoised_z_hat,784,pop__pop.00049,pop,7,10.030324935913086,-7.346940994262695
full_denoised_z_hat,785,pop__pop.00049,pop,7,15.039674758911133,-9.524055480957031
full_denoised_z_hat,786,pop__pop.00049,pop,7,14.958497047424316,-9.912985801696777
full_denoised_z_hat,787,pop__pop.00079,pop,7,-18.039575576782227,-37.013343811035156
full_denoised_z_hat,788,pop__pop.00079,pop,7,-17.05817985534668,-37.49251174926758
full_denoised_z_hat,789,pop__pop.00079,pop,7,-44.52720642089844,2.5927538871765137
full_denoised_z_hat,790,pop__pop.00079,pop,7,-42.58238220214844,-2.2400882244110107
full_denoised_z_hat,791,pop__pop.00081,pop,7,13.567615509033203,-7.268302917480469
full_denoised_z_hat,792,pop__pop.00081,pop,7,-2.6029908657073975,1.8524935245513916
full_denoised_z_hat,793,pop__pop.00081,pop,7,3.3704428672790527,-0.6564518809318542
full_denoised_z_hat,794,pop__pop.00081,pop,7,-2.528782844543457,1.0990852117538452
full_denoised_z_hat,795,pop__pop.00081,pop,7,13.103662490844727,-6.841490268707275
full_denoised_z_hat,796,pop__pop.00081,pop,7,-2.382513999938965,0.5158335566520691
full_denoised_z_hat,797,pop__pop.00081,pop,7,-5.661691665649414,0.06209929287433624
full_denoised_z_hat,798,pop__pop.00081,pop,7,-12.03149700164795,5.83866548538208
full_denoised_z_hat,799,pop__pop.00081,pop,7,-3.8908207416534424,-6.786194801330566
full_denoised_z_hat,800,reggae__reggae.00029,reggae,8,57.817779541015625,-6.972832202911377
full_denoised_z_hat,801,reggae__reggae.00029,reggae,8,58.032745361328125,-6.53889799118042
full_denoised_z_hat,802,reggae__reggae.00029,reggae,8,56.813541412353516,-5.699892997741699
full_denoised_z_hat,803,reggae__reggae.00029,reggae,8,57.218544006347656,-7.156767845153809
full_denoised_z_hat,804,reggae__reggae.00029,reggae,8,57.55976104736328,-6.514200687408447
full_denoised_z_hat,805,reggae__reggae.00029,reggae,8,57.393959045410156,-6.246680736541748
full_denoised_z_hat,806,reggae__reggae.00029,reggae,8,55.45953369140625,-5.030371189117432
full_denoised_z_hat,807,reggae__reggae.00029,reggae,8,56.08512496948242,-9.142828941345215
full_denoised_z_hat,808,reggae__reggae.00029,reggae,8,48.72602081298828,-6.26294469833374
full_denoised_z_hat,809,reggae__reggae.00029,reggae,8,48.84565734863281,-5.791432857513428
full_denoised_z_hat,810,reggae__reggae.00034,reggae,8,50.065677642822266,-5.29030179977417
full_denoised_z_hat,811,reggae__reggae.00034,reggae,8,56.336769104003906,-5.169471263885498
full_denoised_z_hat,812,reggae__reggae.00034,reggae,8,54.395179748535156,-3.558114528656006
full_denoised_z_hat,813,reggae__reggae.00034,reggae,8,55.70771026611328,-4.169983386993408
full_denoised_z_hat,814,reggae__reggae.00034,reggae,8,54.0319938659668,-3.129094362258911
full_denoised_z_hat,815,reggae__reggae.00034,reggae,8,49.822174072265625,-5.306333541870117
full_denoised_z_hat,816,reggae__reggae.00034,reggae,8,50.77069854736328,-5.120856761932373
full_denoised_z_hat,817,reggae__reggae.00034,reggae,8,50.64872741699219,-4.889050483703613
full_denoised_z_hat,818,reggae__reggae.00035,reggae,8,56.52004623413086,-4.33673095703125
full_denoised_z_hat,819,reggae__reggae.00035,reggae,8,56.94207763671875,-3.9373250007629395
full_denoised_z_hat,820,reggae__reggae.00035,reggae,8,56.42154312133789,-5.5426225662231445
full_denoised_z_hat,821,reggae__reggae.00035,reggae,8,57.72420120239258,-5.014907360076904
full_denoised_z_hat,822,reggae__reggae.00035,reggae,8,57.60407638549805,-4.084484100341797
full_denoised_z_hat,823,reggae__reggae.00035,reggae,8,56.38423156738281,-3.26379656791687
full_denoised_z_hat,824,reggae__reggae.00035,reggae,8,56.31504440307617,-4.357553958892822
full_denoised_z_hat,825,reggae__reggae.00040,reggae,8,-32.57978057861328,7.032639503479004
full_denoised_z_hat,826,reggae__reggae.00040,reggae,8,-16.91300392150879,15.883968353271484
full_denoised_z_hat,827,reggae__reggae.00040,reggae,8,-18.122756958007812,9.390776634216309
full_denoised_z_hat,828,reggae__reggae.00040,reggae,8,-17.530427932739258,15.222991943359375
full_denoised_z_hat,829,reggae__reggae.00040,reggae,8,-18.598649978637695,9.597403526306152
full_denoised_z_hat,830,reggae__reggae.00040,reggae,8,-27.411312103271484,7.655900955200195
full_denoised_z_hat,831,reggae__reggae.00040,reggae,8,-29.047527313232422,5.503756999969482
full_denoised_z_hat,832,reggae__reggae.00040,reggae,8,-39.556007385253906,7.834725856781006
full_denoised_z_hat,833,reggae__reggae.00047,reggae,8,53.61787414550781,-6.19361686706543
full_denoised_z_hat,834,reggae__reggae.00047,reggae,8,56.018985748291016,-2.4471116065979004
full_denoised_z_hat,835,reggae__reggae.00047,reggae,8,50.5054931640625,-5.65368127822876
full_denoised_z_hat,836,reggae__reggae.00047,reggae,8,50.61599349975586,-5.494500637054443
full_denoised_z_hat,837,reggae__reggae.00047,reggae,8,53.82677459716797,-5.845195770263672
full_denoised_z_hat,838,reggae__reggae.00049,reggae,8,-0.2712751626968384,2.347774028778076
full_denoised_z_hat,839,reggae__reggae.00049,reggae,8,-12.411556243896484,-30.238933563232422
full_denoised_z_hat,840,reggae__reggae.00049,reggae,8,-32.14630889892578,6.058791160583496
full_denoised_z_hat,841,reggae__reggae.00049,reggae,8,0.7550982236862183,2.1661007404327393
full_denoised_z_hat,842,reggae__reggae.00049,reggae,8,-25.888242721557617,6.216631889343262
full_denoised_z_hat,843,reggae__reggae.00049,reggae,8,-25.774097442626953,5.9908552169799805
full_denoised_z_hat,844,reggae__reggae.00049,reggae,8,-26.793716430664062,6.13240385055542
full_denoised_z_hat,845,reggae__reggae.00062,reggae,8,55.82597351074219,-13.34682846069336
full_denoised_z_hat,846,reggae__reggae.00062,reggae,8,54.71809768676758,-8.998510360717773
full_denoised_z_hat,847,reggae__reggae.00062,reggae,8,-12.233603477478027,-30.404943466186523
full_denoised_z_hat,848,reggae__reggae.00062,reggae,8,53.10238265991211,-9.246424674987793
full_denoised_z_hat,849,reggae__reggae.00062,reggae,8,52.73550033569336,-8.339056968688965
full_denoised_z_hat,850,reggae__reggae.00062,reggae,8,56.197723388671875,-6.428890705108643
full_denoised_z_hat,851,reggae__reggae.00062,reggae,8,53.2522087097168,-9.560097694396973
full_denoised_z_hat,852,reggae__reggae.00062,reggae,8,54.82514953613281,-7.025347709655762
full_denoised_z_hat,853,reggae__reggae.00062,reggae,8,52.837135314941406,-9.247734069824219
full_denoised_z_hat,854,reggae__reggae.00064,reggae,8,56.40269088745117,-5.125999927520752
full_denoised_z_hat,855,reggae__reggae.00064,reggae,8,45.36036682128906,-2.8520703315734863
full_denoised_z_hat,856,reggae__reggae.00064,reggae,8,51.198585510253906,-1.9350980520248413
full_denoised_z_hat,857,reggae__reggae.00064,reggae,8,49.460914611816406,-2.548187732696533
full_denoised_z_hat,858,reggae__reggae.00064,reggae,8,-0.47586777806282043,-11.820473670959473
full_denoised_z_hat,859,reggae__reggae.00064,reggae,8,0.03652772679924965,-11.81960678100586
full_denoised_z_hat,860,reggae__reggae.00065,reggae,8,55.09199142456055,-2.2264914512634277
full_denoised_z_hat,861,reggae__reggae.00065,reggae,8,52.771976470947266,-1.832536220550537
full_denoised_z_hat,862,reggae__reggae.00065,reggae,8,54.22301483154297,-2.1375339031219482
full_denoised_z_hat,863,reggae__reggae.00065,reggae,8,53.729766845703125,-2.6100480556488037
full_denoised_z_hat,864,reggae__reggae.00065,reggae,8,51.86479187011719,-1.8956942558288574
full_denoised_z_hat,865,reggae__reggae.00065,reggae,8,41.11347579956055,-1.1682593822479248
full_denoised_z_hat,866,reggae__reggae.00065,reggae,8,51.838844299316406,-1.7398629188537598
full_denoised_z_hat,867,reggae__reggae.00065,reggae,8,52.9160270690918,-2.2275137901306152
full_denoised_z_hat,868,reggae__reggae.00071,reggae,8,55.546478271484375,-3.5894277095794678
full_denoised_z_hat,869,reggae__reggae.00071,reggae,8,45.53188705444336,-3.2252068519592285
full_denoised_z_hat,870,reggae__reggae.00071,reggae,8,54.67012023925781,-1.8951727151870728
full_denoised_z_hat,871,reggae__reggae.00071,reggae,8,54.70219039916992,-2.2916743755340576
full_denoised_z_hat,872,reggae__reggae.00076,reggae,8,36.944725036621094,0.3492830693721771
full_denoised_z_hat,873,reggae__reggae.00076,reggae,8,31.45246124267578,14.63402271270752
full_denoised_z_hat,874,reggae__reggae.00076,reggae,8,31.87934684753418,13.482906341552734
full_denoised_z_hat,875,reggae__reggae.00076,reggae,8,36.72331619262695,0.4910443425178528
full_denoised_z_hat,876,reggae__reggae.00076,reggae,8,36.6719970703125,0.563964307308197
full_denoised_z_hat,877,reggae__reggae.00090,reggae,8,53.39557647705078,-3.2347350120544434
full_denoised_z_hat,878,reggae__reggae.00090,reggae,8,54.208187103271484,-2.489760160446167
full_denoised_z_hat,879,reggae__reggae.00090,reggae,8,57.2885856628418,-5.4201483726501465
full_denoised_z_hat,880,reggae__reggae.00090,reggae,8,55.52677917480469,-5.617530345916748
full_denoised_z_hat,881,reggae__reggae.00090,reggae,8,55.576019287109375,-5.698330879211426
full_denoised_z_hat,882,reggae__reggae.00090,reggae,8,55.23527526855469,-2.096759796142578
full_denoised_z_hat,883,reggae__reggae.00090,reggae,8,55.84632873535156,-3.110050916671753
full_denoised_z_hat,884,reggae__reggae.00091,reggae,8,53.00656509399414,-3.1744630336761475
full_denoised_z_hat,885,reggae__reggae.00091,reggae,8,51.41173553466797,-7.979145526885986
full_denoised_z_hat,886,reggae__reggae.00091,reggae,8,55.27484893798828,-7.978271484375
full_denoised_z_hat,887,reggae__reggae.00091,reggae,8,56.361305236816406,-7.116687774658203
full_denoised_z_hat,888,reggae__reggae.00091,reggae,8,56.512691497802734,-8.119413375854492
full_denoised_z_hat,889,reggae__reggae.00092,reggae,8,57.154762268066406,-5.053218364715576
full_denoised_z_hat,890,reggae__reggae.00092,reggae,8,58.296958923339844,-5.9348883628845215
full_denoised_z_hat,891,reggae__reggae.00092,reggae,8,57.18256378173828,-5.2137932777404785
full_denoised_z_hat,892,reggae__reggae.00092,reggae,8,55.800140380859375,-6.929574489593506
full_denoised_z_hat,893,reggae__reggae.00092,reggae,8,55.22025680541992,-5.613851070404053
full_denoised_z_hat,894,reggae__reggae.00092,reggae,8,55.44306564331055,-8.501604080200195
full_denoised_z_hat,895,reggae__reggae.00092,reggae,8,55.833309173583984,-7.599705696105957
full_denoised_z_hat,896,reggae__reggae.00092,reggae,8,57.65054702758789,-5.598584175109863
full_denoised_z_hat,897,reggae__reggae.00092,reggae,8,57.12614440917969,-5.915391445159912
full_denoised_z_hat,898,reggae__reggae.00092,reggae,8,55.38421630859375,-6.297775745391846
full_denoised_z_hat,899,reggae__reggae.00092,reggae,8,56.614585876464844,-7.015286445617676
full_denoised_z_hat,900,rock__rock.00000,rock,9,-15.912027359008789,40.184326171875
full_denoised_z_hat,901,rock__rock.00000,rock,9,-13.006329536437988,38.23579025268555
full_denoised_z_hat,902,rock__rock.00000,rock,9,-17.011558532714844,33.86372756958008
full_denoised_z_hat,903,rock__rock.00000,rock,9,-35.45438003540039,6.488579273223877
full_denoised_z_hat,904,rock__rock.00000,rock,9,-16.928823471069336,14.505261421203613
full_denoised_z_hat,905,rock__rock.00000,rock,9,-18.174863815307617,-27.28614044189453
full_denoised_z_hat,906,rock__rock.00000,rock,9,-17.572223663330078,16.842363357543945
full_denoised_z_hat,907,rock__rock.00000,rock,9,-16.037446975708008,13.351707458496094
full_denoised_z_hat,908,rock__rock.00000,rock,9,-16.240842819213867,13.690126419067383
full_denoised_z_hat,909,rock__rock.00003,rock,9,-33.55482864379883,7.297296524047852
full_denoised_z_hat,910,rock__rock.00003,rock,9,-25.864757537841797,-36.531959533691406
full_denoised_z_hat,911,rock__rock.00003,rock,9,-25.924209594726562,-40.33921432495117
full_denoised_z_hat,912,rock__rock.00003,rock,9,-25.96169662475586,-40.90788650512695
full_denoised_z_hat,913,rock__rock.00003,rock,9,-35.74937057495117,5.946592330932617
full_denoised_z_hat,914,rock__rock.00003,rock,9,-44.661434173583984,1.2939269542694092
full_denoised_z_hat,915,rock__rock.00008,rock,9,-16.538225173950195,37.0347785949707
full_denoised_z_hat,916,rock__rock.00008,rock,9,-13.918452262878418,33.13965606689453
full_denoised_z_hat,917,rock__rock.00008,rock,9,-13.481789588928223,36.1869010925293
full_denoised_z_hat,918,rock__rock.00008,rock,9,-17.290733337402344,36.276493072509766
full_denoised_z_hat,919,rock__rock.00008,rock,9,-17.836044311523438,21.296483993530273
full_denoised_z_hat,920,rock__rock.00008,rock,9,-17.381202697753906,18.96433448791504
full_denoised_z_hat,921,rock__rock.00008,rock,9,-17.12520980834961,36.474910736083984
full_denoised_z_hat,922,rock__rock.00032,rock,9,11.759942054748535,-2.565412998199463
full_denoised_z_hat,923,rock__rock.00032,rock,9,12.33566665649414,11.477805137634277
full_denoised_z_hat,924,rock__rock.00034,rock,9,7.470448970794678,2.0425398349761963
full_denoised_z_hat,925,rock__rock.00034,rock,9,-10.457186698913574,-1.1002546548843384
full_denoised_z_hat,926,rock__rock.00034,rock,9,-16.83005714416504,19.573251724243164
full_denoised_z_hat,927,rock__rock.00034,rock,9,24.737302780151367,12.883869171142578
full_denoised_z_hat,928,rock__rock.00034,rock,9,-17.120817184448242,18.80742073059082
full_denoised_z_hat,929,rock__rock.00034,rock,9,-10.737043380737305,-1.668025255203247
full_denoised_z_hat,930,rock__rock.00039,rock,9,-15.137598991394043,14.077101707458496
full_denoised_z_hat,931,rock__rock.00039,rock,9,1.0549894571304321,2.584230899810791
full_denoised_z_hat,932,rock__rock.00039,rock,9,14.230910301208496,-6.2064433097839355
full_denoised_z_hat,933,rock__rock.00039,rock,9,11.906755447387695,-6.892105579376221
full_denoised_z_hat,934,rock__rock.00044,rock,9,-1.9154465198516846,0.5335659384727478
full_denoised_z_hat,935,rock__rock.00044,rock,9,-2.0117244720458984,-0.11818838119506836
full_denoised_z_hat,936,rock__rock.00044,rock,9,11.31521224975586,-6.380908012390137
full_denoised_z_hat,937,rock__rock.00044,rock,9,8.095282554626465,-4.366977214813232
full_denoised_z_hat,938,rock__rock.00044,rock,9,7.650609493255615,-5.000136375427246
full_denoised_z_hat,939,rock__rock.00044,rock,9,8.58450984954834,-4.522064685821533
full_denoised_z_hat,940,rock__rock.00044,rock,9,8.476614952087402,-4.376067161560059
full_denoised_z_hat,941,rock__rock.00048,rock,9,-17.2271671295166,17.951141357421875
full_denoised_z_hat,942,rock__rock.00048,rock,9,-17.054895401000977,17.290861129760742
full_denoised_z_hat,943,rock__rock.00048,rock,9,-17.258010864257812,17.07394027709961
full_denoised_z_hat,944,rock__rock.00048,rock,9,-18.29221534729004,21.028648376464844
full_denoised_z_hat,945,rock__rock.00048,rock,9,-17.195425033569336,18.524391174316406
full_denoised_z_hat,946,rock__rock.00048,rock,9,-19.090307235717773,35.691375732421875
full_denoised_z_hat,947,rock__rock.00048,rock,9,-17.274778366088867,17.555294036865234
full_denoised_z_hat,948,rock__rock.00049,rock,9,-11.044455528259277,-14.51209545135498
full_denoised_z_hat,949,rock__rock.00049,rock,9,-12.198736190795898,-12.737879753112793
full_denoised_z_hat,950,rock__rock.00049,rock,9,-12.312555313110352,-12.555164337158203
full_denoised_z_hat,951,rock__rock.00049,rock,9,-12.003666877746582,-12.65103816986084
full_denoised_z_hat,952,rock__rock.00049,rock,9,-14.553613662719727,-11.439779281616211
full_denoised_z_hat,953,rock__rock.00049,rock,9,-11.704536437988281,-9.983064651489258
full_denoised_z_hat,954,rock__rock.00049,rock,9,-11.425146102905273,-9.892961502075195
full_denoised_z_hat,955,rock__rock.00049,rock,9,10.258489608764648,-6.3926472663879395
full_denoised_z_hat,956,rock__rock.00049,rock,9,13.334773063659668,-6.770395278930664
full_denoised_z_hat,957,rock__rock.00049,rock,9,12.519702911376953,-1.947730541229248
full_denoised_z_hat,958,rock__rock.00050,rock,9,10.538389205932617,-5.871995449066162
full_denoised_z_hat,959,rock__rock.00050,rock,9,10.136307716369629,-6.038703918457031
full_denoised_z_hat,960,rock__rock.00050,rock,9,12.898059844970703,-5.924884796142578
full_denoised_z_hat,961,rock__rock.00050,rock,9,-1.7559494972229004,2.0307908058166504
full_denoised_z_hat,962,rock__rock.00050,rock,9,-2.1329638957977295,1.7425107955932617
full_denoised_z_hat,963,rock__rock.00050,rock,9,-12.076990127563477,5.837615489959717
full_denoised_z_hat,964,rock__rock.00050,rock,9,-2.77963924407959,2.8499271869659424
full_denoised_z_hat,965,rock__rock.00050,rock,9,13.089354515075684,-6.184913635253906
full_denoised_z_hat,966,rock__rock.00054,rock,9,-1.6202484369277954,2.9842867851257324
full_denoised_z_hat,967,rock__rock.00054,rock,9,1.2736968994140625,2.335542678833008
full_denoised_z_hat,968,rock__rock.00054,rock,9,-11.537640571594238,7.0937981605529785
full_denoised_z_hat,969,rock__rock.00054,rock,9,-12.159655570983887,6.196958065032959
full_denoised_z_hat,970,rock__rock.00054,rock,9,-13.85760498046875,-2.6898794174194336
full_denoised_z_hat,971,rock__rock.00054,rock,9,13.149394989013672,-5.3205885887146
full_denoised_z_hat,972,rock__rock.00054,rock,9,-3.146376371383667,-43.97939682006836
full_denoised_z_hat,973,rock__rock.00054,rock,9,-1.3949707746505737,2.4851858615875244
full_denoised_z_hat,974,rock__rock.00054,rock,9,-10.402328491210938,-1.188090205192566
full_denoised_z_hat,975,rock__rock.00054,rock,9,-2.389596462249756,-44.276771545410156
full_denoised_z_hat,976,rock__rock.00080,rock,9,-16.409101486206055,16.405662536621094
full_denoised_z_hat,977,rock__rock.00080,rock,9,-15.542689323425293,14.092309951782227
full_denoised_z_hat,978,rock__rock.00080,rock,9,-16.256938934326172,14.602585792541504
full_denoised_z_hat,979,rock__rock.00080,rock,9,-16.436010360717773,15.711345672607422
full_denoised_z_hat,980,rock__rock.00080,rock,9,-16.113489151000977,18.23678970336914
full_denoised_z_hat,981,rock__rock.00085,rock,9,14.10032844543457,33.20956039428711
full_denoised_z_hat,982,rock__rock.00085,rock,9,-18.44880485534668,11.651412963867188
full_denoised_z_hat,983,rock__rock.00085,rock,9,-15.961413383483887,13.10213565826416
full_denoised_z_hat,984,rock__rock.00085,rock,9,-15.485740661621094,12.621685981750488
full_denoised_z_hat,985,rock__rock.00085,rock,9,-15.85852336883545,13.649627685546875
full_denoised_z_hat,986,rock__rock.00085,rock,9,-17.752063751220703,19.705503463745117
full_denoised_z_hat,987,rock__rock.00086,rock,9,-12.149596214294434,35.66624069213867
full_denoised_z_hat,988,rock__rock.00086,rock,9,-17.689855575561523,12.474641799926758
full_denoised_z_hat,989,rock__rock.00086,rock,9,-17.24376106262207,13.329001426696777
full_denoised_z_hat,990,rock__rock.00086,rock,9,-18.122089385986328,11.858847618103027
full_denoised_z_hat,991,rock__rock.00092,rock,9,-13.139691352844238,35.13487243652344
full_denoised_z_hat,992,rock__rock.00092,rock,9,-11.229357719421387,38.32262420654297
full_denoised_z_hat,993,rock__rock.00092,rock,9,-12.925589561462402,33.09722137451172
full_denoised_z_hat,994,rock__rock.00092,rock,9,-12.937397003173828,32.78668975830078
full_denoised_z_hat,995,rock__rock.00092,rock,9,-12.430264472961426,36.20716857910156
full_denoised_z_hat,996,rock__rock.00092,rock,9,-13.208683013916016,34.744354248046875
full_denoised_z_hat,997,rock__rock.00092,rock,9,-12.319994926452637,36.64652633666992
full_denoised_z_hat,998,rock__rock.00092,rock,9,-13.911911964416504,34.85174560546875
full_denoised_z_hat,999,rock__rock.00092,rock,9,-13.939067840576172,35.17500686645508
